SEQUENCE_ID,STEP
seq_0001,RECEIVE WAFER LOT
seq_0001,LOT IDENTIFICATION
seq_0001,PRE CLEAN INSPECTION
seq_0001,MEASURE INITIAL GEOMETRY
seq_0001,MEASURE SURFACE DEFECTS
seq_0001,WAFER CLEAN PRE PROCESS
seq_0001,BACKSIDE CLEAN
seq_0001,WET CLEAN RCA1
seq_0001,RCA CLEAN 2
seq_0001,HF DIP
seq_0001,DRY WAFER
seq_0001,WAFER CLEAN PRE-GRIND
seq_0001,GRINDING WAFER BACKSIDE
seq_0001,MEASURE GEOMETRY
seq_0001,ETCH WET BACKSIDE
seq_0001,RINSE WET WAFER_EDGE
seq_0001,DRY WAFER BACKSIDE
seq_0001,BACKSIDE CLEAN
seq_0001,MEASURE BACKSIDE ROUGHNESS
seq_0001,THERMAL OXIDATION
seq_0001,MEASURE OXIDE THICKNESS
seq_0001,RCA CLEAN 1
seq_0001,RCA CLEAN 2
seq_0001,HF DIP
seq_0001,OXIDE STRIP
seq_0001,SURFACE PREP FOR DEPOSITION
seq_0001,DEPOSIT PAD OXIDE
seq_0001,ANNEAL OXIDE
seq_0001,MEASURE FILM THICKNESS
seq_0001,SPIN COAT PHOTORESIST
seq_0001,SOFT BAKE
seq_0001,ALIGN MASK LEVEL 1
seq_0001,EXPOSE LITHO LEVEL 1
seq_0001,POST EXPOSE BAKE
seq_0001,DEVELOP PHOTORESIST
seq_0001,INSPECT PATTERN LEVEL 1
seq_0001,HARD BAKE
seq_0001,OXIDE ETCH DRY
seq_0001,STRIP PHOTORESIST
seq_0001,CLEAN AFTER ETCH
seq_0001,MEASURE CD LEVEL 1
seq_0001,DEPOSIT POLYSILICON
seq_0001,ANNEAL POLYSILICON
seq_0001,SPIN COAT PHOTORESIST
seq_0001,SOFT BAKE
seq_0001,ALIGN MASK LEVEL 2
seq_0001,EXPOSE LITHO LEVEL 2
seq_0001,POST EXPOSE BAKE
seq_0001,DEVELOP PHOTORESIST
seq_0001,PATTERN INSPECTION LEVEL 2
seq_0001,POLYSILICON ETCH DRY
seq_0001,STRIP RESIST
seq_0001,CLEAN AFTER POLY ETCH
seq_0001,MEASURE CD LEVEL 2
seq_0001,IMPLANT N-TYPE
seq_0001,PRE ANNEAL CHECK
seq_0001,RAPID THERMAL ANNEAL
seq_0001,DEPOSIT INTERLAYER DIELECTRIC
seq_0001,DENSIFY DIELECTRIC
seq_0001,MEASURE DIELECTRIC THICKNESS
seq_0001,CMP DIELECTRIC
seq_0001,MEASURE PLANARITY
seq_0001,SPIN COAT PHOTORESIST
seq_0001,SOFT BAKE
seq_0001,ALIGN MASK LEVEL 3
seq_0001,EXPOSE LITHO LEVEL 3
seq_0001,DEVELOP PHOTORESIST
seq_0001,VIA OPENING INSPECTION
seq_0001,VIA ETCH
seq_0001,STRIP RESIST
seq_0001,CLEAN AFTER VIA ETCH
seq_0001,MEASURE VIA CD
seq_0001,DEPOSIT BARRIER METAL
seq_0001,DEPOSIT TUNGSTEN SEED
seq_0001,FILL VIA TUNGSTEN
seq_0001,CMP METAL
seq_0001,MEASURE CONTACT RESISTANCE
seq_0001,DEPOSIT METAL 1
seq_0001,ANNEAL METAL 1
seq_0001,MEASURE METAL THICKNESS
seq_0001,SPIN COAT PHOTORESIST
seq_0001,SOFT BAKE
seq_0001,ALIGN MASK LEVEL 4
seq_0001,EXPOSE LITHO LEVEL 4
seq_0001,POST EXPOSE BAKE
seq_0001,DEVELOP PHOTORESIST
seq_0001,METAL PATTERN INSPECTION
seq_0001,HARD BAKE
seq_0001,METAL ETCH DRY
seq_0001,STRIP PHOTORESIST
seq_0001,CLEAN AFTER METAL ETCH
seq_0001,MEASURE LINE WIDTH
seq_0001,DEPOSIT PASSIVATION
seq_0001,CURE PASSIVATION
seq_0001,MEASURE PASSIVATION QUALITY
seq_0001,OPEN BOND PAD WINDOW
seq_0001,PAD WINDOW LITHO
seq_0001,DEVELOP PHOTORESIST
seq_0001,PASSIVATION ETCH
seq_0001,STRIP PHOTORESIST
seq_0001,CLEAN PAD OPENING
seq_0001,MEASURE PAD OPENING
seq_0001,BACKSIDE THINNING CHECK
seq_0001,BACKSIDE CLEAN FINAL
seq_0001,DEPOSIT BACKSIDE PROTECTION
seq_0001,BACKSIDE ANNEAL
seq_0001,FINAL CLEAN
seq_0001,FINAL THICKNESS MEASURE
seq_0001,FINAL OXIDE CHECK
seq_0001,FINAL PARTICLE INSPECTION
seq_0001,FINAL ELECTRICAL TEST PREP
seq_0001,PARAMETRIC TEST
seq_0001,LEAKAGE TEST
seq_0001,SWITCHING TEST
seq_0001,WAFER SORT TEST
seq_0001,YIELD ANALYSIS
seq_0001,FINAL LOT RELEASE
seq_0001,SHIP LOT
seq_0002,RECEIVE WAFER LOT
seq_0002,LOT IDENTIFICATION
seq_0002,INITIAL WAFER INSPECTION
seq_0002,MEASURE INITIAL GEOMETRY
seq_0002,MEASURE SURFACE PARTICLES
seq_0002,WAFER CLEAN PRE PROCESS
seq_0002,WET CLEAN RCA1
seq_0002,RCA CLEAN 2
seq_0002,HF DIP
seq_0002,DRY WAFER
seq_0002,WAFER CLEAN PRE-GRIND
seq_0002,GRINDING WAFER BACKSIDE
seq_0002,MEASURE INITIAL GEOMETRY
seq_0002,ETCH WET BACKSIDE
seq_0002,RINSE WET WAFER_EDGE
seq_0002,DRY WAFER BACKSIDE
seq_0002,BACKSIDE CLEAN
seq_0002,MEASURE BACKSIDE ROUGHNESS
seq_0002,THERMAL OXIDATION
seq_0002,MEASURE OXIDE THICKNESS
seq_0002,RCA CLEAN 1
seq_0002,RCA CLEAN 2
seq_0002,HF DIP
seq_0002,OXIDE STRIP
seq_0002,SURFACE PREP FOR DEPOSITION
seq_0002,DEPOSIT PAD OXIDE
seq_0002,ANNEAL OXIDE
seq_0002,MEASURE FILM THICKNESS
seq_0002,SPIN COAT PHOTORESIST
seq_0002,SOFT BAKE
seq_0002,ALIGN MASK LEVEL 1
seq_0002,EXPOSE LITHO LEVEL 1
seq_0002,DEVELOP PHOTORESIST
seq_0002,INSPECT PATTERN LEVEL 1
seq_0002,HARD BAKE
seq_0002,OXIDE ETCH DRY
seq_0002,STRIP PHOTORESIST
seq_0002,CLEAN AFTER ETCH
seq_0002,MEASURE CD LEVEL 1
seq_0002,DEPOSIT POLYSILICON
seq_0002,ANNEAL POLYSILICON
seq_0002,SPIN COAT PHOTORESIST
seq_0002,SOFT BAKE
seq_0002,ALIGN MASK LEVEL 2
seq_0002,EXPOSE LITHO LEVEL 2
seq_0002,DEVELOP PHOTORESIST
seq_0002,PATTERN INSPECTION LEVEL 2
seq_0002,POLYSILICON ETCH DRY
seq_0002,STRIP RESIST LEVEL 2
seq_0002,CLEAN AFTER POLY ETCH
seq_0002,MEASURE CD LEVEL 2
seq_0002,IMPLANT N-TYPE
seq_0002,RAPID THERMAL ANNEAL
seq_0002,DEPOSIT INTERLAYER DIELECTRIC
seq_0002,DENSIFY OXIDE
seq_0002,MEASURE DIELECTRIC THICKNESS
seq_0002,CMP DIELECTRIC
seq_0002,MEASURE SURFACE PLANARITY
seq_0002,SPIN COAT PHOTORESIST
seq_0002,SOFT BAKE
seq_0002,ALIGN MASK LEVEL 3
seq_0002,EXPOSE LITHO LEVEL 3
seq_0002,DEVELOP PHOTORESIST
seq_0002,VIA INSPECTION
seq_0002,VIA ETCH THROUGH DIELECTRIC
seq_0002,STRIP PHOTORESIST
seq_0002,CLEAN AFTER VIA ETCH
seq_0002,MEASURE VIA CD
seq_0002,DEPOSIT BARRIER METAL
seq_0002,DEPOSIT TUNGSTEN SEED
seq_0002,FILL VIA TUNGSTEN
seq_0002,CMP METAL
seq_0002,MEASURE VIA RESISTANCE
seq_0002,DEPOSIT TOP METAL
seq_0002,ANNEAL METAL
seq_0002,MEASURE METAL THICKNESS
seq_0002,SPIN COAT PHOTORESIST
seq_0002,SOFT BAKE
seq_0002,ALIGN MASK LEVEL 4
seq_0002,EXPOSE LITHO LEVEL 4
seq_0002,DEVELOP PHOTORESIST
seq_0002,METAL PATTERN INSPECTION
seq_0002,METAL ETCH DRY
seq_0002,STRIP PHOTORESIST
seq_0002,CLEAN AFTER METAL ETCH
seq_0002,MEASURE LINE WIDTH
seq_0002,DEPOSIT PASSIVATION LAYER
seq_0002,CURE PASSIVATION
seq_0002,MEASURE PASSIVATION THICKNESS
seq_0002,OPEN PAD WINDOW
seq_0002,OPEN PAD WINDOW LITHO
seq_0002,DEVELOP PAD WINDOW
seq_0002,PASSIVATION ETCH PAD OPENING
seq_0002,STRIP RESIST
seq_0002,CLEAN PAD OPENING
seq_0002,MEASURE PAD OPENING
seq_0002,BACKSIDE THINNING CHECK
seq_0002,BACKSIDE CLEAN
seq_0002,DEPOSIT BACKSIDE PROTECTION
seq_0002,BACKSIDE ANNEAL
seq_0002,FINAL CLEAN
seq_0002,FINAL THICKNESS MEASURE
seq_0002,FINAL GEOMETRY CHECK
seq_0002,FINAL CD INSPECTION
seq_0002,FINAL PARTICLE INSPECTION
seq_0002,PARAMETRIC TEST
seq_0002,LEAKAGE TEST
seq_0002,THRESHOLD VOLTAGE TEST
seq_0002,SWITCHING TEST
seq_0002,WAFER SORT TEST
seq_0002,YIELD ANALYSIS
seq_0002,LOT RELEASE
seq_0002,SHIP LOT
seq_0003,RECEIVE WAFER LOT
seq_0003,LOT IDENTIFICATION
seq_0003,PRE CLEAN INSPECTION
seq_0003,MEASURE INITIAL GEOMETRY
seq_0003,MEASURE SURFACE PARTICLES
seq_0003,WAFER CLEAN PRE PROCESS
seq_0003,BACKSIDE CLEAN
seq_0003,RCA CLEAN 1
seq_0003,WET CLEAN RCA2
seq_0003,HF DIP
seq_0003,WAFER CLEAN PRE-GRIND
seq_0003,GRINDING WAFER BACKSIDE
seq_0003,MEASURE INITIAL GEOMETRY
seq_0003,ETCH WET BACKSIDE
seq_0003,RINSE WET WAFER_EDGE
seq_0003,DRY WAFER BACKSIDE
seq_0003,BACKSIDE CLEAN
seq_0003,MEASURE BACKSIDE ROUGHNESS
seq_0003,THERMAL OXIDATION
seq_0003,MEASURE OXIDE THICKNESS
seq_0003,WET CLEAN RCA1
seq_0003,RCA CLEAN 2
seq_0003,HF DIP
seq_0003,OXIDE STRIP
seq_0003,SURFACE PREP FOR DEPOSITION
seq_0003,DEPOSIT PAD OXIDE
seq_0003,ANNEAL OXIDE
seq_0003,MEASURE OXIDE THICKNESS
seq_0003,SPIN COAT PHOTORESIST
seq_0003,SOFT BAKE
seq_0003,ALIGN MASK LEVEL 1
seq_0003,EXPOSE LITHO LEVEL 1
seq_0003,DEVELOP PHOTORESIST
seq_0003,INSPECT PATTERN LEVEL 1
seq_0003,HARD BAKE
seq_0003,OXIDE ETCH DRY
seq_0003,STRIP RESIST
seq_0003,CLEAN AFTER ETCH
seq_0003,MEASURE CD LEVEL 1
seq_0003,DEPOSIT POLYSILICON
seq_0003,ANNEAL POLYSILICON
seq_0003,SPIN COAT PHOTORESIST
seq_0003,SOFT BAKE
seq_0003,ALIGN MASK LEVEL 2
seq_0003,EXPOSE LITHO LEVEL 2
seq_0003,DEVELOP PHOTORESIST
seq_0003,PATTERN INSPECTION LEVEL 2
seq_0003,POLYSILICON ETCH DRY
seq_0003,STRIP RESIST LEVEL 2
seq_0003,CLEAN AFTER POLY ETCH
seq_0003,MEASURE CD LEVEL 2
seq_0003,IMPLANT N-TYPE
seq_0003,PRE ANNEAL CHECK
seq_0003,RAPID THERMAL ANNEAL
seq_0003,DEPOSIT INTERLEVEL DIELECTRIC
seq_0003,DENSIFY DIELECTRIC
seq_0003,MEASURE DIELECTRIC THICKNESS
seq_0003,CMP INTERLAYER DIELECTRIC
seq_0003,MEASURE SURFACE PLANARITY
seq_0003,SPIN COAT PHOTORESIST
seq_0003,SOFT BAKE
seq_0003,ALIGN MASK LEVEL 3
seq_0003,EXPOSE LITHO LEVEL 3
seq_0003,DEVELOP PHOTORESIST
seq_0003,VIA INSPECTION
seq_0003,VIA ETCH
seq_0003,STRIP PHOTORESIST
seq_0003,CLEAN AFTER VIA ETCH
seq_0003,MEASURE VIA CD
seq_0003,DEPOSIT BARRIER METAL
seq_0003,DEPOSIT TUNGSTEN SEED
seq_0003,FILL VIA TUNGSTEN
seq_0003,CMP VIA FILL
seq_0003,MEASURE CONTACT RESISTANCE
seq_0003,DEPOSIT TOP METAL
seq_0003,ANNEAL METAL
seq_0003,MEASURE METAL THICKNESS
seq_0003,SPIN COAT PHOTORESIST
seq_0003,SOFT BAKE
seq_0003,ALIGN MASK LEVEL 4
seq_0003,EXPOSE LITHO LEVEL 4
seq_0003,POST EXPOSE BAKE
seq_0003,DEVELOP PHOTORESIST
seq_0003,METAL PATTERN INSPECTION
seq_0003,HARD BAKE
seq_0003,METAL ETCH DRY
seq_0003,STRIP PHOTORESIST
seq_0003,CLEAN AFTER METAL ETCH
seq_0003,DEPOSIT PASSIVATION LAYER
seq_0003,CURE PASSIVATION
seq_0003,MEASURE PASSIVATION THICKNESS
seq_0003,OPEN BOND PAD WINDOW
seq_0003,OPEN PAD WINDOW LITHO
seq_0003,DEVELOP PAD WINDOW
seq_0003,PASSIVATION ETCH
seq_0003,STRIP RESIST
seq_0003,CLEAN PAD OPENING
seq_0003,MEASURE PAD OPENING
seq_0003,BACKSIDE THINNING CHECK
seq_0003,BACKSIDE CLEAN
seq_0003,DEPOSIT BACKSIDE PROTECTION
seq_0003,BACKSIDE ANNEAL
seq_0003,FRONTSIDE CLEAN FINAL
seq_0003,FINAL CLEAN
seq_0003,FINAL GEOMETRY CHECK
seq_0003,FINAL CD INSPECTION
seq_0003,FINAL PARTICLE INSPECTION
seq_0003,FINAL ELECTRICAL TEST PREP
seq_0003,ELECTRICAL PARAMETRIC TEST
seq_0003,LEAKAGE TEST
seq_0003,PARAMETRIC TEST
seq_0003,SWITCHING TEST
seq_0003,WAFER SORT TEST
seq_0003,YIELD ANALYSIS
seq_0003,LOT RELEASE
seq_0003,SHIP LOT
seq_0004,RECEIVE WAFER LOT
seq_0004,LOT IDENTIFICATION
seq_0004,PRE CLEAN INSPECTION
seq_0004,MEASURE INITIAL THICKNESS
seq_0004,WAFER CLEAN PRE PROCESS
seq_0004,FRONTSIDE CLEAN
seq_0004,WET CLEAN RCA1
seq_0004,WET CLEAN RCA2
seq_0004,HF DIP
seq_0004,DRY WAFER
seq_0004,WAFER CLEAN PRE-GRIND
seq_0004,GRINDING WAFER BACKSIDE
seq_0004,MEASURE INITIAL GEOMETRY
seq_0004,ETCH WET BACKSIDE
seq_0004,RINSE WET WAFER_EDGE
seq_0004,DRY WAFER BACKSIDE
seq_0004,BACKSIDE CLEAN
seq_0004,MEASURE BACKSIDE ROUGHNESS
seq_0004,THERMAL OXIDATION
seq_0004,MEASURE OXIDE THICKNESS
seq_0004,RCA CLEAN 1
seq_0004,WET CLEAN RCA2
seq_0004,HF DIP
seq_0004,OXIDE STRIP
seq_0004,SURFACE PREP FOR DEPOSITION
seq_0004,DEPOSIT PAD OXIDE
seq_0004,ANNEAL OXIDE
seq_0004,MEASURE FILM THICKNESS
seq_0004,SPIN COAT PHOTORESIST
seq_0004,SOFT BAKE
seq_0004,ALIGN MASK LEVEL 1
seq_0004,EXPOSE LITHO LEVEL 1
seq_0004,DEVELOP PHOTORESIST
seq_0004,INSPECT PATTERN LEVEL 1
seq_0004,HARD BAKE
seq_0004,OXIDE ETCH DRY
seq_0004,STRIP PHOTORESIST
seq_0004,CLEAN AFTER ETCH
seq_0004,MEASURE CD LEVEL 1
seq_0004,DEPOSIT POLYSILICON
seq_0004,ANNEAL POLYSILICON
seq_0004,SPIN COAT PHOTORESIST
seq_0004,SOFT BAKE
seq_0004,ALIGN MASK LEVEL 2
seq_0004,EXPOSE LITHO LEVEL 2
seq_0004,POST EXPOSE BAKE
seq_0004,DEVELOP PHOTORESIST
seq_0004,PATTERN INSPECTION LEVEL 2
seq_0004,HARD BAKE
seq_0004,POLYSILICON ETCH DRY
seq_0004,STRIP RESIST
seq_0004,CLEAN AFTER POLY ETCH
seq_0004,MEASURE CD LEVEL 2
seq_0004,IMPLANT N-TYPE
seq_0004,PRE ANNEAL CHECK
seq_0004,RAPID THERMAL ANNEAL
seq_0004,MEASURE SHEET RESISTANCE
seq_0004,DEPOSIT INTERLAYER DIELECTRIC
seq_0004,DENSIFY DIELECTRIC
seq_0004,MEASURE DIELECTRIC THICKNESS
seq_0004,CMP INTERLAYER DIELECTRIC
seq_0004,MEASURE SURFACE PLANARITY
seq_0004,SPIN COAT PHOTORESIST
seq_0004,SOFT BAKE
seq_0004,ALIGN MASK LEVEL 3
seq_0004,EXPOSE LITHO LEVEL 3
seq_0004,POST EXPOSE BAKE
seq_0004,DEVELOP PHOTORESIST
seq_0004,VIA INSPECTION
seq_0004,HARD BAKE
seq_0004,VIA ETCH
seq_0004,STRIP RESIST
seq_0004,CLEAN AFTER VIA ETCH
seq_0004,MEASURE VIA CD
seq_0004,DEPOSIT BARRIER METAL
seq_0004,DEPOSIT TUNGSTEN SEED
seq_0004,FILL VIA TUNGSTEN
seq_0004,CMP VIA FILL
seq_0004,MEASURE CONTACT RESISTANCE
seq_0004,DEPOSIT METAL 1
seq_0004,ANNEAL METAL
seq_0004,SPIN COAT PHOTORESIST
seq_0004,SOFT BAKE
seq_0004,ALIGN MASK LEVEL 4
seq_0004,EXPOSE LITHO LEVEL 4
seq_0004,DEVELOP PHOTORESIST
seq_0004,METAL PATTERN INSPECTION
seq_0004,METAL ETCH DRY
seq_0004,STRIP PHOTORESIST
seq_0004,CLEAN AFTER METAL ETCH
seq_0004,MEASURE LINE WIDTH
seq_0004,DEPOSIT PASSIVATION LAYER
seq_0004,CURE PASSIVATION
seq_0004,MEASURE PASSIVATION THICKNESS
seq_0004,OPEN BOND PAD WINDOW
seq_0004,PAD WINDOW LITHO
seq_0004,DEVELOP PHOTORESIST
seq_0004,PASSIVATION ETCH
seq_0004,STRIP PHOTORESIST
seq_0004,CLEAN PAD OPENING
seq_0004,MEASURE PAD OPENING
seq_0004,BACKSIDE THINNING CHECK
seq_0004,BACKSIDE CLEAN FINAL
seq_0004,DEPOSIT BACKSIDE PROTECTION
seq_0004,BACKSIDE ANNEAL
seq_0004,FRONTSIDE CLEAN FINAL
seq_0004,FINAL CLEAN
seq_0004,FINAL THICKNESS MEASURE
seq_0004,FINAL GEOMETRY CHECK
seq_0004,FINAL OXIDE CHECK
seq_0004,FINAL CD INSPECTION
seq_0004,FINAL PARTICLE INSPECTION
seq_0004,FINAL ELECTRICAL TEST PREP
seq_0004,ELECTRICAL PARAMETRIC TEST
seq_0004,LEAKAGE TEST
seq_0004,PARAMETRIC TEST
seq_0004,SWITCHING TEST
seq_0004,WAFER SORT TEST
seq_0004,YIELD ANALYSIS
seq_0004,LOT RELEASE
seq_0004,PACKAGE PREPARATION
seq_0004,SHIP LOT
seq_0005,RECEIVE WAFER LOT
seq_0005,LOT IDENTIFICATION
seq_0005,INITIAL WAFER INSPECTION
seq_0005,MEASURE INITIAL THICKNESS
seq_0005,MEASURE SURFACE DEFECTS
seq_0005,WAFER CLEAN PRE PROCESS
seq_0005,FRONTSIDE CLEAN
seq_0005,WET CLEAN RCA1
seq_0005,WET CLEAN RCA2
seq_0005,HF DIP
seq_0005,WAFER CLEAN PRE-GRIND
seq_0005,GRINDING WAFER BACKSIDE
seq_0005,MEASURE GEOMETRY
seq_0005,ETCH WET BACKSIDE
seq_0005,RINSE WET WAFER_EDGE
seq_0005,DRY WAFER BACKSIDE
seq_0005,BACKSIDE CLEAN
seq_0005,MEASURE BACKSIDE ROUGHNESS
seq_0005,THERMAL OXIDATION
seq_0005,MEASURE OXIDE THICKNESS
seq_0005,RCA CLEAN 1
seq_0005,WET CLEAN RCA2
seq_0005,HF DIP
seq_0005,OXIDE STRIP
seq_0005,SURFACE PREP FOR DEPOSITION
seq_0005,DEPOSIT PAD OXIDE
seq_0005,ANNEAL OXIDE
seq_0005,MEASURE FILM THICKNESS
seq_0005,SPIN COAT PHOTORESIST
seq_0005,SOFT BAKE
seq_0005,ALIGN MASK LEVEL 1
seq_0005,EXPOSE LITHO LEVEL 1
seq_0005,DEVELOP PHOTORESIST
seq_0005,INSPECT PATTERN LEVEL 1
seq_0005,HARD BAKE
seq_0005,OXIDE ETCH DRY
seq_0005,STRIP PHOTORESIST
seq_0005,CLEAN AFTER ETCH
seq_0005,MEASURE CD LEVEL 1
seq_0005,DEPOSIT POLYSILICON
seq_0005,ANNEAL POLYSILICON
seq_0005,SPIN COAT PHOTORESIST
seq_0005,SOFT BAKE
seq_0005,ALIGN MASK LEVEL 2
seq_0005,EXPOSE LITHO LEVEL 2
seq_0005,DEVELOP PHOTORESIST
seq_0005,PATTERN INSPECTION LEVEL 2
seq_0005,HARD BAKE
seq_0005,POLYSILICON ETCH DRY
seq_0005,STRIP RESIST
seq_0005,CLEAN AFTER POLY ETCH
seq_0005,MEASURE CD LEVEL 2
seq_0005,IMPLANT N-TYPE
seq_0005,PRE ANNEAL CHECK
seq_0005,RAPID THERMAL ANNEAL
seq_0005,MEASURE SHEET RESISTANCE
seq_0005,DEPOSIT INTERLAYER DIELECTRIC
seq_0005,DENSIFY OXIDE
seq_0005,MEASURE FILM THICKNESS
seq_0005,CMP DIELECTRIC
seq_0005,MEASURE SURFACE PLANARITY
seq_0005,SPIN COAT PHOTORESIST
seq_0005,SOFT BAKE
seq_0005,ALIGN MASK LEVEL 3
seq_0005,EXPOSE LITHO LEVEL 3
seq_0005,DEVELOP PHOTORESIST
seq_0005,VIA INSPECTION
seq_0005,VIA ETCH
seq_0005,STRIP PHOTORESIST
seq_0005,CLEAN AFTER VIA ETCH
seq_0005,DEPOSIT BARRIER METAL
seq_0005,DEPOSIT TUNGSTEN SEED
seq_0005,FILL VIA TUNGSTEN
seq_0005,CMP METAL
seq_0005,MEASURE VIA RESISTANCE
seq_0005,DEPOSIT TOP METAL
seq_0005,ANNEAL METAL 1
seq_0005,SPIN COAT PHOTORESIST
seq_0005,SOFT BAKE
seq_0005,ALIGN MASK LEVEL 4
seq_0005,EXPOSE LITHO LEVEL 4
seq_0005,DEVELOP PHOTORESIST
seq_0005,METAL PATTERN INSPECTION
seq_0005,METAL ETCH DRY
seq_0005,STRIP PHOTORESIST
seq_0005,CLEAN AFTER METAL ETCH
seq_0005,MEASURE LINE WIDTH
seq_0005,DEPOSIT PASSIVATION LAYER
seq_0005,CURE PASSIVATION
seq_0005,MEASURE PASSIVATION QUALITY
seq_0005,OPEN PAD WINDOW
seq_0005,OPEN PAD WINDOW LITHO
seq_0005,DEVELOP PAD WINDOW
seq_0005,PASSIVATION ETCH PAD OPENING
seq_0005,STRIP RESIST
seq_0005,CLEAN PAD OPENING
seq_0005,MEASURE PAD OPENING
seq_0005,BACKSIDE THINNING CHECK
seq_0005,BACKSIDE CLEAN FINAL
seq_0005,DEPOSIT BACKSIDE PROTECTION
seq_0005,BACKSIDE ANNEAL
seq_0005,FINAL CLEAN
seq_0005,FINAL THICKNESS MEASURE
seq_0005,FINAL OXIDE CHECK
seq_0005,FINAL PARTICLE INSPECTION
seq_0005,PARAMETRIC TEST
seq_0005,LEAKAGE TEST
seq_0005,THRESHOLD VOLTAGE TEST
seq_0005,SWITCHING TEST
seq_0005,WAFER SORT TEST
seq_0005,YIELD ANALYSIS
seq_0005,FINAL LOT RELEASE
seq_0005,SHIP LOT
seq_0006,RECEIVE WAFER LOT
seq_0006,LOT IDENTIFICATION
seq_0006,PRE CLEAN INSPECTION
seq_0006,MEASURE INITIAL THICKNESS
seq_0006,MEASURE SURFACE PARTICLES
seq_0006,WAFER CLEAN PRE PROCESS
seq_0006,WET CLEAN RCA1
seq_0006,WET CLEAN RCA2
seq_0006,HF DIP
seq_0006,DRY WAFER
seq_0006,WAFER CLEAN PRE-GRIND
seq_0006,GRINDING WAFER BACKSIDE
seq_0006,MEASURE INITIAL GEOMETRY
seq_0006,ETCH WET BACKSIDE
seq_0006,RINSE WET WAFER_EDGE
seq_0006,DRY WAFER BACKSIDE
seq_0006,BACKSIDE CLEAN
seq_0006,MEASURE BACKSIDE ROUGHNESS
seq_0006,THERMAL OXIDATION
seq_0006,MEASURE OXIDE THICKNESS
seq_0006,RCA CLEAN 1
seq_0006,WET CLEAN RCA2
seq_0006,HF DIP
seq_0006,OXIDE STRIP
seq_0006,SURFACE PREP FOR DEPOSITION
seq_0006,DEPOSIT PAD OXIDE
seq_0006,ANNEAL OXIDE
seq_0006,MEASURE FILM THICKNESS
seq_0006,SPIN COAT PHOTORESIST
seq_0006,SOFT BAKE
seq_0006,ALIGN MASK LEVEL 1
seq_0006,EXPOSE LITHO LEVEL 1
seq_0006,DEVELOP PHOTORESIST
seq_0006,INSPECT PATTERN LEVEL 1
seq_0006,HARD BAKE
seq_0006,OXIDE ETCH DRY
seq_0006,STRIP RESIST
seq_0006,CLEAN AFTER ETCH
seq_0006,MEASURE CD LEVEL 1
seq_0006,DEPOSIT POLYSILICON
seq_0006,ANNEAL POLYSILICON
seq_0006,SPIN COAT PHOTORESIST
seq_0006,SOFT BAKE
seq_0006,ALIGN MASK LEVEL 2
seq_0006,EXPOSE LITHO LEVEL 2
seq_0006,DEVELOP PHOTORESIST
seq_0006,PATTERN INSPECTION LEVEL 2
seq_0006,HARD BAKE
seq_0006,POLYSILICON ETCH DRY
seq_0006,STRIP RESIST LEVEL 2
seq_0006,CLEAN AFTER POLY ETCH
seq_0006,MEASURE CD LEVEL 2
seq_0006,IMPLANT N-TYPE
seq_0006,PRE ANNEAL CHECK
seq_0006,RAPID THERMAL ANNEAL
seq_0006,DEPOSIT INTERLEVEL DIELECTRIC
seq_0006,DENSIFY DIELECTRIC
seq_0006,MEASURE DIELECTRIC THICKNESS
seq_0006,CMP DIELECTRIC
seq_0006,MEASURE SURFACE PLANARITY
seq_0006,SPIN COAT PHOTORESIST
seq_0006,SOFT BAKE
seq_0006,ALIGN MASK LEVEL 3
seq_0006,EXPOSE LITHO LEVEL 3
seq_0006,DEVELOP PHOTORESIST
seq_0006,VIA INSPECTION
seq_0006,DIELECTRIC ETCH VIA
seq_0006,STRIP RESIST
seq_0006,CLEAN AFTER VIA ETCH
seq_0006,DEPOSIT BARRIER METAL
seq_0006,DEPOSIT TUNGSTEN SEED
seq_0006,FILL VIA TUNGSTEN
seq_0006,CMP VIA FILL
seq_0006,MEASURE CONTACT RESISTANCE
seq_0006,DEPOSIT TOP METAL
seq_0006,ANNEAL METAL
seq_0006,SPIN COAT PHOTORESIST
seq_0006,SOFT BAKE
seq_0006,ALIGN MASK LEVEL 4
seq_0006,EXPOSE LITHO LEVEL 4
seq_0006,DEVELOP PHOTORESIST
seq_0006,METAL PATTERN INSPECTION
seq_0006,HARD BAKE
seq_0006,METAL ETCH DRY
seq_0006,STRIP RESIST
seq_0006,CLEAN AFTER METAL ETCH
seq_0006,MEASURE LINE WIDTH
seq_0006,DEPOSIT PASSIVATION
seq_0006,CURE PASSIVATION
seq_0006,MEASURE PASSIVATION THICKNESS
seq_0006,OPEN PAD WINDOW
seq_0006,PAD WINDOW LITHO
seq_0006,DEVELOP PAD WINDOW
seq_0006,PASSIVATION ETCH PAD OPENING
seq_0006,STRIP PHOTORESIST
seq_0006,CLEAN PAD OPENING
seq_0006,MEASURE PAD OPENING
seq_0006,BACKSIDE THINNING CHECK
seq_0006,BACKSIDE CLEAN FINAL
seq_0006,DEPOSIT BACKSIDE PROTECTION
seq_0006,BACKSIDE ANNEAL
seq_0006,FRONTSIDE CLEAN FINAL
seq_0006,FINAL CLEAN
seq_0006,FINAL GEOMETRY CHECK
seq_0006,FINAL OXIDE CHECK
seq_0006,FINAL CD INSPECTION
seq_0006,FINAL PARTICLE INSPECTION
seq_0006,FINAL ELECTRICAL TEST PREP
seq_0006,PARAMETRIC TEST
seq_0006,LEAKAGE TEST
seq_0006,THRESHOLD VOLTAGE TEST
seq_0006,SWITCHING TEST
seq_0006,WAFER SORT TEST
seq_0006,YIELD ANALYSIS
seq_0006,LOT RELEASE
seq_0006,PACKAGE PREPARATION
seq_0006,SHIP LOT
seq_0007,RECEIVE WAFER LOT
seq_0007,LOT IDENTIFICATION
seq_0007,PRE CLEAN INSPECTION
seq_0007,MEASURE INITIAL GEOMETRY
seq_0007,MEASURE SURFACE DEFECTS
seq_0007,WAFER CLEAN PRE PROCESS
seq_0007,BACKSIDE CLEAN
seq_0007,RCA CLEAN 1
seq_0007,WET CLEAN RCA2
seq_0007,HF DIP
seq_0007,WAFER CLEAN PRE-GRIND
seq_0007,GRINDING WAFER BACKSIDE
seq_0007,MEASURE GEOMETRY
seq_0007,ETCH WET BACKSIDE
seq_0007,RINSE WET WAFER_EDGE
seq_0007,DRY WAFER BACKSIDE
seq_0007,BACKSIDE CLEAN
seq_0007,MEASURE BACKSIDE ROUGHNESS
seq_0007,THERMAL OXIDATION
seq_0007,MEASURE OXIDE THICKNESS
seq_0007,WET CLEAN RCA1
seq_0007,WET CLEAN RCA2
seq_0007,HF DIP
seq_0007,OXIDE STRIP
seq_0007,SURFACE PREP FOR DEPOSITION
seq_0007,DEPOSIT PAD OXIDE
seq_0007,ANNEAL OXIDE
seq_0007,MEASURE OXIDE THICKNESS
seq_0007,SPIN COAT PHOTORESIST
seq_0007,SOFT BAKE
seq_0007,ALIGN MASK LEVEL 1
seq_0007,EXPOSE LITHO LEVEL 1
seq_0007,POST EXPOSE BAKE
seq_0007,DEVELOP PHOTORESIST
seq_0007,INSPECT PATTERN LEVEL 1
seq_0007,HARD BAKE
seq_0007,OXIDE ETCH DRY
seq_0007,STRIP PHOTORESIST
seq_0007,CLEAN AFTER ETCH
seq_0007,MEASURE CD LEVEL 1
seq_0007,DEPOSIT POLYSILICON
seq_0007,ANNEAL POLYSILICON
seq_0007,SPIN COAT PHOTORESIST
seq_0007,SOFT BAKE
seq_0007,ALIGN MASK LEVEL 2
seq_0007,EXPOSE LITHO LEVEL 2
seq_0007,POST EXPOSE BAKE
seq_0007,DEVELOP PHOTORESIST
seq_0007,PATTERN INSPECTION LEVEL 2
seq_0007,POLYSILICON ETCH DRY
seq_0007,STRIP RESIST
seq_0007,CLEAN AFTER POLY ETCH
seq_0007,MEASURE CD LEVEL 2
seq_0007,IMPLANT N-TYPE
seq_0007,PRE ANNEAL CHECK
seq_0007,RAPID THERMAL ANNEAL
seq_0007,MEASURE SHEET RESISTANCE
seq_0007,DEPOSIT INTERLEVEL DIELECTRIC
seq_0007,DENSIFY DIELECTRIC
seq_0007,MEASURE FILM THICKNESS
seq_0007,CMP DIELECTRIC
seq_0007,MEASURE SURFACE PLANARITY
seq_0007,SPIN COAT PHOTORESIST
seq_0007,SOFT BAKE
seq_0007,ALIGN MASK LEVEL 3
seq_0007,EXPOSE LITHO LEVEL 3
seq_0007,DEVELOP PHOTORESIST
seq_0007,VIA OPENING INSPECTION
seq_0007,VIA ETCH THROUGH DIELECTRIC
seq_0007,STRIP PHOTORESIST
seq_0007,CLEAN AFTER VIA ETCH
seq_0007,DEPOSIT BARRIER METAL
seq_0007,DEPOSIT TUNGSTEN SEED
seq_0007,FILL VIA TUNGSTEN
seq_0007,CMP VIA FILL
seq_0007,MEASURE CONTACT RESISTANCE
seq_0007,DEPOSIT TOP METAL
seq_0007,ANNEAL METAL
seq_0007,SPIN COAT PHOTORESIST
seq_0007,SOFT BAKE
seq_0007,ALIGN MASK LEVEL 4
seq_0007,EXPOSE LITHO LEVEL 4
seq_0007,DEVELOP PHOTORESIST
seq_0007,METAL PATTERN INSPECTION
seq_0007,HARD BAKE
seq_0007,METAL ETCH DRY
seq_0007,STRIP RESIST
seq_0007,CLEAN AFTER METAL ETCH
seq_0007,DEPOSIT PASSIVATION LAYER
seq_0007,CURE PASSIVATION
seq_0007,MEASURE PASSIVATION QUALITY
seq_0007,OPEN PAD WINDOW
seq_0007,PAD WINDOW LITHO
seq_0007,DEVELOP PHOTORESIST
seq_0007,PASSIVATION ETCH
seq_0007,STRIP PHOTORESIST
seq_0007,CLEAN PAD OPENING
seq_0007,MEASURE PAD OPENING
seq_0007,BACKSIDE THINNING CHECK
seq_0007,BACKSIDE CLEAN
seq_0007,DEPOSIT BACKSIDE PROTECTION
seq_0007,BACKSIDE ANNEAL
seq_0007,FINAL CLEAN
seq_0007,FINAL THICKNESS MEASURE
seq_0007,FINAL OXIDE CHECK
seq_0007,FINAL CD INSPECTION
seq_0007,FINAL PARTICLE INSPECTION
seq_0007,FINAL ELECTRICAL TEST PREP
seq_0007,PARAMETRIC TEST
seq_0007,LEAKAGE TEST
seq_0007,THRESHOLD VOLTAGE TEST
seq_0007,SWITCHING TEST
seq_0007,WAFER SORT TEST
seq_0007,YIELD ANALYSIS
seq_0007,FINAL LOT RELEASE
seq_0007,SHIP LOT
seq_0008,RECEIVE WAFER LOT
seq_0008,LOT IDENTIFICATION
seq_0008,INITIAL WAFER INSPECTION
seq_0008,MEASURE INITIAL THICKNESS
seq_0008,MEASURE SURFACE DEFECTS
seq_0008,WAFER CLEAN PRE PROCESS
seq_0008,FRONTSIDE CLEAN
seq_0008,RCA CLEAN 1
seq_0008,WET CLEAN RCA2
seq_0008,HF DIP
seq_0008,DRY WAFER
seq_0008,WAFER CLEAN PRE-GRIND
seq_0008,GRINDING WAFER BACKSIDE
seq_0008,MEASURE INITIAL GEOMETRY
seq_0008,ETCH WET BACKSIDE
seq_0008,RINSE WET WAFER_EDGE
seq_0008,DRY WAFER BACKSIDE
seq_0008,BACKSIDE CLEAN
seq_0008,MEASURE BACKSIDE ROUGHNESS
seq_0008,THERMAL OXIDATION
seq_0008,MEASURE OXIDE THICKNESS
seq_0008,WET CLEAN RCA1
seq_0008,WET CLEAN RCA2
seq_0008,HF DIP
seq_0008,OXIDE STRIP
seq_0008,SURFACE PREP FOR DEPOSITION
seq_0008,DEPOSIT PAD OXIDE
seq_0008,ANNEAL OXIDE
seq_0008,MEASURE OXIDE THICKNESS
seq_0008,SPIN COAT PHOTORESIST
seq_0008,SOFT BAKE
seq_0008,ALIGN MASK LEVEL 1
seq_0008,EXPOSE LITHO LEVEL 1
seq_0008,POST EXPOSE BAKE
seq_0008,DEVELOP PHOTORESIST
seq_0008,INSPECT PATTERN LEVEL 1
seq_0008,HARD BAKE
seq_0008,OXIDE ETCH DRY
seq_0008,STRIP PHOTORESIST
seq_0008,CLEAN AFTER ETCH
seq_0008,MEASURE CD LEVEL 1
seq_0008,DEPOSIT POLYSILICON
seq_0008,ANNEAL POLYSILICON
seq_0008,SPIN COAT PHOTORESIST
seq_0008,SOFT BAKE
seq_0008,ALIGN MASK LEVEL 2
seq_0008,EXPOSE LITHO LEVEL 2
seq_0008,DEVELOP PHOTORESIST
seq_0008,PATTERN INSPECTION LEVEL 2
seq_0008,HARD BAKE
seq_0008,POLYSILICON ETCH DRY
seq_0008,STRIP RESIST
seq_0008,CLEAN AFTER POLY ETCH
seq_0008,MEASURE CD LEVEL 2
seq_0008,IMPLANT N-TYPE
seq_0008,PRE ANNEAL CHECK
seq_0008,RAPID THERMAL ANNEAL
seq_0008,MEASURE SHEET RESISTANCE
seq_0008,DEPOSIT INTERLAYER DIELECTRIC
seq_0008,DENSIFY OXIDE
seq_0008,MEASURE FILM THICKNESS
seq_0008,CMP DIELECTRIC
seq_0008,MEASURE PLANARITY
seq_0008,SPIN COAT PHOTORESIST
seq_0008,SOFT BAKE
seq_0008,ALIGN MASK LEVEL 3
seq_0008,EXPOSE LITHO LEVEL 3
seq_0008,POST EXPOSE BAKE
seq_0008,DEVELOP PHOTORESIST
seq_0008,VIA OPENING INSPECTION
seq_0008,VIA ETCH
seq_0008,STRIP PHOTORESIST
seq_0008,CLEAN AFTER VIA ETCH
seq_0008,MEASURE VIA CD
seq_0008,DEPOSIT BARRIER METAL
seq_0008,DEPOSIT TUNGSTEN SEED
seq_0008,FILL VIA TUNGSTEN
seq_0008,CMP VIA FILL
seq_0008,MEASURE CONTACT RESISTANCE
seq_0008,DEPOSIT TOP METAL
seq_0008,ANNEAL METAL 1
seq_0008,SPIN COAT PHOTORESIST
seq_0008,SOFT BAKE
seq_0008,ALIGN MASK LEVEL 4
seq_0008,EXPOSE LITHO LEVEL 4
seq_0008,DEVELOP PHOTORESIST
seq_0008,METAL PATTERN INSPECTION
seq_0008,HARD BAKE
seq_0008,METAL ETCH DRY
seq_0008,STRIP PHOTORESIST
seq_0008,CLEAN AFTER METAL ETCH
seq_0008,MEASURE LINE WIDTH
seq_0008,DEPOSIT PASSIVATION
seq_0008,CURE PASSIVATION
seq_0008,MEASURE PASSIVATION THICKNESS
seq_0008,OPEN PAD WINDOW
seq_0008,OPEN PAD WINDOW LITHO
seq_0008,DEVELOP PHOTORESIST
seq_0008,PASSIVATION ETCH PAD OPENING
seq_0008,STRIP PHOTORESIST
seq_0008,CLEAN PAD OPENING
seq_0008,MEASURE PAD OPENING
seq_0008,BACKSIDE CLEAN FINAL
seq_0008,DEPOSIT BACKSIDE PROTECTION
seq_0008,BACKSIDE ANNEAL
seq_0008,FINAL CLEAN
seq_0008,FINAL THICKNESS MEASURE
seq_0008,FINAL GEOMETRY CHECK
seq_0008,FINAL PARTICLE INSPECTION
seq_0008,ELECTRICAL PARAMETRIC TEST
seq_0008,LEAKAGE TEST
seq_0008,THRESHOLD VOLTAGE TEST
seq_0008,SWITCHING TEST
seq_0008,WAFER SORT TEST
seq_0008,YIELD ANALYSIS
seq_0008,FINAL LOT RELEASE
seq_0008,PACKAGE PREPARATION
seq_0008,SHIP LOT
seq_0009,RECEIVE WAFER LOT
seq_0009,LOT IDENTIFICATION
seq_0009,INITIAL WAFER INSPECTION
seq_0009,MEASURE INITIAL THICKNESS
seq_0009,MEASURE SURFACE PARTICLES
seq_0009,WAFER CLEAN PRE PROCESS
seq_0009,BACKSIDE CLEAN
seq_0009,FRONTSIDE CLEAN
seq_0009,WET CLEAN RCA1
seq_0009,WET CLEAN RCA2
seq_0009,HF DIP
seq_0009,DRY WAFER
seq_0009,WAFER CLEAN PRE-GRIND
seq_0009,GRINDING WAFER BACKSIDE
seq_0009,MEASURE GEOMETRY
seq_0009,ETCH WET BACKSIDE
seq_0009,RINSE WET WAFER_EDGE
seq_0009,DRY WAFER BACKSIDE
seq_0009,BACKSIDE CLEAN
seq_0009,MEASURE BACKSIDE ROUGHNESS
seq_0009,THERMAL OXIDATION
seq_0009,MEASURE OXIDE THICKNESS
seq_0009,WET CLEAN RCA1
seq_0009,WET CLEAN RCA2
seq_0009,HF DIP
seq_0009,OXIDE STRIP
seq_0009,SURFACE PREP FOR DEPOSITION
seq_0009,DEPOSIT PAD OXIDE
seq_0009,ANNEAL OXIDE
seq_0009,MEASURE FILM THICKNESS
seq_0009,SPIN COAT PHOTORESIST
seq_0009,SOFT BAKE
seq_0009,ALIGN MASK LEVEL 1
seq_0009,EXPOSE LITHO LEVEL 1
seq_0009,DEVELOP PHOTORESIST
seq_0009,INSPECT PATTERN LEVEL 1
seq_0009,HARD BAKE
seq_0009,OXIDE ETCH DRY
seq_0009,STRIP PHOTORESIST
seq_0009,CLEAN AFTER ETCH
seq_0009,DEPOSIT POLYSILICON
seq_0009,ANNEAL POLYSILICON
seq_0009,SPIN COAT PHOTORESIST
seq_0009,SOFT BAKE
seq_0009,ALIGN MASK LEVEL 2
seq_0009,EXPOSE LITHO LEVEL 2
seq_0009,DEVELOP PHOTORESIST
seq_0009,PATTERN INSPECTION LEVEL 2
seq_0009,HARD BAKE
seq_0009,POLYSILICON ETCH DRY
seq_0009,STRIP RESIST LEVEL 2
seq_0009,CLEAN AFTER POLY ETCH
seq_0009,MEASURE CD LEVEL 2
seq_0009,IMPLANT N-TYPE
seq_0009,PRE ANNEAL CHECK
seq_0009,RAPID THERMAL ANNEAL
seq_0009,MEASURE SHEET RESISTANCE
seq_0009,DEPOSIT INTERLAYER DIELECTRIC
seq_0009,DENSIFY OXIDE
seq_0009,MEASURE FILM THICKNESS
seq_0009,CMP DIELECTRIC
seq_0009,MEASURE SURFACE PLANARITY
seq_0009,SPIN COAT PHOTORESIST
seq_0009,SOFT BAKE
seq_0009,ALIGN MASK LEVEL 3
seq_0009,EXPOSE LITHO LEVEL 3
seq_0009,DEVELOP PHOTORESIST
seq_0009,VIA OPENING INSPECTION
seq_0009,VIA ETCH
seq_0009,STRIP PHOTORESIST
seq_0009,CLEAN AFTER VIA ETCH
seq_0009,MEASURE VIA CD
seq_0009,DEPOSIT BARRIER METAL
seq_0009,DEPOSIT TUNGSTEN SEED
seq_0009,FILL VIA TUNGSTEN
seq_0009,CMP METAL
seq_0009,MEASURE CONTACT RESISTANCE
seq_0009,DEPOSIT METAL 1
seq_0009,ANNEAL METAL 1
seq_0009,SPIN COAT PHOTORESIST
seq_0009,SOFT BAKE
seq_0009,ALIGN MASK LEVEL 4
seq_0009,EXPOSE LITHO LEVEL 4
seq_0009,DEVELOP PHOTORESIST
seq_0009,METAL PATTERN INSPECTION
seq_0009,HARD BAKE
seq_0009,METAL ETCH DRY
seq_0009,STRIP PHOTORESIST
seq_0009,CLEAN AFTER METAL ETCH
seq_0009,MEASURE LINE WIDTH
seq_0009,DEPOSIT PASSIVATION
seq_0009,CURE PASSIVATION
seq_0009,MEASURE PASSIVATION THICKNESS
seq_0009,OPEN PAD WINDOW
seq_0009,OPEN PAD WINDOW LITHO
seq_0009,DEVELOP PAD WINDOW
seq_0009,PASSIVATION ETCH
seq_0009,STRIP RESIST
seq_0009,CLEAN PAD OPENING
seq_0009,MEASURE PAD OPENING
seq_0009,BACKSIDE THINNING CHECK
seq_0009,BACKSIDE CLEAN
seq_0009,DEPOSIT BACKSIDE PROTECTION
seq_0009,BACKSIDE ANNEAL
seq_0009,FINAL CLEAN
seq_0009,FINAL THICKNESS MEASURE
seq_0009,FINAL GEOMETRY CHECK
seq_0009,FINAL OXIDE CHECK
seq_0009,FINAL PARTICLE INSPECTION
seq_0009,ELECTRICAL PARAMETRIC TEST
seq_0009,LEAKAGE TEST
seq_0009,THRESHOLD VOLTAGE TEST
seq_0009,SWITCHING TEST
seq_0009,WAFER SORT TEST
seq_0009,YIELD ANALYSIS
seq_0009,LOT RELEASE
seq_0009,PACKAGE PREPARATION
seq_0009,SHIP LOT
seq_0010,RECEIVE WAFER LOT
seq_0010,LOT IDENTIFICATION
seq_0010,INITIAL WAFER INSPECTION
seq_0010,MEASURE INITIAL GEOMETRY
seq_0010,WAFER CLEAN PRE PROCESS
seq_0010,BACKSIDE CLEAN
seq_0010,FRONTSIDE CLEAN
seq_0010,WET CLEAN RCA1
seq_0010,WET CLEAN RCA2
seq_0010,HF DIP
seq_0010,DRY WAFER
seq_0010,WAFER CLEAN PRE-GRIND
seq_0010,GRINDING WAFER BACKSIDE
seq_0010,MEASURE GEOMETRY
seq_0010,ETCH WET BACKSIDE
seq_0010,RINSE WET WAFER_EDGE
seq_0010,DRY WAFER BACKSIDE
seq_0010,BACKSIDE CLEAN
seq_0010,MEASURE BACKSIDE ROUGHNESS
seq_0010,THERMAL OXIDATION
seq_0010,MEASURE OXIDE THICKNESS
seq_0010,WET CLEAN RCA1
seq_0010,RCA CLEAN 2
seq_0010,HF DIP
seq_0010,OXIDE STRIP
seq_0010,SURFACE PREP FOR DEPOSITION
seq_0010,DEPOSIT PAD OXIDE
seq_0010,ANNEAL OXIDE
seq_0010,MEASURE OXIDE THICKNESS
seq_0010,SPIN COAT PHOTORESIST
seq_0010,SOFT BAKE
seq_0010,ALIGN MASK LEVEL 1
seq_0010,EXPOSE LITHO LEVEL 1
seq_0010,POST EXPOSE BAKE
seq_0010,DEVELOP PHOTORESIST
seq_0010,INSPECT PATTERN LEVEL 1
seq_0010,HARD BAKE
seq_0010,OXIDE ETCH DRY
seq_0010,STRIP PHOTORESIST
seq_0010,CLEAN AFTER ETCH
seq_0010,DEPOSIT POLYSILICON
seq_0010,ANNEAL POLYSILICON
seq_0010,SPIN COAT PHOTORESIST
seq_0010,SOFT BAKE
seq_0010,ALIGN MASK LEVEL 2
seq_0010,EXPOSE LITHO LEVEL 2
seq_0010,POST EXPOSE BAKE
seq_0010,DEVELOP PHOTORESIST
seq_0010,PATTERN INSPECTION LEVEL 2
seq_0010,POLYSILICON ETCH DRY
seq_0010,STRIP RESIST LEVEL 2
seq_0010,CLEAN AFTER POLY ETCH
seq_0010,IMPLANT N-TYPE
seq_0010,RAPID THERMAL ANNEAL
seq_0010,DEPOSIT INTERLAYER DIELECTRIC
seq_0010,DENSIFY DIELECTRIC
seq_0010,MEASURE DIELECTRIC THICKNESS
seq_0010,CMP INTERLAYER DIELECTRIC
seq_0010,MEASURE PLANARITY
seq_0010,SPIN COAT PHOTORESIST
seq_0010,SOFT BAKE
seq_0010,ALIGN MASK LEVEL 3
seq_0010,EXPOSE LITHO LEVEL 3
seq_0010,POST EXPOSE BAKE
seq_0010,DEVELOP PHOTORESIST
seq_0010,VIA INSPECTION
seq_0010,DIELECTRIC ETCH VIA
seq_0010,STRIP PHOTORESIST
seq_0010,CLEAN AFTER VIA ETCH
seq_0010,MEASURE VIA CD
seq_0010,DEPOSIT BARRIER METAL
seq_0010,DEPOSIT TUNGSTEN SEED
seq_0010,FILL VIA TUNGSTEN
seq_0010,CMP VIA FILL
seq_0010,MEASURE VIA RESISTANCE
seq_0010,DEPOSIT TOP METAL
seq_0010,ANNEAL METAL 1
seq_0010,SPIN COAT PHOTORESIST
seq_0010,SOFT BAKE
seq_0010,ALIGN MASK LEVEL 4
seq_0010,EXPOSE LITHO LEVEL 4
seq_0010,DEVELOP PHOTORESIST
seq_0010,METAL PATTERN INSPECTION
seq_0010,METAL ETCH DRY
seq_0010,STRIP PHOTORESIST
seq_0010,CLEAN AFTER METAL ETCH
seq_0010,MEASURE LINE WIDTH
seq_0010,DEPOSIT PASSIVATION
seq_0010,CURE PASSIVATION
seq_0010,MEASURE PASSIVATION QUALITY
seq_0010,OPEN BOND PAD WINDOW
seq_0010,PAD WINDOW LITHO
seq_0010,DEVELOP PAD WINDOW
seq_0010,PASSIVATION ETCH
seq_0010,STRIP PHOTORESIST
seq_0010,CLEAN PAD OPENING
seq_0010,MEASURE PAD OPENING
seq_0010,BACKSIDE CLEAN FINAL
seq_0010,DEPOSIT BACKSIDE PROTECTION
seq_0010,BACKSIDE ANNEAL
seq_0010,FRONTSIDE CLEAN FINAL
seq_0010,FINAL CLEAN
seq_0010,FINAL THICKNESS MEASURE
seq_0010,FINAL GEOMETRY CHECK
seq_0010,FINAL PARTICLE INSPECTION
seq_0010,PARAMETRIC TEST
seq_0010,LEAKAGE TEST
seq_0010,THRESHOLD VOLTAGE TEST
seq_0010,SWITCHING TEST
seq_0010,WAFER SORT TEST
seq_0010,YIELD ANALYSIS
seq_0010,LOT RELEASE
seq_0010,SHIP LOT
seq_0011,RECEIVE WAFER LOT
seq_0011,LOT IDENTIFICATION
seq_0011,PRE CLEAN INSPECTION
seq_0011,MEASURE INITIAL GEOMETRY
seq_0011,MEASURE SURFACE DEFECTS
seq_0011,WAFER CLEAN PRE PROCESS
seq_0011,BACKSIDE CLEAN
seq_0011,WET CLEAN RCA1
seq_0011,RCA CLEAN 2
seq_0011,HF DIP
seq_0011,WAFER CLEAN PRE-GRIND
seq_0011,GRINDING WAFER BACKSIDE
seq_0011,MEASURE GEOMETRY
seq_0011,ETCH WET BACKSIDE
seq_0011,RINSE WET WAFER_EDGE
seq_0011,DRY WAFER BACKSIDE
seq_0011,BACKSIDE CLEAN
seq_0011,MEASURE BACKSIDE ROUGHNESS
seq_0011,THERMAL OXIDATION
seq_0011,MEASURE OXIDE THICKNESS
seq_0011,RCA CLEAN 1
seq_0011,RCA CLEAN 2
seq_0011,HF DIP
seq_0011,OXIDE STRIP
seq_0011,SURFACE PREP FOR DEPOSITION
seq_0011,DEPOSIT PAD OXIDE
seq_0011,ANNEAL OXIDE
seq_0011,MEASURE FILM THICKNESS
seq_0011,SPIN COAT PHOTORESIST
seq_0011,SOFT BAKE
seq_0011,ALIGN MASK LEVEL 1
seq_0011,EXPOSE LITHO LEVEL 1
seq_0011,DEVELOP PHOTORESIST
seq_0011,INSPECT PATTERN LEVEL 1
seq_0011,HARD BAKE
seq_0011,OXIDE ETCH DRY
seq_0011,STRIP PHOTORESIST
seq_0011,CLEAN AFTER ETCH
seq_0011,MEASURE CD LEVEL 1
seq_0011,DEPOSIT POLYSILICON
seq_0011,ANNEAL POLYSILICON
seq_0011,SPIN COAT PHOTORESIST
seq_0011,SOFT BAKE
seq_0011,ALIGN MASK LEVEL 2
seq_0011,EXPOSE LITHO LEVEL 2
seq_0011,POST EXPOSE BAKE
seq_0011,DEVELOP PHOTORESIST
seq_0011,PATTERN INSPECTION LEVEL 2
seq_0011,HARD BAKE
seq_0011,POLYSILICON ETCH DRY
seq_0011,STRIP RESIST
seq_0011,CLEAN AFTER POLY ETCH
seq_0011,MEASURE CD LEVEL 2
seq_0011,IMPLANT N-TYPE
seq_0011,RAPID THERMAL ANNEAL
seq_0011,MEASURE SHEET RESISTANCE
seq_0011,DEPOSIT INTERLAYER DIELECTRIC
seq_0011,DENSIFY DIELECTRIC
seq_0011,MEASURE FILM THICKNESS
seq_0011,CMP DIELECTRIC
seq_0011,MEASURE SURFACE PLANARITY
seq_0011,SPIN COAT PHOTORESIST
seq_0011,SOFT BAKE
seq_0011,ALIGN MASK LEVEL 3
seq_0011,EXPOSE LITHO LEVEL 3
seq_0011,POST EXPOSE BAKE
seq_0011,DEVELOP PHOTORESIST
seq_0011,VIA INSPECTION
seq_0011,VIA ETCH
seq_0011,STRIP RESIST
seq_0011,CLEAN AFTER VIA ETCH
seq_0011,DEPOSIT BARRIER METAL
seq_0011,DEPOSIT TUNGSTEN SEED
seq_0011,FILL VIA TUNGSTEN
seq_0011,CMP VIA FILL
seq_0011,MEASURE VIA RESISTANCE
seq_0011,DEPOSIT METAL 1
seq_0011,ANNEAL METAL
seq_0011,SPIN COAT PHOTORESIST
seq_0011,SOFT BAKE
seq_0011,ALIGN MASK LEVEL 4
seq_0011,EXPOSE LITHO LEVEL 4
seq_0011,DEVELOP PHOTORESIST
seq_0011,METAL PATTERN INSPECTION
seq_0011,METAL ETCH DRY
seq_0011,STRIP RESIST
seq_0011,CLEAN AFTER METAL ETCH
seq_0011,MEASURE LINE WIDTH
seq_0011,DEPOSIT PASSIVATION
seq_0011,CURE PASSIVATION
seq_0011,MEASURE PASSIVATION QUALITY
seq_0011,OPEN BOND PAD WINDOW
seq_0011,PAD WINDOW LITHO
seq_0011,DEVELOP PHOTORESIST
seq_0011,PASSIVATION ETCH
seq_0011,STRIP RESIST
seq_0011,CLEAN PAD OPENING
seq_0011,MEASURE PAD OPENING
seq_0011,BACKSIDE THINNING CHECK
seq_0011,BACKSIDE CLEAN
seq_0011,DEPOSIT BACKSIDE PROTECTION
seq_0011,BACKSIDE ANNEAL
seq_0011,FINAL CLEAN
seq_0011,FINAL THICKNESS MEASURE
seq_0011,FINAL GEOMETRY CHECK
seq_0011,FINAL PARTICLE INSPECTION
seq_0011,FINAL ELECTRICAL TEST PREP
seq_0011,ELECTRICAL PARAMETRIC TEST
seq_0011,LEAKAGE TEST
seq_0011,PARAMETRIC TEST
seq_0011,SWITCHING TEST
seq_0011,WAFER SORT TEST
seq_0011,YIELD ANALYSIS
seq_0011,LOT RELEASE
seq_0011,SHIP LOT
seq_0012,RECEIVE WAFER LOT
seq_0012,LOT IDENTIFICATION
seq_0012,PRE CLEAN INSPECTION
seq_0012,MEASURE INITIAL THICKNESS
seq_0012,MEASURE SURFACE PARTICLES
seq_0012,WAFER CLEAN PRE PROCESS
seq_0012,FRONTSIDE CLEAN
seq_0012,WET CLEAN RCA1
seq_0012,WET CLEAN RCA2
seq_0012,HF DIP
seq_0012,WAFER CLEAN PRE-GRIND
seq_0012,GRINDING WAFER BACKSIDE
seq_0012,MEASURE GEOMETRY
seq_0012,ETCH WET BACKSIDE
seq_0012,RINSE WET WAFER_EDGE
seq_0012,DRY WAFER BACKSIDE
seq_0012,BACKSIDE CLEAN
seq_0012,MEASURE BACKSIDE ROUGHNESS
seq_0012,THERMAL OXIDATION
seq_0012,MEASURE OXIDE THICKNESS
seq_0012,RCA CLEAN 1
seq_0012,WET CLEAN RCA2
seq_0012,HF DIP
seq_0012,OXIDE STRIP
seq_0012,SURFACE PREP FOR DEPOSITION
seq_0012,DEPOSIT PAD OXIDE
seq_0012,ANNEAL OXIDE
seq_0012,MEASURE FILM THICKNESS
seq_0012,SPIN COAT PHOTORESIST
seq_0012,SOFT BAKE
seq_0012,ALIGN MASK LEVEL 1
seq_0012,EXPOSE LITHO LEVEL 1
seq_0012,POST EXPOSE BAKE
seq_0012,DEVELOP PHOTORESIST
seq_0012,INSPECT PATTERN LEVEL 1
seq_0012,HARD BAKE
seq_0012,OXIDE ETCH DRY
seq_0012,STRIP RESIST
seq_0012,CLEAN AFTER ETCH
seq_0012,DEPOSIT POLYSILICON
seq_0012,ANNEAL POLYSILICON
seq_0012,SPIN COAT PHOTORESIST
seq_0012,SOFT BAKE
seq_0012,ALIGN MASK LEVEL 2
seq_0012,EXPOSE LITHO LEVEL 2
seq_0012,DEVELOP PHOTORESIST
seq_0012,PATTERN INSPECTION LEVEL 2
seq_0012,POLYSILICON ETCH DRY
seq_0012,STRIP RESIST LEVEL 2
seq_0012,CLEAN AFTER POLY ETCH
seq_0012,MEASURE CD LEVEL 2
seq_0012,IMPLANT N-TYPE
seq_0012,RAPID THERMAL ANNEAL
seq_0012,MEASURE SHEET RESISTANCE
seq_0012,DEPOSIT INTERLAYER DIELECTRIC
seq_0012,DENSIFY DIELECTRIC
seq_0012,MEASURE FILM THICKNESS
seq_0012,CMP DIELECTRIC
seq_0012,MEASURE SURFACE PLANARITY
seq_0012,SPIN COAT PHOTORESIST
seq_0012,SOFT BAKE
seq_0012,ALIGN MASK LEVEL 3
seq_0012,EXPOSE LITHO LEVEL 3
seq_0012,DEVELOP PHOTORESIST
seq_0012,VIA OPENING INSPECTION
seq_0012,VIA ETCH
seq_0012,STRIP PHOTORESIST
seq_0012,CLEAN AFTER VIA ETCH
seq_0012,DEPOSIT BARRIER METAL
seq_0012,DEPOSIT TUNGSTEN SEED
seq_0012,FILL VIA TUNGSTEN
seq_0012,CMP VIA FILL
seq_0012,MEASURE VIA RESISTANCE
seq_0012,DEPOSIT TOP METAL
seq_0012,ANNEAL METAL
seq_0012,SPIN COAT PHOTORESIST
seq_0012,SOFT BAKE
seq_0012,ALIGN MASK LEVEL 4
seq_0012,EXPOSE LITHO LEVEL 4
seq_0012,DEVELOP PHOTORESIST
seq_0012,METAL PATTERN INSPECTION
seq_0012,HARD BAKE
seq_0012,METAL ETCH DRY
seq_0012,STRIP PHOTORESIST
seq_0012,CLEAN AFTER METAL ETCH
seq_0012,DEPOSIT PASSIVATION LAYER
seq_0012,CURE PASSIVATION
seq_0012,MEASURE PASSIVATION THICKNESS
seq_0012,OPEN PAD WINDOW
seq_0012,PAD WINDOW LITHO
seq_0012,DEVELOP PHOTORESIST
seq_0012,PASSIVATION ETCH PAD OPENING
seq_0012,STRIP PHOTORESIST
seq_0012,CLEAN PAD OPENING
seq_0012,MEASURE PAD OPENING
seq_0012,BACKSIDE CLEAN
seq_0012,DEPOSIT BACKSIDE PROTECTION
seq_0012,BACKSIDE ANNEAL
seq_0012,FINAL CLEAN
seq_0012,FINAL THICKNESS MEASURE
seq_0012,FINAL CD INSPECTION
seq_0012,FINAL PARTICLE INSPECTION
seq_0012,FINAL ELECTRICAL TEST PREP
seq_0012,PARAMETRIC TEST
seq_0012,LEAKAGE TEST
seq_0012,SWITCHING TEST
seq_0012,WAFER SORT TEST
seq_0012,YIELD ANALYSIS
seq_0012,FINAL LOT RELEASE
seq_0012,SHIP LOT
seq_0013,RECEIVE WAFER LOT
seq_0013,LOT IDENTIFICATION
seq_0013,PRE CLEAN INSPECTION
seq_0013,MEASURE INITIAL THICKNESS
seq_0013,WAFER CLEAN PRE PROCESS
seq_0013,WET CLEAN RCA1
seq_0013,WET CLEAN RCA2
seq_0013,HF DIP
seq_0013,WAFER CLEAN PRE-GRIND
seq_0013,GRINDING WAFER BACKSIDE
seq_0013,MEASURE GEOMETRY
seq_0013,ETCH WET BACKSIDE
seq_0013,RINSE WET WAFER_EDGE
seq_0013,DRY WAFER BACKSIDE
seq_0013,BACKSIDE CLEAN
seq_0013,MEASURE BACKSIDE ROUGHNESS
seq_0013,THERMAL OXIDATION
seq_0013,MEASURE OXIDE THICKNESS
seq_0013,WET CLEAN RCA1
seq_0013,RCA CLEAN 2
seq_0013,HF DIP
seq_0013,OXIDE STRIP
seq_0013,SURFACE PREP FOR DEPOSITION
seq_0013,DEPOSIT PAD OXIDE
seq_0013,ANNEAL OXIDE
seq_0013,MEASURE FILM THICKNESS
seq_0013,SPIN COAT PHOTORESIST
seq_0013,SOFT BAKE
seq_0013,ALIGN MASK LEVEL 1
seq_0013,EXPOSE LITHO LEVEL 1
seq_0013,DEVELOP PHOTORESIST
seq_0013,INSPECT PATTERN LEVEL 1
seq_0013,HARD BAKE
seq_0013,OXIDE ETCH DRY
seq_0013,STRIP RESIST
seq_0013,CLEAN AFTER ETCH
seq_0013,MEASURE CD LEVEL 1
seq_0013,DEPOSIT POLYSILICON
seq_0013,ANNEAL POLYSILICON
seq_0013,SPIN COAT PHOTORESIST
seq_0013,SOFT BAKE
seq_0013,ALIGN MASK LEVEL 2
seq_0013,EXPOSE LITHO LEVEL 2
seq_0013,POST EXPOSE BAKE
seq_0013,DEVELOP PHOTORESIST
seq_0013,PATTERN INSPECTION LEVEL 2
seq_0013,HARD BAKE
seq_0013,POLYSILICON ETCH DRY
seq_0013,STRIP RESIST
seq_0013,CLEAN AFTER POLY ETCH
seq_0013,MEASURE CD LEVEL 2
seq_0013,IMPLANT N-TYPE
seq_0013,PRE ANNEAL CHECK
seq_0013,RAPID THERMAL ANNEAL
seq_0013,MEASURE SHEET RESISTANCE
seq_0013,DEPOSIT INTERLEVEL DIELECTRIC
seq_0013,DENSIFY DIELECTRIC
seq_0013,MEASURE DIELECTRIC THICKNESS
seq_0013,CMP INTERLAYER DIELECTRIC
seq_0013,MEASURE SURFACE PLANARITY
seq_0013,SPIN COAT PHOTORESIST
seq_0013,SOFT BAKE
seq_0013,ALIGN MASK LEVEL 3
seq_0013,EXPOSE LITHO LEVEL 3
seq_0013,POST EXPOSE BAKE
seq_0013,DEVELOP PHOTORESIST
seq_0013,VIA INSPECTION
seq_0013,HARD BAKE
seq_0013,DIELECTRIC ETCH VIA
seq_0013,STRIP RESIST
seq_0013,CLEAN AFTER VIA ETCH
seq_0013,MEASURE VIA CD
seq_0013,DEPOSIT BARRIER METAL
seq_0013,DEPOSIT TUNGSTEN SEED
seq_0013,FILL VIA TUNGSTEN
seq_0013,CMP METAL
seq_0013,MEASURE CONTACT RESISTANCE
seq_0013,DEPOSIT METAL 1
seq_0013,ANNEAL METAL
seq_0013,MEASURE METAL THICKNESS
seq_0013,SPIN COAT PHOTORESIST
seq_0013,SOFT BAKE
seq_0013,ALIGN MASK LEVEL 4
seq_0013,EXPOSE LITHO LEVEL 4
seq_0013,DEVELOP PHOTORESIST
seq_0013,METAL PATTERN INSPECTION
seq_0013,METAL ETCH DRY
seq_0013,STRIP PHOTORESIST
seq_0013,CLEAN AFTER METAL ETCH
seq_0013,DEPOSIT PASSIVATION
seq_0013,CURE PASSIVATION
seq_0013,MEASURE PASSIVATION QUALITY
seq_0013,OPEN BOND PAD WINDOW
seq_0013,OPEN PAD WINDOW LITHO
seq_0013,DEVELOP PAD WINDOW
seq_0013,PASSIVATION ETCH PAD OPENING
seq_0013,STRIP RESIST
seq_0013,CLEAN PAD OPENING
seq_0013,MEASURE PAD OPENING
seq_0013,BACKSIDE THINNING CHECK
seq_0013,BACKSIDE CLEAN FINAL
seq_0013,DEPOSIT BACKSIDE PROTECTION
seq_0013,BACKSIDE ANNEAL
seq_0013,FINAL CLEAN
seq_0013,FINAL GEOMETRY CHECK
seq_0013,FINAL PARTICLE INSPECTION
seq_0013,FINAL ELECTRICAL TEST PREP
seq_0013,ELECTRICAL PARAMETRIC TEST
seq_0013,LEAKAGE TEST
seq_0013,THRESHOLD VOLTAGE TEST
seq_0013,SWITCHING TEST
seq_0013,WAFER SORT TEST
seq_0013,YIELD ANALYSIS
seq_0013,FINAL LOT RELEASE
seq_0013,SHIP LOT
seq_0014,RECEIVE WAFER LOT
seq_0014,LOT IDENTIFICATION
seq_0014,PRE CLEAN INSPECTION
seq_0014,MEASURE INITIAL THICKNESS
seq_0014,MEASURE SURFACE DEFECTS
seq_0014,WAFER CLEAN PRE PROCESS
seq_0014,WET CLEAN RCA1
seq_0014,RCA CLEAN 2
seq_0014,HF DIP
seq_0014,WAFER CLEAN PRE-GRIND
seq_0014,GRINDING WAFER BACKSIDE
seq_0014,MEASURE GEOMETRY
seq_0014,ETCH WET BACKSIDE
seq_0014,RINSE WET WAFER_EDGE
seq_0014,DRY WAFER BACKSIDE
seq_0014,BACKSIDE CLEAN
seq_0014,MEASURE BACKSIDE ROUGHNESS
seq_0014,THERMAL OXIDATION
seq_0014,MEASURE OXIDE THICKNESS
seq_0014,RCA CLEAN 1
seq_0014,WET CLEAN RCA2
seq_0014,HF DIP
seq_0014,OXIDE STRIP
seq_0014,SURFACE PREP FOR DEPOSITION
seq_0014,DEPOSIT PAD OXIDE
seq_0014,ANNEAL OXIDE
seq_0014,MEASURE OXIDE THICKNESS
seq_0014,SPIN COAT PHOTORESIST
seq_0014,SOFT BAKE
seq_0014,ALIGN MASK LEVEL 1
seq_0014,EXPOSE LITHO LEVEL 1
seq_0014,POST EXPOSE BAKE
seq_0014,DEVELOP PHOTORESIST
seq_0014,INSPECT PATTERN LEVEL 1
seq_0014,HARD BAKE
seq_0014,OXIDE ETCH DRY
seq_0014,STRIP RESIST
seq_0014,CLEAN AFTER ETCH
seq_0014,MEASURE CD LEVEL 1
seq_0014,DEPOSIT POLYSILICON
seq_0014,ANNEAL POLYSILICON
seq_0014,SPIN COAT PHOTORESIST
seq_0014,SOFT BAKE
seq_0014,ALIGN MASK LEVEL 2
seq_0014,EXPOSE LITHO LEVEL 2
seq_0014,DEVELOP PHOTORESIST
seq_0014,PATTERN INSPECTION LEVEL 2
seq_0014,HARD BAKE
seq_0014,POLYSILICON ETCH DRY
seq_0014,STRIP RESIST LEVEL 2
seq_0014,CLEAN AFTER POLY ETCH
seq_0014,MEASURE CD LEVEL 2
seq_0014,IMPLANT N-TYPE
seq_0014,RAPID THERMAL ANNEAL
seq_0014,MEASURE SHEET RESISTANCE
seq_0014,DEPOSIT INTERLEVEL DIELECTRIC
seq_0014,DENSIFY OXIDE
seq_0014,MEASURE FILM THICKNESS
seq_0014,CMP DIELECTRIC
seq_0014,MEASURE SURFACE PLANARITY
seq_0014,SPIN COAT PHOTORESIST
seq_0014,SOFT BAKE
seq_0014,ALIGN MASK LEVEL 3
seq_0014,EXPOSE LITHO LEVEL 3
seq_0014,DEVELOP PHOTORESIST
seq_0014,VIA INSPECTION
seq_0014,HARD BAKE
seq_0014,DIELECTRIC ETCH VIA
seq_0014,STRIP PHOTORESIST
seq_0014,CLEAN AFTER VIA ETCH
seq_0014,MEASURE VIA CD
seq_0014,DEPOSIT BARRIER METAL
seq_0014,DEPOSIT TUNGSTEN SEED
seq_0014,FILL VIA TUNGSTEN
seq_0014,CMP VIA FILL
seq_0014,MEASURE CONTACT RESISTANCE
seq_0014,DEPOSIT TOP METAL
seq_0014,ANNEAL METAL 1
seq_0014,SPIN COAT PHOTORESIST
seq_0014,SOFT BAKE
seq_0014,ALIGN MASK LEVEL 4
seq_0014,EXPOSE LITHO LEVEL 4
seq_0014,DEVELOP PHOTORESIST
seq_0014,METAL PATTERN INSPECTION
seq_0014,METAL ETCH DRY
seq_0014,STRIP RESIST
seq_0014,CLEAN AFTER METAL ETCH
seq_0014,MEASURE LINE WIDTH
seq_0014,DEPOSIT PASSIVATION LAYER
seq_0014,CURE PASSIVATION
seq_0014,MEASURE PASSIVATION QUALITY
seq_0014,OPEN PAD WINDOW
seq_0014,PAD WINDOW LITHO
seq_0014,DEVELOP PAD WINDOW
seq_0014,PASSIVATION ETCH PAD OPENING
seq_0014,STRIP PHOTORESIST
seq_0014,CLEAN PAD OPENING
seq_0014,MEASURE PAD OPENING
seq_0014,BACKSIDE THINNING CHECK
seq_0014,BACKSIDE CLEAN FINAL
seq_0014,DEPOSIT BACKSIDE PROTECTION
seq_0014,BACKSIDE ANNEAL
seq_0014,FINAL CLEAN
seq_0014,FINAL THICKNESS MEASURE
seq_0014,FINAL GEOMETRY CHECK
seq_0014,FINAL OXIDE CHECK
seq_0014,FINAL CD INSPECTION
seq_0014,FINAL PARTICLE INSPECTION
seq_0014,FINAL ELECTRICAL TEST PREP
seq_0014,PARAMETRIC TEST
seq_0014,LEAKAGE TEST
seq_0014,THRESHOLD VOLTAGE TEST
seq_0014,SWITCHING TEST
seq_0014,WAFER SORT TEST
seq_0014,YIELD ANALYSIS
seq_0014,LOT RELEASE
seq_0014,PACKAGE PREPARATION
seq_0014,SHIP LOT
seq_0015,RECEIVE WAFER LOT
seq_0015,LOT IDENTIFICATION
seq_0015,INITIAL WAFER INSPECTION
seq_0015,MEASURE INITIAL THICKNESS
seq_0015,MEASURE SURFACE DEFECTS
seq_0015,WAFER CLEAN PRE PROCESS
seq_0015,RCA CLEAN 1
seq_0015,WET CLEAN RCA2
seq_0015,HF DIP
seq_0015,WAFER CLEAN PRE-GRIND
seq_0015,GRINDING WAFER BACKSIDE
seq_0015,MEASURE INITIAL GEOMETRY
seq_0015,ETCH WET BACKSIDE
seq_0015,RINSE WET WAFER_EDGE
seq_0015,DRY WAFER BACKSIDE
seq_0015,BACKSIDE CLEAN
seq_0015,MEASURE BACKSIDE ROUGHNESS
seq_0015,THERMAL OXIDATION
seq_0015,MEASURE OXIDE THICKNESS
seq_0015,WET CLEAN RCA1
seq_0015,WET CLEAN RCA2
seq_0015,HF DIP
seq_0015,OXIDE STRIP
seq_0015,SURFACE PREP FOR DEPOSITION
seq_0015,DEPOSIT PAD OXIDE
seq_0015,ANNEAL OXIDE
seq_0015,MEASURE FILM THICKNESS
seq_0015,SPIN COAT PHOTORESIST
seq_0015,SOFT BAKE
seq_0015,ALIGN MASK LEVEL 1
seq_0015,EXPOSE LITHO LEVEL 1
seq_0015,DEVELOP PHOTORESIST
seq_0015,INSPECT PATTERN LEVEL 1
seq_0015,HARD BAKE
seq_0015,OXIDE ETCH DRY
seq_0015,STRIP RESIST
seq_0015,CLEAN AFTER ETCH
seq_0015,MEASURE CD LEVEL 1
seq_0015,DEPOSIT POLYSILICON
seq_0015,ANNEAL POLYSILICON
seq_0015,SPIN COAT PHOTORESIST
seq_0015,SOFT BAKE
seq_0015,ALIGN MASK LEVEL 2
seq_0015,EXPOSE LITHO LEVEL 2
seq_0015,DEVELOP PHOTORESIST
seq_0015,PATTERN INSPECTION LEVEL 2
seq_0015,HARD BAKE
seq_0015,POLYSILICON ETCH DRY
seq_0015,STRIP RESIST
seq_0015,CLEAN AFTER POLY ETCH
seq_0015,MEASURE CD LEVEL 2
seq_0015,IMPLANT N-TYPE
seq_0015,PRE ANNEAL CHECK
seq_0015,RAPID THERMAL ANNEAL
seq_0015,MEASURE SHEET RESISTANCE
seq_0015,DEPOSIT INTERLEVEL DIELECTRIC
seq_0015,DENSIFY DIELECTRIC
seq_0015,MEASURE FILM THICKNESS
seq_0015,CMP DIELECTRIC
seq_0015,MEASURE SURFACE PLANARITY
seq_0015,SPIN COAT PHOTORESIST
seq_0015,SOFT BAKE
seq_0015,ALIGN MASK LEVEL 3
seq_0015,EXPOSE LITHO LEVEL 3
seq_0015,DEVELOP PHOTORESIST
seq_0015,VIA INSPECTION
seq_0015,HARD BAKE
seq_0015,VIA ETCH
seq_0015,STRIP PHOTORESIST
seq_0015,CLEAN AFTER VIA ETCH
seq_0015,MEASURE VIA CD
seq_0015,DEPOSIT BARRIER METAL
seq_0015,DEPOSIT TUNGSTEN SEED
seq_0015,FILL VIA TUNGSTEN
seq_0015,CMP VIA FILL
seq_0015,DEPOSIT TOP METAL
seq_0015,ANNEAL METAL
seq_0015,SPIN COAT PHOTORESIST
seq_0015,SOFT BAKE
seq_0015,ALIGN MASK LEVEL 4
seq_0015,EXPOSE LITHO LEVEL 4
seq_0015,POST EXPOSE BAKE
seq_0015,DEVELOP PHOTORESIST
seq_0015,METAL PATTERN INSPECTION
seq_0015,METAL ETCH DRY
seq_0015,STRIP RESIST
seq_0015,CLEAN AFTER METAL ETCH
seq_0015,MEASURE LINE WIDTH
seq_0015,DEPOSIT PASSIVATION
seq_0015,CURE PASSIVATION
seq_0015,MEASURE PASSIVATION QUALITY
seq_0015,OPEN BOND PAD WINDOW
seq_0015,OPEN PAD WINDOW LITHO
seq_0015,DEVELOP PHOTORESIST
seq_0015,PASSIVATION ETCH
seq_0015,STRIP RESIST
seq_0015,CLEAN PAD OPENING
seq_0015,MEASURE PAD OPENING
seq_0015,BACKSIDE THINNING CHECK
seq_0015,BACKSIDE CLEAN FINAL
seq_0015,DEPOSIT BACKSIDE PROTECTION
seq_0015,BACKSIDE ANNEAL
seq_0015,FINAL CLEAN
seq_0015,FINAL THICKNESS MEASURE
seq_0015,FINAL GEOMETRY CHECK
seq_0015,FINAL CD INSPECTION
seq_0015,ELECTRICAL PARAMETRIC TEST
seq_0015,LEAKAGE TEST
seq_0015,PARAMETRIC TEST
seq_0015,SWITCHING TEST
seq_0015,WAFER SORT TEST
seq_0015,YIELD ANALYSIS
seq_0015,LOT RELEASE
seq_0015,SHIP LOT
seq_0016,RECEIVE WAFER LOT
seq_0016,LOT IDENTIFICATION
seq_0016,INITIAL WAFER INSPECTION
seq_0016,MEASURE INITIAL THICKNESS
seq_0016,WAFER CLEAN PRE PROCESS
seq_0016,BACKSIDE CLEAN
seq_0016,FRONTSIDE CLEAN
seq_0016,RCA CLEAN 1
seq_0016,RCA CLEAN 2
seq_0016,HF DIP
seq_0016,WAFER CLEAN PRE-GRIND
seq_0016,GRINDING WAFER BACKSIDE
seq_0016,MEASURE GEOMETRY
seq_0016,ETCH WET BACKSIDE
seq_0016,RINSE WET WAFER_EDGE
seq_0016,DRY WAFER BACKSIDE
seq_0016,BACKSIDE CLEAN
seq_0016,MEASURE BACKSIDE ROUGHNESS
seq_0016,THERMAL OXIDATION
seq_0016,MEASURE OXIDE THICKNESS
seq_0016,WET CLEAN RCA1
seq_0016,WET CLEAN RCA2
seq_0016,HF DIP
seq_0016,OXIDE STRIP
seq_0016,SURFACE PREP FOR DEPOSITION
seq_0016,DEPOSIT PAD OXIDE
seq_0016,ANNEAL OXIDE
seq_0016,MEASURE OXIDE THICKNESS
seq_0016,SPIN COAT PHOTORESIST
seq_0016,SOFT BAKE
seq_0016,ALIGN MASK LEVEL 1
seq_0016,EXPOSE LITHO LEVEL 1
seq_0016,POST EXPOSE BAKE
seq_0016,DEVELOP PHOTORESIST
seq_0016,INSPECT PATTERN LEVEL 1
seq_0016,HARD BAKE
seq_0016,OXIDE ETCH DRY
seq_0016,STRIP PHOTORESIST
seq_0016,CLEAN AFTER ETCH
seq_0016,DEPOSIT POLYSILICON
seq_0016,ANNEAL POLYSILICON
seq_0016,SPIN COAT PHOTORESIST
seq_0016,SOFT BAKE
seq_0016,ALIGN MASK LEVEL 2
seq_0016,EXPOSE LITHO LEVEL 2
seq_0016,DEVELOP PHOTORESIST
seq_0016,PATTERN INSPECTION LEVEL 2
seq_0016,POLYSILICON ETCH DRY
seq_0016,STRIP RESIST
seq_0016,CLEAN AFTER POLY ETCH
seq_0016,MEASURE CD LEVEL 2
seq_0016,IMPLANT N-TYPE
seq_0016,RAPID THERMAL ANNEAL
seq_0016,MEASURE SHEET RESISTANCE
seq_0016,DEPOSIT INTERLAYER DIELECTRIC
seq_0016,DENSIFY OXIDE
seq_0016,MEASURE DIELECTRIC THICKNESS
seq_0016,CMP INTERLAYER DIELECTRIC
seq_0016,MEASURE SURFACE PLANARITY
seq_0016,SPIN COAT PHOTORESIST
seq_0016,SOFT BAKE
seq_0016,ALIGN MASK LEVEL 3
seq_0016,EXPOSE LITHO LEVEL 3
seq_0016,DEVELOP PHOTORESIST
seq_0016,VIA OPENING INSPECTION
seq_0016,HARD BAKE
seq_0016,DIELECTRIC ETCH VIA
seq_0016,STRIP RESIST
seq_0016,CLEAN AFTER VIA ETCH
seq_0016,MEASURE VIA CD
seq_0016,DEPOSIT BARRIER METAL
seq_0016,DEPOSIT TUNGSTEN SEED
seq_0016,FILL VIA TUNGSTEN
seq_0016,CMP METAL
seq_0016,MEASURE VIA RESISTANCE
seq_0016,DEPOSIT TOP METAL
seq_0016,ANNEAL METAL
seq_0016,SPIN COAT PHOTORESIST
seq_0016,SOFT BAKE
seq_0016,ALIGN MASK LEVEL 4
seq_0016,EXPOSE LITHO LEVEL 4
seq_0016,DEVELOP PHOTORESIST
seq_0016,METAL PATTERN INSPECTION
seq_0016,HARD BAKE
seq_0016,METAL ETCH DRY
seq_0016,STRIP RESIST
seq_0016,CLEAN AFTER METAL ETCH
seq_0016,MEASURE LINE WIDTH
seq_0016,DEPOSIT PASSIVATION LAYER
seq_0016,CURE PASSIVATION
seq_0016,MEASURE PASSIVATION THICKNESS
seq_0016,OPEN PAD WINDOW
seq_0016,PAD WINDOW LITHO
seq_0016,DEVELOP PHOTORESIST
seq_0016,PASSIVATION ETCH
seq_0016,STRIP PHOTORESIST
seq_0016,CLEAN PAD OPENING
seq_0016,MEASURE PAD OPENING
seq_0016,BACKSIDE THINNING CHECK
seq_0016,BACKSIDE CLEAN
seq_0016,DEPOSIT BACKSIDE PROTECTION
seq_0016,BACKSIDE ANNEAL
seq_0016,FRONTSIDE CLEAN FINAL
seq_0016,FINAL CLEAN
seq_0016,FINAL THICKNESS MEASURE
seq_0016,FINAL GEOMETRY CHECK
seq_0016,FINAL OXIDE CHECK
seq_0016,FINAL CD INSPECTION
seq_0016,FINAL PARTICLE INSPECTION
seq_0016,ELECTRICAL PARAMETRIC TEST
seq_0016,LEAKAGE TEST
seq_0016,THRESHOLD VOLTAGE TEST
seq_0016,SWITCHING TEST
seq_0016,WAFER SORT TEST
seq_0016,YIELD ANALYSIS
seq_0016,LOT RELEASE
seq_0016,PACKAGE PREPARATION
seq_0016,SHIP LOT
seq_0017,RECEIVE WAFER LOT
seq_0017,LOT IDENTIFICATION
seq_0017,PRE CLEAN INSPECTION
seq_0017,MEASURE INITIAL THICKNESS
seq_0017,MEASURE SURFACE PARTICLES
seq_0017,WAFER CLEAN PRE PROCESS
seq_0017,BACKSIDE CLEAN
seq_0017,RCA CLEAN 1
seq_0017,RCA CLEAN 2
seq_0017,HF DIP
seq_0017,WAFER CLEAN PRE-GRIND
seq_0017,GRINDING WAFER BACKSIDE
seq_0017,MEASURE GEOMETRY
seq_0017,ETCH WET BACKSIDE
seq_0017,RINSE WET WAFER_EDGE
seq_0017,DRY WAFER BACKSIDE
seq_0017,BACKSIDE CLEAN
seq_0017,MEASURE BACKSIDE ROUGHNESS
seq_0017,THERMAL OXIDATION
seq_0017,MEASURE OXIDE THICKNESS
seq_0017,WET CLEAN RCA1
seq_0017,WET CLEAN RCA2
seq_0017,HF DIP
seq_0017,OXIDE STRIP
seq_0017,SURFACE PREP FOR DEPOSITION
seq_0017,DEPOSIT PAD OXIDE
seq_0017,ANNEAL OXIDE
seq_0017,MEASURE FILM THICKNESS
seq_0017,SPIN COAT PHOTORESIST
seq_0017,SOFT BAKE
seq_0017,ALIGN MASK LEVEL 1
seq_0017,EXPOSE LITHO LEVEL 1
seq_0017,DEVELOP PHOTORESIST
seq_0017,INSPECT PATTERN LEVEL 1
seq_0017,HARD BAKE
seq_0017,OXIDE ETCH DRY
seq_0017,STRIP RESIST
seq_0017,CLEAN AFTER ETCH
seq_0017,MEASURE CD LEVEL 1
seq_0017,DEPOSIT POLYSILICON
seq_0017,ANNEAL POLYSILICON
seq_0017,SPIN COAT PHOTORESIST
seq_0017,SOFT BAKE
seq_0017,ALIGN MASK LEVEL 2
seq_0017,EXPOSE LITHO LEVEL 2
seq_0017,DEVELOP PHOTORESIST
seq_0017,PATTERN INSPECTION LEVEL 2
seq_0017,POLYSILICON ETCH DRY
seq_0017,STRIP RESIST LEVEL 2
seq_0017,CLEAN AFTER POLY ETCH
seq_0017,MEASURE CD LEVEL 2
seq_0017,IMPLANT N-TYPE
seq_0017,RAPID THERMAL ANNEAL
seq_0017,MEASURE SHEET RESISTANCE
seq_0017,DEPOSIT INTERLAYER DIELECTRIC
seq_0017,DENSIFY OXIDE
seq_0017,MEASURE DIELECTRIC THICKNESS
seq_0017,CMP DIELECTRIC
seq_0017,MEASURE SURFACE PLANARITY
seq_0017,SPIN COAT PHOTORESIST
seq_0017,SOFT BAKE
seq_0017,ALIGN MASK LEVEL 3
seq_0017,EXPOSE LITHO LEVEL 3
seq_0017,DEVELOP PHOTORESIST
seq_0017,VIA INSPECTION
seq_0017,VIA ETCH
seq_0017,STRIP RESIST
seq_0017,CLEAN AFTER VIA ETCH
seq_0017,DEPOSIT BARRIER METAL
seq_0017,DEPOSIT TUNGSTEN SEED
seq_0017,FILL VIA TUNGSTEN
seq_0017,CMP METAL
seq_0017,MEASURE CONTACT RESISTANCE
seq_0017,DEPOSIT METAL 1
seq_0017,ANNEAL METAL
seq_0017,SPIN COAT PHOTORESIST
seq_0017,SOFT BAKE
seq_0017,ALIGN MASK LEVEL 4
seq_0017,EXPOSE LITHO LEVEL 4
seq_0017,POST EXPOSE BAKE
seq_0017,DEVELOP PHOTORESIST
seq_0017,METAL PATTERN INSPECTION
seq_0017,METAL ETCH DRY
seq_0017,STRIP PHOTORESIST
seq_0017,CLEAN AFTER METAL ETCH
seq_0017,MEASURE LINE WIDTH
seq_0017,DEPOSIT PASSIVATION
seq_0017,CURE PASSIVATION
seq_0017,MEASURE PASSIVATION THICKNESS
seq_0017,OPEN PAD WINDOW
seq_0017,PAD WINDOW LITHO
seq_0017,DEVELOP PHOTORESIST
seq_0017,PASSIVATION ETCH
seq_0017,STRIP RESIST
seq_0017,CLEAN PAD OPENING
seq_0017,MEASURE PAD OPENING
seq_0017,BACKSIDE THINNING CHECK
seq_0017,BACKSIDE CLEAN
seq_0017,DEPOSIT BACKSIDE PROTECTION
seq_0017,BACKSIDE ANNEAL
seq_0017,FINAL CLEAN
seq_0017,FINAL GEOMETRY CHECK
seq_0017,FINAL PARTICLE INSPECTION
seq_0017,ELECTRICAL PARAMETRIC TEST
seq_0017,LEAKAGE TEST
seq_0017,THRESHOLD VOLTAGE TEST
seq_0017,SWITCHING TEST
seq_0017,WAFER SORT TEST
seq_0017,YIELD ANALYSIS
seq_0017,FINAL LOT RELEASE
seq_0017,PACKAGE PREPARATION
seq_0017,SHIP LOT
seq_0018,RECEIVE WAFER LOT
seq_0018,LOT IDENTIFICATION
seq_0018,PRE CLEAN INSPECTION
seq_0018,MEASURE INITIAL GEOMETRY
seq_0018,MEASURE SURFACE PARTICLES
seq_0018,WAFER CLEAN PRE PROCESS
seq_0018,BACKSIDE CLEAN
seq_0018,FRONTSIDE CLEAN
seq_0018,RCA CLEAN 1
seq_0018,RCA CLEAN 2
seq_0018,HF DIP
seq_0018,DRY WAFER
seq_0018,WAFER CLEAN PRE-GRIND
seq_0018,GRINDING WAFER BACKSIDE
seq_0018,MEASURE GEOMETRY
seq_0018,ETCH WET BACKSIDE
seq_0018,RINSE WET WAFER_EDGE
seq_0018,DRY WAFER BACKSIDE
seq_0018,BACKSIDE CLEAN
seq_0018,MEASURE BACKSIDE ROUGHNESS
seq_0018,THERMAL OXIDATION
seq_0018,MEASURE OXIDE THICKNESS
seq_0018,RCA CLEAN 1
seq_0018,RCA CLEAN 2
seq_0018,HF DIP
seq_0018,OXIDE STRIP
seq_0018,SURFACE PREP FOR DEPOSITION
seq_0018,DEPOSIT PAD OXIDE
seq_0018,ANNEAL OXIDE
seq_0018,MEASURE FILM THICKNESS
seq_0018,SPIN COAT PHOTORESIST
seq_0018,SOFT BAKE
seq_0018,ALIGN MASK LEVEL 1
seq_0018,EXPOSE LITHO LEVEL 1
seq_0018,DEVELOP PHOTORESIST
seq_0018,INSPECT PATTERN LEVEL 1
seq_0018,HARD BAKE
seq_0018,OXIDE ETCH DRY
seq_0018,STRIP PHOTORESIST
seq_0018,CLEAN AFTER ETCH
seq_0018,MEASURE CD LEVEL 1
seq_0018,DEPOSIT POLYSILICON
seq_0018,ANNEAL POLYSILICON
seq_0018,SPIN COAT PHOTORESIST
seq_0018,SOFT BAKE
seq_0018,ALIGN MASK LEVEL 2
seq_0018,EXPOSE LITHO LEVEL 2
seq_0018,POST EXPOSE BAKE
seq_0018,DEVELOP PHOTORESIST
seq_0018,PATTERN INSPECTION LEVEL 2
seq_0018,POLYSILICON ETCH DRY
seq_0018,STRIP RESIST LEVEL 2
seq_0018,CLEAN AFTER POLY ETCH
seq_0018,MEASURE CD LEVEL 2
seq_0018,IMPLANT N-TYPE
seq_0018,RAPID THERMAL ANNEAL
seq_0018,DEPOSIT INTERLEVEL DIELECTRIC
seq_0018,DENSIFY OXIDE
seq_0018,MEASURE FILM THICKNESS
seq_0018,CMP DIELECTRIC
seq_0018,MEASURE SURFACE PLANARITY
seq_0018,SPIN COAT PHOTORESIST
seq_0018,SOFT BAKE
seq_0018,ALIGN MASK LEVEL 3
seq_0018,EXPOSE LITHO LEVEL 3
seq_0018,DEVELOP PHOTORESIST
seq_0018,VIA INSPECTION
seq_0018,VIA ETCH THROUGH DIELECTRIC
seq_0018,STRIP PHOTORESIST
seq_0018,CLEAN AFTER VIA ETCH
seq_0018,MEASURE VIA CD
seq_0018,DEPOSIT BARRIER METAL
seq_0018,DEPOSIT TUNGSTEN SEED
seq_0018,FILL VIA TUNGSTEN
seq_0018,CMP METAL
seq_0018,MEASURE CONTACT RESISTANCE
seq_0018,DEPOSIT TOP METAL
seq_0018,ANNEAL METAL
seq_0018,MEASURE METAL THICKNESS
seq_0018,SPIN COAT PHOTORESIST
seq_0018,SOFT BAKE
seq_0018,ALIGN MASK LEVEL 4
seq_0018,EXPOSE LITHO LEVEL 4
seq_0018,POST EXPOSE BAKE
seq_0018,DEVELOP PHOTORESIST
seq_0018,METAL PATTERN INSPECTION
seq_0018,METAL ETCH DRY
seq_0018,STRIP RESIST
seq_0018,CLEAN AFTER METAL ETCH
seq_0018,DEPOSIT PASSIVATION
seq_0018,CURE PASSIVATION
seq_0018,MEASURE PASSIVATION THICKNESS
seq_0018,OPEN BOND PAD WINDOW
seq_0018,PAD WINDOW LITHO
seq_0018,DEVELOP PHOTORESIST
seq_0018,PASSIVATION ETCH
seq_0018,STRIP PHOTORESIST
seq_0018,CLEAN PAD OPENING
seq_0018,MEASURE PAD OPENING
seq_0018,BACKSIDE THINNING CHECK
seq_0018,BACKSIDE CLEAN FINAL
seq_0018,DEPOSIT BACKSIDE PROTECTION
seq_0018,BACKSIDE ANNEAL
seq_0018,FINAL CLEAN
seq_0018,FINAL GEOMETRY CHECK
seq_0018,FINAL PARTICLE INSPECTION
seq_0018,FINAL ELECTRICAL TEST PREP
seq_0018,ELECTRICAL PARAMETRIC TEST
seq_0018,LEAKAGE TEST
seq_0018,THRESHOLD VOLTAGE TEST
seq_0018,SWITCHING TEST
seq_0018,WAFER SORT TEST
seq_0018,YIELD ANALYSIS
seq_0018,LOT RELEASE
seq_0018,SHIP LOT
seq_0019,RECEIVE WAFER LOT
seq_0019,LOT IDENTIFICATION
seq_0019,INITIAL WAFER INSPECTION
seq_0019,MEASURE INITIAL GEOMETRY
seq_0019,MEASURE SURFACE PARTICLES
seq_0019,WAFER CLEAN PRE PROCESS
seq_0019,RCA CLEAN 1
seq_0019,WET CLEAN RCA2
seq_0019,HF DIP
seq_0019,WAFER CLEAN PRE-GRIND
seq_0019,GRINDING WAFER BACKSIDE
seq_0019,MEASURE GEOMETRY
seq_0019,ETCH WET BACKSIDE
seq_0019,RINSE WET WAFER_EDGE
seq_0019,DRY WAFER BACKSIDE
seq_0019,BACKSIDE CLEAN
seq_0019,MEASURE BACKSIDE ROUGHNESS
seq_0019,THERMAL OXIDATION
seq_0019,MEASURE OXIDE THICKNESS
seq_0019,RCA CLEAN 1
seq_0019,WET CLEAN RCA2
seq_0019,HF DIP
seq_0019,OXIDE STRIP
seq_0019,SURFACE PREP FOR DEPOSITION
seq_0019,DEPOSIT PAD OXIDE
seq_0019,ANNEAL OXIDE
seq_0019,MEASURE FILM THICKNESS
seq_0019,SPIN COAT PHOTORESIST
seq_0019,SOFT BAKE
seq_0019,ALIGN MASK LEVEL 1
seq_0019,EXPOSE LITHO LEVEL 1
seq_0019,DEVELOP PHOTORESIST
seq_0019,INSPECT PATTERN LEVEL 1
seq_0019,HARD BAKE
seq_0019,OXIDE ETCH DRY
seq_0019,STRIP PHOTORESIST
seq_0019,CLEAN AFTER ETCH
seq_0019,DEPOSIT POLYSILICON
seq_0019,ANNEAL POLYSILICON
seq_0019,SPIN COAT PHOTORESIST
seq_0019,SOFT BAKE
seq_0019,ALIGN MASK LEVEL 2
seq_0019,EXPOSE LITHO LEVEL 2
seq_0019,POST EXPOSE BAKE
seq_0019,DEVELOP PHOTORESIST
seq_0019,PATTERN INSPECTION LEVEL 2
seq_0019,HARD BAKE
seq_0019,POLYSILICON ETCH DRY
seq_0019,STRIP RESIST LEVEL 2
seq_0019,CLEAN AFTER POLY ETCH
seq_0019,MEASURE CD LEVEL 2
seq_0019,IMPLANT N-TYPE
seq_0019,PRE ANNEAL CHECK
seq_0019,RAPID THERMAL ANNEAL
seq_0019,MEASURE SHEET RESISTANCE
seq_0019,DEPOSIT INTERLAYER DIELECTRIC
seq_0019,DENSIFY OXIDE
seq_0019,MEASURE DIELECTRIC THICKNESS
seq_0019,CMP DIELECTRIC
seq_0019,MEASURE SURFACE PLANARITY
seq_0019,SPIN COAT PHOTORESIST
seq_0019,SOFT BAKE
seq_0019,ALIGN MASK LEVEL 3
seq_0019,EXPOSE LITHO LEVEL 3
seq_0019,POST EXPOSE BAKE
seq_0019,DEVELOP PHOTORESIST
seq_0019,VIA INSPECTION
seq_0019,VIA ETCH
seq_0019,STRIP PHOTORESIST
seq_0019,CLEAN AFTER VIA ETCH
seq_0019,MEASURE VIA CD
seq_0019,DEPOSIT BARRIER METAL
seq_0019,DEPOSIT TUNGSTEN SEED
seq_0019,FILL VIA TUNGSTEN
seq_0019,CMP VIA FILL
seq_0019,MEASURE VIA RESISTANCE
seq_0019,DEPOSIT METAL 1
seq_0019,ANNEAL METAL 1
seq_0019,MEASURE METAL THICKNESS
seq_0019,SPIN COAT PHOTORESIST
seq_0019,SOFT BAKE
seq_0019,ALIGN MASK LEVEL 4
seq_0019,EXPOSE LITHO LEVEL 4
seq_0019,DEVELOP PHOTORESIST
seq_0019,METAL PATTERN INSPECTION
seq_0019,METAL ETCH DRY
seq_0019,STRIP RESIST
seq_0019,CLEAN AFTER METAL ETCH
seq_0019,DEPOSIT PASSIVATION LAYER
seq_0019,CURE PASSIVATION
seq_0019,MEASURE PASSIVATION THICKNESS
seq_0019,OPEN BOND PAD WINDOW
seq_0019,PAD WINDOW LITHO
seq_0019,DEVELOP PHOTORESIST
seq_0019,PASSIVATION ETCH PAD OPENING
seq_0019,STRIP RESIST
seq_0019,CLEAN PAD OPENING
seq_0019,MEASURE PAD OPENING
seq_0019,BACKSIDE THINNING CHECK
seq_0019,BACKSIDE CLEAN
seq_0019,DEPOSIT BACKSIDE PROTECTION
seq_0019,BACKSIDE ANNEAL
seq_0019,FRONTSIDE CLEAN FINAL
seq_0019,FINAL CLEAN
seq_0019,FINAL THICKNESS MEASURE
seq_0019,FINAL PARTICLE INSPECTION
seq_0019,ELECTRICAL PARAMETRIC TEST
seq_0019,LEAKAGE TEST
seq_0019,PARAMETRIC TEST
seq_0019,SWITCHING TEST
seq_0019,WAFER SORT TEST
seq_0019,YIELD ANALYSIS
seq_0019,FINAL LOT RELEASE
seq_0019,PACKAGE PREPARATION
seq_0019,SHIP LOT
seq_0020,RECEIVE WAFER LOT
seq_0020,LOT IDENTIFICATION
seq_0020,INITIAL WAFER INSPECTION
seq_0020,MEASURE INITIAL THICKNESS
seq_0020,MEASURE SURFACE DEFECTS
seq_0020,WAFER CLEAN PRE PROCESS
seq_0020,FRONTSIDE CLEAN
seq_0020,WET CLEAN RCA1
seq_0020,WET CLEAN RCA2
seq_0020,HF DIP
seq_0020,DRY WAFER
seq_0020,WAFER CLEAN PRE-GRIND
seq_0020,GRINDING WAFER BACKSIDE
seq_0020,MEASURE INITIAL GEOMETRY
seq_0020,ETCH WET BACKSIDE
seq_0020,RINSE WET WAFER_EDGE
seq_0020,DRY WAFER BACKSIDE
seq_0020,BACKSIDE CLEAN
seq_0020,MEASURE BACKSIDE ROUGHNESS
seq_0020,THERMAL OXIDATION
seq_0020,MEASURE OXIDE THICKNESS
seq_0020,RCA CLEAN 1
seq_0020,WET CLEAN RCA2
seq_0020,HF DIP
seq_0020,OXIDE STRIP
seq_0020,SURFACE PREP FOR DEPOSITION
seq_0020,DEPOSIT PAD OXIDE
seq_0020,ANNEAL OXIDE
seq_0020,MEASURE OXIDE THICKNESS
seq_0020,SPIN COAT PHOTORESIST
seq_0020,SOFT BAKE
seq_0020,ALIGN MASK LEVEL 1
seq_0020,EXPOSE LITHO LEVEL 1
seq_0020,POST EXPOSE BAKE
seq_0020,DEVELOP PHOTORESIST
seq_0020,INSPECT PATTERN LEVEL 1
seq_0020,HARD BAKE
seq_0020,OXIDE ETCH DRY
seq_0020,STRIP PHOTORESIST
seq_0020,CLEAN AFTER ETCH
seq_0020,MEASURE CD LEVEL 1
seq_0020,DEPOSIT POLYSILICON
seq_0020,ANNEAL POLYSILICON
seq_0020,SPIN COAT PHOTORESIST
seq_0020,SOFT BAKE
seq_0020,ALIGN MASK LEVEL 2
seq_0020,EXPOSE LITHO LEVEL 2
seq_0020,POST EXPOSE BAKE
seq_0020,DEVELOP PHOTORESIST
seq_0020,PATTERN INSPECTION LEVEL 2
seq_0020,POLYSILICON ETCH DRY
seq_0020,STRIP RESIST LEVEL 2
seq_0020,CLEAN AFTER POLY ETCH
seq_0020,IMPLANT N-TYPE
seq_0020,RAPID THERMAL ANNEAL
seq_0020,MEASURE SHEET RESISTANCE
seq_0020,DEPOSIT INTERLEVEL DIELECTRIC
seq_0020,DENSIFY OXIDE
seq_0020,MEASURE DIELECTRIC THICKNESS
seq_0020,CMP INTERLAYER DIELECTRIC
seq_0020,MEASURE SURFACE PLANARITY
seq_0020,SPIN COAT PHOTORESIST
seq_0020,SOFT BAKE
seq_0020,ALIGN MASK LEVEL 3
seq_0020,EXPOSE LITHO LEVEL 3
seq_0020,DEVELOP PHOTORESIST
seq_0020,VIA INSPECTION
seq_0020,VIA ETCH
seq_0020,STRIP PHOTORESIST
seq_0020,CLEAN AFTER VIA ETCH
seq_0020,MEASURE VIA CD
seq_0020,DEPOSIT BARRIER METAL
seq_0020,DEPOSIT TUNGSTEN SEED
seq_0020,FILL VIA TUNGSTEN
seq_0020,CMP METAL
seq_0020,MEASURE VIA RESISTANCE
seq_0020,DEPOSIT METAL 1
seq_0020,ANNEAL METAL 1
seq_0020,MEASURE METAL THICKNESS
seq_0020,SPIN COAT PHOTORESIST
seq_0020,SOFT BAKE
seq_0020,ALIGN MASK LEVEL 4
seq_0020,EXPOSE LITHO LEVEL 4
seq_0020,POST EXPOSE BAKE
seq_0020,DEVELOP PHOTORESIST
seq_0020,METAL PATTERN INSPECTION
seq_0020,METAL ETCH DRY
seq_0020,STRIP PHOTORESIST
seq_0020,CLEAN AFTER METAL ETCH
seq_0020,MEASURE LINE WIDTH
seq_0020,DEPOSIT PASSIVATION
seq_0020,CURE PASSIVATION
seq_0020,MEASURE PASSIVATION QUALITY
seq_0020,OPEN PAD WINDOW
seq_0020,PAD WINDOW LITHO
seq_0020,DEVELOP PAD WINDOW
seq_0020,PASSIVATION ETCH
seq_0020,STRIP RESIST
seq_0020,CLEAN PAD OPENING
seq_0020,MEASURE PAD OPENING
seq_0020,BACKSIDE CLEAN
seq_0020,DEPOSIT BACKSIDE PROTECTION
seq_0020,BACKSIDE ANNEAL
seq_0020,FINAL CLEAN
seq_0020,FINAL THICKNESS MEASURE
seq_0020,FINAL GEOMETRY CHECK
seq_0020,FINAL PARTICLE INSPECTION
seq_0020,ELECTRICAL PARAMETRIC TEST
seq_0020,LEAKAGE TEST
seq_0020,THRESHOLD VOLTAGE TEST
seq_0020,SWITCHING TEST
seq_0020,WAFER SORT TEST
seq_0020,YIELD ANALYSIS
seq_0020,LOT RELEASE
seq_0020,PACKAGE PREPARATION
seq_0020,SHIP LOT
seq_0021,RECEIVE WAFER LOT
seq_0021,LOT IDENTIFICATION
seq_0021,PRE CLEAN INSPECTION
seq_0021,WAFER CLEAN PRE PROCESS
seq_0021,BACKSIDE CLEAN
seq_0021,WET CLEAN RCA1
seq_0021,WET CLEAN RCA2
seq_0021,HF DIP
seq_0021,DRY WAFER
seq_0021,WAFER CLEAN PRE-GRIND
seq_0021,GRINDING WAFER BACKSIDE
seq_0021,MEASURE GEOMETRY
seq_0021,ETCH WET BACKSIDE
seq_0021,RINSE WET WAFER_EDGE
seq_0021,DRY WAFER BACKSIDE
seq_0021,BACKSIDE CLEAN
seq_0021,MEASURE BACKSIDE ROUGHNESS
seq_0021,THERMAL OXIDATION
seq_0021,MEASURE OXIDE THICKNESS
seq_0021,RCA CLEAN 1
seq_0021,RCA CLEAN 2
seq_0021,HF DIP
seq_0021,OXIDE STRIP
seq_0021,SURFACE PREP FOR DEPOSITION
seq_0021,DEPOSIT PAD OXIDE
seq_0021,ANNEAL OXIDE
seq_0021,MEASURE OXIDE THICKNESS
seq_0021,SPIN COAT PHOTORESIST
seq_0021,SOFT BAKE
seq_0021,ALIGN MASK LEVEL 1
seq_0021,EXPOSE LITHO LEVEL 1
seq_0021,POST EXPOSE BAKE
seq_0021,DEVELOP PHOTORESIST
seq_0021,INSPECT PATTERN LEVEL 1
seq_0021,HARD BAKE
seq_0021,OXIDE ETCH DRY
seq_0021,STRIP RESIST
seq_0021,CLEAN AFTER ETCH
seq_0021,MEASURE CD LEVEL 1
seq_0021,DEPOSIT POLYSILICON
seq_0021,ANNEAL POLYSILICON
seq_0021,SPIN COAT PHOTORESIST
seq_0021,SOFT BAKE
seq_0021,ALIGN MASK LEVEL 2
seq_0021,EXPOSE LITHO LEVEL 2
seq_0021,DEVELOP PHOTORESIST
seq_0021,PATTERN INSPECTION LEVEL 2
seq_0021,POLYSILICON ETCH DRY
seq_0021,STRIP RESIST LEVEL 2
seq_0021,CLEAN AFTER POLY ETCH
seq_0021,MEASURE CD LEVEL 2
seq_0021,IMPLANT N-TYPE
seq_0021,PRE ANNEAL CHECK
seq_0021,RAPID THERMAL ANNEAL
seq_0021,MEASURE SHEET RESISTANCE
seq_0021,DEPOSIT INTERLAYER DIELECTRIC
seq_0021,DENSIFY OXIDE
seq_0021,MEASURE FILM THICKNESS
seq_0021,CMP INTERLAYER DIELECTRIC
seq_0021,MEASURE SURFACE PLANARITY
seq_0021,SPIN COAT PHOTORESIST
seq_0021,SOFT BAKE
seq_0021,ALIGN MASK LEVEL 3
seq_0021,EXPOSE LITHO LEVEL 3
seq_0021,POST EXPOSE BAKE
seq_0021,DEVELOP PHOTORESIST
seq_0021,VIA OPENING INSPECTION
seq_0021,VIA ETCH THROUGH DIELECTRIC
seq_0021,STRIP PHOTORESIST
seq_0021,CLEAN AFTER VIA ETCH
seq_0021,MEASURE VIA CD
seq_0021,DEPOSIT BARRIER METAL
seq_0021,DEPOSIT TUNGSTEN SEED
seq_0021,FILL VIA TUNGSTEN
seq_0021,CMP METAL
seq_0021,DEPOSIT METAL 1
seq_0021,ANNEAL METAL 1
seq_0021,SPIN COAT PHOTORESIST
seq_0021,SOFT BAKE
seq_0021,ALIGN MASK LEVEL 4
seq_0021,EXPOSE LITHO LEVEL 4
seq_0021,POST EXPOSE BAKE
seq_0021,DEVELOP PHOTORESIST
seq_0021,METAL PATTERN INSPECTION
seq_0021,METAL ETCH DRY
seq_0021,STRIP PHOTORESIST
seq_0021,CLEAN AFTER METAL ETCH
seq_0021,MEASURE LINE WIDTH
seq_0021,DEPOSIT PASSIVATION LAYER
seq_0021,CURE PASSIVATION
seq_0021,MEASURE PASSIVATION QUALITY
seq_0021,OPEN PAD WINDOW
seq_0021,PAD WINDOW LITHO
seq_0021,DEVELOP PAD WINDOW
seq_0021,PASSIVATION ETCH
seq_0021,STRIP RESIST
seq_0021,CLEAN PAD OPENING
seq_0021,MEASURE PAD OPENING
seq_0021,BACKSIDE CLEAN
seq_0021,DEPOSIT BACKSIDE PROTECTION
seq_0021,BACKSIDE ANNEAL
seq_0021,FINAL CLEAN
seq_0021,FINAL GEOMETRY CHECK
seq_0021,FINAL CD INSPECTION
seq_0021,FINAL ELECTRICAL TEST PREP
seq_0021,ELECTRICAL PARAMETRIC TEST
seq_0021,LEAKAGE TEST
seq_0021,THRESHOLD VOLTAGE TEST
seq_0021,SWITCHING TEST
seq_0021,WAFER SORT TEST
seq_0021,YIELD ANALYSIS
seq_0021,LOT RELEASE
seq_0021,SHIP LOT
seq_0022,RECEIVE WAFER LOT
seq_0022,LOT IDENTIFICATION
seq_0022,INITIAL WAFER INSPECTION
seq_0022,MEASURE INITIAL THICKNESS
seq_0022,MEASURE SURFACE PARTICLES
seq_0022,WAFER CLEAN PRE PROCESS
seq_0022,RCA CLEAN 1
seq_0022,RCA CLEAN 2
seq_0022,HF DIP
seq_0022,WAFER CLEAN PRE-GRIND
seq_0022,GRINDING WAFER BACKSIDE
seq_0022,MEASURE GEOMETRY
seq_0022,ETCH WET BACKSIDE
seq_0022,RINSE WET WAFER_EDGE
seq_0022,DRY WAFER BACKSIDE
seq_0022,BACKSIDE CLEAN
seq_0022,MEASURE BACKSIDE ROUGHNESS
seq_0022,THERMAL OXIDATION
seq_0022,MEASURE OXIDE THICKNESS
seq_0022,WET CLEAN RCA1
seq_0022,WET CLEAN RCA2
seq_0022,HF DIP
seq_0022,OXIDE STRIP
seq_0022,SURFACE PREP FOR DEPOSITION
seq_0022,DEPOSIT PAD OXIDE
seq_0022,ANNEAL OXIDE
seq_0022,MEASURE OXIDE THICKNESS
seq_0022,SPIN COAT PHOTORESIST
seq_0022,SOFT BAKE
seq_0022,ALIGN MASK LEVEL 1
seq_0022,EXPOSE LITHO LEVEL 1
seq_0022,DEVELOP PHOTORESIST
seq_0022,INSPECT PATTERN LEVEL 1
seq_0022,HARD BAKE
seq_0022,OXIDE ETCH DRY
seq_0022,STRIP PHOTORESIST
seq_0022,CLEAN AFTER ETCH
seq_0022,DEPOSIT POLYSILICON
seq_0022,ANNEAL POLYSILICON
seq_0022,SPIN COAT PHOTORESIST
seq_0022,SOFT BAKE
seq_0022,ALIGN MASK LEVEL 2
seq_0022,EXPOSE LITHO LEVEL 2
seq_0022,DEVELOP PHOTORESIST
seq_0022,PATTERN INSPECTION LEVEL 2
seq_0022,POLYSILICON ETCH DRY
seq_0022,STRIP RESIST LEVEL 2
seq_0022,CLEAN AFTER POLY ETCH
seq_0022,MEASURE CD LEVEL 2
seq_0022,IMPLANT N-TYPE
seq_0022,PRE ANNEAL CHECK
seq_0022,RAPID THERMAL ANNEAL
seq_0022,DEPOSIT INTERLEVEL DIELECTRIC
seq_0022,DENSIFY DIELECTRIC
seq_0022,MEASURE DIELECTRIC THICKNESS
seq_0022,CMP INTERLAYER DIELECTRIC
seq_0022,MEASURE SURFACE PLANARITY
seq_0022,SPIN COAT PHOTORESIST
seq_0022,SOFT BAKE
seq_0022,ALIGN MASK LEVEL 3
seq_0022,EXPOSE LITHO LEVEL 3
seq_0022,DEVELOP PHOTORESIST
seq_0022,VIA OPENING INSPECTION
seq_0022,HARD BAKE
seq_0022,VIA ETCH THROUGH DIELECTRIC
seq_0022,STRIP RESIST
seq_0022,CLEAN AFTER VIA ETCH
seq_0022,DEPOSIT BARRIER METAL
seq_0022,DEPOSIT TUNGSTEN SEED
seq_0022,FILL VIA TUNGSTEN
seq_0022,CMP VIA FILL
seq_0022,MEASURE CONTACT RESISTANCE
seq_0022,DEPOSIT METAL 1
seq_0022,ANNEAL METAL 1
seq_0022,MEASURE METAL THICKNESS
seq_0022,SPIN COAT PHOTORESIST
seq_0022,SOFT BAKE
seq_0022,ALIGN MASK LEVEL 4
seq_0022,EXPOSE LITHO LEVEL 4
seq_0022,DEVELOP PHOTORESIST
seq_0022,METAL PATTERN INSPECTION
seq_0022,HARD BAKE
seq_0022,METAL ETCH DRY
seq_0022,STRIP RESIST
seq_0022,CLEAN AFTER METAL ETCH
seq_0022,MEASURE LINE WIDTH
seq_0022,DEPOSIT PASSIVATION LAYER
seq_0022,CURE PASSIVATION
seq_0022,MEASURE PASSIVATION QUALITY
seq_0022,OPEN PAD WINDOW
seq_0022,OPEN PAD WINDOW LITHO
seq_0022,DEVELOP PAD WINDOW
seq_0022,PASSIVATION ETCH
seq_0022,STRIP PHOTORESIST
seq_0022,CLEAN PAD OPENING
seq_0022,MEASURE PAD OPENING
seq_0022,BACKSIDE THINNING CHECK
seq_0022,BACKSIDE CLEAN
seq_0022,DEPOSIT BACKSIDE PROTECTION
seq_0022,BACKSIDE ANNEAL
seq_0022,FRONTSIDE CLEAN FINAL
seq_0022,FINAL CLEAN
seq_0022,FINAL THICKNESS MEASURE
seq_0022,FINAL OXIDE CHECK
seq_0022,FINAL PARTICLE INSPECTION
seq_0022,FINAL ELECTRICAL TEST PREP
seq_0022,PARAMETRIC TEST
seq_0022,LEAKAGE TEST
seq_0022,THRESHOLD VOLTAGE TEST
seq_0022,SWITCHING TEST
seq_0022,WAFER SORT TEST
seq_0022,YIELD ANALYSIS
seq_0022,LOT RELEASE
seq_0022,SHIP LOT
seq_0023,RECEIVE WAFER LOT
seq_0023,LOT IDENTIFICATION
seq_0023,PRE CLEAN INSPECTION
seq_0023,MEASURE INITIAL THICKNESS
seq_0023,MEASURE SURFACE DEFECTS
seq_0023,WAFER CLEAN PRE PROCESS
seq_0023,BACKSIDE CLEAN
seq_0023,WET CLEAN RCA1
seq_0023,RCA CLEAN 2
seq_0023,HF DIP
seq_0023,DRY WAFER
seq_0023,WAFER CLEAN PRE-GRIND
seq_0023,GRINDING WAFER BACKSIDE
seq_0023,MEASURE GEOMETRY
seq_0023,ETCH WET BACKSIDE
seq_0023,RINSE WET WAFER_EDGE
seq_0023,DRY WAFER BACKSIDE
seq_0023,BACKSIDE CLEAN
seq_0023,MEASURE BACKSIDE ROUGHNESS
seq_0023,THERMAL OXIDATION
seq_0023,MEASURE OXIDE THICKNESS
seq_0023,RCA CLEAN 1
seq_0023,RCA CLEAN 2
seq_0023,HF DIP
seq_0023,OXIDE STRIP
seq_0023,SURFACE PREP FOR DEPOSITION
seq_0023,DEPOSIT PAD OXIDE
seq_0023,ANNEAL OXIDE
seq_0023,MEASURE FILM THICKNESS
seq_0023,SPIN COAT PHOTORESIST
seq_0023,SOFT BAKE
seq_0023,ALIGN MASK LEVEL 1
seq_0023,EXPOSE LITHO LEVEL 1
seq_0023,DEVELOP PHOTORESIST
seq_0023,INSPECT PATTERN LEVEL 1
seq_0023,HARD BAKE
seq_0023,OXIDE ETCH DRY
seq_0023,STRIP RESIST
seq_0023,CLEAN AFTER ETCH
seq_0023,MEASURE CD LEVEL 1
seq_0023,DEPOSIT POLYSILICON
seq_0023,ANNEAL POLYSILICON
seq_0023,SPIN COAT PHOTORESIST
seq_0023,SOFT BAKE
seq_0023,ALIGN MASK LEVEL 2
seq_0023,EXPOSE LITHO LEVEL 2
seq_0023,DEVELOP PHOTORESIST
seq_0023,PATTERN INSPECTION LEVEL 2
seq_0023,POLYSILICON ETCH DRY
seq_0023,STRIP RESIST
seq_0023,CLEAN AFTER POLY ETCH
seq_0023,MEASURE CD LEVEL 2
seq_0023,IMPLANT N-TYPE
seq_0023,PRE ANNEAL CHECK
seq_0023,RAPID THERMAL ANNEAL
seq_0023,MEASURE SHEET RESISTANCE
seq_0023,DEPOSIT INTERLEVEL DIELECTRIC
seq_0023,DENSIFY OXIDE
seq_0023,MEASURE FILM THICKNESS
seq_0023,CMP DIELECTRIC
seq_0023,MEASURE PLANARITY
seq_0023,SPIN COAT PHOTORESIST
seq_0023,SOFT BAKE
seq_0023,ALIGN MASK LEVEL 3
seq_0023,EXPOSE LITHO LEVEL 3
seq_0023,DEVELOP PHOTORESIST
seq_0023,VIA OPENING INSPECTION
seq_0023,VIA ETCH THROUGH DIELECTRIC
seq_0023,STRIP RESIST
seq_0023,CLEAN AFTER VIA ETCH
seq_0023,DEPOSIT BARRIER METAL
seq_0023,DEPOSIT TUNGSTEN SEED
seq_0023,FILL VIA TUNGSTEN
seq_0023,CMP METAL
seq_0023,DEPOSIT METAL 1
seq_0023,ANNEAL METAL 1
seq_0023,SPIN COAT PHOTORESIST
seq_0023,SOFT BAKE
seq_0023,ALIGN MASK LEVEL 4
seq_0023,EXPOSE LITHO LEVEL 4
seq_0023,DEVELOP PHOTORESIST
seq_0023,METAL PATTERN INSPECTION
seq_0023,METAL ETCH DRY
seq_0023,STRIP PHOTORESIST
seq_0023,CLEAN AFTER METAL ETCH
seq_0023,MEASURE LINE WIDTH
seq_0023,DEPOSIT PASSIVATION LAYER
seq_0023,CURE PASSIVATION
seq_0023,MEASURE PASSIVATION QUALITY
seq_0023,OPEN BOND PAD WINDOW
seq_0023,OPEN PAD WINDOW LITHO
seq_0023,DEVELOP PHOTORESIST
seq_0023,PASSIVATION ETCH PAD OPENING
seq_0023,STRIP PHOTORESIST
seq_0023,CLEAN PAD OPENING
seq_0023,MEASURE PAD OPENING
seq_0023,BACKSIDE THINNING CHECK
seq_0023,BACKSIDE CLEAN
seq_0023,DEPOSIT BACKSIDE PROTECTION
seq_0023,BACKSIDE ANNEAL
seq_0023,FRONTSIDE CLEAN FINAL
seq_0023,FINAL CLEAN
seq_0023,FINAL THICKNESS MEASURE
seq_0023,FINAL GEOMETRY CHECK
seq_0023,FINAL ELECTRICAL TEST PREP
seq_0023,PARAMETRIC TEST
seq_0023,LEAKAGE TEST
seq_0023,SWITCHING TEST
seq_0023,WAFER SORT TEST
seq_0023,YIELD ANALYSIS
seq_0023,LOT RELEASE
seq_0023,PACKAGE PREPARATION
seq_0023,SHIP LOT
seq_0024,RECEIVE WAFER LOT
seq_0024,LOT IDENTIFICATION
seq_0024,PRE CLEAN INSPECTION
seq_0024,MEASURE INITIAL GEOMETRY
seq_0024,MEASURE SURFACE PARTICLES
seq_0024,WAFER CLEAN PRE PROCESS
seq_0024,BACKSIDE CLEAN
seq_0024,WET CLEAN RCA1
seq_0024,RCA CLEAN 2
seq_0024,HF DIP
seq_0024,DRY WAFER
seq_0024,WAFER CLEAN PRE-GRIND
seq_0024,GRINDING WAFER BACKSIDE
seq_0024,MEASURE GEOMETRY
seq_0024,ETCH WET BACKSIDE
seq_0024,RINSE WET WAFER_EDGE
seq_0024,DRY WAFER BACKSIDE
seq_0024,BACKSIDE CLEAN
seq_0024,MEASURE BACKSIDE ROUGHNESS
seq_0024,THERMAL OXIDATION
seq_0024,MEASURE OXIDE THICKNESS
seq_0024,WET CLEAN RCA1
seq_0024,WET CLEAN RCA2
seq_0024,HF DIP
seq_0024,OXIDE STRIP
seq_0024,SURFACE PREP FOR DEPOSITION
seq_0024,DEPOSIT PAD OXIDE
seq_0024,ANNEAL OXIDE
seq_0024,MEASURE FILM THICKNESS
seq_0024,SPIN COAT PHOTORESIST
seq_0024,SOFT BAKE
seq_0024,ALIGN MASK LEVEL 1
seq_0024,EXPOSE LITHO LEVEL 1
seq_0024,DEVELOP PHOTORESIST
seq_0024,INSPECT PATTERN LEVEL 1
seq_0024,HARD BAKE
seq_0024,OXIDE ETCH DRY
seq_0024,STRIP PHOTORESIST
seq_0024,CLEAN AFTER ETCH
seq_0024,MEASURE CD LEVEL 1
seq_0024,DEPOSIT POLYSILICON
seq_0024,ANNEAL POLYSILICON
seq_0024,SPIN COAT PHOTORESIST
seq_0024,SOFT BAKE
seq_0024,ALIGN MASK LEVEL 2
seq_0024,EXPOSE LITHO LEVEL 2
seq_0024,DEVELOP PHOTORESIST
seq_0024,PATTERN INSPECTION LEVEL 2
seq_0024,POLYSILICON ETCH DRY
seq_0024,STRIP RESIST LEVEL 2
seq_0024,CLEAN AFTER POLY ETCH
seq_0024,IMPLANT N-TYPE
seq_0024,RAPID THERMAL ANNEAL
seq_0024,DEPOSIT INTERLEVEL DIELECTRIC
seq_0024,DENSIFY OXIDE
seq_0024,MEASURE FILM THICKNESS
seq_0024,CMP INTERLAYER DIELECTRIC
seq_0024,MEASURE PLANARITY
seq_0024,SPIN COAT PHOTORESIST
seq_0024,SOFT BAKE
seq_0024,ALIGN MASK LEVEL 3
seq_0024,EXPOSE LITHO LEVEL 3
seq_0024,DEVELOP PHOTORESIST
seq_0024,VIA INSPECTION
seq_0024,DIELECTRIC ETCH VIA
seq_0024,STRIP PHOTORESIST
seq_0024,CLEAN AFTER VIA ETCH
seq_0024,DEPOSIT BARRIER METAL
seq_0024,DEPOSIT TUNGSTEN SEED
seq_0024,FILL VIA TUNGSTEN
seq_0024,CMP METAL
seq_0024,MEASURE CONTACT RESISTANCE
seq_0024,DEPOSIT METAL 1
seq_0024,ANNEAL METAL
seq_0024,SPIN COAT PHOTORESIST
seq_0024,SOFT BAKE
seq_0024,ALIGN MASK LEVEL 4
seq_0024,EXPOSE LITHO LEVEL 4
seq_0024,DEVELOP PHOTORESIST
seq_0024,METAL PATTERN INSPECTION
seq_0024,HARD BAKE
seq_0024,METAL ETCH DRY
seq_0024,STRIP RESIST
seq_0024,CLEAN AFTER METAL ETCH
seq_0024,MEASURE LINE WIDTH
seq_0024,DEPOSIT PASSIVATION LAYER
seq_0024,CURE PASSIVATION
seq_0024,MEASURE PASSIVATION QUALITY
seq_0024,OPEN BOND PAD WINDOW
seq_0024,OPEN PAD WINDOW LITHO
seq_0024,DEVELOP PHOTORESIST
seq_0024,PASSIVATION ETCH
seq_0024,STRIP PHOTORESIST
seq_0024,CLEAN PAD OPENING
seq_0024,MEASURE PAD OPENING
seq_0024,BACKSIDE CLEAN
seq_0024,DEPOSIT BACKSIDE PROTECTION
seq_0024,BACKSIDE ANNEAL
seq_0024,FINAL CLEAN
seq_0024,FINAL THICKNESS MEASURE
seq_0024,FINAL GEOMETRY CHECK
seq_0024,FINAL OXIDE CHECK
seq_0024,FINAL CD INSPECTION
seq_0024,FINAL PARTICLE INSPECTION
seq_0024,FINAL ELECTRICAL TEST PREP
seq_0024,PARAMETRIC TEST
seq_0024,LEAKAGE TEST
seq_0024,SWITCHING TEST
seq_0024,WAFER SORT TEST
seq_0024,YIELD ANALYSIS
seq_0024,FINAL LOT RELEASE
seq_0024,PACKAGE PREPARATION
seq_0024,SHIP LOT
seq_0025,RECEIVE WAFER LOT
seq_0025,LOT IDENTIFICATION
seq_0025,INITIAL WAFER INSPECTION
seq_0025,MEASURE INITIAL GEOMETRY
seq_0025,MEASURE SURFACE DEFECTS
seq_0025,WAFER CLEAN PRE PROCESS
seq_0025,BACKSIDE CLEAN
seq_0025,FRONTSIDE CLEAN
seq_0025,WET CLEAN RCA1
seq_0025,RCA CLEAN 2
seq_0025,HF DIP
seq_0025,WAFER CLEAN PRE-GRIND
seq_0025,GRINDING WAFER BACKSIDE
seq_0025,MEASURE GEOMETRY
seq_0025,ETCH WET BACKSIDE
seq_0025,RINSE WET WAFER_EDGE
seq_0025,DRY WAFER BACKSIDE
seq_0025,BACKSIDE CLEAN
seq_0025,MEASURE BACKSIDE ROUGHNESS
seq_0025,THERMAL OXIDATION
seq_0025,MEASURE OXIDE THICKNESS
seq_0025,RCA CLEAN 1
seq_0025,WET CLEAN RCA2
seq_0025,HF DIP
seq_0025,OXIDE STRIP
seq_0025,SURFACE PREP FOR DEPOSITION
seq_0025,DEPOSIT PAD OXIDE
seq_0025,ANNEAL OXIDE
seq_0025,MEASURE FILM THICKNESS
seq_0025,SPIN COAT PHOTORESIST
seq_0025,SOFT BAKE
seq_0025,ALIGN MASK LEVEL 1
seq_0025,EXPOSE LITHO LEVEL 1
seq_0025,POST EXPOSE BAKE
seq_0025,DEVELOP PHOTORESIST
seq_0025,INSPECT PATTERN LEVEL 1
seq_0025,HARD BAKE
seq_0025,OXIDE ETCH DRY
seq_0025,STRIP RESIST
seq_0025,CLEAN AFTER ETCH
seq_0025,MEASURE CD LEVEL 1
seq_0025,DEPOSIT POLYSILICON
seq_0025,ANNEAL POLYSILICON
seq_0025,SPIN COAT PHOTORESIST
seq_0025,SOFT BAKE
seq_0025,ALIGN MASK LEVEL 2
seq_0025,EXPOSE LITHO LEVEL 2
seq_0025,DEVELOP PHOTORESIST
seq_0025,PATTERN INSPECTION LEVEL 2
seq_0025,POLYSILICON ETCH DRY
seq_0025,STRIP RESIST LEVEL 2
seq_0025,CLEAN AFTER POLY ETCH
seq_0025,IMPLANT N-TYPE
seq_0025,PRE ANNEAL CHECK
seq_0025,RAPID THERMAL ANNEAL
seq_0025,MEASURE SHEET RESISTANCE
seq_0025,DEPOSIT INTERLAYER DIELECTRIC
seq_0025,DENSIFY DIELECTRIC
seq_0025,MEASURE FILM THICKNESS
seq_0025,CMP DIELECTRIC
seq_0025,MEASURE PLANARITY
seq_0025,SPIN COAT PHOTORESIST
seq_0025,SOFT BAKE
seq_0025,ALIGN MASK LEVEL 3
seq_0025,EXPOSE LITHO LEVEL 3
seq_0025,POST EXPOSE BAKE
seq_0025,DEVELOP PHOTORESIST
seq_0025,VIA INSPECTION
seq_0025,VIA ETCH
seq_0025,STRIP RESIST
seq_0025,CLEAN AFTER VIA ETCH
seq_0025,MEASURE VIA CD
seq_0025,DEPOSIT BARRIER METAL
seq_0025,DEPOSIT TUNGSTEN SEED
seq_0025,FILL VIA TUNGSTEN
seq_0025,CMP VIA FILL
seq_0025,MEASURE VIA RESISTANCE
seq_0025,DEPOSIT TOP METAL
seq_0025,ANNEAL METAL 1
seq_0025,SPIN COAT PHOTORESIST
seq_0025,SOFT BAKE
seq_0025,ALIGN MASK LEVEL 4
seq_0025,EXPOSE LITHO LEVEL 4
seq_0025,DEVELOP PHOTORESIST
seq_0025,METAL PATTERN INSPECTION
seq_0025,METAL ETCH DRY
seq_0025,STRIP RESIST
seq_0025,CLEAN AFTER METAL ETCH
seq_0025,MEASURE LINE WIDTH
seq_0025,DEPOSIT PASSIVATION
seq_0025,CURE PASSIVATION
seq_0025,MEASURE PASSIVATION QUALITY
seq_0025,OPEN PAD WINDOW
seq_0025,OPEN PAD WINDOW LITHO
seq_0025,DEVELOP PHOTORESIST
seq_0025,PASSIVATION ETCH
seq_0025,STRIP PHOTORESIST
seq_0025,CLEAN PAD OPENING
seq_0025,MEASURE PAD OPENING
seq_0025,BACKSIDE THINNING CHECK
seq_0025,BACKSIDE CLEAN
seq_0025,DEPOSIT BACKSIDE PROTECTION
seq_0025,BACKSIDE ANNEAL
seq_0025,FRONTSIDE CLEAN FINAL
seq_0025,FINAL CLEAN
seq_0025,FINAL THICKNESS MEASURE
seq_0025,FINAL OXIDE CHECK
seq_0025,PARAMETRIC TEST
seq_0025,LEAKAGE TEST
seq_0025,THRESHOLD VOLTAGE TEST
seq_0025,SWITCHING TEST
seq_0025,WAFER SORT TEST
seq_0025,YIELD ANALYSIS
seq_0025,LOT RELEASE
seq_0025,SHIP LOT
seq_0026,RECEIVE WAFER LOT
seq_0026,LOT IDENTIFICATION
seq_0026,PRE CLEAN INSPECTION
seq_0026,MEASURE SURFACE PARTICLES
seq_0026,WAFER CLEAN PRE PROCESS
seq_0026,BACKSIDE CLEAN
seq_0026,WET CLEAN RCA1
seq_0026,WET CLEAN RCA2
seq_0026,HF DIP
seq_0026,DRY WAFER
seq_0026,WAFER CLEAN PRE-GRIND
seq_0026,GRINDING WAFER BACKSIDE
seq_0026,MEASURE INITIAL GEOMETRY
seq_0026,ETCH WET BACKSIDE
seq_0026,RINSE WET WAFER_EDGE
seq_0026,DRY WAFER BACKSIDE
seq_0026,BACKSIDE CLEAN
seq_0026,MEASURE BACKSIDE ROUGHNESS
seq_0026,THERMAL OXIDATION
seq_0026,MEASURE OXIDE THICKNESS
seq_0026,WET CLEAN RCA1
seq_0026,WET CLEAN RCA2
seq_0026,HF DIP
seq_0026,OXIDE STRIP
seq_0026,SURFACE PREP FOR DEPOSITION
seq_0026,DEPOSIT PAD OXIDE
seq_0026,ANNEAL OXIDE
seq_0026,MEASURE FILM THICKNESS
seq_0026,SPIN COAT PHOTORESIST
seq_0026,SOFT BAKE
seq_0026,ALIGN MASK LEVEL 1
seq_0026,EXPOSE LITHO LEVEL 1
seq_0026,DEVELOP PHOTORESIST
seq_0026,INSPECT PATTERN LEVEL 1
seq_0026,HARD BAKE
seq_0026,OXIDE ETCH DRY
seq_0026,STRIP RESIST
seq_0026,CLEAN AFTER ETCH
seq_0026,MEASURE CD LEVEL 1
seq_0026,DEPOSIT POLYSILICON
seq_0026,ANNEAL POLYSILICON
seq_0026,SPIN COAT PHOTORESIST
seq_0026,SOFT BAKE
seq_0026,ALIGN MASK LEVEL 2
seq_0026,EXPOSE LITHO LEVEL 2
seq_0026,POST EXPOSE BAKE
seq_0026,DEVELOP PHOTORESIST
seq_0026,PATTERN INSPECTION LEVEL 2
seq_0026,POLYSILICON ETCH DRY
seq_0026,STRIP RESIST LEVEL 2
seq_0026,CLEAN AFTER POLY ETCH
seq_0026,MEASURE CD LEVEL 2
seq_0026,IMPLANT N-TYPE
seq_0026,PRE ANNEAL CHECK
seq_0026,RAPID THERMAL ANNEAL
seq_0026,MEASURE SHEET RESISTANCE
seq_0026,DEPOSIT INTERLEVEL DIELECTRIC
seq_0026,DENSIFY OXIDE
seq_0026,MEASURE DIELECTRIC THICKNESS
seq_0026,CMP INTERLAYER DIELECTRIC
seq_0026,MEASURE PLANARITY
seq_0026,SPIN COAT PHOTORESIST
seq_0026,SOFT BAKE
seq_0026,ALIGN MASK LEVEL 3
seq_0026,EXPOSE LITHO LEVEL 3
seq_0026,DEVELOP PHOTORESIST
seq_0026,VIA OPENING INSPECTION
seq_0026,HARD BAKE
seq_0026,VIA ETCH THROUGH DIELECTRIC
seq_0026,STRIP RESIST
seq_0026,CLEAN AFTER VIA ETCH
seq_0026,MEASURE VIA CD
seq_0026,DEPOSIT BARRIER METAL
seq_0026,DEPOSIT TUNGSTEN SEED
seq_0026,FILL VIA TUNGSTEN
seq_0026,CMP VIA FILL
seq_0026,DEPOSIT METAL 1
seq_0026,ANNEAL METAL 1
seq_0026,MEASURE METAL THICKNESS
seq_0026,SPIN COAT PHOTORESIST
seq_0026,SOFT BAKE
seq_0026,ALIGN MASK LEVEL 4
seq_0026,EXPOSE LITHO LEVEL 4
seq_0026,POST EXPOSE BAKE
seq_0026,DEVELOP PHOTORESIST
seq_0026,METAL PATTERN INSPECTION
seq_0026,METAL ETCH DRY
seq_0026,STRIP RESIST
seq_0026,CLEAN AFTER METAL ETCH
seq_0026,MEASURE LINE WIDTH
seq_0026,DEPOSIT PASSIVATION LAYER
seq_0026,CURE PASSIVATION
seq_0026,MEASURE PASSIVATION THICKNESS
seq_0026,OPEN BOND PAD WINDOW
seq_0026,PAD WINDOW LITHO
seq_0026,DEVELOP PAD WINDOW
seq_0026,PASSIVATION ETCH PAD OPENING
seq_0026,STRIP RESIST
seq_0026,CLEAN PAD OPENING
seq_0026,MEASURE PAD OPENING
seq_0026,BACKSIDE CLEAN FINAL
seq_0026,DEPOSIT BACKSIDE PROTECTION
seq_0026,BACKSIDE ANNEAL
seq_0026,FRONTSIDE CLEAN FINAL
seq_0026,FINAL CLEAN
seq_0026,FINAL THICKNESS MEASURE
seq_0026,FINAL GEOMETRY CHECK
seq_0026,FINAL OXIDE CHECK
seq_0026,FINAL CD INSPECTION
seq_0026,FINAL PARTICLE INSPECTION
seq_0026,FINAL ELECTRICAL TEST PREP
seq_0026,ELECTRICAL PARAMETRIC TEST
seq_0026,LEAKAGE TEST
seq_0026,THRESHOLD VOLTAGE TEST
seq_0026,SWITCHING TEST
seq_0026,WAFER SORT TEST
seq_0026,YIELD ANALYSIS
seq_0026,LOT RELEASE
seq_0026,PACKAGE PREPARATION
seq_0026,SHIP LOT
seq_0027,RECEIVE WAFER LOT
seq_0027,LOT IDENTIFICATION
seq_0027,INITIAL WAFER INSPECTION
seq_0027,MEASURE SURFACE PARTICLES
seq_0027,WAFER CLEAN PRE PROCESS
seq_0027,RCA CLEAN 1
seq_0027,RCA CLEAN 2
seq_0027,HF DIP
seq_0027,DRY WAFER
seq_0027,WAFER CLEAN PRE-GRIND
seq_0027,GRINDING WAFER BACKSIDE
seq_0027,MEASURE GEOMETRY
seq_0027,ETCH WET BACKSIDE
seq_0027,RINSE WET WAFER_EDGE
seq_0027,DRY WAFER BACKSIDE
seq_0027,BACKSIDE CLEAN
seq_0027,MEASURE BACKSIDE ROUGHNESS
seq_0027,THERMAL OXIDATION
seq_0027,MEASURE OXIDE THICKNESS
seq_0027,WET CLEAN RCA1
seq_0027,WET CLEAN RCA2
seq_0027,HF DIP
seq_0027,OXIDE STRIP
seq_0027,SURFACE PREP FOR DEPOSITION
seq_0027,DEPOSIT PAD OXIDE
seq_0027,ANNEAL OXIDE
seq_0027,MEASURE FILM THICKNESS
seq_0027,SPIN COAT PHOTORESIST
seq_0027,SOFT BAKE
seq_0027,ALIGN MASK LEVEL 1
seq_0027,EXPOSE LITHO LEVEL 1
seq_0027,POST EXPOSE BAKE
seq_0027,DEVELOP PHOTORESIST
seq_0027,INSPECT PATTERN LEVEL 1
seq_0027,HARD BAKE
seq_0027,OXIDE ETCH DRY
seq_0027,STRIP RESIST
seq_0027,CLEAN AFTER ETCH
seq_0027,MEASURE CD LEVEL 1
seq_0027,DEPOSIT POLYSILICON
seq_0027,ANNEAL POLYSILICON
seq_0027,SPIN COAT PHOTORESIST
seq_0027,SOFT BAKE
seq_0027,ALIGN MASK LEVEL 2
seq_0027,EXPOSE LITHO LEVEL 2
seq_0027,DEVELOP PHOTORESIST
seq_0027,PATTERN INSPECTION LEVEL 2
seq_0027,HARD BAKE
seq_0027,POLYSILICON ETCH DRY
seq_0027,STRIP RESIST LEVEL 2
seq_0027,CLEAN AFTER POLY ETCH
seq_0027,MEASURE CD LEVEL 2
seq_0027,IMPLANT N-TYPE
seq_0027,PRE ANNEAL CHECK
seq_0027,RAPID THERMAL ANNEAL
seq_0027,DEPOSIT INTERLAYER DIELECTRIC
seq_0027,DENSIFY DIELECTRIC
seq_0027,MEASURE DIELECTRIC THICKNESS
seq_0027,CMP DIELECTRIC
seq_0027,MEASURE PLANARITY
seq_0027,SPIN COAT PHOTORESIST
seq_0027,SOFT BAKE
seq_0027,ALIGN MASK LEVEL 3
seq_0027,EXPOSE LITHO LEVEL 3
seq_0027,DEVELOP PHOTORESIST
seq_0027,VIA INSPECTION
seq_0027,VIA ETCH
seq_0027,STRIP RESIST
seq_0027,CLEAN AFTER VIA ETCH
seq_0027,MEASURE VIA CD
seq_0027,DEPOSIT BARRIER METAL
seq_0027,DEPOSIT TUNGSTEN SEED
seq_0027,FILL VIA TUNGSTEN
seq_0027,CMP METAL
seq_0027,MEASURE CONTACT RESISTANCE
seq_0027,DEPOSIT TOP METAL
seq_0027,ANNEAL METAL
seq_0027,SPIN COAT PHOTORESIST
seq_0027,SOFT BAKE
seq_0027,ALIGN MASK LEVEL 4
seq_0027,EXPOSE LITHO LEVEL 4
seq_0027,DEVELOP PHOTORESIST
seq_0027,METAL PATTERN INSPECTION
seq_0027,METAL ETCH DRY
seq_0027,STRIP RESIST
seq_0027,CLEAN AFTER METAL ETCH
seq_0027,DEPOSIT PASSIVATION LAYER
seq_0027,CURE PASSIVATION
seq_0027,MEASURE PASSIVATION THICKNESS
seq_0027,OPEN BOND PAD WINDOW
seq_0027,PAD WINDOW LITHO
seq_0027,DEVELOP PAD WINDOW
seq_0027,PASSIVATION ETCH
seq_0027,STRIP RESIST
seq_0027,CLEAN PAD OPENING
seq_0027,MEASURE PAD OPENING
seq_0027,BACKSIDE THINNING CHECK
seq_0027,BACKSIDE CLEAN FINAL
seq_0027,DEPOSIT BACKSIDE PROTECTION
seq_0027,BACKSIDE ANNEAL
seq_0027,FRONTSIDE CLEAN FINAL
seq_0027,FINAL CLEAN
seq_0027,FINAL THICKNESS MEASURE
seq_0027,FINAL GEOMETRY CHECK
seq_0027,FINAL CD INSPECTION
seq_0027,FINAL PARTICLE INSPECTION
seq_0027,FINAL ELECTRICAL TEST PREP
seq_0027,ELECTRICAL PARAMETRIC TEST
seq_0027,LEAKAGE TEST
seq_0027,THRESHOLD VOLTAGE TEST
seq_0027,SWITCHING TEST
seq_0027,WAFER SORT TEST
seq_0027,YIELD ANALYSIS
seq_0027,FINAL LOT RELEASE
seq_0027,PACKAGE PREPARATION
seq_0027,SHIP LOT
seq_0028,RECEIVE WAFER LOT
seq_0028,LOT IDENTIFICATION
seq_0028,PRE CLEAN INSPECTION
seq_0028,MEASURE INITIAL GEOMETRY
seq_0028,MEASURE SURFACE DEFECTS
seq_0028,WAFER CLEAN PRE PROCESS
seq_0028,WET CLEAN RCA1
seq_0028,RCA CLEAN 2
seq_0028,HF DIP
seq_0028,WAFER CLEAN PRE-GRIND
seq_0028,GRINDING WAFER BACKSIDE
seq_0028,MEASURE GEOMETRY
seq_0028,ETCH WET BACKSIDE
seq_0028,RINSE WET WAFER_EDGE
seq_0028,DRY WAFER BACKSIDE
seq_0028,BACKSIDE CLEAN
seq_0028,MEASURE BACKSIDE ROUGHNESS
seq_0028,THERMAL OXIDATION
seq_0028,MEASURE OXIDE THICKNESS
seq_0028,RCA CLEAN 1
seq_0028,RCA CLEAN 2
seq_0028,HF DIP
seq_0028,OXIDE STRIP
seq_0028,SURFACE PREP FOR DEPOSITION
seq_0028,DEPOSIT PAD OXIDE
seq_0028,ANNEAL OXIDE
seq_0028,MEASURE FILM THICKNESS
seq_0028,SPIN COAT PHOTORESIST
seq_0028,SOFT BAKE
seq_0028,ALIGN MASK LEVEL 1
seq_0028,EXPOSE LITHO LEVEL 1
seq_0028,DEVELOP PHOTORESIST
seq_0028,INSPECT PATTERN LEVEL 1
seq_0028,HARD BAKE
seq_0028,OXIDE ETCH DRY
seq_0028,STRIP RESIST
seq_0028,CLEAN AFTER ETCH
seq_0028,MEASURE CD LEVEL 1
seq_0028,DEPOSIT POLYSILICON
seq_0028,ANNEAL POLYSILICON
seq_0028,SPIN COAT PHOTORESIST
seq_0028,SOFT BAKE
seq_0028,ALIGN MASK LEVEL 2
seq_0028,EXPOSE LITHO LEVEL 2
seq_0028,POST EXPOSE BAKE
seq_0028,DEVELOP PHOTORESIST
seq_0028,PATTERN INSPECTION LEVEL 2
seq_0028,POLYSILICON ETCH DRY
seq_0028,STRIP RESIST LEVEL 2
seq_0028,CLEAN AFTER POLY ETCH
seq_0028,IMPLANT N-TYPE
seq_0028,PRE ANNEAL CHECK
seq_0028,RAPID THERMAL ANNEAL
seq_0028,MEASURE SHEET RESISTANCE
seq_0028,DEPOSIT INTERLAYER DIELECTRIC
seq_0028,DENSIFY OXIDE
seq_0028,MEASURE FILM THICKNESS
seq_0028,CMP INTERLAYER DIELECTRIC
seq_0028,MEASURE PLANARITY
seq_0028,SPIN COAT PHOTORESIST
seq_0028,SOFT BAKE
seq_0028,ALIGN MASK LEVEL 3
seq_0028,EXPOSE LITHO LEVEL 3
seq_0028,DEVELOP PHOTORESIST
seq_0028,VIA INSPECTION
seq_0028,VIA ETCH
seq_0028,STRIP PHOTORESIST
seq_0028,CLEAN AFTER VIA ETCH
seq_0028,MEASURE VIA CD
seq_0028,DEPOSIT BARRIER METAL
seq_0028,DEPOSIT TUNGSTEN SEED
seq_0028,FILL VIA TUNGSTEN
seq_0028,CMP VIA FILL
seq_0028,MEASURE VIA RESISTANCE
seq_0028,DEPOSIT TOP METAL
seq_0028,ANNEAL METAL
seq_0028,SPIN COAT PHOTORESIST
seq_0028,SOFT BAKE
seq_0028,ALIGN MASK LEVEL 4
seq_0028,EXPOSE LITHO LEVEL 4
seq_0028,POST EXPOSE BAKE
seq_0028,DEVELOP PHOTORESIST
seq_0028,METAL PATTERN INSPECTION
seq_0028,HARD BAKE
seq_0028,METAL ETCH DRY
seq_0028,STRIP PHOTORESIST
seq_0028,CLEAN AFTER METAL ETCH
seq_0028,DEPOSIT PASSIVATION LAYER
seq_0028,CURE PASSIVATION
seq_0028,MEASURE PASSIVATION QUALITY
seq_0028,OPEN BOND PAD WINDOW
seq_0028,OPEN PAD WINDOW LITHO
seq_0028,DEVELOP PHOTORESIST
seq_0028,PASSIVATION ETCH
seq_0028,STRIP PHOTORESIST
seq_0028,CLEAN PAD OPENING
seq_0028,MEASURE PAD OPENING
seq_0028,BACKSIDE THINNING CHECK
seq_0028,BACKSIDE CLEAN
seq_0028,DEPOSIT BACKSIDE PROTECTION
seq_0028,BACKSIDE ANNEAL
seq_0028,FINAL CLEAN
seq_0028,FINAL THICKNESS MEASURE
seq_0028,FINAL GEOMETRY CHECK
seq_0028,FINAL CD INSPECTION
seq_0028,FINAL PARTICLE INSPECTION
seq_0028,PARAMETRIC TEST
seq_0028,LEAKAGE TEST
seq_0028,SWITCHING TEST
seq_0028,WAFER SORT TEST
seq_0028,YIELD ANALYSIS
seq_0028,FINAL LOT RELEASE
seq_0028,PACKAGE PREPARATION
seq_0028,SHIP LOT
seq_0029,RECEIVE WAFER LOT
seq_0029,LOT IDENTIFICATION
seq_0029,INITIAL WAFER INSPECTION
seq_0029,MEASURE INITIAL GEOMETRY
seq_0029,MEASURE SURFACE DEFECTS
seq_0029,WAFER CLEAN PRE PROCESS
seq_0029,BACKSIDE CLEAN
seq_0029,WET CLEAN RCA1
seq_0029,WET CLEAN RCA2
seq_0029,HF DIP
seq_0029,DRY WAFER
seq_0029,WAFER CLEAN PRE-GRIND
seq_0029,GRINDING WAFER BACKSIDE
seq_0029,MEASURE INITIAL GEOMETRY
seq_0029,ETCH WET BACKSIDE
seq_0029,RINSE WET WAFER_EDGE
seq_0029,DRY WAFER BACKSIDE
seq_0029,BACKSIDE CLEAN
seq_0029,MEASURE BACKSIDE ROUGHNESS
seq_0029,THERMAL OXIDATION
seq_0029,MEASURE OXIDE THICKNESS
seq_0029,WET CLEAN RCA1
seq_0029,RCA CLEAN 2
seq_0029,HF DIP
seq_0029,OXIDE STRIP
seq_0029,SURFACE PREP FOR DEPOSITION
seq_0029,DEPOSIT PAD OXIDE
seq_0029,ANNEAL OXIDE
seq_0029,MEASURE FILM THICKNESS
seq_0029,SPIN COAT PHOTORESIST
seq_0029,SOFT BAKE
seq_0029,ALIGN MASK LEVEL 1
seq_0029,EXPOSE LITHO LEVEL 1
seq_0029,POST EXPOSE BAKE
seq_0029,DEVELOP PHOTORESIST
seq_0029,INSPECT PATTERN LEVEL 1
seq_0029,HARD BAKE
seq_0029,OXIDE ETCH DRY
seq_0029,STRIP PHOTORESIST
seq_0029,CLEAN AFTER ETCH
seq_0029,MEASURE CD LEVEL 1
seq_0029,DEPOSIT POLYSILICON
seq_0029,ANNEAL POLYSILICON
seq_0029,SPIN COAT PHOTORESIST
seq_0029,SOFT BAKE
seq_0029,ALIGN MASK LEVEL 2
seq_0029,EXPOSE LITHO LEVEL 2
seq_0029,DEVELOP PHOTORESIST
seq_0029,PATTERN INSPECTION LEVEL 2
seq_0029,POLYSILICON ETCH DRY
seq_0029,STRIP RESIST LEVEL 2
seq_0029,CLEAN AFTER POLY ETCH
seq_0029,MEASURE CD LEVEL 2
seq_0029,IMPLANT N-TYPE
seq_0029,RAPID THERMAL ANNEAL
seq_0029,MEASURE SHEET RESISTANCE
seq_0029,DEPOSIT INTERLEVEL DIELECTRIC
seq_0029,DENSIFY OXIDE
seq_0029,MEASURE FILM THICKNESS
seq_0029,CMP DIELECTRIC
seq_0029,MEASURE PLANARITY
seq_0029,SPIN COAT PHOTORESIST
seq_0029,SOFT BAKE
seq_0029,ALIGN MASK LEVEL 3
seq_0029,EXPOSE LITHO LEVEL 3
seq_0029,DEVELOP PHOTORESIST
seq_0029,VIA OPENING INSPECTION
seq_0029,VIA ETCH
seq_0029,STRIP PHOTORESIST
seq_0029,CLEAN AFTER VIA ETCH
seq_0029,MEASURE VIA CD
seq_0029,DEPOSIT BARRIER METAL
seq_0029,DEPOSIT TUNGSTEN SEED
seq_0029,FILL VIA TUNGSTEN
seq_0029,CMP METAL
seq_0029,MEASURE CONTACT RESISTANCE
seq_0029,DEPOSIT TOP METAL
seq_0029,ANNEAL METAL
seq_0029,SPIN COAT PHOTORESIST
seq_0029,SOFT BAKE
seq_0029,ALIGN MASK LEVEL 4
seq_0029,EXPOSE LITHO LEVEL 4
seq_0029,DEVELOP PHOTORESIST
seq_0029,METAL PATTERN INSPECTION
seq_0029,HARD BAKE
seq_0029,METAL ETCH DRY
seq_0029,STRIP PHOTORESIST
seq_0029,CLEAN AFTER METAL ETCH
seq_0029,MEASURE LINE WIDTH
seq_0029,DEPOSIT PASSIVATION LAYER
seq_0029,CURE PASSIVATION
seq_0029,MEASURE PASSIVATION THICKNESS
seq_0029,OPEN BOND PAD WINDOW
seq_0029,OPEN PAD WINDOW LITHO
seq_0029,DEVELOP PHOTORESIST
seq_0029,PASSIVATION ETCH
seq_0029,STRIP RESIST
seq_0029,CLEAN PAD OPENING
seq_0029,MEASURE PAD OPENING
seq_0029,BACKSIDE THINNING CHECK
seq_0029,BACKSIDE CLEAN FINAL
seq_0029,DEPOSIT BACKSIDE PROTECTION
seq_0029,BACKSIDE ANNEAL
seq_0029,FINAL CLEAN
seq_0029,FINAL THICKNESS MEASURE
seq_0029,FINAL GEOMETRY CHECK
seq_0029,FINAL OXIDE CHECK
seq_0029,FINAL PARTICLE INSPECTION
seq_0029,PARAMETRIC TEST
seq_0029,LEAKAGE TEST
seq_0029,THRESHOLD VOLTAGE TEST
seq_0029,SWITCHING TEST
seq_0029,WAFER SORT TEST
seq_0029,YIELD ANALYSIS
seq_0029,LOT RELEASE
seq_0029,SHIP LOT
seq_0030,RECEIVE WAFER LOT
seq_0030,LOT IDENTIFICATION
seq_0030,PRE CLEAN INSPECTION
seq_0030,MEASURE INITIAL GEOMETRY
seq_0030,MEASURE SURFACE DEFECTS
seq_0030,WAFER CLEAN PRE PROCESS
seq_0030,WET CLEAN RCA1
seq_0030,WET CLEAN RCA2
seq_0030,HF DIP
seq_0030,DRY WAFER
seq_0030,WAFER CLEAN PRE-GRIND
seq_0030,GRINDING WAFER BACKSIDE
seq_0030,MEASURE INITIAL GEOMETRY
seq_0030,ETCH WET BACKSIDE
seq_0030,RINSE WET WAFER_EDGE
seq_0030,DRY WAFER BACKSIDE
seq_0030,BACKSIDE CLEAN
seq_0030,MEASURE BACKSIDE ROUGHNESS
seq_0030,THERMAL OXIDATION
seq_0030,MEASURE OXIDE THICKNESS
seq_0030,RCA CLEAN 1
seq_0030,RCA CLEAN 2
seq_0030,HF DIP
seq_0030,OXIDE STRIP
seq_0030,SURFACE PREP FOR DEPOSITION
seq_0030,DEPOSIT PAD OXIDE
seq_0030,ANNEAL OXIDE
seq_0030,MEASURE OXIDE THICKNESS
seq_0030,SPIN COAT PHOTORESIST
seq_0030,SOFT BAKE
seq_0030,ALIGN MASK LEVEL 1
seq_0030,EXPOSE LITHO LEVEL 1
seq_0030,DEVELOP PHOTORESIST
seq_0030,INSPECT PATTERN LEVEL 1
seq_0030,HARD BAKE
seq_0030,OXIDE ETCH DRY
seq_0030,STRIP PHOTORESIST
seq_0030,CLEAN AFTER ETCH
seq_0030,MEASURE CD LEVEL 1
seq_0030,DEPOSIT POLYSILICON
seq_0030,ANNEAL POLYSILICON
seq_0030,SPIN COAT PHOTORESIST
seq_0030,SOFT BAKE
seq_0030,ALIGN MASK LEVEL 2
seq_0030,EXPOSE LITHO LEVEL 2
seq_0030,POST EXPOSE BAKE
seq_0030,DEVELOP PHOTORESIST
seq_0030,PATTERN INSPECTION LEVEL 2
seq_0030,POLYSILICON ETCH DRY
seq_0030,STRIP RESIST LEVEL 2
seq_0030,CLEAN AFTER POLY ETCH
seq_0030,IMPLANT N-TYPE
seq_0030,RAPID THERMAL ANNEAL
seq_0030,MEASURE SHEET RESISTANCE
seq_0030,DEPOSIT INTERLEVEL DIELECTRIC
seq_0030,DENSIFY OXIDE
seq_0030,MEASURE FILM THICKNESS
seq_0030,CMP DIELECTRIC
seq_0030,MEASURE SURFACE PLANARITY
seq_0030,SPIN COAT PHOTORESIST
seq_0030,SOFT BAKE
seq_0030,ALIGN MASK LEVEL 3
seq_0030,EXPOSE LITHO LEVEL 3
seq_0030,DEVELOP PHOTORESIST
seq_0030,VIA INSPECTION
seq_0030,HARD BAKE
seq_0030,VIA ETCH
seq_0030,STRIP PHOTORESIST
seq_0030,CLEAN AFTER VIA ETCH
seq_0030,DEPOSIT BARRIER METAL
seq_0030,DEPOSIT TUNGSTEN SEED
seq_0030,FILL VIA TUNGSTEN
seq_0030,CMP METAL
seq_0030,DEPOSIT METAL 1
seq_0030,ANNEAL METAL
seq_0030,MEASURE METAL THICKNESS
seq_0030,SPIN COAT PHOTORESIST
seq_0030,SOFT BAKE
seq_0030,ALIGN MASK LEVEL 4
seq_0030,EXPOSE LITHO LEVEL 4
seq_0030,DEVELOP PHOTORESIST
seq_0030,METAL PATTERN INSPECTION
seq_0030,METAL ETCH DRY
seq_0030,STRIP RESIST
seq_0030,CLEAN AFTER METAL ETCH
seq_0030,MEASURE LINE WIDTH
seq_0030,DEPOSIT PASSIVATION LAYER
seq_0030,CURE PASSIVATION
seq_0030,MEASURE PASSIVATION THICKNESS
seq_0030,OPEN BOND PAD WINDOW
seq_0030,PAD WINDOW LITHO
seq_0030,DEVELOP PHOTORESIST
seq_0030,PASSIVATION ETCH PAD OPENING
seq_0030,STRIP PHOTORESIST
seq_0030,CLEAN PAD OPENING
seq_0030,MEASURE PAD OPENING
seq_0030,BACKSIDE THINNING CHECK
seq_0030,BACKSIDE CLEAN
seq_0030,DEPOSIT BACKSIDE PROTECTION
seq_0030,BACKSIDE ANNEAL
seq_0030,FINAL CLEAN
seq_0030,FINAL THICKNESS MEASURE
seq_0030,FINAL GEOMETRY CHECK
seq_0030,FINAL OXIDE CHECK
seq_0030,PARAMETRIC TEST
seq_0030,LEAKAGE TEST
seq_0030,SWITCHING TEST
seq_0030,WAFER SORT TEST
seq_0030,YIELD ANALYSIS
seq_0030,FINAL LOT RELEASE
seq_0030,SHIP LOT
seq_0031,RECEIVE WAFER LOT
seq_0031,LOT IDENTIFICATION
seq_0031,INITIAL WAFER INSPECTION
seq_0031,MEASURE INITIAL GEOMETRY
seq_0031,MEASURE SURFACE PARTICLES
seq_0031,WAFER CLEAN PRE PROCESS
seq_0031,FRONTSIDE CLEAN
seq_0031,RCA CLEAN 1
seq_0031,RCA CLEAN 2
seq_0031,HF DIP
seq_0031,DRY WAFER
seq_0031,WAFER CLEAN PRE-GRIND
seq_0031,GRINDING WAFER BACKSIDE
seq_0031,MEASURE INITIAL GEOMETRY
seq_0031,ETCH WET BACKSIDE
seq_0031,RINSE WET WAFER_EDGE
seq_0031,DRY WAFER BACKSIDE
seq_0031,BACKSIDE CLEAN
seq_0031,MEASURE BACKSIDE ROUGHNESS
seq_0031,THERMAL OXIDATION
seq_0031,MEASURE OXIDE THICKNESS
seq_0031,WET CLEAN RCA1
seq_0031,WET CLEAN RCA2
seq_0031,HF DIP
seq_0031,OXIDE STRIP
seq_0031,SURFACE PREP FOR DEPOSITION
seq_0031,DEPOSIT PAD OXIDE
seq_0031,ANNEAL OXIDE
seq_0031,MEASURE OXIDE THICKNESS
seq_0031,SPIN COAT PHOTORESIST
seq_0031,SOFT BAKE
seq_0031,ALIGN MASK LEVEL 1
seq_0031,EXPOSE LITHO LEVEL 1
seq_0031,DEVELOP PHOTORESIST
seq_0031,INSPECT PATTERN LEVEL 1
seq_0031,HARD BAKE
seq_0031,OXIDE ETCH DRY
seq_0031,STRIP PHOTORESIST
seq_0031,CLEAN AFTER ETCH
seq_0031,MEASURE CD LEVEL 1
seq_0031,DEPOSIT POLYSILICON
seq_0031,ANNEAL POLYSILICON
seq_0031,SPIN COAT PHOTORESIST
seq_0031,SOFT BAKE
seq_0031,ALIGN MASK LEVEL 2
seq_0031,EXPOSE LITHO LEVEL 2
seq_0031,POST EXPOSE BAKE
seq_0031,DEVELOP PHOTORESIST
seq_0031,PATTERN INSPECTION LEVEL 2
seq_0031,HARD BAKE
seq_0031,POLYSILICON ETCH DRY
seq_0031,STRIP RESIST
seq_0031,CLEAN AFTER POLY ETCH
seq_0031,MEASURE CD LEVEL 2
seq_0031,IMPLANT N-TYPE
seq_0031,PRE ANNEAL CHECK
seq_0031,RAPID THERMAL ANNEAL
seq_0031,MEASURE SHEET RESISTANCE
seq_0031,DEPOSIT INTERLAYER DIELECTRIC
seq_0031,DENSIFY OXIDE
seq_0031,MEASURE DIELECTRIC THICKNESS
seq_0031,CMP DIELECTRIC
seq_0031,MEASURE PLANARITY
seq_0031,SPIN COAT PHOTORESIST
seq_0031,SOFT BAKE
seq_0031,ALIGN MASK LEVEL 3
seq_0031,EXPOSE LITHO LEVEL 3
seq_0031,DEVELOP PHOTORESIST
seq_0031,VIA INSPECTION
seq_0031,VIA ETCH
seq_0031,STRIP RESIST
seq_0031,CLEAN AFTER VIA ETCH
seq_0031,DEPOSIT BARRIER METAL
seq_0031,DEPOSIT TUNGSTEN SEED
seq_0031,FILL VIA TUNGSTEN
seq_0031,CMP METAL
seq_0031,MEASURE CONTACT RESISTANCE
seq_0031,DEPOSIT METAL 1
seq_0031,ANNEAL METAL
seq_0031,MEASURE METAL THICKNESS
seq_0031,SPIN COAT PHOTORESIST
seq_0031,SOFT BAKE
seq_0031,ALIGN MASK LEVEL 4
seq_0031,EXPOSE LITHO LEVEL 4
seq_0031,DEVELOP PHOTORESIST
seq_0031,METAL PATTERN INSPECTION
seq_0031,HARD BAKE
seq_0031,METAL ETCH DRY
seq_0031,STRIP RESIST
seq_0031,CLEAN AFTER METAL ETCH
seq_0031,MEASURE LINE WIDTH
seq_0031,DEPOSIT PASSIVATION LAYER
seq_0031,CURE PASSIVATION
seq_0031,MEASURE PASSIVATION THICKNESS
seq_0031,OPEN BOND PAD WINDOW
seq_0031,OPEN PAD WINDOW LITHO
seq_0031,DEVELOP PHOTORESIST
seq_0031,PASSIVATION ETCH PAD OPENING
seq_0031,STRIP PHOTORESIST
seq_0031,CLEAN PAD OPENING
seq_0031,MEASURE PAD OPENING
seq_0031,BACKSIDE THINNING CHECK
seq_0031,BACKSIDE CLEAN
seq_0031,DEPOSIT BACKSIDE PROTECTION
seq_0031,BACKSIDE ANNEAL
seq_0031,FINAL CLEAN
seq_0031,FINAL THICKNESS MEASURE
seq_0031,FINAL GEOMETRY CHECK
seq_0031,FINAL OXIDE CHECK
seq_0031,FINAL PARTICLE INSPECTION
seq_0031,PARAMETRIC TEST
seq_0031,LEAKAGE TEST
seq_0031,SWITCHING TEST
seq_0031,WAFER SORT TEST
seq_0031,YIELD ANALYSIS
seq_0031,FINAL LOT RELEASE
seq_0031,PACKAGE PREPARATION
seq_0031,SHIP LOT
seq_0032,RECEIVE WAFER LOT
seq_0032,LOT IDENTIFICATION
seq_0032,INITIAL WAFER INSPECTION
seq_0032,MEASURE INITIAL THICKNESS
seq_0032,MEASURE SURFACE PARTICLES
seq_0032,WAFER CLEAN PRE PROCESS
seq_0032,BACKSIDE CLEAN
seq_0032,RCA CLEAN 1
seq_0032,WET CLEAN RCA2
seq_0032,HF DIP
seq_0032,DRY WAFER
seq_0032,WAFER CLEAN PRE-GRIND
seq_0032,GRINDING WAFER BACKSIDE
seq_0032,MEASURE INITIAL GEOMETRY
seq_0032,ETCH WET BACKSIDE
seq_0032,RINSE WET WAFER_EDGE
seq_0032,DRY WAFER BACKSIDE
seq_0032,BACKSIDE CLEAN
seq_0032,MEASURE BACKSIDE ROUGHNESS
seq_0032,THERMAL OXIDATION
seq_0032,MEASURE OXIDE THICKNESS
seq_0032,WET CLEAN RCA1
seq_0032,WET CLEAN RCA2
seq_0032,HF DIP
seq_0032,OXIDE STRIP
seq_0032,SURFACE PREP FOR DEPOSITION
seq_0032,DEPOSIT PAD OXIDE
seq_0032,ANNEAL OXIDE
seq_0032,MEASURE OXIDE THICKNESS
seq_0032,SPIN COAT PHOTORESIST
seq_0032,SOFT BAKE
seq_0032,ALIGN MASK LEVEL 1
seq_0032,EXPOSE LITHO LEVEL 1
seq_0032,DEVELOP PHOTORESIST
seq_0032,INSPECT PATTERN LEVEL 1
seq_0032,HARD BAKE
seq_0032,OXIDE ETCH DRY
seq_0032,STRIP RESIST
seq_0032,CLEAN AFTER ETCH
seq_0032,MEASURE CD LEVEL 1
seq_0032,DEPOSIT POLYSILICON
seq_0032,ANNEAL POLYSILICON
seq_0032,SPIN COAT PHOTORESIST
seq_0032,SOFT BAKE
seq_0032,ALIGN MASK LEVEL 2
seq_0032,EXPOSE LITHO LEVEL 2
seq_0032,DEVELOP PHOTORESIST
seq_0032,PATTERN INSPECTION LEVEL 2
seq_0032,POLYSILICON ETCH DRY
seq_0032,STRIP RESIST
seq_0032,CLEAN AFTER POLY ETCH
seq_0032,MEASURE CD LEVEL 2
seq_0032,IMPLANT N-TYPE
seq_0032,RAPID THERMAL ANNEAL
seq_0032,MEASURE SHEET RESISTANCE
seq_0032,DEPOSIT INTERLEVEL DIELECTRIC
seq_0032,DENSIFY OXIDE
seq_0032,MEASURE DIELECTRIC THICKNESS
seq_0032,CMP DIELECTRIC
seq_0032,MEASURE PLANARITY
seq_0032,SPIN COAT PHOTORESIST
seq_0032,SOFT BAKE
seq_0032,ALIGN MASK LEVEL 3
seq_0032,EXPOSE LITHO LEVEL 3
seq_0032,POST EXPOSE BAKE
seq_0032,DEVELOP PHOTORESIST
seq_0032,VIA OPENING INSPECTION
seq_0032,HARD BAKE
seq_0032,DIELECTRIC ETCH VIA
seq_0032,STRIP PHOTORESIST
seq_0032,CLEAN AFTER VIA ETCH
seq_0032,MEASURE VIA CD
seq_0032,DEPOSIT BARRIER METAL
seq_0032,DEPOSIT TUNGSTEN SEED
seq_0032,FILL VIA TUNGSTEN
seq_0032,CMP METAL
seq_0032,DEPOSIT METAL 1
seq_0032,ANNEAL METAL 1
seq_0032,MEASURE METAL THICKNESS
seq_0032,SPIN COAT PHOTORESIST
seq_0032,SOFT BAKE
seq_0032,ALIGN MASK LEVEL 4
seq_0032,EXPOSE LITHO LEVEL 4
seq_0032,POST EXPOSE BAKE
seq_0032,DEVELOP PHOTORESIST
seq_0032,METAL PATTERN INSPECTION
seq_0032,METAL ETCH DRY
seq_0032,STRIP PHOTORESIST
seq_0032,CLEAN AFTER METAL ETCH
seq_0032,MEASURE LINE WIDTH
seq_0032,DEPOSIT PASSIVATION
seq_0032,CURE PASSIVATION
seq_0032,MEASURE PASSIVATION THICKNESS
seq_0032,OPEN PAD WINDOW
seq_0032,PAD WINDOW LITHO
seq_0032,DEVELOP PAD WINDOW
seq_0032,PASSIVATION ETCH PAD OPENING
seq_0032,STRIP PHOTORESIST
seq_0032,CLEAN PAD OPENING
seq_0032,MEASURE PAD OPENING
seq_0032,BACKSIDE THINNING CHECK
seq_0032,BACKSIDE CLEAN
seq_0032,DEPOSIT BACKSIDE PROTECTION
seq_0032,BACKSIDE ANNEAL
seq_0032,FINAL CLEAN
seq_0032,FINAL THICKNESS MEASURE
seq_0032,FINAL GEOMETRY CHECK
seq_0032,FINAL OXIDE CHECK
seq_0032,FINAL CD INSPECTION
seq_0032,FINAL PARTICLE INSPECTION
seq_0032,FINAL ELECTRICAL TEST PREP
seq_0032,ELECTRICAL PARAMETRIC TEST
seq_0032,LEAKAGE TEST
seq_0032,PARAMETRIC TEST
seq_0032,SWITCHING TEST
seq_0032,WAFER SORT TEST
seq_0032,YIELD ANALYSIS
seq_0032,FINAL LOT RELEASE
seq_0032,PACKAGE PREPARATION
seq_0032,SHIP LOT
seq_0033,RECEIVE WAFER LOT
seq_0033,LOT IDENTIFICATION
seq_0033,INITIAL WAFER INSPECTION
seq_0033,MEASURE INITIAL THICKNESS
seq_0033,MEASURE SURFACE PARTICLES
seq_0033,WAFER CLEAN PRE PROCESS
seq_0033,BACKSIDE CLEAN
seq_0033,RCA CLEAN 1
seq_0033,RCA CLEAN 2
seq_0033,HF DIP
seq_0033,DRY WAFER
seq_0033,WAFER CLEAN PRE-GRIND
seq_0033,GRINDING WAFER BACKSIDE
seq_0033,MEASURE INITIAL GEOMETRY
seq_0033,ETCH WET BACKSIDE
seq_0033,RINSE WET WAFER_EDGE
seq_0033,DRY WAFER BACKSIDE
seq_0033,BACKSIDE CLEAN
seq_0033,MEASURE BACKSIDE ROUGHNESS
seq_0033,THERMAL OXIDATION
seq_0033,MEASURE OXIDE THICKNESS
seq_0033,RCA CLEAN 1
seq_0033,WET CLEAN RCA2
seq_0033,HF DIP
seq_0033,OXIDE STRIP
seq_0033,SURFACE PREP FOR DEPOSITION
seq_0033,DEPOSIT PAD OXIDE
seq_0033,ANNEAL OXIDE
seq_0033,MEASURE OXIDE THICKNESS
seq_0033,SPIN COAT PHOTORESIST
seq_0033,SOFT BAKE
seq_0033,ALIGN MASK LEVEL 1
seq_0033,EXPOSE LITHO LEVEL 1
seq_0033,DEVELOP PHOTORESIST
seq_0033,INSPECT PATTERN LEVEL 1
seq_0033,HARD BAKE
seq_0033,OXIDE ETCH DRY
seq_0033,STRIP RESIST
seq_0033,CLEAN AFTER ETCH
seq_0033,DEPOSIT POLYSILICON
seq_0033,ANNEAL POLYSILICON
seq_0033,SPIN COAT PHOTORESIST
seq_0033,SOFT BAKE
seq_0033,ALIGN MASK LEVEL 2
seq_0033,EXPOSE LITHO LEVEL 2
seq_0033,DEVELOP PHOTORESIST
seq_0033,PATTERN INSPECTION LEVEL 2
seq_0033,POLYSILICON ETCH DRY
seq_0033,STRIP RESIST LEVEL 2
seq_0033,CLEAN AFTER POLY ETCH
seq_0033,IMPLANT N-TYPE
seq_0033,RAPID THERMAL ANNEAL
seq_0033,MEASURE SHEET RESISTANCE
seq_0033,DEPOSIT INTERLEVEL DIELECTRIC
seq_0033,DENSIFY DIELECTRIC
seq_0033,MEASURE FILM THICKNESS
seq_0033,CMP DIELECTRIC
seq_0033,MEASURE PLANARITY
seq_0033,SPIN COAT PHOTORESIST
seq_0033,SOFT BAKE
seq_0033,ALIGN MASK LEVEL 3
seq_0033,EXPOSE LITHO LEVEL 3
seq_0033,POST EXPOSE BAKE
seq_0033,DEVELOP PHOTORESIST
seq_0033,VIA OPENING INSPECTION
seq_0033,VIA ETCH THROUGH DIELECTRIC
seq_0033,STRIP RESIST
seq_0033,CLEAN AFTER VIA ETCH
seq_0033,DEPOSIT BARRIER METAL
seq_0033,DEPOSIT TUNGSTEN SEED
seq_0033,FILL VIA TUNGSTEN
seq_0033,CMP METAL
seq_0033,MEASURE VIA RESISTANCE
seq_0033,DEPOSIT TOP METAL
seq_0033,ANNEAL METAL
seq_0033,SPIN COAT PHOTORESIST
seq_0033,SOFT BAKE
seq_0033,ALIGN MASK LEVEL 4
seq_0033,EXPOSE LITHO LEVEL 4
seq_0033,POST EXPOSE BAKE
seq_0033,DEVELOP PHOTORESIST
seq_0033,METAL PATTERN INSPECTION
seq_0033,METAL ETCH DRY
seq_0033,STRIP PHOTORESIST
seq_0033,CLEAN AFTER METAL ETCH
seq_0033,MEASURE LINE WIDTH
seq_0033,DEPOSIT PASSIVATION LAYER
seq_0033,CURE PASSIVATION
seq_0033,MEASURE PASSIVATION THICKNESS
seq_0033,OPEN BOND PAD WINDOW
seq_0033,OPEN PAD WINDOW LITHO
seq_0033,DEVELOP PAD WINDOW
seq_0033,PASSIVATION ETCH
seq_0033,STRIP RESIST
seq_0033,CLEAN PAD OPENING
seq_0033,MEASURE PAD OPENING
seq_0033,BACKSIDE CLEAN FINAL
seq_0033,DEPOSIT BACKSIDE PROTECTION
seq_0033,BACKSIDE ANNEAL
seq_0033,FINAL CLEAN
seq_0033,FINAL THICKNESS MEASURE
seq_0033,FINAL GEOMETRY CHECK
seq_0033,FINAL OXIDE CHECK
seq_0033,FINAL CD INSPECTION
seq_0033,FINAL PARTICLE INSPECTION
seq_0033,ELECTRICAL PARAMETRIC TEST
seq_0033,LEAKAGE TEST
seq_0033,PARAMETRIC TEST
seq_0033,SWITCHING TEST
seq_0033,WAFER SORT TEST
seq_0033,YIELD ANALYSIS
seq_0033,FINAL LOT RELEASE
seq_0033,PACKAGE PREPARATION
seq_0033,SHIP LOT
seq_0034,RECEIVE WAFER LOT
seq_0034,LOT IDENTIFICATION
seq_0034,PRE CLEAN INSPECTION
seq_0034,MEASURE SURFACE DEFECTS
seq_0034,WAFER CLEAN PRE PROCESS
seq_0034,BACKSIDE CLEAN
seq_0034,FRONTSIDE CLEAN
seq_0034,WET CLEAN RCA1
seq_0034,WET CLEAN RCA2
seq_0034,HF DIP
seq_0034,DRY WAFER
seq_0034,WAFER CLEAN PRE-GRIND
seq_0034,GRINDING WAFER BACKSIDE
seq_0034,MEASURE INITIAL GEOMETRY
seq_0034,ETCH WET BACKSIDE
seq_0034,RINSE WET WAFER_EDGE
seq_0034,DRY WAFER BACKSIDE
seq_0034,BACKSIDE CLEAN
seq_0034,MEASURE BACKSIDE ROUGHNESS
seq_0034,THERMAL OXIDATION
seq_0034,MEASURE OXIDE THICKNESS
seq_0034,RCA CLEAN 1
seq_0034,WET CLEAN RCA2
seq_0034,HF DIP
seq_0034,OXIDE STRIP
seq_0034,SURFACE PREP FOR DEPOSITION
seq_0034,DEPOSIT PAD OXIDE
seq_0034,ANNEAL OXIDE
seq_0034,MEASURE FILM THICKNESS
seq_0034,SPIN COAT PHOTORESIST
seq_0034,SOFT BAKE
seq_0034,ALIGN MASK LEVEL 1
seq_0034,EXPOSE LITHO LEVEL 1
seq_0034,POST EXPOSE BAKE
seq_0034,DEVELOP PHOTORESIST
seq_0034,INSPECT PATTERN LEVEL 1
seq_0034,HARD BAKE
seq_0034,OXIDE ETCH DRY
seq_0034,STRIP PHOTORESIST
seq_0034,CLEAN AFTER ETCH
seq_0034,MEASURE CD LEVEL 1
seq_0034,DEPOSIT POLYSILICON
seq_0034,ANNEAL POLYSILICON
seq_0034,SPIN COAT PHOTORESIST
seq_0034,SOFT BAKE
seq_0034,ALIGN MASK LEVEL 2
seq_0034,EXPOSE LITHO LEVEL 2
seq_0034,DEVELOP PHOTORESIST
seq_0034,PATTERN INSPECTION LEVEL 2
seq_0034,HARD BAKE
seq_0034,POLYSILICON ETCH DRY
seq_0034,STRIP RESIST
seq_0034,CLEAN AFTER POLY ETCH
seq_0034,MEASURE CD LEVEL 2
seq_0034,IMPLANT N-TYPE
seq_0034,RAPID THERMAL ANNEAL
seq_0034,MEASURE SHEET RESISTANCE
seq_0034,DEPOSIT INTERLAYER DIELECTRIC
seq_0034,DENSIFY DIELECTRIC
seq_0034,MEASURE DIELECTRIC THICKNESS
seq_0034,CMP DIELECTRIC
seq_0034,MEASURE SURFACE PLANARITY
seq_0034,SPIN COAT PHOTORESIST
seq_0034,SOFT BAKE
seq_0034,ALIGN MASK LEVEL 3
seq_0034,EXPOSE LITHO LEVEL 3
seq_0034,POST EXPOSE BAKE
seq_0034,DEVELOP PHOTORESIST
seq_0034,VIA OPENING INSPECTION
seq_0034,HARD BAKE
seq_0034,DIELECTRIC ETCH VIA
seq_0034,STRIP PHOTORESIST
seq_0034,CLEAN AFTER VIA ETCH
seq_0034,MEASURE VIA CD
seq_0034,DEPOSIT BARRIER METAL
seq_0034,DEPOSIT TUNGSTEN SEED
seq_0034,FILL VIA TUNGSTEN
seq_0034,CMP VIA FILL
seq_0034,MEASURE VIA RESISTANCE
seq_0034,DEPOSIT METAL 1
seq_0034,ANNEAL METAL 1
seq_0034,MEASURE METAL THICKNESS
seq_0034,SPIN COAT PHOTORESIST
seq_0034,SOFT BAKE
seq_0034,ALIGN MASK LEVEL 4
seq_0034,EXPOSE LITHO LEVEL 4
seq_0034,DEVELOP PHOTORESIST
seq_0034,METAL PATTERN INSPECTION
seq_0034,HARD BAKE
seq_0034,METAL ETCH DRY
seq_0034,STRIP RESIST
seq_0034,CLEAN AFTER METAL ETCH
seq_0034,MEASURE LINE WIDTH
seq_0034,DEPOSIT PASSIVATION
seq_0034,CURE PASSIVATION
seq_0034,MEASURE PASSIVATION QUALITY
seq_0034,OPEN BOND PAD WINDOW
seq_0034,PAD WINDOW LITHO
seq_0034,DEVELOP PAD WINDOW
seq_0034,PASSIVATION ETCH
seq_0034,STRIP PHOTORESIST
seq_0034,CLEAN PAD OPENING
seq_0034,MEASURE PAD OPENING
seq_0034,BACKSIDE CLEAN
seq_0034,DEPOSIT BACKSIDE PROTECTION
seq_0034,BACKSIDE ANNEAL
seq_0034,FINAL CLEAN
seq_0034,FINAL THICKNESS MEASURE
seq_0034,FINAL GEOMETRY CHECK
seq_0034,PARAMETRIC TEST
seq_0034,LEAKAGE TEST
seq_0034,THRESHOLD VOLTAGE TEST
seq_0034,SWITCHING TEST
seq_0034,WAFER SORT TEST
seq_0034,YIELD ANALYSIS
seq_0034,FINAL LOT RELEASE
seq_0034,PACKAGE PREPARATION
seq_0034,SHIP LOT
seq_0035,RECEIVE WAFER LOT
seq_0035,LOT IDENTIFICATION
seq_0035,INITIAL WAFER INSPECTION
seq_0035,MEASURE INITIAL GEOMETRY
seq_0035,MEASURE SURFACE DEFECTS
seq_0035,WAFER CLEAN PRE PROCESS
seq_0035,BACKSIDE CLEAN
seq_0035,RCA CLEAN 1
seq_0035,WET CLEAN RCA2
seq_0035,HF DIP
seq_0035,WAFER CLEAN PRE-GRIND
seq_0035,GRINDING WAFER BACKSIDE
seq_0035,MEASURE GEOMETRY
seq_0035,ETCH WET BACKSIDE
seq_0035,RINSE WET WAFER_EDGE
seq_0035,DRY WAFER BACKSIDE
seq_0035,BACKSIDE CLEAN
seq_0035,MEASURE BACKSIDE ROUGHNESS
seq_0035,THERMAL OXIDATION
seq_0035,MEASURE OXIDE THICKNESS
seq_0035,RCA CLEAN 1
seq_0035,WET CLEAN RCA2
seq_0035,HF DIP
seq_0035,OXIDE STRIP
seq_0035,SURFACE PREP FOR DEPOSITION
seq_0035,DEPOSIT PAD OXIDE
seq_0035,ANNEAL OXIDE
seq_0035,MEASURE OXIDE THICKNESS
seq_0035,SPIN COAT PHOTORESIST
seq_0035,SOFT BAKE
seq_0035,ALIGN MASK LEVEL 1
seq_0035,EXPOSE LITHO LEVEL 1
seq_0035,DEVELOP PHOTORESIST
seq_0035,INSPECT PATTERN LEVEL 1
seq_0035,HARD BAKE
seq_0035,OXIDE ETCH DRY
seq_0035,STRIP RESIST
seq_0035,CLEAN AFTER ETCH
seq_0035,MEASURE CD LEVEL 1
seq_0035,DEPOSIT POLYSILICON
seq_0035,ANNEAL POLYSILICON
seq_0035,SPIN COAT PHOTORESIST
seq_0035,SOFT BAKE
seq_0035,ALIGN MASK LEVEL 2
seq_0035,EXPOSE LITHO LEVEL 2
seq_0035,DEVELOP PHOTORESIST
seq_0035,PATTERN INSPECTION LEVEL 2
seq_0035,POLYSILICON ETCH DRY
seq_0035,STRIP RESIST LEVEL 2
seq_0035,CLEAN AFTER POLY ETCH
seq_0035,MEASURE CD LEVEL 2
seq_0035,IMPLANT N-TYPE
seq_0035,PRE ANNEAL CHECK
seq_0035,RAPID THERMAL ANNEAL
seq_0035,MEASURE SHEET RESISTANCE
seq_0035,DEPOSIT INTERLAYER DIELECTRIC
seq_0035,DENSIFY DIELECTRIC
seq_0035,MEASURE FILM THICKNESS
seq_0035,CMP DIELECTRIC
seq_0035,MEASURE SURFACE PLANARITY
seq_0035,SPIN COAT PHOTORESIST
seq_0035,SOFT BAKE
seq_0035,ALIGN MASK LEVEL 3
seq_0035,EXPOSE LITHO LEVEL 3
seq_0035,DEVELOP PHOTORESIST
seq_0035,VIA OPENING INSPECTION
seq_0035,DIELECTRIC ETCH VIA
seq_0035,STRIP PHOTORESIST
seq_0035,CLEAN AFTER VIA ETCH
seq_0035,MEASURE VIA CD
seq_0035,DEPOSIT BARRIER METAL
seq_0035,DEPOSIT TUNGSTEN SEED
seq_0035,FILL VIA TUNGSTEN
seq_0035,CMP METAL
seq_0035,MEASURE CONTACT RESISTANCE
seq_0035,DEPOSIT METAL 1
seq_0035,ANNEAL METAL
seq_0035,SPIN COAT PHOTORESIST
seq_0035,SOFT BAKE
seq_0035,ALIGN MASK LEVEL 4
seq_0035,EXPOSE LITHO LEVEL 4
seq_0035,DEVELOP PHOTORESIST
seq_0035,METAL PATTERN INSPECTION
seq_0035,METAL ETCH DRY
seq_0035,STRIP PHOTORESIST
seq_0035,CLEAN AFTER METAL ETCH
seq_0035,MEASURE LINE WIDTH
seq_0035,DEPOSIT PASSIVATION LAYER
seq_0035,CURE PASSIVATION
seq_0035,MEASURE PASSIVATION QUALITY
seq_0035,OPEN BOND PAD WINDOW
seq_0035,OPEN PAD WINDOW LITHO
seq_0035,DEVELOP PAD WINDOW
seq_0035,PASSIVATION ETCH PAD OPENING
seq_0035,STRIP PHOTORESIST
seq_0035,CLEAN PAD OPENING
seq_0035,MEASURE PAD OPENING
seq_0035,BACKSIDE CLEAN FINAL
seq_0035,DEPOSIT BACKSIDE PROTECTION
seq_0035,BACKSIDE ANNEAL
seq_0035,FRONTSIDE CLEAN FINAL
seq_0035,FINAL CLEAN
seq_0035,FINAL THICKNESS MEASURE
seq_0035,FINAL PARTICLE INSPECTION
seq_0035,ELECTRICAL PARAMETRIC TEST
seq_0035,LEAKAGE TEST
seq_0035,THRESHOLD VOLTAGE TEST
seq_0035,SWITCHING TEST
seq_0035,WAFER SORT TEST
seq_0035,YIELD ANALYSIS
seq_0035,LOT RELEASE
seq_0035,SHIP LOT
seq_0036,RECEIVE WAFER LOT
seq_0036,LOT IDENTIFICATION
seq_0036,INITIAL WAFER INSPECTION
seq_0036,MEASURE INITIAL THICKNESS
seq_0036,MEASURE SURFACE DEFECTS
seq_0036,WAFER CLEAN PRE PROCESS
seq_0036,BACKSIDE CLEAN
seq_0036,FRONTSIDE CLEAN
seq_0036,RCA CLEAN 1
seq_0036,WET CLEAN RCA2
seq_0036,HF DIP
seq_0036,WAFER CLEAN PRE-GRIND
seq_0036,GRINDING WAFER BACKSIDE
seq_0036,MEASURE INITIAL GEOMETRY
seq_0036,ETCH WET BACKSIDE
seq_0036,RINSE WET WAFER_EDGE
seq_0036,DRY WAFER BACKSIDE
seq_0036,BACKSIDE CLEAN
seq_0036,MEASURE BACKSIDE ROUGHNESS
seq_0036,THERMAL OXIDATION
seq_0036,MEASURE OXIDE THICKNESS
seq_0036,RCA CLEAN 1
seq_0036,RCA CLEAN 2
seq_0036,HF DIP
seq_0036,OXIDE STRIP
seq_0036,SURFACE PREP FOR DEPOSITION
seq_0036,DEPOSIT PAD OXIDE
seq_0036,ANNEAL OXIDE
seq_0036,MEASURE FILM THICKNESS
seq_0036,SPIN COAT PHOTORESIST
seq_0036,SOFT BAKE
seq_0036,ALIGN MASK LEVEL 1
seq_0036,EXPOSE LITHO LEVEL 1
seq_0036,DEVELOP PHOTORESIST
seq_0036,INSPECT PATTERN LEVEL 1
seq_0036,HARD BAKE
seq_0036,OXIDE ETCH DRY
seq_0036,STRIP PHOTORESIST
seq_0036,CLEAN AFTER ETCH
seq_0036,MEASURE CD LEVEL 1
seq_0036,DEPOSIT POLYSILICON
seq_0036,ANNEAL POLYSILICON
seq_0036,SPIN COAT PHOTORESIST
seq_0036,SOFT BAKE
seq_0036,ALIGN MASK LEVEL 2
seq_0036,EXPOSE LITHO LEVEL 2
seq_0036,POST EXPOSE BAKE
seq_0036,DEVELOP PHOTORESIST
seq_0036,PATTERN INSPECTION LEVEL 2
seq_0036,HARD BAKE
seq_0036,POLYSILICON ETCH DRY
seq_0036,STRIP RESIST
seq_0036,CLEAN AFTER POLY ETCH
seq_0036,MEASURE CD LEVEL 2
seq_0036,IMPLANT N-TYPE
seq_0036,RAPID THERMAL ANNEAL
seq_0036,MEASURE SHEET RESISTANCE
seq_0036,DEPOSIT INTERLEVEL DIELECTRIC
seq_0036,DENSIFY OXIDE
seq_0036,MEASURE FILM THICKNESS
seq_0036,CMP DIELECTRIC
seq_0036,MEASURE SURFACE PLANARITY
seq_0036,SPIN COAT PHOTORESIST
seq_0036,SOFT BAKE
seq_0036,ALIGN MASK LEVEL 3
seq_0036,EXPOSE LITHO LEVEL 3
seq_0036,POST EXPOSE BAKE
seq_0036,DEVELOP PHOTORESIST
seq_0036,VIA OPENING INSPECTION
seq_0036,DIELECTRIC ETCH VIA
seq_0036,STRIP RESIST
seq_0036,CLEAN AFTER VIA ETCH
seq_0036,MEASURE VIA CD
seq_0036,DEPOSIT BARRIER METAL
seq_0036,DEPOSIT TUNGSTEN SEED
seq_0036,FILL VIA TUNGSTEN
seq_0036,CMP METAL
seq_0036,DEPOSIT TOP METAL
seq_0036,ANNEAL METAL 1
seq_0036,SPIN COAT PHOTORESIST
seq_0036,SOFT BAKE
seq_0036,ALIGN MASK LEVEL 4
seq_0036,EXPOSE LITHO LEVEL 4
seq_0036,DEVELOP PHOTORESIST
seq_0036,METAL PATTERN INSPECTION
seq_0036,METAL ETCH DRY
seq_0036,STRIP PHOTORESIST
seq_0036,CLEAN AFTER METAL ETCH
seq_0036,DEPOSIT PASSIVATION LAYER
seq_0036,CURE PASSIVATION
seq_0036,MEASURE PASSIVATION THICKNESS
seq_0036,OPEN PAD WINDOW
seq_0036,OPEN PAD WINDOW LITHO
seq_0036,DEVELOP PHOTORESIST
seq_0036,PASSIVATION ETCH PAD OPENING
seq_0036,STRIP PHOTORESIST
seq_0036,CLEAN PAD OPENING
seq_0036,MEASURE PAD OPENING
seq_0036,BACKSIDE THINNING CHECK
seq_0036,BACKSIDE CLEAN
seq_0036,DEPOSIT BACKSIDE PROTECTION
seq_0036,BACKSIDE ANNEAL
seq_0036,FRONTSIDE CLEAN FINAL
seq_0036,FINAL CLEAN
seq_0036,FINAL GEOMETRY CHECK
seq_0036,FINAL OXIDE CHECK
seq_0036,FINAL CD INSPECTION
seq_0036,FINAL PARTICLE INSPECTION
seq_0036,PARAMETRIC TEST
seq_0036,LEAKAGE TEST
seq_0036,SWITCHING TEST
seq_0036,WAFER SORT TEST
seq_0036,YIELD ANALYSIS
seq_0036,LOT RELEASE
seq_0036,SHIP LOT
seq_0037,RECEIVE WAFER LOT
seq_0037,LOT IDENTIFICATION
seq_0037,INITIAL WAFER INSPECTION
seq_0037,MEASURE INITIAL GEOMETRY
seq_0037,WAFER CLEAN PRE PROCESS
seq_0037,BACKSIDE CLEAN
seq_0037,RCA CLEAN 1
seq_0037,RCA CLEAN 2
seq_0037,HF DIP
seq_0037,DRY WAFER
seq_0037,WAFER CLEAN PRE-GRIND
seq_0037,GRINDING WAFER BACKSIDE
seq_0037,MEASURE INITIAL GEOMETRY
seq_0037,ETCH WET BACKSIDE
seq_0037,RINSE WET WAFER_EDGE
seq_0037,DRY WAFER BACKSIDE
seq_0037,BACKSIDE CLEAN
seq_0037,MEASURE BACKSIDE ROUGHNESS
seq_0037,THERMAL OXIDATION
seq_0037,MEASURE OXIDE THICKNESS
seq_0037,WET CLEAN RCA1
seq_0037,RCA CLEAN 2
seq_0037,HF DIP
seq_0037,OXIDE STRIP
seq_0037,SURFACE PREP FOR DEPOSITION
seq_0037,DEPOSIT PAD OXIDE
seq_0037,ANNEAL OXIDE
seq_0037,MEASURE FILM THICKNESS
seq_0037,SPIN COAT PHOTORESIST
seq_0037,SOFT BAKE
seq_0037,ALIGN MASK LEVEL 1
seq_0037,EXPOSE LITHO LEVEL 1
seq_0037,DEVELOP PHOTORESIST
seq_0037,INSPECT PATTERN LEVEL 1
seq_0037,HARD BAKE
seq_0037,OXIDE ETCH DRY
seq_0037,STRIP RESIST
seq_0037,CLEAN AFTER ETCH
seq_0037,MEASURE CD LEVEL 1
seq_0037,DEPOSIT POLYSILICON
seq_0037,ANNEAL POLYSILICON
seq_0037,SPIN COAT PHOTORESIST
seq_0037,SOFT BAKE
seq_0037,ALIGN MASK LEVEL 2
seq_0037,EXPOSE LITHO LEVEL 2
seq_0037,DEVELOP PHOTORESIST
seq_0037,PATTERN INSPECTION LEVEL 2
seq_0037,POLYSILICON ETCH DRY
seq_0037,STRIP RESIST LEVEL 2
seq_0037,CLEAN AFTER POLY ETCH
seq_0037,MEASURE CD LEVEL 2
seq_0037,IMPLANT N-TYPE
seq_0037,RAPID THERMAL ANNEAL
seq_0037,DEPOSIT INTERLAYER DIELECTRIC
seq_0037,DENSIFY OXIDE
seq_0037,MEASURE FILM THICKNESS
seq_0037,CMP INTERLAYER DIELECTRIC
seq_0037,MEASURE SURFACE PLANARITY
seq_0037,SPIN COAT PHOTORESIST
seq_0037,SOFT BAKE
seq_0037,ALIGN MASK LEVEL 3
seq_0037,EXPOSE LITHO LEVEL 3
seq_0037,DEVELOP PHOTORESIST
seq_0037,VIA INSPECTION
seq_0037,DIELECTRIC ETCH VIA
seq_0037,STRIP RESIST
seq_0037,CLEAN AFTER VIA ETCH
seq_0037,MEASURE VIA CD
seq_0037,DEPOSIT BARRIER METAL
seq_0037,DEPOSIT TUNGSTEN SEED
seq_0037,FILL VIA TUNGSTEN
seq_0037,CMP METAL
seq_0037,MEASURE VIA RESISTANCE
seq_0037,DEPOSIT METAL 1
seq_0037,ANNEAL METAL 1
seq_0037,MEASURE METAL THICKNESS
seq_0037,SPIN COAT PHOTORESIST
seq_0037,SOFT BAKE
seq_0037,ALIGN MASK LEVEL 4
seq_0037,EXPOSE LITHO LEVEL 4
seq_0037,DEVELOP PHOTORESIST
seq_0037,METAL PATTERN INSPECTION
seq_0037,METAL ETCH DRY
seq_0037,STRIP PHOTORESIST
seq_0037,CLEAN AFTER METAL ETCH
seq_0037,MEASURE LINE WIDTH
seq_0037,DEPOSIT PASSIVATION LAYER
seq_0037,CURE PASSIVATION
seq_0037,MEASURE PASSIVATION QUALITY
seq_0037,OPEN BOND PAD WINDOW
seq_0037,PAD WINDOW LITHO
seq_0037,DEVELOP PHOTORESIST
seq_0037,PASSIVATION ETCH PAD OPENING
seq_0037,STRIP RESIST
seq_0037,CLEAN PAD OPENING
seq_0037,MEASURE PAD OPENING
seq_0037,BACKSIDE CLEAN
seq_0037,DEPOSIT BACKSIDE PROTECTION
seq_0037,BACKSIDE ANNEAL
seq_0037,FRONTSIDE CLEAN FINAL
seq_0037,FINAL CLEAN
seq_0037,FINAL GEOMETRY CHECK
seq_0037,FINAL OXIDE CHECK
seq_0037,FINAL CD INSPECTION
seq_0037,FINAL PARTICLE INSPECTION
seq_0037,FINAL ELECTRICAL TEST PREP
seq_0037,PARAMETRIC TEST
seq_0037,LEAKAGE TEST
seq_0037,THRESHOLD VOLTAGE TEST
seq_0037,SWITCHING TEST
seq_0037,WAFER SORT TEST
seq_0037,YIELD ANALYSIS
seq_0037,FINAL LOT RELEASE
seq_0037,PACKAGE PREPARATION
seq_0037,SHIP LOT
seq_0038,RECEIVE WAFER LOT
seq_0038,LOT IDENTIFICATION
seq_0038,PRE CLEAN INSPECTION
seq_0038,MEASURE INITIAL GEOMETRY
seq_0038,WAFER CLEAN PRE PROCESS
seq_0038,FRONTSIDE CLEAN
seq_0038,WET CLEAN RCA1
seq_0038,WET CLEAN RCA2
seq_0038,HF DIP
seq_0038,WAFER CLEAN PRE-GRIND
seq_0038,GRINDING WAFER BACKSIDE
seq_0038,MEASURE INITIAL GEOMETRY
seq_0038,ETCH WET BACKSIDE
seq_0038,RINSE WET WAFER_EDGE
seq_0038,DRY WAFER BACKSIDE
seq_0038,BACKSIDE CLEAN
seq_0038,MEASURE BACKSIDE ROUGHNESS
seq_0038,THERMAL OXIDATION
seq_0038,MEASURE OXIDE THICKNESS
seq_0038,WET CLEAN RCA1
seq_0038,WET CLEAN RCA2
seq_0038,HF DIP
seq_0038,OXIDE STRIP
seq_0038,SURFACE PREP FOR DEPOSITION
seq_0038,DEPOSIT PAD OXIDE
seq_0038,ANNEAL OXIDE
seq_0038,MEASURE FILM THICKNESS
seq_0038,SPIN COAT PHOTORESIST
seq_0038,SOFT BAKE
seq_0038,ALIGN MASK LEVEL 1
seq_0038,EXPOSE LITHO LEVEL 1
seq_0038,POST EXPOSE BAKE
seq_0038,DEVELOP PHOTORESIST
seq_0038,INSPECT PATTERN LEVEL 1
seq_0038,HARD BAKE
seq_0038,OXIDE ETCH DRY
seq_0038,STRIP PHOTORESIST
seq_0038,CLEAN AFTER ETCH
seq_0038,MEASURE CD LEVEL 1
seq_0038,DEPOSIT POLYSILICON
seq_0038,ANNEAL POLYSILICON
seq_0038,SPIN COAT PHOTORESIST
seq_0038,SOFT BAKE
seq_0038,ALIGN MASK LEVEL 2
seq_0038,EXPOSE LITHO LEVEL 2
seq_0038,DEVELOP PHOTORESIST
seq_0038,PATTERN INSPECTION LEVEL 2
seq_0038,HARD BAKE
seq_0038,POLYSILICON ETCH DRY
seq_0038,STRIP RESIST LEVEL 2
seq_0038,CLEAN AFTER POLY ETCH
seq_0038,MEASURE CD LEVEL 2
seq_0038,IMPLANT N-TYPE
seq_0038,RAPID THERMAL ANNEAL
seq_0038,DEPOSIT INTERLEVEL DIELECTRIC
seq_0038,DENSIFY DIELECTRIC
seq_0038,MEASURE FILM THICKNESS
seq_0038,CMP INTERLAYER DIELECTRIC
seq_0038,MEASURE SURFACE PLANARITY
seq_0038,SPIN COAT PHOTORESIST
seq_0038,SOFT BAKE
seq_0038,ALIGN MASK LEVEL 3
seq_0038,EXPOSE LITHO LEVEL 3
seq_0038,POST EXPOSE BAKE
seq_0038,DEVELOP PHOTORESIST
seq_0038,VIA INSPECTION
seq_0038,HARD BAKE
seq_0038,VIA ETCH THROUGH DIELECTRIC
seq_0038,STRIP PHOTORESIST
seq_0038,CLEAN AFTER VIA ETCH
seq_0038,MEASURE VIA CD
seq_0038,DEPOSIT BARRIER METAL
seq_0038,DEPOSIT TUNGSTEN SEED
seq_0038,FILL VIA TUNGSTEN
seq_0038,CMP VIA FILL
seq_0038,MEASURE CONTACT RESISTANCE
seq_0038,DEPOSIT METAL 1
seq_0038,ANNEAL METAL
seq_0038,MEASURE METAL THICKNESS
seq_0038,SPIN COAT PHOTORESIST
seq_0038,SOFT BAKE
seq_0038,ALIGN MASK LEVEL 4
seq_0038,EXPOSE LITHO LEVEL 4
seq_0038,DEVELOP PHOTORESIST
seq_0038,METAL PATTERN INSPECTION
seq_0038,METAL ETCH DRY
seq_0038,STRIP PHOTORESIST
seq_0038,CLEAN AFTER METAL ETCH
seq_0038,DEPOSIT PASSIVATION
seq_0038,CURE PASSIVATION
seq_0038,MEASURE PASSIVATION QUALITY
seq_0038,OPEN PAD WINDOW
seq_0038,PAD WINDOW LITHO
seq_0038,DEVELOP PAD WINDOW
seq_0038,PASSIVATION ETCH PAD OPENING
seq_0038,STRIP PHOTORESIST
seq_0038,CLEAN PAD OPENING
seq_0038,MEASURE PAD OPENING
seq_0038,BACKSIDE CLEAN FINAL
seq_0038,DEPOSIT BACKSIDE PROTECTION
seq_0038,BACKSIDE ANNEAL
seq_0038,FINAL CLEAN
seq_0038,FINAL THICKNESS MEASURE
seq_0038,FINAL CD INSPECTION
seq_0038,FINAL PARTICLE INSPECTION
seq_0038,FINAL ELECTRICAL TEST PREP
seq_0038,ELECTRICAL PARAMETRIC TEST
seq_0038,LEAKAGE TEST
seq_0038,THRESHOLD VOLTAGE TEST
seq_0038,SWITCHING TEST
seq_0038,WAFER SORT TEST
seq_0038,YIELD ANALYSIS
seq_0038,FINAL LOT RELEASE
seq_0038,SHIP LOT
seq_0039,RECEIVE WAFER LOT
seq_0039,LOT IDENTIFICATION
seq_0039,PRE CLEAN INSPECTION
seq_0039,MEASURE INITIAL THICKNESS
seq_0039,MEASURE SURFACE DEFECTS
seq_0039,WAFER CLEAN PRE PROCESS
seq_0039,RCA CLEAN 1
seq_0039,WET CLEAN RCA2
seq_0039,HF DIP
seq_0039,WAFER CLEAN PRE-GRIND
seq_0039,GRINDING WAFER BACKSIDE
seq_0039,MEASURE INITIAL GEOMETRY
seq_0039,ETCH WET BACKSIDE
seq_0039,RINSE WET WAFER_EDGE
seq_0039,DRY WAFER BACKSIDE
seq_0039,BACKSIDE CLEAN
seq_0039,MEASURE BACKSIDE ROUGHNESS
seq_0039,THERMAL OXIDATION
seq_0039,MEASURE OXIDE THICKNESS
seq_0039,WET CLEAN RCA1
seq_0039,WET CLEAN RCA2
seq_0039,HF DIP
seq_0039,OXIDE STRIP
seq_0039,SURFACE PREP FOR DEPOSITION
seq_0039,DEPOSIT PAD OXIDE
seq_0039,ANNEAL OXIDE
seq_0039,MEASURE OXIDE THICKNESS
seq_0039,SPIN COAT PHOTORESIST
seq_0039,SOFT BAKE
seq_0039,ALIGN MASK LEVEL 1
seq_0039,EXPOSE LITHO LEVEL 1
seq_0039,DEVELOP PHOTORESIST
seq_0039,INSPECT PATTERN LEVEL 1
seq_0039,HARD BAKE
seq_0039,OXIDE ETCH DRY
seq_0039,STRIP PHOTORESIST
seq_0039,CLEAN AFTER ETCH
seq_0039,MEASURE CD LEVEL 1
seq_0039,DEPOSIT POLYSILICON
seq_0039,ANNEAL POLYSILICON
seq_0039,SPIN COAT PHOTORESIST
seq_0039,SOFT BAKE
seq_0039,ALIGN MASK LEVEL 2
seq_0039,EXPOSE LITHO LEVEL 2
seq_0039,DEVELOP PHOTORESIST
seq_0039,PATTERN INSPECTION LEVEL 2
seq_0039,HARD BAKE
seq_0039,POLYSILICON ETCH DRY
seq_0039,STRIP RESIST LEVEL 2
seq_0039,CLEAN AFTER POLY ETCH
seq_0039,MEASURE CD LEVEL 2
seq_0039,IMPLANT N-TYPE
seq_0039,PRE ANNEAL CHECK
seq_0039,RAPID THERMAL ANNEAL
seq_0039,MEASURE SHEET RESISTANCE
seq_0039,DEPOSIT INTERLEVEL DIELECTRIC
seq_0039,DENSIFY OXIDE
seq_0039,MEASURE DIELECTRIC THICKNESS
seq_0039,CMP INTERLAYER DIELECTRIC
seq_0039,MEASURE PLANARITY
seq_0039,SPIN COAT PHOTORESIST
seq_0039,SOFT BAKE
seq_0039,ALIGN MASK LEVEL 3
seq_0039,EXPOSE LITHO LEVEL 3
seq_0039,DEVELOP PHOTORESIST
seq_0039,VIA INSPECTION
seq_0039,VIA ETCH THROUGH DIELECTRIC
seq_0039,STRIP PHOTORESIST
seq_0039,CLEAN AFTER VIA ETCH
seq_0039,DEPOSIT BARRIER METAL
seq_0039,DEPOSIT TUNGSTEN SEED
seq_0039,FILL VIA TUNGSTEN
seq_0039,CMP METAL
seq_0039,MEASURE VIA RESISTANCE
seq_0039,DEPOSIT TOP METAL
seq_0039,ANNEAL METAL 1
seq_0039,SPIN COAT PHOTORESIST
seq_0039,SOFT BAKE
seq_0039,ALIGN MASK LEVEL 4
seq_0039,EXPOSE LITHO LEVEL 4
seq_0039,DEVELOP PHOTORESIST
seq_0039,METAL PATTERN INSPECTION
seq_0039,METAL ETCH DRY
seq_0039,STRIP PHOTORESIST
seq_0039,CLEAN AFTER METAL ETCH
seq_0039,MEASURE LINE WIDTH
seq_0039,DEPOSIT PASSIVATION
seq_0039,CURE PASSIVATION
seq_0039,MEASURE PASSIVATION THICKNESS
seq_0039,OPEN BOND PAD WINDOW
seq_0039,OPEN PAD WINDOW LITHO
seq_0039,DEVELOP PHOTORESIST
seq_0039,PASSIVATION ETCH
seq_0039,STRIP PHOTORESIST
seq_0039,CLEAN PAD OPENING
seq_0039,MEASURE PAD OPENING
seq_0039,BACKSIDE THINNING CHECK
seq_0039,BACKSIDE CLEAN FINAL
seq_0039,DEPOSIT BACKSIDE PROTECTION
seq_0039,BACKSIDE ANNEAL
seq_0039,FINAL CLEAN
seq_0039,FINAL THICKNESS MEASURE
seq_0039,FINAL GEOMETRY CHECK
seq_0039,FINAL OXIDE CHECK
seq_0039,FINAL CD INSPECTION
seq_0039,FINAL PARTICLE INSPECTION
seq_0039,PARAMETRIC TEST
seq_0039,LEAKAGE TEST
seq_0039,THRESHOLD VOLTAGE TEST
seq_0039,SWITCHING TEST
seq_0039,WAFER SORT TEST
seq_0039,YIELD ANALYSIS
seq_0039,LOT RELEASE
seq_0039,SHIP LOT
seq_0040,RECEIVE WAFER LOT
seq_0040,LOT IDENTIFICATION
seq_0040,PRE CLEAN INSPECTION
seq_0040,MEASURE INITIAL THICKNESS
seq_0040,MEASURE SURFACE PARTICLES
seq_0040,WAFER CLEAN PRE PROCESS
seq_0040,WET CLEAN RCA1
seq_0040,WET CLEAN RCA2
seq_0040,HF DIP
seq_0040,DRY WAFER
seq_0040,WAFER CLEAN PRE-GRIND
seq_0040,GRINDING WAFER BACKSIDE
seq_0040,MEASURE INITIAL GEOMETRY
seq_0040,ETCH WET BACKSIDE
seq_0040,RINSE WET WAFER_EDGE
seq_0040,DRY WAFER BACKSIDE
seq_0040,BACKSIDE CLEAN
seq_0040,MEASURE BACKSIDE ROUGHNESS
seq_0040,THERMAL OXIDATION
seq_0040,MEASURE OXIDE THICKNESS
seq_0040,WET CLEAN RCA1
seq_0040,RCA CLEAN 2
seq_0040,HF DIP
seq_0040,OXIDE STRIP
seq_0040,SURFACE PREP FOR DEPOSITION
seq_0040,DEPOSIT PAD OXIDE
seq_0040,ANNEAL OXIDE
seq_0040,MEASURE FILM THICKNESS
seq_0040,SPIN COAT PHOTORESIST
seq_0040,SOFT BAKE
seq_0040,ALIGN MASK LEVEL 1
seq_0040,EXPOSE LITHO LEVEL 1
seq_0040,DEVELOP PHOTORESIST
seq_0040,INSPECT PATTERN LEVEL 1
seq_0040,HARD BAKE
seq_0040,OXIDE ETCH DRY
seq_0040,STRIP RESIST
seq_0040,CLEAN AFTER ETCH
seq_0040,MEASURE CD LEVEL 1
seq_0040,DEPOSIT POLYSILICON
seq_0040,ANNEAL POLYSILICON
seq_0040,SPIN COAT PHOTORESIST
seq_0040,SOFT BAKE
seq_0040,ALIGN MASK LEVEL 2
seq_0040,EXPOSE LITHO LEVEL 2
seq_0040,POST EXPOSE BAKE
seq_0040,DEVELOP PHOTORESIST
seq_0040,PATTERN INSPECTION LEVEL 2
seq_0040,POLYSILICON ETCH DRY
seq_0040,STRIP RESIST
seq_0040,CLEAN AFTER POLY ETCH
seq_0040,MEASURE CD LEVEL 2
seq_0040,IMPLANT N-TYPE
seq_0040,RAPID THERMAL ANNEAL
seq_0040,DEPOSIT INTERLEVEL DIELECTRIC
seq_0040,DENSIFY OXIDE
seq_0040,MEASURE FILM THICKNESS
seq_0040,CMP INTERLAYER DIELECTRIC
seq_0040,MEASURE PLANARITY
seq_0040,SPIN COAT PHOTORESIST
seq_0040,SOFT BAKE
seq_0040,ALIGN MASK LEVEL 3
seq_0040,EXPOSE LITHO LEVEL 3
seq_0040,DEVELOP PHOTORESIST
seq_0040,VIA OPENING INSPECTION
seq_0040,DIELECTRIC ETCH VIA
seq_0040,STRIP RESIST
seq_0040,CLEAN AFTER VIA ETCH
seq_0040,MEASURE VIA CD
seq_0040,DEPOSIT BARRIER METAL
seq_0040,DEPOSIT TUNGSTEN SEED
seq_0040,FILL VIA TUNGSTEN
seq_0040,CMP VIA FILL
seq_0040,MEASURE CONTACT RESISTANCE
seq_0040,DEPOSIT METAL 1
seq_0040,ANNEAL METAL 1
seq_0040,MEASURE METAL THICKNESS
seq_0040,SPIN COAT PHOTORESIST
seq_0040,SOFT BAKE
seq_0040,ALIGN MASK LEVEL 4
seq_0040,EXPOSE LITHO LEVEL 4
seq_0040,POST EXPOSE BAKE
seq_0040,DEVELOP PHOTORESIST
seq_0040,METAL PATTERN INSPECTION
seq_0040,HARD BAKE
seq_0040,METAL ETCH DRY
seq_0040,STRIP PHOTORESIST
seq_0040,CLEAN AFTER METAL ETCH
seq_0040,DEPOSIT PASSIVATION
seq_0040,CURE PASSIVATION
seq_0040,MEASURE PASSIVATION THICKNESS
seq_0040,OPEN BOND PAD WINDOW
seq_0040,PAD WINDOW LITHO
seq_0040,DEVELOP PAD WINDOW
seq_0040,PASSIVATION ETCH
seq_0040,STRIP RESIST
seq_0040,CLEAN PAD OPENING
seq_0040,MEASURE PAD OPENING
seq_0040,BACKSIDE THINNING CHECK
seq_0040,BACKSIDE CLEAN
seq_0040,DEPOSIT BACKSIDE PROTECTION
seq_0040,BACKSIDE ANNEAL
seq_0040,FINAL CLEAN
seq_0040,FINAL THICKNESS MEASURE
seq_0040,FINAL GEOMETRY CHECK
seq_0040,PARAMETRIC TEST
seq_0040,LEAKAGE TEST
seq_0040,SWITCHING TEST
seq_0040,WAFER SORT TEST
seq_0040,YIELD ANALYSIS
seq_0040,LOT RELEASE
seq_0040,PACKAGE PREPARATION
seq_0040,SHIP LOT
seq_0041,RECEIVE WAFER LOT
seq_0041,LOT IDENTIFICATION
seq_0041,PRE CLEAN INSPECTION
seq_0041,MEASURE INITIAL GEOMETRY
seq_0041,WAFER CLEAN PRE PROCESS
seq_0041,BACKSIDE CLEAN
seq_0041,FRONTSIDE CLEAN
seq_0041,WET CLEAN RCA1
seq_0041,WET CLEAN RCA2
seq_0041,HF DIP
seq_0041,WAFER CLEAN PRE-GRIND
seq_0041,GRINDING WAFER BACKSIDE
seq_0041,MEASURE INITIAL GEOMETRY
seq_0041,ETCH WET BACKSIDE
seq_0041,RINSE WET WAFER_EDGE
seq_0041,DRY WAFER BACKSIDE
seq_0041,BACKSIDE CLEAN
seq_0041,MEASURE BACKSIDE ROUGHNESS
seq_0041,THERMAL OXIDATION
seq_0041,MEASURE OXIDE THICKNESS
seq_0041,RCA CLEAN 1
seq_0041,WET CLEAN RCA2
seq_0041,HF DIP
seq_0041,OXIDE STRIP
seq_0041,SURFACE PREP FOR DEPOSITION
seq_0041,DEPOSIT PAD OXIDE
seq_0041,ANNEAL OXIDE
seq_0041,MEASURE OXIDE THICKNESS
seq_0041,SPIN COAT PHOTORESIST
seq_0041,SOFT BAKE
seq_0041,ALIGN MASK LEVEL 1
seq_0041,EXPOSE LITHO LEVEL 1
seq_0041,DEVELOP PHOTORESIST
seq_0041,INSPECT PATTERN LEVEL 1
seq_0041,HARD BAKE
seq_0041,OXIDE ETCH DRY
seq_0041,STRIP PHOTORESIST
seq_0041,CLEAN AFTER ETCH
seq_0041,MEASURE CD LEVEL 1
seq_0041,DEPOSIT POLYSILICON
seq_0041,ANNEAL POLYSILICON
seq_0041,SPIN COAT PHOTORESIST
seq_0041,SOFT BAKE
seq_0041,ALIGN MASK LEVEL 2
seq_0041,EXPOSE LITHO LEVEL 2
seq_0041,DEVELOP PHOTORESIST
seq_0041,PATTERN INSPECTION LEVEL 2
seq_0041,HARD BAKE
seq_0041,POLYSILICON ETCH DRY
seq_0041,STRIP RESIST
seq_0041,CLEAN AFTER POLY ETCH
seq_0041,MEASURE CD LEVEL 2
seq_0041,IMPLANT N-TYPE
seq_0041,PRE ANNEAL CHECK
seq_0041,RAPID THERMAL ANNEAL
seq_0041,MEASURE SHEET RESISTANCE
seq_0041,DEPOSIT INTERLAYER DIELECTRIC
seq_0041,DENSIFY OXIDE
seq_0041,MEASURE DIELECTRIC THICKNESS
seq_0041,CMP INTERLAYER DIELECTRIC
seq_0041,MEASURE SURFACE PLANARITY
seq_0041,SPIN COAT PHOTORESIST
seq_0041,SOFT BAKE
seq_0041,ALIGN MASK LEVEL 3
seq_0041,EXPOSE LITHO LEVEL 3
seq_0041,DEVELOP PHOTORESIST
seq_0041,VIA INSPECTION
seq_0041,VIA ETCH
seq_0041,STRIP RESIST
seq_0041,CLEAN AFTER VIA ETCH
seq_0041,DEPOSIT BARRIER METAL
seq_0041,DEPOSIT TUNGSTEN SEED
seq_0041,FILL VIA TUNGSTEN
seq_0041,CMP VIA FILL
seq_0041,MEASURE CONTACT RESISTANCE
seq_0041,DEPOSIT TOP METAL
seq_0041,ANNEAL METAL 1
seq_0041,SPIN COAT PHOTORESIST
seq_0041,SOFT BAKE
seq_0041,ALIGN MASK LEVEL 4
seq_0041,EXPOSE LITHO LEVEL 4
seq_0041,POST EXPOSE BAKE
seq_0041,DEVELOP PHOTORESIST
seq_0041,METAL PATTERN INSPECTION
seq_0041,METAL ETCH DRY
seq_0041,STRIP RESIST
seq_0041,CLEAN AFTER METAL ETCH
seq_0041,DEPOSIT PASSIVATION
seq_0041,CURE PASSIVATION
seq_0041,MEASURE PASSIVATION THICKNESS
seq_0041,OPEN BOND PAD WINDOW
seq_0041,OPEN PAD WINDOW LITHO
seq_0041,DEVELOP PHOTORESIST
seq_0041,PASSIVATION ETCH PAD OPENING
seq_0041,STRIP RESIST
seq_0041,CLEAN PAD OPENING
seq_0041,MEASURE PAD OPENING
seq_0041,BACKSIDE CLEAN
seq_0041,DEPOSIT BACKSIDE PROTECTION
seq_0041,BACKSIDE ANNEAL
seq_0041,FINAL CLEAN
seq_0041,FINAL THICKNESS MEASURE
seq_0041,FINAL GEOMETRY CHECK
seq_0041,FINAL OXIDE CHECK
seq_0041,FINAL CD INSPECTION
seq_0041,FINAL PARTICLE INSPECTION
seq_0041,FINAL ELECTRICAL TEST PREP
seq_0041,PARAMETRIC TEST
seq_0041,LEAKAGE TEST
seq_0041,SWITCHING TEST
seq_0041,WAFER SORT TEST
seq_0041,YIELD ANALYSIS
seq_0041,LOT RELEASE
seq_0041,SHIP LOT
seq_0042,RECEIVE WAFER LOT
seq_0042,LOT IDENTIFICATION
seq_0042,INITIAL WAFER INSPECTION
seq_0042,MEASURE SURFACE PARTICLES
seq_0042,WAFER CLEAN PRE PROCESS
seq_0042,WET CLEAN RCA1
seq_0042,RCA CLEAN 2
seq_0042,HF DIP
seq_0042,DRY WAFER
seq_0042,WAFER CLEAN PRE-GRIND
seq_0042,GRINDING WAFER BACKSIDE
seq_0042,MEASURE INITIAL GEOMETRY
seq_0042,ETCH WET BACKSIDE
seq_0042,RINSE WET WAFER_EDGE
seq_0042,DRY WAFER BACKSIDE
seq_0042,BACKSIDE CLEAN
seq_0042,MEASURE BACKSIDE ROUGHNESS
seq_0042,THERMAL OXIDATION
seq_0042,MEASURE OXIDE THICKNESS
seq_0042,WET CLEAN RCA1
seq_0042,WET CLEAN RCA2
seq_0042,HF DIP
seq_0042,OXIDE STRIP
seq_0042,SURFACE PREP FOR DEPOSITION
seq_0042,DEPOSIT PAD OXIDE
seq_0042,ANNEAL OXIDE
seq_0042,MEASURE FILM THICKNESS
seq_0042,SPIN COAT PHOTORESIST
seq_0042,SOFT BAKE
seq_0042,ALIGN MASK LEVEL 1
seq_0042,EXPOSE LITHO LEVEL 1
seq_0042,DEVELOP PHOTORESIST
seq_0042,INSPECT PATTERN LEVEL 1
seq_0042,HARD BAKE
seq_0042,OXIDE ETCH DRY
seq_0042,STRIP PHOTORESIST
seq_0042,CLEAN AFTER ETCH
seq_0042,MEASURE CD LEVEL 1
seq_0042,DEPOSIT POLYSILICON
seq_0042,ANNEAL POLYSILICON
seq_0042,SPIN COAT PHOTORESIST
seq_0042,SOFT BAKE
seq_0042,ALIGN MASK LEVEL 2
seq_0042,EXPOSE LITHO LEVEL 2
seq_0042,POST EXPOSE BAKE
seq_0042,DEVELOP PHOTORESIST
seq_0042,PATTERN INSPECTION LEVEL 2
seq_0042,POLYSILICON ETCH DRY
seq_0042,STRIP RESIST
seq_0042,CLEAN AFTER POLY ETCH
seq_0042,MEASURE CD LEVEL 2
seq_0042,IMPLANT N-TYPE
seq_0042,RAPID THERMAL ANNEAL
seq_0042,MEASURE SHEET RESISTANCE
seq_0042,DEPOSIT INTERLAYER DIELECTRIC
seq_0042,DENSIFY OXIDE
seq_0042,MEASURE DIELECTRIC THICKNESS
seq_0042,CMP DIELECTRIC
seq_0042,MEASURE SURFACE PLANARITY
seq_0042,SPIN COAT PHOTORESIST
seq_0042,SOFT BAKE
seq_0042,ALIGN MASK LEVEL 3
seq_0042,EXPOSE LITHO LEVEL 3
seq_0042,POST EXPOSE BAKE
seq_0042,DEVELOP PHOTORESIST
seq_0042,VIA OPENING INSPECTION
seq_0042,DIELECTRIC ETCH VIA
seq_0042,STRIP RESIST
seq_0042,CLEAN AFTER VIA ETCH
seq_0042,DEPOSIT BARRIER METAL
seq_0042,DEPOSIT TUNGSTEN SEED
seq_0042,FILL VIA TUNGSTEN
seq_0042,CMP METAL
seq_0042,DEPOSIT TOP METAL
seq_0042,ANNEAL METAL 1
seq_0042,SPIN COAT PHOTORESIST
seq_0042,SOFT BAKE
seq_0042,ALIGN MASK LEVEL 4
seq_0042,EXPOSE LITHO LEVEL 4
seq_0042,DEVELOP PHOTORESIST
seq_0042,METAL PATTERN INSPECTION
seq_0042,METAL ETCH DRY
seq_0042,STRIP RESIST
seq_0042,CLEAN AFTER METAL ETCH
seq_0042,MEASURE LINE WIDTH
seq_0042,DEPOSIT PASSIVATION
seq_0042,CURE PASSIVATION
seq_0042,MEASURE PASSIVATION QUALITY
seq_0042,OPEN PAD WINDOW
seq_0042,OPEN PAD WINDOW LITHO
seq_0042,DEVELOP PHOTORESIST
seq_0042,PASSIVATION ETCH
seq_0042,STRIP RESIST
seq_0042,CLEAN PAD OPENING
seq_0042,MEASURE PAD OPENING
seq_0042,BACKSIDE THINNING CHECK
seq_0042,BACKSIDE CLEAN FINAL
seq_0042,DEPOSIT BACKSIDE PROTECTION
seq_0042,BACKSIDE ANNEAL
seq_0042,FRONTSIDE CLEAN FINAL
seq_0042,FINAL CLEAN
seq_0042,FINAL GEOMETRY CHECK
seq_0042,FINAL CD INSPECTION
seq_0042,FINAL PARTICLE INSPECTION
seq_0042,FINAL ELECTRICAL TEST PREP
seq_0042,PARAMETRIC TEST
seq_0042,LEAKAGE TEST
seq_0042,SWITCHING TEST
seq_0042,WAFER SORT TEST
seq_0042,YIELD ANALYSIS
seq_0042,FINAL LOT RELEASE
seq_0042,PACKAGE PREPARATION
seq_0042,SHIP LOT
seq_0043,RECEIVE WAFER LOT
seq_0043,LOT IDENTIFICATION
seq_0043,PRE CLEAN INSPECTION
seq_0043,MEASURE INITIAL THICKNESS
seq_0043,MEASURE SURFACE DEFECTS
seq_0043,WAFER CLEAN PRE PROCESS
seq_0043,BACKSIDE CLEAN
seq_0043,RCA CLEAN 1
seq_0043,WET CLEAN RCA2
seq_0043,HF DIP
seq_0043,DRY WAFER
seq_0043,WAFER CLEAN PRE-GRIND
seq_0043,GRINDING WAFER BACKSIDE
seq_0043,MEASURE GEOMETRY
seq_0043,ETCH WET BACKSIDE
seq_0043,RINSE WET WAFER_EDGE
seq_0043,DRY WAFER BACKSIDE
seq_0043,BACKSIDE CLEAN
seq_0043,MEASURE BACKSIDE ROUGHNESS
seq_0043,THERMAL OXIDATION
seq_0043,MEASURE OXIDE THICKNESS
seq_0043,RCA CLEAN 1
seq_0043,RCA CLEAN 2
seq_0043,HF DIP
seq_0043,OXIDE STRIP
seq_0043,SURFACE PREP FOR DEPOSITION
seq_0043,DEPOSIT PAD OXIDE
seq_0043,ANNEAL OXIDE
seq_0043,MEASURE OXIDE THICKNESS
seq_0043,SPIN COAT PHOTORESIST
seq_0043,SOFT BAKE
seq_0043,ALIGN MASK LEVEL 1
seq_0043,EXPOSE LITHO LEVEL 1
seq_0043,DEVELOP PHOTORESIST
seq_0043,INSPECT PATTERN LEVEL 1
seq_0043,HARD BAKE
seq_0043,OXIDE ETCH DRY
seq_0043,STRIP RESIST
seq_0043,CLEAN AFTER ETCH
seq_0043,MEASURE CD LEVEL 1
seq_0043,DEPOSIT POLYSILICON
seq_0043,ANNEAL POLYSILICON
seq_0043,SPIN COAT PHOTORESIST
seq_0043,SOFT BAKE
seq_0043,ALIGN MASK LEVEL 2
seq_0043,EXPOSE LITHO LEVEL 2
seq_0043,DEVELOP PHOTORESIST
seq_0043,PATTERN INSPECTION LEVEL 2
seq_0043,POLYSILICON ETCH DRY
seq_0043,STRIP RESIST
seq_0043,CLEAN AFTER POLY ETCH
seq_0043,IMPLANT N-TYPE
seq_0043,RAPID THERMAL ANNEAL
seq_0043,MEASURE SHEET RESISTANCE
seq_0043,DEPOSIT INTERLEVEL DIELECTRIC
seq_0043,DENSIFY DIELECTRIC
seq_0043,MEASURE DIELECTRIC THICKNESS
seq_0043,CMP DIELECTRIC
seq_0043,MEASURE PLANARITY
seq_0043,SPIN COAT PHOTORESIST
seq_0043,SOFT BAKE
seq_0043,ALIGN MASK LEVEL 3
seq_0043,EXPOSE LITHO LEVEL 3
seq_0043,POST EXPOSE BAKE
seq_0043,DEVELOP PHOTORESIST
seq_0043,VIA OPENING INSPECTION
seq_0043,HARD BAKE
seq_0043,VIA ETCH THROUGH DIELECTRIC
seq_0043,STRIP RESIST
seq_0043,CLEAN AFTER VIA ETCH
seq_0043,MEASURE VIA CD
seq_0043,DEPOSIT BARRIER METAL
seq_0043,DEPOSIT TUNGSTEN SEED
seq_0043,FILL VIA TUNGSTEN
seq_0043,CMP METAL
seq_0043,MEASURE CONTACT RESISTANCE
seq_0043,DEPOSIT METAL 1
seq_0043,ANNEAL METAL
seq_0043,SPIN COAT PHOTORESIST
seq_0043,SOFT BAKE
seq_0043,ALIGN MASK LEVEL 4
seq_0043,EXPOSE LITHO LEVEL 4
seq_0043,POST EXPOSE BAKE
seq_0043,DEVELOP PHOTORESIST
seq_0043,METAL PATTERN INSPECTION
seq_0043,HARD BAKE
seq_0043,METAL ETCH DRY
seq_0043,STRIP PHOTORESIST
seq_0043,CLEAN AFTER METAL ETCH
seq_0043,DEPOSIT PASSIVATION LAYER
seq_0043,CURE PASSIVATION
seq_0043,MEASURE PASSIVATION THICKNESS
seq_0043,OPEN BOND PAD WINDOW
seq_0043,PAD WINDOW LITHO
seq_0043,DEVELOP PHOTORESIST
seq_0043,PASSIVATION ETCH
seq_0043,STRIP RESIST
seq_0043,CLEAN PAD OPENING
seq_0043,MEASURE PAD OPENING
seq_0043,BACKSIDE THINNING CHECK
seq_0043,BACKSIDE CLEAN
seq_0043,DEPOSIT BACKSIDE PROTECTION
seq_0043,BACKSIDE ANNEAL
seq_0043,FINAL CLEAN
seq_0043,FINAL THICKNESS MEASURE
seq_0043,FINAL GEOMETRY CHECK
seq_0043,FINAL OXIDE CHECK
seq_0043,FINAL CD INSPECTION
seq_0043,FINAL ELECTRICAL TEST PREP
seq_0043,PARAMETRIC TEST
seq_0043,LEAKAGE TEST
seq_0043,SWITCHING TEST
seq_0043,WAFER SORT TEST
seq_0043,YIELD ANALYSIS
seq_0043,LOT RELEASE
seq_0043,PACKAGE PREPARATION
seq_0043,SHIP LOT
seq_0044,RECEIVE WAFER LOT
seq_0044,LOT IDENTIFICATION
seq_0044,INITIAL WAFER INSPECTION
seq_0044,MEASURE INITIAL THICKNESS
seq_0044,MEASURE SURFACE PARTICLES
seq_0044,WAFER CLEAN PRE PROCESS
seq_0044,WET CLEAN RCA1
seq_0044,WET CLEAN RCA2
seq_0044,HF DIP
seq_0044,WAFER CLEAN PRE-GRIND
seq_0044,GRINDING WAFER BACKSIDE
seq_0044,MEASURE INITIAL GEOMETRY
seq_0044,ETCH WET BACKSIDE
seq_0044,RINSE WET WAFER_EDGE
seq_0044,DRY WAFER BACKSIDE
seq_0044,BACKSIDE CLEAN
seq_0044,MEASURE BACKSIDE ROUGHNESS
seq_0044,THERMAL OXIDATION
seq_0044,MEASURE OXIDE THICKNESS
seq_0044,RCA CLEAN 1
seq_0044,WET CLEAN RCA2
seq_0044,HF DIP
seq_0044,OXIDE STRIP
seq_0044,SURFACE PREP FOR DEPOSITION
seq_0044,DEPOSIT PAD OXIDE
seq_0044,ANNEAL OXIDE
seq_0044,MEASURE FILM THICKNESS
seq_0044,SPIN COAT PHOTORESIST
seq_0044,SOFT BAKE
seq_0044,ALIGN MASK LEVEL 1
seq_0044,EXPOSE LITHO LEVEL 1
seq_0044,DEVELOP PHOTORESIST
seq_0044,INSPECT PATTERN LEVEL 1
seq_0044,HARD BAKE
seq_0044,OXIDE ETCH DRY
seq_0044,STRIP RESIST
seq_0044,CLEAN AFTER ETCH
seq_0044,MEASURE CD LEVEL 1
seq_0044,DEPOSIT POLYSILICON
seq_0044,ANNEAL POLYSILICON
seq_0044,SPIN COAT PHOTORESIST
seq_0044,SOFT BAKE
seq_0044,ALIGN MASK LEVEL 2
seq_0044,EXPOSE LITHO LEVEL 2
seq_0044,DEVELOP PHOTORESIST
seq_0044,PATTERN INSPECTION LEVEL 2
seq_0044,HARD BAKE
seq_0044,POLYSILICON ETCH DRY
seq_0044,STRIP RESIST
seq_0044,CLEAN AFTER POLY ETCH
seq_0044,MEASURE CD LEVEL 2
seq_0044,IMPLANT N-TYPE
seq_0044,RAPID THERMAL ANNEAL
seq_0044,MEASURE SHEET RESISTANCE
seq_0044,DEPOSIT INTERLAYER DIELECTRIC
seq_0044,DENSIFY OXIDE
seq_0044,MEASURE DIELECTRIC THICKNESS
seq_0044,CMP INTERLAYER DIELECTRIC
seq_0044,MEASURE SURFACE PLANARITY
seq_0044,SPIN COAT PHOTORESIST
seq_0044,SOFT BAKE
seq_0044,ALIGN MASK LEVEL 3
seq_0044,EXPOSE LITHO LEVEL 3
seq_0044,POST EXPOSE BAKE
seq_0044,DEVELOP PHOTORESIST
seq_0044,VIA OPENING INSPECTION
seq_0044,VIA ETCH
seq_0044,STRIP PHOTORESIST
seq_0044,CLEAN AFTER VIA ETCH
seq_0044,DEPOSIT BARRIER METAL
seq_0044,DEPOSIT TUNGSTEN SEED
seq_0044,FILL VIA TUNGSTEN
seq_0044,CMP METAL
seq_0044,DEPOSIT METAL 1
seq_0044,ANNEAL METAL 1
seq_0044,SPIN COAT PHOTORESIST
seq_0044,SOFT BAKE
seq_0044,ALIGN MASK LEVEL 4
seq_0044,EXPOSE LITHO LEVEL 4
seq_0044,DEVELOP PHOTORESIST
seq_0044,METAL PATTERN INSPECTION
seq_0044,METAL ETCH DRY
seq_0044,STRIP RESIST
seq_0044,CLEAN AFTER METAL ETCH
seq_0044,DEPOSIT PASSIVATION
seq_0044,CURE PASSIVATION
seq_0044,MEASURE PASSIVATION THICKNESS
seq_0044,OPEN BOND PAD WINDOW
seq_0044,OPEN PAD WINDOW LITHO
seq_0044,DEVELOP PHOTORESIST
seq_0044,PASSIVATION ETCH
seq_0044,STRIP PHOTORESIST
seq_0044,CLEAN PAD OPENING
seq_0044,MEASURE PAD OPENING
seq_0044,BACKSIDE THINNING CHECK
seq_0044,BACKSIDE CLEAN FINAL
seq_0044,DEPOSIT BACKSIDE PROTECTION
seq_0044,BACKSIDE ANNEAL
seq_0044,FINAL CLEAN
seq_0044,FINAL GEOMETRY CHECK
seq_0044,FINAL OXIDE CHECK
seq_0044,FINAL PARTICLE INSPECTION
seq_0044,ELECTRICAL PARAMETRIC TEST
seq_0044,LEAKAGE TEST
seq_0044,PARAMETRIC TEST
seq_0044,SWITCHING TEST
seq_0044,WAFER SORT TEST
seq_0044,YIELD ANALYSIS
seq_0044,FINAL LOT RELEASE
seq_0044,SHIP LOT
seq_0045,RECEIVE WAFER LOT
seq_0045,LOT IDENTIFICATION
seq_0045,PRE CLEAN INSPECTION
seq_0045,MEASURE SURFACE PARTICLES
seq_0045,WAFER CLEAN PRE PROCESS
seq_0045,RCA CLEAN 1
seq_0045,WET CLEAN RCA2
seq_0045,HF DIP
seq_0045,WAFER CLEAN PRE-GRIND
seq_0045,GRINDING WAFER BACKSIDE
seq_0045,MEASURE GEOMETRY
seq_0045,ETCH WET BACKSIDE
seq_0045,RINSE WET WAFER_EDGE
seq_0045,DRY WAFER BACKSIDE
seq_0045,BACKSIDE CLEAN
seq_0045,MEASURE BACKSIDE ROUGHNESS
seq_0045,THERMAL OXIDATION
seq_0045,MEASURE OXIDE THICKNESS
seq_0045,RCA CLEAN 1
seq_0045,RCA CLEAN 2
seq_0045,HF DIP
seq_0045,OXIDE STRIP
seq_0045,SURFACE PREP FOR DEPOSITION
seq_0045,DEPOSIT PAD OXIDE
seq_0045,ANNEAL OXIDE
seq_0045,MEASURE FILM THICKNESS
seq_0045,SPIN COAT PHOTORESIST
seq_0045,SOFT BAKE
seq_0045,ALIGN MASK LEVEL 1
seq_0045,EXPOSE LITHO LEVEL 1
seq_0045,DEVELOP PHOTORESIST
seq_0045,INSPECT PATTERN LEVEL 1
seq_0045,HARD BAKE
seq_0045,OXIDE ETCH DRY
seq_0045,STRIP RESIST
seq_0045,CLEAN AFTER ETCH
seq_0045,MEASURE CD LEVEL 1
seq_0045,DEPOSIT POLYSILICON
seq_0045,ANNEAL POLYSILICON
seq_0045,SPIN COAT PHOTORESIST
seq_0045,SOFT BAKE
seq_0045,ALIGN MASK LEVEL 2
seq_0045,EXPOSE LITHO LEVEL 2
seq_0045,DEVELOP PHOTORESIST
seq_0045,PATTERN INSPECTION LEVEL 2
seq_0045,POLYSILICON ETCH DRY
seq_0045,STRIP RESIST LEVEL 2
seq_0045,CLEAN AFTER POLY ETCH
seq_0045,MEASURE CD LEVEL 2
seq_0045,IMPLANT N-TYPE
seq_0045,PRE ANNEAL CHECK
seq_0045,RAPID THERMAL ANNEAL
seq_0045,MEASURE SHEET RESISTANCE
seq_0045,DEPOSIT INTERLAYER DIELECTRIC
seq_0045,DENSIFY DIELECTRIC
seq_0045,MEASURE FILM THICKNESS
seq_0045,CMP INTERLAYER DIELECTRIC
seq_0045,MEASURE PLANARITY
seq_0045,SPIN COAT PHOTORESIST
seq_0045,SOFT BAKE
seq_0045,ALIGN MASK LEVEL 3
seq_0045,EXPOSE LITHO LEVEL 3
seq_0045,DEVELOP PHOTORESIST
seq_0045,VIA OPENING INSPECTION
seq_0045,DIELECTRIC ETCH VIA
seq_0045,STRIP RESIST
seq_0045,CLEAN AFTER VIA ETCH
seq_0045,MEASURE VIA CD
seq_0045,DEPOSIT BARRIER METAL
seq_0045,DEPOSIT TUNGSTEN SEED
seq_0045,FILL VIA TUNGSTEN
seq_0045,CMP METAL
seq_0045,MEASURE CONTACT RESISTANCE
seq_0045,DEPOSIT METAL 1
seq_0045,ANNEAL METAL
seq_0045,SPIN COAT PHOTORESIST
seq_0045,SOFT BAKE
seq_0045,ALIGN MASK LEVEL 4
seq_0045,EXPOSE LITHO LEVEL 4
seq_0045,DEVELOP PHOTORESIST
seq_0045,METAL PATTERN INSPECTION
seq_0045,HARD BAKE
seq_0045,METAL ETCH DRY
seq_0045,STRIP PHOTORESIST
seq_0045,CLEAN AFTER METAL ETCH
seq_0045,MEASURE LINE WIDTH
seq_0045,DEPOSIT PASSIVATION LAYER
seq_0045,CURE PASSIVATION
seq_0045,MEASURE PASSIVATION QUALITY
seq_0045,OPEN PAD WINDOW
seq_0045,OPEN PAD WINDOW LITHO
seq_0045,DEVELOP PAD WINDOW
seq_0045,PASSIVATION ETCH
seq_0045,STRIP RESIST
seq_0045,CLEAN PAD OPENING
seq_0045,MEASURE PAD OPENING
seq_0045,BACKSIDE CLEAN FINAL
seq_0045,DEPOSIT BACKSIDE PROTECTION
seq_0045,BACKSIDE ANNEAL
seq_0045,FINAL CLEAN
seq_0045,FINAL THICKNESS MEASURE
seq_0045,FINAL GEOMETRY CHECK
seq_0045,FINAL OXIDE CHECK
seq_0045,ELECTRICAL PARAMETRIC TEST
seq_0045,LEAKAGE TEST
seq_0045,PARAMETRIC TEST
seq_0045,SWITCHING TEST
seq_0045,WAFER SORT TEST
seq_0045,YIELD ANALYSIS
seq_0045,FINAL LOT RELEASE
seq_0045,PACKAGE PREPARATION
seq_0045,SHIP LOT
seq_0046,RECEIVE WAFER LOT
seq_0046,LOT IDENTIFICATION
seq_0046,INITIAL WAFER INSPECTION
seq_0046,MEASURE INITIAL GEOMETRY
seq_0046,MEASURE SURFACE DEFECTS
seq_0046,WAFER CLEAN PRE PROCESS
seq_0046,BACKSIDE CLEAN
seq_0046,RCA CLEAN 1
seq_0046,WET CLEAN RCA2
seq_0046,HF DIP
seq_0046,DRY WAFER
seq_0046,WAFER CLEAN PRE-GRIND
seq_0046,GRINDING WAFER BACKSIDE
seq_0046,MEASURE GEOMETRY
seq_0046,ETCH WET BACKSIDE
seq_0046,RINSE WET WAFER_EDGE
seq_0046,DRY WAFER BACKSIDE
seq_0046,BACKSIDE CLEAN
seq_0046,MEASURE BACKSIDE ROUGHNESS
seq_0046,THERMAL OXIDATION
seq_0046,MEASURE OXIDE THICKNESS
seq_0046,WET CLEAN RCA1
seq_0046,WET CLEAN RCA2
seq_0046,HF DIP
seq_0046,OXIDE STRIP
seq_0046,SURFACE PREP FOR DEPOSITION
seq_0046,DEPOSIT PAD OXIDE
seq_0046,ANNEAL OXIDE
seq_0046,MEASURE OXIDE THICKNESS
seq_0046,SPIN COAT PHOTORESIST
seq_0046,SOFT BAKE
seq_0046,ALIGN MASK LEVEL 1
seq_0046,EXPOSE LITHO LEVEL 1
seq_0046,DEVELOP PHOTORESIST
seq_0046,INSPECT PATTERN LEVEL 1
seq_0046,HARD BAKE
seq_0046,OXIDE ETCH DRY
seq_0046,STRIP RESIST
seq_0046,CLEAN AFTER ETCH
seq_0046,MEASURE CD LEVEL 1
seq_0046,DEPOSIT POLYSILICON
seq_0046,ANNEAL POLYSILICON
seq_0046,SPIN COAT PHOTORESIST
seq_0046,SOFT BAKE
seq_0046,ALIGN MASK LEVEL 2
seq_0046,EXPOSE LITHO LEVEL 2
seq_0046,POST EXPOSE BAKE
seq_0046,DEVELOP PHOTORESIST
seq_0046,PATTERN INSPECTION LEVEL 2
seq_0046,HARD BAKE
seq_0046,POLYSILICON ETCH DRY
seq_0046,STRIP RESIST LEVEL 2
seq_0046,CLEAN AFTER POLY ETCH
seq_0046,MEASURE CD LEVEL 2
seq_0046,IMPLANT N-TYPE
seq_0046,PRE ANNEAL CHECK
seq_0046,RAPID THERMAL ANNEAL
seq_0046,MEASURE SHEET RESISTANCE
seq_0046,DEPOSIT INTERLAYER DIELECTRIC
seq_0046,DENSIFY OXIDE
seq_0046,MEASURE DIELECTRIC THICKNESS
seq_0046,CMP DIELECTRIC
seq_0046,MEASURE PLANARITY
seq_0046,SPIN COAT PHOTORESIST
seq_0046,SOFT BAKE
seq_0046,ALIGN MASK LEVEL 3
seq_0046,EXPOSE LITHO LEVEL 3
seq_0046,POST EXPOSE BAKE
seq_0046,DEVELOP PHOTORESIST
seq_0046,VIA OPENING INSPECTION
seq_0046,VIA ETCH
seq_0046,STRIP RESIST
seq_0046,CLEAN AFTER VIA ETCH
seq_0046,MEASURE VIA CD
seq_0046,DEPOSIT BARRIER METAL
seq_0046,DEPOSIT TUNGSTEN SEED
seq_0046,FILL VIA TUNGSTEN
seq_0046,CMP METAL
seq_0046,MEASURE CONTACT RESISTANCE
seq_0046,DEPOSIT METAL 1
seq_0046,ANNEAL METAL 1
seq_0046,SPIN COAT PHOTORESIST
seq_0046,SOFT BAKE
seq_0046,ALIGN MASK LEVEL 4
seq_0046,EXPOSE LITHO LEVEL 4
seq_0046,POST EXPOSE BAKE
seq_0046,DEVELOP PHOTORESIST
seq_0046,METAL PATTERN INSPECTION
seq_0046,METAL ETCH DRY
seq_0046,STRIP PHOTORESIST
seq_0046,CLEAN AFTER METAL ETCH
seq_0046,MEASURE LINE WIDTH
seq_0046,DEPOSIT PASSIVATION LAYER
seq_0046,CURE PASSIVATION
seq_0046,MEASURE PASSIVATION THICKNESS
seq_0046,OPEN BOND PAD WINDOW
seq_0046,PAD WINDOW LITHO
seq_0046,DEVELOP PAD WINDOW
seq_0046,PASSIVATION ETCH PAD OPENING
seq_0046,STRIP PHOTORESIST
seq_0046,CLEAN PAD OPENING
seq_0046,MEASURE PAD OPENING
seq_0046,BACKSIDE CLEAN FINAL
seq_0046,DEPOSIT BACKSIDE PROTECTION
seq_0046,BACKSIDE ANNEAL
seq_0046,FINAL CLEAN
seq_0046,FINAL THICKNESS MEASURE
seq_0046,FINAL GEOMETRY CHECK
seq_0046,FINAL OXIDE CHECK
seq_0046,FINAL CD INSPECTION
seq_0046,FINAL PARTICLE INSPECTION
seq_0046,PARAMETRIC TEST
seq_0046,LEAKAGE TEST
seq_0046,SWITCHING TEST
seq_0046,WAFER SORT TEST
seq_0046,YIELD ANALYSIS
seq_0046,LOT RELEASE
seq_0046,PACKAGE PREPARATION
seq_0046,SHIP LOT
seq_0047,RECEIVE WAFER LOT
seq_0047,LOT IDENTIFICATION
seq_0047,INITIAL WAFER INSPECTION
seq_0047,MEASURE INITIAL GEOMETRY
seq_0047,MEASURE SURFACE PARTICLES
seq_0047,WAFER CLEAN PRE PROCESS
seq_0047,WET CLEAN RCA1
seq_0047,RCA CLEAN 2
seq_0047,HF DIP
seq_0047,DRY WAFER
seq_0047,WAFER CLEAN PRE-GRIND
seq_0047,GRINDING WAFER BACKSIDE
seq_0047,MEASURE GEOMETRY
seq_0047,ETCH WET BACKSIDE
seq_0047,RINSE WET WAFER_EDGE
seq_0047,DRY WAFER BACKSIDE
seq_0047,BACKSIDE CLEAN
seq_0047,MEASURE BACKSIDE ROUGHNESS
seq_0047,THERMAL OXIDATION
seq_0047,MEASURE OXIDE THICKNESS
seq_0047,WET CLEAN RCA1
seq_0047,RCA CLEAN 2
seq_0047,HF DIP
seq_0047,OXIDE STRIP
seq_0047,SURFACE PREP FOR DEPOSITION
seq_0047,DEPOSIT PAD OXIDE
seq_0047,ANNEAL OXIDE
seq_0047,MEASURE FILM THICKNESS
seq_0047,SPIN COAT PHOTORESIST
seq_0047,SOFT BAKE
seq_0047,ALIGN MASK LEVEL 1
seq_0047,EXPOSE LITHO LEVEL 1
seq_0047,DEVELOP PHOTORESIST
seq_0047,INSPECT PATTERN LEVEL 1
seq_0047,HARD BAKE
seq_0047,OXIDE ETCH DRY
seq_0047,STRIP RESIST
seq_0047,CLEAN AFTER ETCH
seq_0047,DEPOSIT POLYSILICON
seq_0047,ANNEAL POLYSILICON
seq_0047,SPIN COAT PHOTORESIST
seq_0047,SOFT BAKE
seq_0047,ALIGN MASK LEVEL 2
seq_0047,EXPOSE LITHO LEVEL 2
seq_0047,POST EXPOSE BAKE
seq_0047,DEVELOP PHOTORESIST
seq_0047,PATTERN INSPECTION LEVEL 2
seq_0047,POLYSILICON ETCH DRY
seq_0047,STRIP RESIST LEVEL 2
seq_0047,CLEAN AFTER POLY ETCH
seq_0047,MEASURE CD LEVEL 2
seq_0047,IMPLANT N-TYPE
seq_0047,PRE ANNEAL CHECK
seq_0047,RAPID THERMAL ANNEAL
seq_0047,MEASURE SHEET RESISTANCE
seq_0047,DEPOSIT INTERLAYER DIELECTRIC
seq_0047,DENSIFY OXIDE
seq_0047,MEASURE DIELECTRIC THICKNESS
seq_0047,CMP INTERLAYER DIELECTRIC
seq_0047,MEASURE PLANARITY
seq_0047,SPIN COAT PHOTORESIST
seq_0047,SOFT BAKE
seq_0047,ALIGN MASK LEVEL 3
seq_0047,EXPOSE LITHO LEVEL 3
seq_0047,DEVELOP PHOTORESIST
seq_0047,VIA INSPECTION
seq_0047,VIA ETCH THROUGH DIELECTRIC
seq_0047,STRIP PHOTORESIST
seq_0047,CLEAN AFTER VIA ETCH
seq_0047,MEASURE VIA CD
seq_0047,DEPOSIT BARRIER METAL
seq_0047,DEPOSIT TUNGSTEN SEED
seq_0047,FILL VIA TUNGSTEN
seq_0047,CMP VIA FILL
seq_0047,MEASURE VIA RESISTANCE
seq_0047,DEPOSIT METAL 1
seq_0047,ANNEAL METAL
seq_0047,MEASURE METAL THICKNESS
seq_0047,SPIN COAT PHOTORESIST
seq_0047,SOFT BAKE
seq_0047,ALIGN MASK LEVEL 4
seq_0047,EXPOSE LITHO LEVEL 4
seq_0047,DEVELOP PHOTORESIST
seq_0047,METAL PATTERN INSPECTION
seq_0047,METAL ETCH DRY
seq_0047,STRIP RESIST
seq_0047,CLEAN AFTER METAL ETCH
seq_0047,MEASURE LINE WIDTH
seq_0047,DEPOSIT PASSIVATION
seq_0047,CURE PASSIVATION
seq_0047,MEASURE PASSIVATION THICKNESS
seq_0047,OPEN PAD WINDOW
seq_0047,PAD WINDOW LITHO
seq_0047,DEVELOP PHOTORESIST
seq_0047,PASSIVATION ETCH
seq_0047,STRIP RESIST
seq_0047,CLEAN PAD OPENING
seq_0047,MEASURE PAD OPENING
seq_0047,BACKSIDE THINNING CHECK
seq_0047,BACKSIDE CLEAN FINAL
seq_0047,DEPOSIT BACKSIDE PROTECTION
seq_0047,BACKSIDE ANNEAL
seq_0047,FRONTSIDE CLEAN FINAL
seq_0047,FINAL CLEAN
seq_0047,FINAL THICKNESS MEASURE
seq_0047,FINAL GEOMETRY CHECK
seq_0047,FINAL CD INSPECTION
seq_0047,FINAL PARTICLE INSPECTION
seq_0047,PARAMETRIC TEST
seq_0047,LEAKAGE TEST
seq_0047,SWITCHING TEST
seq_0047,WAFER SORT TEST
seq_0047,YIELD ANALYSIS
seq_0047,LOT RELEASE
seq_0047,PACKAGE PREPARATION
seq_0047,SHIP LOT
seq_0048,RECEIVE WAFER LOT
seq_0048,LOT IDENTIFICATION
seq_0048,INITIAL WAFER INSPECTION
seq_0048,MEASURE INITIAL GEOMETRY
seq_0048,MEASURE SURFACE PARTICLES
seq_0048,WAFER CLEAN PRE PROCESS
seq_0048,BACKSIDE CLEAN
seq_0048,FRONTSIDE CLEAN
seq_0048,WET CLEAN RCA1
seq_0048,WET CLEAN RCA2
seq_0048,HF DIP
seq_0048,DRY WAFER
seq_0048,WAFER CLEAN PRE-GRIND
seq_0048,GRINDING WAFER BACKSIDE
seq_0048,MEASURE INITIAL GEOMETRY
seq_0048,ETCH WET BACKSIDE
seq_0048,RINSE WET WAFER_EDGE
seq_0048,DRY WAFER BACKSIDE
seq_0048,BACKSIDE CLEAN
seq_0048,MEASURE BACKSIDE ROUGHNESS
seq_0048,THERMAL OXIDATION
seq_0048,MEASURE OXIDE THICKNESS
seq_0048,RCA CLEAN 1
seq_0048,RCA CLEAN 2
seq_0048,HF DIP
seq_0048,OXIDE STRIP
seq_0048,SURFACE PREP FOR DEPOSITION
seq_0048,DEPOSIT PAD OXIDE
seq_0048,ANNEAL OXIDE
seq_0048,MEASURE OXIDE THICKNESS
seq_0048,SPIN COAT PHOTORESIST
seq_0048,SOFT BAKE
seq_0048,ALIGN MASK LEVEL 1
seq_0048,EXPOSE LITHO LEVEL 1
seq_0048,DEVELOP PHOTORESIST
seq_0048,INSPECT PATTERN LEVEL 1
seq_0048,HARD BAKE
seq_0048,OXIDE ETCH DRY
seq_0048,STRIP PHOTORESIST
seq_0048,CLEAN AFTER ETCH
seq_0048,DEPOSIT POLYSILICON
seq_0048,ANNEAL POLYSILICON
seq_0048,SPIN COAT PHOTORESIST
seq_0048,SOFT BAKE
seq_0048,ALIGN MASK LEVEL 2
seq_0048,EXPOSE LITHO LEVEL 2
seq_0048,POST EXPOSE BAKE
seq_0048,DEVELOP PHOTORESIST
seq_0048,PATTERN INSPECTION LEVEL 2
seq_0048,HARD BAKE
seq_0048,POLYSILICON ETCH DRY
seq_0048,STRIP RESIST LEVEL 2
seq_0048,CLEAN AFTER POLY ETCH
seq_0048,IMPLANT N-TYPE
seq_0048,PRE ANNEAL CHECK
seq_0048,RAPID THERMAL ANNEAL
seq_0048,MEASURE SHEET RESISTANCE
seq_0048,DEPOSIT INTERLEVEL DIELECTRIC
seq_0048,DENSIFY DIELECTRIC
seq_0048,MEASURE DIELECTRIC THICKNESS
seq_0048,CMP INTERLAYER DIELECTRIC
seq_0048,MEASURE PLANARITY
seq_0048,SPIN COAT PHOTORESIST
seq_0048,SOFT BAKE
seq_0048,ALIGN MASK LEVEL 3
seq_0048,EXPOSE LITHO LEVEL 3
seq_0048,DEVELOP PHOTORESIST
seq_0048,VIA OPENING INSPECTION
seq_0048,VIA ETCH
seq_0048,STRIP RESIST
seq_0048,CLEAN AFTER VIA ETCH
seq_0048,MEASURE VIA CD
seq_0048,DEPOSIT BARRIER METAL
seq_0048,DEPOSIT TUNGSTEN SEED
seq_0048,FILL VIA TUNGSTEN
seq_0048,CMP VIA FILL
seq_0048,MEASURE VIA RESISTANCE
seq_0048,DEPOSIT TOP METAL
seq_0048,ANNEAL METAL
seq_0048,SPIN COAT PHOTORESIST
seq_0048,SOFT BAKE
seq_0048,ALIGN MASK LEVEL 4
seq_0048,EXPOSE LITHO LEVEL 4
seq_0048,DEVELOP PHOTORESIST
seq_0048,METAL PATTERN INSPECTION
seq_0048,METAL ETCH DRY
seq_0048,STRIP PHOTORESIST
seq_0048,CLEAN AFTER METAL ETCH
seq_0048,MEASURE LINE WIDTH
seq_0048,DEPOSIT PASSIVATION LAYER
seq_0048,CURE PASSIVATION
seq_0048,MEASURE PASSIVATION THICKNESS
seq_0048,OPEN BOND PAD WINDOW
seq_0048,OPEN PAD WINDOW LITHO
seq_0048,DEVELOP PHOTORESIST
seq_0048,PASSIVATION ETCH PAD OPENING
seq_0048,STRIP RESIST
seq_0048,CLEAN PAD OPENING
seq_0048,MEASURE PAD OPENING
seq_0048,BACKSIDE THINNING CHECK
seq_0048,BACKSIDE CLEAN
seq_0048,DEPOSIT BACKSIDE PROTECTION
seq_0048,BACKSIDE ANNEAL
seq_0048,FINAL CLEAN
seq_0048,FINAL PARTICLE INSPECTION
seq_0048,ELECTRICAL PARAMETRIC TEST
seq_0048,LEAKAGE TEST
seq_0048,THRESHOLD VOLTAGE TEST
seq_0048,SWITCHING TEST
seq_0048,WAFER SORT TEST
seq_0048,YIELD ANALYSIS
seq_0048,LOT RELEASE
seq_0048,PACKAGE PREPARATION
seq_0048,SHIP LOT
seq_0049,RECEIVE WAFER LOT
seq_0049,LOT IDENTIFICATION
seq_0049,PRE CLEAN INSPECTION
seq_0049,MEASURE INITIAL GEOMETRY
seq_0049,WAFER CLEAN PRE PROCESS
seq_0049,RCA CLEAN 1
seq_0049,WET CLEAN RCA2
seq_0049,HF DIP
seq_0049,WAFER CLEAN PRE-GRIND
seq_0049,GRINDING WAFER BACKSIDE
seq_0049,MEASURE INITIAL GEOMETRY
seq_0049,ETCH WET BACKSIDE
seq_0049,RINSE WET WAFER_EDGE
seq_0049,DRY WAFER BACKSIDE
seq_0049,BACKSIDE CLEAN
seq_0049,MEASURE BACKSIDE ROUGHNESS
seq_0049,THERMAL OXIDATION
seq_0049,MEASURE OXIDE THICKNESS
seq_0049,RCA CLEAN 1
seq_0049,WET CLEAN RCA2
seq_0049,HF DIP
seq_0049,OXIDE STRIP
seq_0049,SURFACE PREP FOR DEPOSITION
seq_0049,DEPOSIT PAD OXIDE
seq_0049,ANNEAL OXIDE
seq_0049,MEASURE FILM THICKNESS
seq_0049,SPIN COAT PHOTORESIST
seq_0049,SOFT BAKE
seq_0049,ALIGN MASK LEVEL 1
seq_0049,EXPOSE LITHO LEVEL 1
seq_0049,POST EXPOSE BAKE
seq_0049,DEVELOP PHOTORESIST
seq_0049,INSPECT PATTERN LEVEL 1
seq_0049,HARD BAKE
seq_0049,OXIDE ETCH DRY
seq_0049,STRIP PHOTORESIST
seq_0049,CLEAN AFTER ETCH
seq_0049,MEASURE CD LEVEL 1
seq_0049,DEPOSIT POLYSILICON
seq_0049,ANNEAL POLYSILICON
seq_0049,SPIN COAT PHOTORESIST
seq_0049,SOFT BAKE
seq_0049,ALIGN MASK LEVEL 2
seq_0049,EXPOSE LITHO LEVEL 2
seq_0049,POST EXPOSE BAKE
seq_0049,DEVELOP PHOTORESIST
seq_0049,PATTERN INSPECTION LEVEL 2
seq_0049,POLYSILICON ETCH DRY
seq_0049,STRIP RESIST
seq_0049,CLEAN AFTER POLY ETCH
seq_0049,MEASURE CD LEVEL 2
seq_0049,IMPLANT N-TYPE
seq_0049,PRE ANNEAL CHECK
seq_0049,RAPID THERMAL ANNEAL
seq_0049,DEPOSIT INTERLEVEL DIELECTRIC
seq_0049,DENSIFY OXIDE
seq_0049,MEASURE DIELECTRIC THICKNESS
seq_0049,CMP DIELECTRIC
seq_0049,MEASURE SURFACE PLANARITY
seq_0049,SPIN COAT PHOTORESIST
seq_0049,SOFT BAKE
seq_0049,ALIGN MASK LEVEL 3
seq_0049,EXPOSE LITHO LEVEL 3
seq_0049,DEVELOP PHOTORESIST
seq_0049,VIA INSPECTION
seq_0049,DIELECTRIC ETCH VIA
seq_0049,STRIP PHOTORESIST
seq_0049,CLEAN AFTER VIA ETCH
seq_0049,MEASURE VIA CD
seq_0049,DEPOSIT BARRIER METAL
seq_0049,DEPOSIT TUNGSTEN SEED
seq_0049,FILL VIA TUNGSTEN
seq_0049,CMP VIA FILL
seq_0049,DEPOSIT TOP METAL
seq_0049,ANNEAL METAL
seq_0049,MEASURE METAL THICKNESS
seq_0049,SPIN COAT PHOTORESIST
seq_0049,SOFT BAKE
seq_0049,ALIGN MASK LEVEL 4
seq_0049,EXPOSE LITHO LEVEL 4
seq_0049,DEVELOP PHOTORESIST
seq_0049,METAL PATTERN INSPECTION
seq_0049,METAL ETCH DRY
seq_0049,STRIP RESIST
seq_0049,CLEAN AFTER METAL ETCH
seq_0049,MEASURE LINE WIDTH
seq_0049,DEPOSIT PASSIVATION LAYER
seq_0049,CURE PASSIVATION
seq_0049,MEASURE PASSIVATION THICKNESS
seq_0049,OPEN BOND PAD WINDOW
seq_0049,PAD WINDOW LITHO
seq_0049,DEVELOP PAD WINDOW
seq_0049,PASSIVATION ETCH PAD OPENING
seq_0049,STRIP RESIST
seq_0049,CLEAN PAD OPENING
seq_0049,MEASURE PAD OPENING
seq_0049,BACKSIDE THINNING CHECK
seq_0049,BACKSIDE CLEAN
seq_0049,DEPOSIT BACKSIDE PROTECTION
seq_0049,BACKSIDE ANNEAL
seq_0049,FRONTSIDE CLEAN FINAL
seq_0049,FINAL CLEAN
seq_0049,FINAL THICKNESS MEASURE
seq_0049,FINAL GEOMETRY CHECK
seq_0049,PARAMETRIC TEST
seq_0049,LEAKAGE TEST
seq_0049,SWITCHING TEST
seq_0049,WAFER SORT TEST
seq_0049,YIELD ANALYSIS
seq_0049,FINAL LOT RELEASE
seq_0049,PACKAGE PREPARATION
seq_0049,SHIP LOT
seq_0050,RECEIVE WAFER LOT
seq_0050,LOT IDENTIFICATION
seq_0050,INITIAL WAFER INSPECTION
seq_0050,MEASURE INITIAL THICKNESS
seq_0050,MEASURE SURFACE DEFECTS
seq_0050,WAFER CLEAN PRE PROCESS
seq_0050,BACKSIDE CLEAN
seq_0050,RCA CLEAN 1
seq_0050,WET CLEAN RCA2
seq_0050,HF DIP
seq_0050,WAFER CLEAN PRE-GRIND
seq_0050,GRINDING WAFER BACKSIDE
seq_0050,MEASURE GEOMETRY
seq_0050,ETCH WET BACKSIDE
seq_0050,RINSE WET WAFER_EDGE
seq_0050,DRY WAFER BACKSIDE
seq_0050,BACKSIDE CLEAN
seq_0050,MEASURE BACKSIDE ROUGHNESS
seq_0050,THERMAL OXIDATION
seq_0050,MEASURE OXIDE THICKNESS
seq_0050,WET CLEAN RCA1
seq_0050,WET CLEAN RCA2
seq_0050,HF DIP
seq_0050,OXIDE STRIP
seq_0050,SURFACE PREP FOR DEPOSITION
seq_0050,DEPOSIT PAD OXIDE
seq_0050,ANNEAL OXIDE
seq_0050,MEASURE FILM THICKNESS
seq_0050,SPIN COAT PHOTORESIST
seq_0050,SOFT BAKE
seq_0050,ALIGN MASK LEVEL 1
seq_0050,EXPOSE LITHO LEVEL 1
seq_0050,DEVELOP PHOTORESIST
seq_0050,INSPECT PATTERN LEVEL 1
seq_0050,HARD BAKE
seq_0050,OXIDE ETCH DRY
seq_0050,STRIP PHOTORESIST
seq_0050,CLEAN AFTER ETCH
seq_0050,MEASURE CD LEVEL 1
seq_0050,DEPOSIT POLYSILICON
seq_0050,ANNEAL POLYSILICON
seq_0050,SPIN COAT PHOTORESIST
seq_0050,SOFT BAKE
seq_0050,ALIGN MASK LEVEL 2
seq_0050,EXPOSE LITHO LEVEL 2
seq_0050,DEVELOP PHOTORESIST
seq_0050,PATTERN INSPECTION LEVEL 2
seq_0050,POLYSILICON ETCH DRY
seq_0050,STRIP RESIST LEVEL 2
seq_0050,CLEAN AFTER POLY ETCH
seq_0050,MEASURE CD LEVEL 2
seq_0050,IMPLANT N-TYPE
seq_0050,PRE ANNEAL CHECK
seq_0050,RAPID THERMAL ANNEAL
seq_0050,MEASURE SHEET RESISTANCE
seq_0050,DEPOSIT INTERLAYER DIELECTRIC
seq_0050,DENSIFY OXIDE
seq_0050,MEASURE DIELECTRIC THICKNESS
seq_0050,CMP DIELECTRIC
seq_0050,MEASURE SURFACE PLANARITY
seq_0050,SPIN COAT PHOTORESIST
seq_0050,SOFT BAKE
seq_0050,ALIGN MASK LEVEL 3
seq_0050,EXPOSE LITHO LEVEL 3
seq_0050,POST EXPOSE BAKE
seq_0050,DEVELOP PHOTORESIST
seq_0050,VIA INSPECTION
seq_0050,VIA ETCH
seq_0050,STRIP PHOTORESIST
seq_0050,CLEAN AFTER VIA ETCH
seq_0050,MEASURE VIA CD
seq_0050,DEPOSIT BARRIER METAL
seq_0050,DEPOSIT TUNGSTEN SEED
seq_0050,FILL VIA TUNGSTEN
seq_0050,CMP METAL
seq_0050,DEPOSIT TOP METAL
seq_0050,ANNEAL METAL 1
seq_0050,MEASURE METAL THICKNESS
seq_0050,SPIN COAT PHOTORESIST
seq_0050,SOFT BAKE
seq_0050,ALIGN MASK LEVEL 4
seq_0050,EXPOSE LITHO LEVEL 4
seq_0050,POST EXPOSE BAKE
seq_0050,DEVELOP PHOTORESIST
seq_0050,METAL PATTERN INSPECTION
seq_0050,METAL ETCH DRY
seq_0050,STRIP PHOTORESIST
seq_0050,CLEAN AFTER METAL ETCH
seq_0050,MEASURE LINE WIDTH
seq_0050,DEPOSIT PASSIVATION
seq_0050,CURE PASSIVATION
seq_0050,MEASURE PASSIVATION THICKNESS
seq_0050,OPEN PAD WINDOW
seq_0050,OPEN PAD WINDOW LITHO
seq_0050,DEVELOP PAD WINDOW
seq_0050,PASSIVATION ETCH PAD OPENING
seq_0050,STRIP PHOTORESIST
seq_0050,CLEAN PAD OPENING
seq_0050,MEASURE PAD OPENING
seq_0050,BACKSIDE CLEAN FINAL
seq_0050,DEPOSIT BACKSIDE PROTECTION
seq_0050,BACKSIDE ANNEAL
seq_0050,FRONTSIDE CLEAN FINAL
seq_0050,FINAL CLEAN
seq_0050,FINAL OXIDE CHECK
seq_0050,FINAL CD INSPECTION
seq_0050,FINAL PARTICLE INSPECTION
seq_0050,FINAL ELECTRICAL TEST PREP
seq_0050,ELECTRICAL PARAMETRIC TEST
seq_0050,LEAKAGE TEST
seq_0050,THRESHOLD VOLTAGE TEST
seq_0050,SWITCHING TEST
seq_0050,WAFER SORT TEST
seq_0050,YIELD ANALYSIS
seq_0050,FINAL LOT RELEASE
seq_0050,SHIP LOT
seq_0051,RECEIVE WAFER LOT
seq_0051,LOT IDENTIFICATION
seq_0051,PRE CLEAN INSPECTION
seq_0051,MEASURE INITIAL THICKNESS
seq_0051,MEASURE SURFACE DEFECTS
seq_0051,WAFER CLEAN PRE PROCESS
seq_0051,BACKSIDE CLEAN
seq_0051,WET CLEAN RCA1
seq_0051,RCA CLEAN 2
seq_0051,HF DIP
seq_0051,DRY WAFER
seq_0051,WAFER CLEAN PRE-GRIND
seq_0051,GRINDING WAFER BACKSIDE
seq_0051,MEASURE INITIAL GEOMETRY
seq_0051,ETCH WET BACKSIDE
seq_0051,RINSE WET WAFER_EDGE
seq_0051,DRY WAFER BACKSIDE
seq_0051,BACKSIDE CLEAN
seq_0051,MEASURE BACKSIDE ROUGHNESS
seq_0051,THERMAL OXIDATION
seq_0051,MEASURE OXIDE THICKNESS
seq_0051,RCA CLEAN 1
seq_0051,WET CLEAN RCA2
seq_0051,HF DIP
seq_0051,OXIDE STRIP
seq_0051,SURFACE PREP FOR DEPOSITION
seq_0051,DEPOSIT PAD OXIDE
seq_0051,ANNEAL OXIDE
seq_0051,MEASURE FILM THICKNESS
seq_0051,SPIN COAT PHOTORESIST
seq_0051,SOFT BAKE
seq_0051,ALIGN MASK LEVEL 1
seq_0051,EXPOSE LITHO LEVEL 1
seq_0051,POST EXPOSE BAKE
seq_0051,DEVELOP PHOTORESIST
seq_0051,INSPECT PATTERN LEVEL 1
seq_0051,HARD BAKE
seq_0051,OXIDE ETCH DRY
seq_0051,STRIP RESIST
seq_0051,CLEAN AFTER ETCH
seq_0051,MEASURE CD LEVEL 1
seq_0051,DEPOSIT POLYSILICON
seq_0051,ANNEAL POLYSILICON
seq_0051,SPIN COAT PHOTORESIST
seq_0051,SOFT BAKE
seq_0051,ALIGN MASK LEVEL 2
seq_0051,EXPOSE LITHO LEVEL 2
seq_0051,DEVELOP PHOTORESIST
seq_0051,PATTERN INSPECTION LEVEL 2
seq_0051,POLYSILICON ETCH DRY
seq_0051,STRIP RESIST LEVEL 2
seq_0051,CLEAN AFTER POLY ETCH
seq_0051,MEASURE CD LEVEL 2
seq_0051,IMPLANT N-TYPE
seq_0051,PRE ANNEAL CHECK
seq_0051,RAPID THERMAL ANNEAL
seq_0051,DEPOSIT INTERLEVEL DIELECTRIC
seq_0051,DENSIFY OXIDE
seq_0051,MEASURE DIELECTRIC THICKNESS
seq_0051,CMP INTERLAYER DIELECTRIC
seq_0051,MEASURE PLANARITY
seq_0051,SPIN COAT PHOTORESIST
seq_0051,SOFT BAKE
seq_0051,ALIGN MASK LEVEL 3
seq_0051,EXPOSE LITHO LEVEL 3
seq_0051,POST EXPOSE BAKE
seq_0051,DEVELOP PHOTORESIST
seq_0051,VIA OPENING INSPECTION
seq_0051,HARD BAKE
seq_0051,VIA ETCH THROUGH DIELECTRIC
seq_0051,STRIP RESIST
seq_0051,CLEAN AFTER VIA ETCH
seq_0051,DEPOSIT BARRIER METAL
seq_0051,DEPOSIT TUNGSTEN SEED
seq_0051,FILL VIA TUNGSTEN
seq_0051,CMP VIA FILL
seq_0051,MEASURE CONTACT RESISTANCE
seq_0051,DEPOSIT TOP METAL
seq_0051,ANNEAL METAL 1
seq_0051,MEASURE METAL THICKNESS
seq_0051,SPIN COAT PHOTORESIST
seq_0051,SOFT BAKE
seq_0051,ALIGN MASK LEVEL 4
seq_0051,EXPOSE LITHO LEVEL 4
seq_0051,POST EXPOSE BAKE
seq_0051,DEVELOP PHOTORESIST
seq_0051,METAL PATTERN INSPECTION
seq_0051,METAL ETCH DRY
seq_0051,STRIP PHOTORESIST
seq_0051,CLEAN AFTER METAL ETCH
seq_0051,DEPOSIT PASSIVATION
seq_0051,CURE PASSIVATION
seq_0051,MEASURE PASSIVATION THICKNESS
seq_0051,OPEN PAD WINDOW
seq_0051,PAD WINDOW LITHO
seq_0051,DEVELOP PAD WINDOW
seq_0051,PASSIVATION ETCH PAD OPENING
seq_0051,STRIP PHOTORESIST
seq_0051,CLEAN PAD OPENING
seq_0051,MEASURE PAD OPENING
seq_0051,BACKSIDE THINNING CHECK
seq_0051,BACKSIDE CLEAN
seq_0051,DEPOSIT BACKSIDE PROTECTION
seq_0051,BACKSIDE ANNEAL
seq_0051,FRONTSIDE CLEAN FINAL
seq_0051,FINAL CLEAN
seq_0051,FINAL THICKNESS MEASURE
seq_0051,FINAL GEOMETRY CHECK
seq_0051,FINAL OXIDE CHECK
seq_0051,FINAL PARTICLE INSPECTION
seq_0051,ELECTRICAL PARAMETRIC TEST
seq_0051,LEAKAGE TEST
seq_0051,PARAMETRIC TEST
seq_0051,SWITCHING TEST
seq_0051,WAFER SORT TEST
seq_0051,YIELD ANALYSIS
seq_0051,FINAL LOT RELEASE
seq_0051,SHIP LOT
seq_0052,RECEIVE WAFER LOT
seq_0052,LOT IDENTIFICATION
seq_0052,INITIAL WAFER INSPECTION
seq_0052,MEASURE INITIAL THICKNESS
seq_0052,MEASURE SURFACE DEFECTS
seq_0052,WAFER CLEAN PRE PROCESS
seq_0052,BACKSIDE CLEAN
seq_0052,WET CLEAN RCA1
seq_0052,RCA CLEAN 2
seq_0052,HF DIP
seq_0052,DRY WAFER
seq_0052,WAFER CLEAN PRE-GRIND
seq_0052,GRINDING WAFER BACKSIDE
seq_0052,MEASURE GEOMETRY
seq_0052,ETCH WET BACKSIDE
seq_0052,RINSE WET WAFER_EDGE
seq_0052,DRY WAFER BACKSIDE
seq_0052,BACKSIDE CLEAN
seq_0052,MEASURE BACKSIDE ROUGHNESS
seq_0052,THERMAL OXIDATION
seq_0052,MEASURE OXIDE THICKNESS
seq_0052,RCA CLEAN 1
seq_0052,RCA CLEAN 2
seq_0052,HF DIP
seq_0052,OXIDE STRIP
seq_0052,SURFACE PREP FOR DEPOSITION
seq_0052,DEPOSIT PAD OXIDE
seq_0052,ANNEAL OXIDE
seq_0052,MEASURE OXIDE THICKNESS
seq_0052,SPIN COAT PHOTORESIST
seq_0052,SOFT BAKE
seq_0052,ALIGN MASK LEVEL 1
seq_0052,EXPOSE LITHO LEVEL 1
seq_0052,DEVELOP PHOTORESIST
seq_0052,INSPECT PATTERN LEVEL 1
seq_0052,HARD BAKE
seq_0052,OXIDE ETCH DRY
seq_0052,STRIP RESIST
seq_0052,CLEAN AFTER ETCH
seq_0052,MEASURE CD LEVEL 1
seq_0052,DEPOSIT POLYSILICON
seq_0052,ANNEAL POLYSILICON
seq_0052,SPIN COAT PHOTORESIST
seq_0052,SOFT BAKE
seq_0052,ALIGN MASK LEVEL 2
seq_0052,EXPOSE LITHO LEVEL 2
seq_0052,DEVELOP PHOTORESIST
seq_0052,PATTERN INSPECTION LEVEL 2
seq_0052,HARD BAKE
seq_0052,POLYSILICON ETCH DRY
seq_0052,STRIP RESIST LEVEL 2
seq_0052,CLEAN AFTER POLY ETCH
seq_0052,IMPLANT N-TYPE
seq_0052,PRE ANNEAL CHECK
seq_0052,RAPID THERMAL ANNEAL
seq_0052,DEPOSIT INTERLAYER DIELECTRIC
seq_0052,DENSIFY OXIDE
seq_0052,MEASURE FILM THICKNESS
seq_0052,CMP DIELECTRIC
seq_0052,MEASURE SURFACE PLANARITY
seq_0052,SPIN COAT PHOTORESIST
seq_0052,SOFT BAKE
seq_0052,ALIGN MASK LEVEL 3
seq_0052,EXPOSE LITHO LEVEL 3
seq_0052,POST EXPOSE BAKE
seq_0052,DEVELOP PHOTORESIST
seq_0052,VIA OPENING INSPECTION
seq_0052,HARD BAKE
seq_0052,VIA ETCH
seq_0052,STRIP RESIST
seq_0052,CLEAN AFTER VIA ETCH
seq_0052,MEASURE VIA CD
seq_0052,DEPOSIT BARRIER METAL
seq_0052,DEPOSIT TUNGSTEN SEED
seq_0052,FILL VIA TUNGSTEN
seq_0052,CMP VIA FILL
seq_0052,MEASURE VIA RESISTANCE
seq_0052,DEPOSIT TOP METAL
seq_0052,ANNEAL METAL
seq_0052,SPIN COAT PHOTORESIST
seq_0052,SOFT BAKE
seq_0052,ALIGN MASK LEVEL 4
seq_0052,EXPOSE LITHO LEVEL 4
seq_0052,DEVELOP PHOTORESIST
seq_0052,METAL PATTERN INSPECTION
seq_0052,METAL ETCH DRY
seq_0052,STRIP RESIST
seq_0052,CLEAN AFTER METAL ETCH
seq_0052,DEPOSIT PASSIVATION
seq_0052,CURE PASSIVATION
seq_0052,MEASURE PASSIVATION QUALITY
seq_0052,OPEN BOND PAD WINDOW
seq_0052,OPEN PAD WINDOW LITHO
seq_0052,DEVELOP PHOTORESIST
seq_0052,PASSIVATION ETCH
seq_0052,STRIP PHOTORESIST
seq_0052,CLEAN PAD OPENING
seq_0052,MEASURE PAD OPENING
seq_0052,BACKSIDE CLEAN FINAL
seq_0052,DEPOSIT BACKSIDE PROTECTION
seq_0052,BACKSIDE ANNEAL
seq_0052,FINAL CLEAN
seq_0052,FINAL GEOMETRY CHECK
seq_0052,FINAL OXIDE CHECK
seq_0052,FINAL CD INSPECTION
seq_0052,FINAL PARTICLE INSPECTION
seq_0052,FINAL ELECTRICAL TEST PREP
seq_0052,ELECTRICAL PARAMETRIC TEST
seq_0052,LEAKAGE TEST
seq_0052,PARAMETRIC TEST
seq_0052,SWITCHING TEST
seq_0052,WAFER SORT TEST
seq_0052,YIELD ANALYSIS
seq_0052,LOT RELEASE
seq_0052,SHIP LOT
seq_0053,RECEIVE WAFER LOT
seq_0053,LOT IDENTIFICATION
seq_0053,INITIAL WAFER INSPECTION
seq_0053,MEASURE SURFACE DEFECTS
seq_0053,WAFER CLEAN PRE PROCESS
seq_0053,BACKSIDE CLEAN
seq_0053,RCA CLEAN 1
seq_0053,WET CLEAN RCA2
seq_0053,HF DIP
seq_0053,WAFER CLEAN PRE-GRIND
seq_0053,GRINDING WAFER BACKSIDE
seq_0053,MEASURE INITIAL GEOMETRY
seq_0053,ETCH WET BACKSIDE
seq_0053,RINSE WET WAFER_EDGE
seq_0053,DRY WAFER BACKSIDE
seq_0053,BACKSIDE CLEAN
seq_0053,MEASURE BACKSIDE ROUGHNESS
seq_0053,THERMAL OXIDATION
seq_0053,MEASURE OXIDE THICKNESS
seq_0053,RCA CLEAN 1
seq_0053,WET CLEAN RCA2
seq_0053,HF DIP
seq_0053,OXIDE STRIP
seq_0053,SURFACE PREP FOR DEPOSITION
seq_0053,DEPOSIT PAD OXIDE
seq_0053,ANNEAL OXIDE
seq_0053,MEASURE FILM THICKNESS
seq_0053,SPIN COAT PHOTORESIST
seq_0053,SOFT BAKE
seq_0053,ALIGN MASK LEVEL 1
seq_0053,EXPOSE LITHO LEVEL 1
seq_0053,DEVELOP PHOTORESIST
seq_0053,INSPECT PATTERN LEVEL 1
seq_0053,HARD BAKE
seq_0053,OXIDE ETCH DRY
seq_0053,STRIP PHOTORESIST
seq_0053,CLEAN AFTER ETCH
seq_0053,DEPOSIT POLYSILICON
seq_0053,ANNEAL POLYSILICON
seq_0053,SPIN COAT PHOTORESIST
seq_0053,SOFT BAKE
seq_0053,ALIGN MASK LEVEL 2
seq_0053,EXPOSE LITHO LEVEL 2
seq_0053,DEVELOP PHOTORESIST
seq_0053,PATTERN INSPECTION LEVEL 2
seq_0053,HARD BAKE
seq_0053,POLYSILICON ETCH DRY
seq_0053,STRIP RESIST
seq_0053,CLEAN AFTER POLY ETCH
seq_0053,IMPLANT N-TYPE
seq_0053,PRE ANNEAL CHECK
seq_0053,RAPID THERMAL ANNEAL
seq_0053,MEASURE SHEET RESISTANCE
seq_0053,DEPOSIT INTERLAYER DIELECTRIC
seq_0053,DENSIFY DIELECTRIC
seq_0053,MEASURE FILM THICKNESS
seq_0053,CMP DIELECTRIC
seq_0053,MEASURE PLANARITY
seq_0053,SPIN COAT PHOTORESIST
seq_0053,SOFT BAKE
seq_0053,ALIGN MASK LEVEL 3
seq_0053,EXPOSE LITHO LEVEL 3
seq_0053,DEVELOP PHOTORESIST
seq_0053,VIA INSPECTION
seq_0053,VIA ETCH
seq_0053,STRIP PHOTORESIST
seq_0053,CLEAN AFTER VIA ETCH
seq_0053,MEASURE VIA CD
seq_0053,DEPOSIT BARRIER METAL
seq_0053,DEPOSIT TUNGSTEN SEED
seq_0053,FILL VIA TUNGSTEN
seq_0053,CMP METAL
seq_0053,MEASURE CONTACT RESISTANCE
seq_0053,DEPOSIT METAL 1
seq_0053,ANNEAL METAL 1
seq_0053,SPIN COAT PHOTORESIST
seq_0053,SOFT BAKE
seq_0053,ALIGN MASK LEVEL 4
seq_0053,EXPOSE LITHO LEVEL 4
seq_0053,POST EXPOSE BAKE
seq_0053,DEVELOP PHOTORESIST
seq_0053,METAL PATTERN INSPECTION
seq_0053,METAL ETCH DRY
seq_0053,STRIP RESIST
seq_0053,CLEAN AFTER METAL ETCH
seq_0053,DEPOSIT PASSIVATION LAYER
seq_0053,CURE PASSIVATION
seq_0053,MEASURE PASSIVATION THICKNESS
seq_0053,OPEN PAD WINDOW
seq_0053,OPEN PAD WINDOW LITHO
seq_0053,DEVELOP PAD WINDOW
seq_0053,PASSIVATION ETCH
seq_0053,STRIP PHOTORESIST
seq_0053,CLEAN PAD OPENING
seq_0053,MEASURE PAD OPENING
seq_0053,BACKSIDE THINNING CHECK
seq_0053,BACKSIDE CLEAN FINAL
seq_0053,DEPOSIT BACKSIDE PROTECTION
seq_0053,BACKSIDE ANNEAL
seq_0053,FRONTSIDE CLEAN FINAL
seq_0053,FINAL CLEAN
seq_0053,FINAL THICKNESS MEASURE
seq_0053,FINAL GEOMETRY CHECK
seq_0053,FINAL CD INSPECTION
seq_0053,FINAL PARTICLE INSPECTION
seq_0053,ELECTRICAL PARAMETRIC TEST
seq_0053,LEAKAGE TEST
seq_0053,THRESHOLD VOLTAGE TEST
seq_0053,SWITCHING TEST
seq_0053,WAFER SORT TEST
seq_0053,YIELD ANALYSIS
seq_0053,FINAL LOT RELEASE
seq_0053,SHIP LOT
seq_0054,RECEIVE WAFER LOT
seq_0054,LOT IDENTIFICATION
seq_0054,INITIAL WAFER INSPECTION
seq_0054,MEASURE INITIAL GEOMETRY
seq_0054,MEASURE SURFACE PARTICLES
seq_0054,WAFER CLEAN PRE PROCESS
seq_0054,BACKSIDE CLEAN
seq_0054,WET CLEAN RCA1
seq_0054,RCA CLEAN 2
seq_0054,HF DIP
seq_0054,WAFER CLEAN PRE-GRIND
seq_0054,GRINDING WAFER BACKSIDE
seq_0054,MEASURE INITIAL GEOMETRY
seq_0054,ETCH WET BACKSIDE
seq_0054,RINSE WET WAFER_EDGE
seq_0054,DRY WAFER BACKSIDE
seq_0054,BACKSIDE CLEAN
seq_0054,MEASURE BACKSIDE ROUGHNESS
seq_0054,THERMAL OXIDATION
seq_0054,MEASURE OXIDE THICKNESS
seq_0054,WET CLEAN RCA1
seq_0054,WET CLEAN RCA2
seq_0054,HF DIP
seq_0054,OXIDE STRIP
seq_0054,SURFACE PREP FOR DEPOSITION
seq_0054,DEPOSIT PAD OXIDE
seq_0054,ANNEAL OXIDE
seq_0054,MEASURE OXIDE THICKNESS
seq_0054,SPIN COAT PHOTORESIST
seq_0054,SOFT BAKE
seq_0054,ALIGN MASK LEVEL 1
seq_0054,EXPOSE LITHO LEVEL 1
seq_0054,DEVELOP PHOTORESIST
seq_0054,INSPECT PATTERN LEVEL 1
seq_0054,HARD BAKE
seq_0054,OXIDE ETCH DRY
seq_0054,STRIP RESIST
seq_0054,CLEAN AFTER ETCH
seq_0054,MEASURE CD LEVEL 1
seq_0054,DEPOSIT POLYSILICON
seq_0054,ANNEAL POLYSILICON
seq_0054,SPIN COAT PHOTORESIST
seq_0054,SOFT BAKE
seq_0054,ALIGN MASK LEVEL 2
seq_0054,EXPOSE LITHO LEVEL 2
seq_0054,DEVELOP PHOTORESIST
seq_0054,PATTERN INSPECTION LEVEL 2
seq_0054,POLYSILICON ETCH DRY
seq_0054,STRIP RESIST
seq_0054,CLEAN AFTER POLY ETCH
seq_0054,MEASURE CD LEVEL 2
seq_0054,IMPLANT N-TYPE
seq_0054,PRE ANNEAL CHECK
seq_0054,RAPID THERMAL ANNEAL
seq_0054,MEASURE SHEET RESISTANCE
seq_0054,DEPOSIT INTERLAYER DIELECTRIC
seq_0054,DENSIFY OXIDE
seq_0054,MEASURE DIELECTRIC THICKNESS
seq_0054,CMP DIELECTRIC
seq_0054,MEASURE SURFACE PLANARITY
seq_0054,SPIN COAT PHOTORESIST
seq_0054,SOFT BAKE
seq_0054,ALIGN MASK LEVEL 3
seq_0054,EXPOSE LITHO LEVEL 3
seq_0054,DEVELOP PHOTORESIST
seq_0054,VIA OPENING INSPECTION
seq_0054,DIELECTRIC ETCH VIA
seq_0054,STRIP RESIST
seq_0054,CLEAN AFTER VIA ETCH
seq_0054,DEPOSIT BARRIER METAL
seq_0054,DEPOSIT TUNGSTEN SEED
seq_0054,FILL VIA TUNGSTEN
seq_0054,CMP VIA FILL
seq_0054,MEASURE VIA RESISTANCE
seq_0054,DEPOSIT METAL 1
seq_0054,ANNEAL METAL 1
seq_0054,SPIN COAT PHOTORESIST
seq_0054,SOFT BAKE
seq_0054,ALIGN MASK LEVEL 4
seq_0054,EXPOSE LITHO LEVEL 4
seq_0054,DEVELOP PHOTORESIST
seq_0054,METAL PATTERN INSPECTION
seq_0054,METAL ETCH DRY
seq_0054,STRIP RESIST
seq_0054,CLEAN AFTER METAL ETCH
seq_0054,DEPOSIT PASSIVATION
seq_0054,CURE PASSIVATION
seq_0054,MEASURE PASSIVATION QUALITY
seq_0054,OPEN BOND PAD WINDOW
seq_0054,OPEN PAD WINDOW LITHO
seq_0054,DEVELOP PAD WINDOW
seq_0054,PASSIVATION ETCH
seq_0054,STRIP RESIST
seq_0054,CLEAN PAD OPENING
seq_0054,MEASURE PAD OPENING
seq_0054,BACKSIDE CLEAN FINAL
seq_0054,DEPOSIT BACKSIDE PROTECTION
seq_0054,BACKSIDE ANNEAL
seq_0054,FINAL CLEAN
seq_0054,FINAL GEOMETRY CHECK
seq_0054,FINAL CD INSPECTION
seq_0054,FINAL PARTICLE INSPECTION
seq_0054,FINAL ELECTRICAL TEST PREP
seq_0054,PARAMETRIC TEST
seq_0054,LEAKAGE TEST
seq_0054,SWITCHING TEST
seq_0054,WAFER SORT TEST
seq_0054,YIELD ANALYSIS
seq_0054,FINAL LOT RELEASE
seq_0054,SHIP LOT
seq_0055,RECEIVE WAFER LOT
seq_0055,LOT IDENTIFICATION
seq_0055,INITIAL WAFER INSPECTION
seq_0055,MEASURE INITIAL THICKNESS
seq_0055,MEASURE SURFACE DEFECTS
seq_0055,WAFER CLEAN PRE PROCESS
seq_0055,FRONTSIDE CLEAN
seq_0055,WET CLEAN RCA1
seq_0055,RCA CLEAN 2
seq_0055,HF DIP
seq_0055,WAFER CLEAN PRE-GRIND
seq_0055,GRINDING WAFER BACKSIDE
seq_0055,MEASURE GEOMETRY
seq_0055,ETCH WET BACKSIDE
seq_0055,RINSE WET WAFER_EDGE
seq_0055,DRY WAFER BACKSIDE
seq_0055,BACKSIDE CLEAN
seq_0055,MEASURE BACKSIDE ROUGHNESS
seq_0055,THERMAL OXIDATION
seq_0055,MEASURE OXIDE THICKNESS
seq_0055,RCA CLEAN 1
seq_0055,RCA CLEAN 2
seq_0055,HF DIP
seq_0055,OXIDE STRIP
seq_0055,SURFACE PREP FOR DEPOSITION
seq_0055,DEPOSIT PAD OXIDE
seq_0055,ANNEAL OXIDE
seq_0055,MEASURE FILM THICKNESS
seq_0055,SPIN COAT PHOTORESIST
seq_0055,SOFT BAKE
seq_0055,ALIGN MASK LEVEL 1
seq_0055,EXPOSE LITHO LEVEL 1
seq_0055,DEVELOP PHOTORESIST
seq_0055,INSPECT PATTERN LEVEL 1
seq_0055,HARD BAKE
seq_0055,OXIDE ETCH DRY
seq_0055,STRIP PHOTORESIST
seq_0055,CLEAN AFTER ETCH
seq_0055,MEASURE CD LEVEL 1
seq_0055,DEPOSIT POLYSILICON
seq_0055,ANNEAL POLYSILICON
seq_0055,SPIN COAT PHOTORESIST
seq_0055,SOFT BAKE
seq_0055,ALIGN MASK LEVEL 2
seq_0055,EXPOSE LITHO LEVEL 2
seq_0055,DEVELOP PHOTORESIST
seq_0055,PATTERN INSPECTION LEVEL 2
seq_0055,POLYSILICON ETCH DRY
seq_0055,STRIP RESIST LEVEL 2
seq_0055,CLEAN AFTER POLY ETCH
seq_0055,MEASURE CD LEVEL 2
seq_0055,IMPLANT N-TYPE
seq_0055,PRE ANNEAL CHECK
seq_0055,RAPID THERMAL ANNEAL
seq_0055,MEASURE SHEET RESISTANCE
seq_0055,DEPOSIT INTERLEVEL DIELECTRIC
seq_0055,DENSIFY OXIDE
seq_0055,MEASURE FILM THICKNESS
seq_0055,CMP DIELECTRIC
seq_0055,MEASURE PLANARITY
seq_0055,SPIN COAT PHOTORESIST
seq_0055,SOFT BAKE
seq_0055,ALIGN MASK LEVEL 3
seq_0055,EXPOSE LITHO LEVEL 3
seq_0055,DEVELOP PHOTORESIST
seq_0055,VIA OPENING INSPECTION
seq_0055,HARD BAKE
seq_0055,VIA ETCH THROUGH DIELECTRIC
seq_0055,STRIP PHOTORESIST
seq_0055,CLEAN AFTER VIA ETCH
seq_0055,MEASURE VIA CD
seq_0055,DEPOSIT BARRIER METAL
seq_0055,DEPOSIT TUNGSTEN SEED
seq_0055,FILL VIA TUNGSTEN
seq_0055,CMP VIA FILL
seq_0055,MEASURE VIA RESISTANCE
seq_0055,DEPOSIT TOP METAL
seq_0055,ANNEAL METAL
seq_0055,MEASURE METAL THICKNESS
seq_0055,SPIN COAT PHOTORESIST
seq_0055,SOFT BAKE
seq_0055,ALIGN MASK LEVEL 4
seq_0055,EXPOSE LITHO LEVEL 4
seq_0055,DEVELOP PHOTORESIST
seq_0055,METAL PATTERN INSPECTION
seq_0055,HARD BAKE
seq_0055,METAL ETCH DRY
seq_0055,STRIP PHOTORESIST
seq_0055,CLEAN AFTER METAL ETCH
seq_0055,MEASURE LINE WIDTH
seq_0055,DEPOSIT PASSIVATION LAYER
seq_0055,CURE PASSIVATION
seq_0055,MEASURE PASSIVATION THICKNESS
seq_0055,OPEN PAD WINDOW
seq_0055,OPEN PAD WINDOW LITHO
seq_0055,DEVELOP PAD WINDOW
seq_0055,PASSIVATION ETCH
seq_0055,STRIP RESIST
seq_0055,CLEAN PAD OPENING
seq_0055,MEASURE PAD OPENING
seq_0055,BACKSIDE CLEAN FINAL
seq_0055,DEPOSIT BACKSIDE PROTECTION
seq_0055,BACKSIDE ANNEAL
seq_0055,FINAL CLEAN
seq_0055,FINAL THICKNESS MEASURE
seq_0055,FINAL GEOMETRY CHECK
seq_0055,FINAL PARTICLE INSPECTION
seq_0055,ELECTRICAL PARAMETRIC TEST
seq_0055,LEAKAGE TEST
seq_0055,PARAMETRIC TEST
seq_0055,SWITCHING TEST
seq_0055,WAFER SORT TEST
seq_0055,YIELD ANALYSIS
seq_0055,LOT RELEASE
seq_0055,PACKAGE PREPARATION
seq_0055,SHIP LOT
seq_0056,RECEIVE WAFER LOT
seq_0056,LOT IDENTIFICATION
seq_0056,PRE CLEAN INSPECTION
seq_0056,MEASURE SURFACE PARTICLES
seq_0056,WAFER CLEAN PRE PROCESS
seq_0056,BACKSIDE CLEAN
seq_0056,FRONTSIDE CLEAN
seq_0056,WET CLEAN RCA1
seq_0056,WET CLEAN RCA2
seq_0056,HF DIP
seq_0056,DRY WAFER
seq_0056,WAFER CLEAN PRE-GRIND
seq_0056,GRINDING WAFER BACKSIDE
seq_0056,MEASURE INITIAL GEOMETRY
seq_0056,ETCH WET BACKSIDE
seq_0056,RINSE WET WAFER_EDGE
seq_0056,DRY WAFER BACKSIDE
seq_0056,BACKSIDE CLEAN
seq_0056,MEASURE BACKSIDE ROUGHNESS
seq_0056,THERMAL OXIDATION
seq_0056,MEASURE OXIDE THICKNESS
seq_0056,WET CLEAN RCA1
seq_0056,RCA CLEAN 2
seq_0056,HF DIP
seq_0056,OXIDE STRIP
seq_0056,SURFACE PREP FOR DEPOSITION
seq_0056,DEPOSIT PAD OXIDE
seq_0056,ANNEAL OXIDE
seq_0056,MEASURE FILM THICKNESS
seq_0056,SPIN COAT PHOTORESIST
seq_0056,SOFT BAKE
seq_0056,ALIGN MASK LEVEL 1
seq_0056,EXPOSE LITHO LEVEL 1
seq_0056,DEVELOP PHOTORESIST
seq_0056,INSPECT PATTERN LEVEL 1
seq_0056,HARD BAKE
seq_0056,OXIDE ETCH DRY
seq_0056,STRIP RESIST
seq_0056,CLEAN AFTER ETCH
seq_0056,DEPOSIT POLYSILICON
seq_0056,ANNEAL POLYSILICON
seq_0056,SPIN COAT PHOTORESIST
seq_0056,SOFT BAKE
seq_0056,ALIGN MASK LEVEL 2
seq_0056,EXPOSE LITHO LEVEL 2
seq_0056,DEVELOP PHOTORESIST
seq_0056,PATTERN INSPECTION LEVEL 2
seq_0056,POLYSILICON ETCH DRY
seq_0056,STRIP RESIST
seq_0056,CLEAN AFTER POLY ETCH
seq_0056,MEASURE CD LEVEL 2
seq_0056,IMPLANT N-TYPE
seq_0056,RAPID THERMAL ANNEAL
seq_0056,MEASURE SHEET RESISTANCE
seq_0056,DEPOSIT INTERLAYER DIELECTRIC
seq_0056,DENSIFY DIELECTRIC
seq_0056,MEASURE DIELECTRIC THICKNESS
seq_0056,CMP DIELECTRIC
seq_0056,MEASURE SURFACE PLANARITY
seq_0056,SPIN COAT PHOTORESIST
seq_0056,SOFT BAKE
seq_0056,ALIGN MASK LEVEL 3
seq_0056,EXPOSE LITHO LEVEL 3
seq_0056,DEVELOP PHOTORESIST
seq_0056,VIA OPENING INSPECTION
seq_0056,VIA ETCH THROUGH DIELECTRIC
seq_0056,STRIP PHOTORESIST
seq_0056,CLEAN AFTER VIA ETCH
seq_0056,MEASURE VIA CD
seq_0056,DEPOSIT BARRIER METAL
seq_0056,DEPOSIT TUNGSTEN SEED
seq_0056,FILL VIA TUNGSTEN
seq_0056,CMP VIA FILL
seq_0056,MEASURE CONTACT RESISTANCE
seq_0056,DEPOSIT TOP METAL
seq_0056,ANNEAL METAL
seq_0056,MEASURE METAL THICKNESS
seq_0056,SPIN COAT PHOTORESIST
seq_0056,SOFT BAKE
seq_0056,ALIGN MASK LEVEL 4
seq_0056,EXPOSE LITHO LEVEL 4
seq_0056,DEVELOP PHOTORESIST
seq_0056,METAL PATTERN INSPECTION
seq_0056,HARD BAKE
seq_0056,METAL ETCH DRY
seq_0056,STRIP PHOTORESIST
seq_0056,CLEAN AFTER METAL ETCH
seq_0056,MEASURE LINE WIDTH
seq_0056,DEPOSIT PASSIVATION
seq_0056,CURE PASSIVATION
seq_0056,MEASURE PASSIVATION QUALITY
seq_0056,OPEN BOND PAD WINDOW
seq_0056,PAD WINDOW LITHO
seq_0056,DEVELOP PAD WINDOW
seq_0056,PASSIVATION ETCH
seq_0056,STRIP PHOTORESIST
seq_0056,CLEAN PAD OPENING
seq_0056,MEASURE PAD OPENING
seq_0056,BACKSIDE THINNING CHECK
seq_0056,BACKSIDE CLEAN FINAL
seq_0056,DEPOSIT BACKSIDE PROTECTION
seq_0056,BACKSIDE ANNEAL
seq_0056,FRONTSIDE CLEAN FINAL
seq_0056,FINAL CLEAN
seq_0056,FINAL THICKNESS MEASURE
seq_0056,FINAL GEOMETRY CHECK
seq_0056,FINAL PARTICLE INSPECTION
seq_0056,PARAMETRIC TEST
seq_0056,LEAKAGE TEST
seq_0056,THRESHOLD VOLTAGE TEST
seq_0056,SWITCHING TEST
seq_0056,WAFER SORT TEST
seq_0056,YIELD ANALYSIS
seq_0056,LOT RELEASE
seq_0056,SHIP LOT
seq_0057,RECEIVE WAFER LOT
seq_0057,LOT IDENTIFICATION
seq_0057,INITIAL WAFER INSPECTION
seq_0057,MEASURE INITIAL GEOMETRY
seq_0057,MEASURE SURFACE DEFECTS
seq_0057,WAFER CLEAN PRE PROCESS
seq_0057,BACKSIDE CLEAN
seq_0057,FRONTSIDE CLEAN
seq_0057,RCA CLEAN 1
seq_0057,WET CLEAN RCA2
seq_0057,HF DIP
seq_0057,DRY WAFER
seq_0057,WAFER CLEAN PRE-GRIND
seq_0057,GRINDING WAFER BACKSIDE
seq_0057,MEASURE GEOMETRY
seq_0057,ETCH WET BACKSIDE
seq_0057,RINSE WET WAFER_EDGE
seq_0057,DRY WAFER BACKSIDE
seq_0057,BACKSIDE CLEAN
seq_0057,MEASURE BACKSIDE ROUGHNESS
seq_0057,THERMAL OXIDATION
seq_0057,MEASURE OXIDE THICKNESS
seq_0057,WET CLEAN RCA1
seq_0057,RCA CLEAN 2
seq_0057,HF DIP
seq_0057,OXIDE STRIP
seq_0057,SURFACE PREP FOR DEPOSITION
seq_0057,DEPOSIT PAD OXIDE
seq_0057,ANNEAL OXIDE
seq_0057,MEASURE OXIDE THICKNESS
seq_0057,SPIN COAT PHOTORESIST
seq_0057,SOFT BAKE
seq_0057,ALIGN MASK LEVEL 1
seq_0057,EXPOSE LITHO LEVEL 1
seq_0057,DEVELOP PHOTORESIST
seq_0057,INSPECT PATTERN LEVEL 1
seq_0057,HARD BAKE
seq_0057,OXIDE ETCH DRY
seq_0057,STRIP RESIST
seq_0057,CLEAN AFTER ETCH
seq_0057,DEPOSIT POLYSILICON
seq_0057,ANNEAL POLYSILICON
seq_0057,SPIN COAT PHOTORESIST
seq_0057,SOFT BAKE
seq_0057,ALIGN MASK LEVEL 2
seq_0057,EXPOSE LITHO LEVEL 2
seq_0057,POST EXPOSE BAKE
seq_0057,DEVELOP PHOTORESIST
seq_0057,PATTERN INSPECTION LEVEL 2
seq_0057,POLYSILICON ETCH DRY
seq_0057,STRIP RESIST
seq_0057,CLEAN AFTER POLY ETCH
seq_0057,MEASURE CD LEVEL 2
seq_0057,IMPLANT N-TYPE
seq_0057,PRE ANNEAL CHECK
seq_0057,RAPID THERMAL ANNEAL
seq_0057,MEASURE SHEET RESISTANCE
seq_0057,DEPOSIT INTERLEVEL DIELECTRIC
seq_0057,DENSIFY OXIDE
seq_0057,MEASURE FILM THICKNESS
seq_0057,CMP INTERLAYER DIELECTRIC
seq_0057,MEASURE PLANARITY
seq_0057,SPIN COAT PHOTORESIST
seq_0057,SOFT BAKE
seq_0057,ALIGN MASK LEVEL 3
seq_0057,EXPOSE LITHO LEVEL 3
seq_0057,DEVELOP PHOTORESIST
seq_0057,VIA OPENING INSPECTION
seq_0057,VIA ETCH
seq_0057,STRIP PHOTORESIST
seq_0057,CLEAN AFTER VIA ETCH
seq_0057,MEASURE VIA CD
seq_0057,DEPOSIT BARRIER METAL
seq_0057,DEPOSIT TUNGSTEN SEED
seq_0057,FILL VIA TUNGSTEN
seq_0057,CMP VIA FILL
seq_0057,MEASURE CONTACT RESISTANCE
seq_0057,DEPOSIT METAL 1
seq_0057,ANNEAL METAL
seq_0057,MEASURE METAL THICKNESS
seq_0057,SPIN COAT PHOTORESIST
seq_0057,SOFT BAKE
seq_0057,ALIGN MASK LEVEL 4
seq_0057,EXPOSE LITHO LEVEL 4
seq_0057,DEVELOP PHOTORESIST
seq_0057,METAL PATTERN INSPECTION
seq_0057,METAL ETCH DRY
seq_0057,STRIP PHOTORESIST
seq_0057,CLEAN AFTER METAL ETCH
seq_0057,DEPOSIT PASSIVATION LAYER
seq_0057,CURE PASSIVATION
seq_0057,MEASURE PASSIVATION QUALITY
seq_0057,OPEN PAD WINDOW
seq_0057,PAD WINDOW LITHO
seq_0057,DEVELOP PHOTORESIST
seq_0057,PASSIVATION ETCH
seq_0057,STRIP PHOTORESIST
seq_0057,CLEAN PAD OPENING
seq_0057,MEASURE PAD OPENING
seq_0057,BACKSIDE CLEAN
seq_0057,DEPOSIT BACKSIDE PROTECTION
seq_0057,BACKSIDE ANNEAL
seq_0057,FRONTSIDE CLEAN FINAL
seq_0057,FINAL CLEAN
seq_0057,FINAL THICKNESS MEASURE
seq_0057,FINAL GEOMETRY CHECK
seq_0057,FINAL OXIDE CHECK
seq_0057,FINAL CD INSPECTION
seq_0057,FINAL PARTICLE INSPECTION
seq_0057,FINAL ELECTRICAL TEST PREP
seq_0057,ELECTRICAL PARAMETRIC TEST
seq_0057,LEAKAGE TEST
seq_0057,PARAMETRIC TEST
seq_0057,SWITCHING TEST
seq_0057,WAFER SORT TEST
seq_0057,YIELD ANALYSIS
seq_0057,LOT RELEASE
seq_0057,SHIP LOT
seq_0058,RECEIVE WAFER LOT
seq_0058,LOT IDENTIFICATION
seq_0058,PRE CLEAN INSPECTION
seq_0058,MEASURE INITIAL THICKNESS
seq_0058,MEASURE SURFACE DEFECTS
seq_0058,WAFER CLEAN PRE PROCESS
seq_0058,BACKSIDE CLEAN
seq_0058,FRONTSIDE CLEAN
seq_0058,RCA CLEAN 1
seq_0058,RCA CLEAN 2
seq_0058,HF DIP
seq_0058,WAFER CLEAN PRE-GRIND
seq_0058,GRINDING WAFER BACKSIDE
seq_0058,MEASURE GEOMETRY
seq_0058,ETCH WET BACKSIDE
seq_0058,RINSE WET WAFER_EDGE
seq_0058,DRY WAFER BACKSIDE
seq_0058,BACKSIDE CLEAN
seq_0058,MEASURE BACKSIDE ROUGHNESS
seq_0058,THERMAL OXIDATION
seq_0058,MEASURE OXIDE THICKNESS
seq_0058,RCA CLEAN 1
seq_0058,WET CLEAN RCA2
seq_0058,HF DIP
seq_0058,OXIDE STRIP
seq_0058,SURFACE PREP FOR DEPOSITION
seq_0058,DEPOSIT PAD OXIDE
seq_0058,ANNEAL OXIDE
seq_0058,MEASURE FILM THICKNESS
seq_0058,SPIN COAT PHOTORESIST
seq_0058,SOFT BAKE
seq_0058,ALIGN MASK LEVEL 1
seq_0058,EXPOSE LITHO LEVEL 1
seq_0058,DEVELOP PHOTORESIST
seq_0058,INSPECT PATTERN LEVEL 1
seq_0058,HARD BAKE
seq_0058,OXIDE ETCH DRY
seq_0058,STRIP RESIST
seq_0058,CLEAN AFTER ETCH
seq_0058,MEASURE CD LEVEL 1
seq_0058,DEPOSIT POLYSILICON
seq_0058,ANNEAL POLYSILICON
seq_0058,SPIN COAT PHOTORESIST
seq_0058,SOFT BAKE
seq_0058,ALIGN MASK LEVEL 2
seq_0058,EXPOSE LITHO LEVEL 2
seq_0058,DEVELOP PHOTORESIST
seq_0058,PATTERN INSPECTION LEVEL 2
seq_0058,HARD BAKE
seq_0058,POLYSILICON ETCH DRY
seq_0058,STRIP RESIST
seq_0058,CLEAN AFTER POLY ETCH
seq_0058,MEASURE CD LEVEL 2
seq_0058,IMPLANT N-TYPE
seq_0058,PRE ANNEAL CHECK
seq_0058,RAPID THERMAL ANNEAL
seq_0058,DEPOSIT INTERLAYER DIELECTRIC
seq_0058,DENSIFY OXIDE
seq_0058,MEASURE DIELECTRIC THICKNESS
seq_0058,CMP INTERLAYER DIELECTRIC
seq_0058,MEASURE PLANARITY
seq_0058,SPIN COAT PHOTORESIST
seq_0058,SOFT BAKE
seq_0058,ALIGN MASK LEVEL 3
seq_0058,EXPOSE LITHO LEVEL 3
seq_0058,POST EXPOSE BAKE
seq_0058,DEVELOP PHOTORESIST
seq_0058,VIA INSPECTION
seq_0058,VIA ETCH THROUGH DIELECTRIC
seq_0058,STRIP PHOTORESIST
seq_0058,CLEAN AFTER VIA ETCH
seq_0058,DEPOSIT BARRIER METAL
seq_0058,DEPOSIT TUNGSTEN SEED
seq_0058,FILL VIA TUNGSTEN
seq_0058,CMP VIA FILL
seq_0058,DEPOSIT METAL 1
seq_0058,ANNEAL METAL
seq_0058,MEASURE METAL THICKNESS
seq_0058,SPIN COAT PHOTORESIST
seq_0058,SOFT BAKE
seq_0058,ALIGN MASK LEVEL 4
seq_0058,EXPOSE LITHO LEVEL 4
seq_0058,DEVELOP PHOTORESIST
seq_0058,METAL PATTERN INSPECTION
seq_0058,METAL ETCH DRY
seq_0058,STRIP RESIST
seq_0058,CLEAN AFTER METAL ETCH
seq_0058,DEPOSIT PASSIVATION
seq_0058,CURE PASSIVATION
seq_0058,MEASURE PASSIVATION QUALITY
seq_0058,OPEN PAD WINDOW
seq_0058,OPEN PAD WINDOW LITHO
seq_0058,DEVELOP PAD WINDOW
seq_0058,PASSIVATION ETCH PAD OPENING
seq_0058,STRIP RESIST
seq_0058,CLEAN PAD OPENING
seq_0058,MEASURE PAD OPENING
seq_0058,BACKSIDE THINNING CHECK
seq_0058,BACKSIDE CLEAN
seq_0058,DEPOSIT BACKSIDE PROTECTION
seq_0058,BACKSIDE ANNEAL
seq_0058,FRONTSIDE CLEAN FINAL
seq_0058,FINAL CLEAN
seq_0058,FINAL THICKNESS MEASURE
seq_0058,FINAL GEOMETRY CHECK
seq_0058,FINAL OXIDE CHECK
seq_0058,FINAL CD INSPECTION
seq_0058,FINAL PARTICLE INSPECTION
seq_0058,PARAMETRIC TEST
seq_0058,LEAKAGE TEST
seq_0058,THRESHOLD VOLTAGE TEST
seq_0058,SWITCHING TEST
seq_0058,WAFER SORT TEST
seq_0058,YIELD ANALYSIS
seq_0058,LOT RELEASE
seq_0058,SHIP LOT
seq_0059,RECEIVE WAFER LOT
seq_0059,LOT IDENTIFICATION
seq_0059,INITIAL WAFER INSPECTION
seq_0059,MEASURE INITIAL THICKNESS
seq_0059,MEASURE SURFACE DEFECTS
seq_0059,WAFER CLEAN PRE PROCESS
seq_0059,FRONTSIDE CLEAN
seq_0059,RCA CLEAN 1
seq_0059,WET CLEAN RCA2
seq_0059,HF DIP
seq_0059,DRY WAFER
seq_0059,WAFER CLEAN PRE-GRIND
seq_0059,GRINDING WAFER BACKSIDE
seq_0059,MEASURE INITIAL GEOMETRY
seq_0059,ETCH WET BACKSIDE
seq_0059,RINSE WET WAFER_EDGE
seq_0059,DRY WAFER BACKSIDE
seq_0059,BACKSIDE CLEAN
seq_0059,MEASURE BACKSIDE ROUGHNESS
seq_0059,THERMAL OXIDATION
seq_0059,MEASURE OXIDE THICKNESS
seq_0059,RCA CLEAN 1
seq_0059,WET CLEAN RCA2
seq_0059,HF DIP
seq_0059,OXIDE STRIP
seq_0059,SURFACE PREP FOR DEPOSITION
seq_0059,DEPOSIT PAD OXIDE
seq_0059,ANNEAL OXIDE
seq_0059,MEASURE FILM THICKNESS
seq_0059,SPIN COAT PHOTORESIST
seq_0059,SOFT BAKE
seq_0059,ALIGN MASK LEVEL 1
seq_0059,EXPOSE LITHO LEVEL 1
seq_0059,POST EXPOSE BAKE
seq_0059,DEVELOP PHOTORESIST
seq_0059,INSPECT PATTERN LEVEL 1
seq_0059,HARD BAKE
seq_0059,OXIDE ETCH DRY
seq_0059,STRIP PHOTORESIST
seq_0059,CLEAN AFTER ETCH
seq_0059,DEPOSIT POLYSILICON
seq_0059,ANNEAL POLYSILICON
seq_0059,SPIN COAT PHOTORESIST
seq_0059,SOFT BAKE
seq_0059,ALIGN MASK LEVEL 2
seq_0059,EXPOSE LITHO LEVEL 2
seq_0059,DEVELOP PHOTORESIST
seq_0059,PATTERN INSPECTION LEVEL 2
seq_0059,POLYSILICON ETCH DRY
seq_0059,STRIP RESIST
seq_0059,CLEAN AFTER POLY ETCH
seq_0059,MEASURE CD LEVEL 2
seq_0059,IMPLANT N-TYPE
seq_0059,RAPID THERMAL ANNEAL
seq_0059,MEASURE SHEET RESISTANCE
seq_0059,DEPOSIT INTERLAYER DIELECTRIC
seq_0059,DENSIFY OXIDE
seq_0059,MEASURE FILM THICKNESS
seq_0059,CMP DIELECTRIC
seq_0059,MEASURE PLANARITY
seq_0059,SPIN COAT PHOTORESIST
seq_0059,SOFT BAKE
seq_0059,ALIGN MASK LEVEL 3
seq_0059,EXPOSE LITHO LEVEL 3
seq_0059,DEVELOP PHOTORESIST
seq_0059,VIA INSPECTION
seq_0059,VIA ETCH
seq_0059,STRIP PHOTORESIST
seq_0059,CLEAN AFTER VIA ETCH
seq_0059,MEASURE VIA CD
seq_0059,DEPOSIT BARRIER METAL
seq_0059,DEPOSIT TUNGSTEN SEED
seq_0059,FILL VIA TUNGSTEN
seq_0059,CMP VIA FILL
seq_0059,MEASURE CONTACT RESISTANCE
seq_0059,DEPOSIT METAL 1
seq_0059,ANNEAL METAL 1
seq_0059,MEASURE METAL THICKNESS
seq_0059,SPIN COAT PHOTORESIST
seq_0059,SOFT BAKE
seq_0059,ALIGN MASK LEVEL 4
seq_0059,EXPOSE LITHO LEVEL 4
seq_0059,DEVELOP PHOTORESIST
seq_0059,METAL PATTERN INSPECTION
seq_0059,METAL ETCH DRY
seq_0059,STRIP RESIST
seq_0059,CLEAN AFTER METAL ETCH
seq_0059,MEASURE LINE WIDTH
seq_0059,DEPOSIT PASSIVATION LAYER
seq_0059,CURE PASSIVATION
seq_0059,MEASURE PASSIVATION THICKNESS
seq_0059,OPEN PAD WINDOW
seq_0059,OPEN PAD WINDOW LITHO
seq_0059,DEVELOP PAD WINDOW
seq_0059,PASSIVATION ETCH PAD OPENING
seq_0059,STRIP PHOTORESIST
seq_0059,CLEAN PAD OPENING
seq_0059,MEASURE PAD OPENING
seq_0059,BACKSIDE THINNING CHECK
seq_0059,BACKSIDE CLEAN FINAL
seq_0059,DEPOSIT BACKSIDE PROTECTION
seq_0059,BACKSIDE ANNEAL
seq_0059,FRONTSIDE CLEAN FINAL
seq_0059,FINAL CLEAN
seq_0059,FINAL THICKNESS MEASURE
seq_0059,FINAL OXIDE CHECK
seq_0059,FINAL CD INSPECTION
seq_0059,FINAL ELECTRICAL TEST PREP
seq_0059,ELECTRICAL PARAMETRIC TEST
seq_0059,LEAKAGE TEST
seq_0059,THRESHOLD VOLTAGE TEST
seq_0059,SWITCHING TEST
seq_0059,WAFER SORT TEST
seq_0059,YIELD ANALYSIS
seq_0059,LOT RELEASE
seq_0059,SHIP LOT
seq_0060,RECEIVE WAFER LOT
seq_0060,LOT IDENTIFICATION
seq_0060,PRE CLEAN INSPECTION
seq_0060,MEASURE INITIAL THICKNESS
seq_0060,MEASURE SURFACE DEFECTS
seq_0060,WAFER CLEAN PRE PROCESS
seq_0060,BACKSIDE CLEAN
seq_0060,WET CLEAN RCA1
seq_0060,WET CLEAN RCA2
seq_0060,HF DIP
seq_0060,WAFER CLEAN PRE-GRIND
seq_0060,GRINDING WAFER BACKSIDE
seq_0060,MEASURE INITIAL GEOMETRY
seq_0060,ETCH WET BACKSIDE
seq_0060,RINSE WET WAFER_EDGE
seq_0060,DRY WAFER BACKSIDE
seq_0060,BACKSIDE CLEAN
seq_0060,MEASURE BACKSIDE ROUGHNESS
seq_0060,THERMAL OXIDATION
seq_0060,MEASURE OXIDE THICKNESS
seq_0060,RCA CLEAN 1
seq_0060,RCA CLEAN 2
seq_0060,HF DIP
seq_0060,OXIDE STRIP
seq_0060,SURFACE PREP FOR DEPOSITION
seq_0060,DEPOSIT PAD OXIDE
seq_0060,ANNEAL OXIDE
seq_0060,MEASURE FILM THICKNESS
seq_0060,SPIN COAT PHOTORESIST
seq_0060,SOFT BAKE
seq_0060,ALIGN MASK LEVEL 1
seq_0060,EXPOSE LITHO LEVEL 1
seq_0060,DEVELOP PHOTORESIST
seq_0060,INSPECT PATTERN LEVEL 1
seq_0060,HARD BAKE
seq_0060,OXIDE ETCH DRY
seq_0060,STRIP PHOTORESIST
seq_0060,CLEAN AFTER ETCH
seq_0060,MEASURE CD LEVEL 1
seq_0060,DEPOSIT POLYSILICON
seq_0060,ANNEAL POLYSILICON
seq_0060,SPIN COAT PHOTORESIST
seq_0060,SOFT BAKE
seq_0060,ALIGN MASK LEVEL 2
seq_0060,EXPOSE LITHO LEVEL 2
seq_0060,POST EXPOSE BAKE
seq_0060,DEVELOP PHOTORESIST
seq_0060,PATTERN INSPECTION LEVEL 2
seq_0060,HARD BAKE
seq_0060,POLYSILICON ETCH DRY
seq_0060,STRIP RESIST
seq_0060,CLEAN AFTER POLY ETCH
seq_0060,MEASURE CD LEVEL 2
seq_0060,IMPLANT N-TYPE
seq_0060,PRE ANNEAL CHECK
seq_0060,RAPID THERMAL ANNEAL
seq_0060,MEASURE SHEET RESISTANCE
seq_0060,DEPOSIT INTERLEVEL DIELECTRIC
seq_0060,DENSIFY DIELECTRIC
seq_0060,MEASURE FILM THICKNESS
seq_0060,CMP INTERLAYER DIELECTRIC
seq_0060,MEASURE SURFACE PLANARITY
seq_0060,SPIN COAT PHOTORESIST
seq_0060,SOFT BAKE
seq_0060,ALIGN MASK LEVEL 3
seq_0060,EXPOSE LITHO LEVEL 3
seq_0060,DEVELOP PHOTORESIST
seq_0060,VIA INSPECTION
seq_0060,VIA ETCH THROUGH DIELECTRIC
seq_0060,STRIP RESIST
seq_0060,CLEAN AFTER VIA ETCH
seq_0060,DEPOSIT BARRIER METAL
seq_0060,DEPOSIT TUNGSTEN SEED
seq_0060,FILL VIA TUNGSTEN
seq_0060,CMP METAL
seq_0060,MEASURE VIA RESISTANCE
seq_0060,DEPOSIT TOP METAL
seq_0060,ANNEAL METAL 1
seq_0060,MEASURE METAL THICKNESS
seq_0060,SPIN COAT PHOTORESIST
seq_0060,SOFT BAKE
seq_0060,ALIGN MASK LEVEL 4
seq_0060,EXPOSE LITHO LEVEL 4
seq_0060,DEVELOP PHOTORESIST
seq_0060,METAL PATTERN INSPECTION
seq_0060,METAL ETCH DRY
seq_0060,STRIP RESIST
seq_0060,CLEAN AFTER METAL ETCH
seq_0060,MEASURE LINE WIDTH
seq_0060,DEPOSIT PASSIVATION LAYER
seq_0060,CURE PASSIVATION
seq_0060,MEASURE PASSIVATION THICKNESS
seq_0060,OPEN BOND PAD WINDOW
seq_0060,OPEN PAD WINDOW LITHO
seq_0060,DEVELOP PHOTORESIST
seq_0060,PASSIVATION ETCH PAD OPENING
seq_0060,STRIP PHOTORESIST
seq_0060,CLEAN PAD OPENING
seq_0060,MEASURE PAD OPENING
seq_0060,BACKSIDE THINNING CHECK
seq_0060,BACKSIDE CLEAN FINAL
seq_0060,DEPOSIT BACKSIDE PROTECTION
seq_0060,BACKSIDE ANNEAL
seq_0060,FINAL CLEAN
seq_0060,FINAL THICKNESS MEASURE
seq_0060,FINAL GEOMETRY CHECK
seq_0060,FINAL OXIDE CHECK
seq_0060,PARAMETRIC TEST
seq_0060,LEAKAGE TEST
seq_0060,SWITCHING TEST
seq_0060,WAFER SORT TEST
seq_0060,YIELD ANALYSIS
seq_0060,LOT RELEASE
seq_0060,PACKAGE PREPARATION
seq_0060,SHIP LOT
seq_0061,RECEIVE WAFER LOT
seq_0061,LOT IDENTIFICATION
seq_0061,INITIAL WAFER INSPECTION
seq_0061,MEASURE INITIAL THICKNESS
seq_0061,MEASURE SURFACE PARTICLES
seq_0061,WAFER CLEAN PRE PROCESS
seq_0061,BACKSIDE CLEAN
seq_0061,FRONTSIDE CLEAN
seq_0061,WET CLEAN RCA1
seq_0061,WET CLEAN RCA2
seq_0061,HF DIP
seq_0061,WAFER CLEAN PRE-GRIND
seq_0061,GRINDING WAFER BACKSIDE
seq_0061,MEASURE GEOMETRY
seq_0061,ETCH WET BACKSIDE
seq_0061,RINSE WET WAFER_EDGE
seq_0061,DRY WAFER BACKSIDE
seq_0061,BACKSIDE CLEAN
seq_0061,MEASURE BACKSIDE ROUGHNESS
seq_0061,THERMAL OXIDATION
seq_0061,MEASURE OXIDE THICKNESS
seq_0061,RCA CLEAN 1
seq_0061,WET CLEAN RCA2
seq_0061,HF DIP
seq_0061,OXIDE STRIP
seq_0061,SURFACE PREP FOR DEPOSITION
seq_0061,DEPOSIT PAD OXIDE
seq_0061,ANNEAL OXIDE
seq_0061,MEASURE FILM THICKNESS
seq_0061,SPIN COAT PHOTORESIST
seq_0061,SOFT BAKE
seq_0061,ALIGN MASK LEVEL 1
seq_0061,EXPOSE LITHO LEVEL 1
seq_0061,POST EXPOSE BAKE
seq_0061,DEVELOP PHOTORESIST
seq_0061,INSPECT PATTERN LEVEL 1
seq_0061,HARD BAKE
seq_0061,OXIDE ETCH DRY
seq_0061,STRIP PHOTORESIST
seq_0061,CLEAN AFTER ETCH
seq_0061,MEASURE CD LEVEL 1
seq_0061,DEPOSIT POLYSILICON
seq_0061,ANNEAL POLYSILICON
seq_0061,SPIN COAT PHOTORESIST
seq_0061,SOFT BAKE
seq_0061,ALIGN MASK LEVEL 2
seq_0061,EXPOSE LITHO LEVEL 2
seq_0061,DEVELOP PHOTORESIST
seq_0061,PATTERN INSPECTION LEVEL 2
seq_0061,POLYSILICON ETCH DRY
seq_0061,STRIP RESIST
seq_0061,CLEAN AFTER POLY ETCH
seq_0061,IMPLANT N-TYPE
seq_0061,RAPID THERMAL ANNEAL
seq_0061,MEASURE SHEET RESISTANCE
seq_0061,DEPOSIT INTERLEVEL DIELECTRIC
seq_0061,DENSIFY OXIDE
seq_0061,MEASURE FILM THICKNESS
seq_0061,CMP INTERLAYER DIELECTRIC
seq_0061,MEASURE SURFACE PLANARITY
seq_0061,SPIN COAT PHOTORESIST
seq_0061,SOFT BAKE
seq_0061,ALIGN MASK LEVEL 3
seq_0061,EXPOSE LITHO LEVEL 3
seq_0061,POST EXPOSE BAKE
seq_0061,DEVELOP PHOTORESIST
seq_0061,VIA OPENING INSPECTION
seq_0061,VIA ETCH THROUGH DIELECTRIC
seq_0061,STRIP PHOTORESIST
seq_0061,CLEAN AFTER VIA ETCH
seq_0061,DEPOSIT BARRIER METAL
seq_0061,DEPOSIT TUNGSTEN SEED
seq_0061,FILL VIA TUNGSTEN
seq_0061,CMP VIA FILL
seq_0061,MEASURE CONTACT RESISTANCE
seq_0061,DEPOSIT METAL 1
seq_0061,ANNEAL METAL
seq_0061,SPIN COAT PHOTORESIST
seq_0061,SOFT BAKE
seq_0061,ALIGN MASK LEVEL 4
seq_0061,EXPOSE LITHO LEVEL 4
seq_0061,DEVELOP PHOTORESIST
seq_0061,METAL PATTERN INSPECTION
seq_0061,HARD BAKE
seq_0061,METAL ETCH DRY
seq_0061,STRIP RESIST
seq_0061,CLEAN AFTER METAL ETCH
seq_0061,MEASURE LINE WIDTH
seq_0061,DEPOSIT PASSIVATION LAYER
seq_0061,CURE PASSIVATION
seq_0061,MEASURE PASSIVATION THICKNESS
seq_0061,OPEN PAD WINDOW
seq_0061,PAD WINDOW LITHO
seq_0061,DEVELOP PAD WINDOW
seq_0061,PASSIVATION ETCH PAD OPENING
seq_0061,STRIP RESIST
seq_0061,CLEAN PAD OPENING
seq_0061,MEASURE PAD OPENING
seq_0061,BACKSIDE CLEAN FINAL
seq_0061,DEPOSIT BACKSIDE PROTECTION
seq_0061,BACKSIDE ANNEAL
seq_0061,FINAL CLEAN
seq_0061,FINAL THICKNESS MEASURE
seq_0061,FINAL GEOMETRY CHECK
seq_0061,FINAL OXIDE CHECK
seq_0061,FINAL PARTICLE INSPECTION
seq_0061,FINAL ELECTRICAL TEST PREP
seq_0061,PARAMETRIC TEST
seq_0061,LEAKAGE TEST
seq_0061,SWITCHING TEST
seq_0061,WAFER SORT TEST
seq_0061,YIELD ANALYSIS
seq_0061,FINAL LOT RELEASE
seq_0061,SHIP LOT
seq_0062,RECEIVE WAFER LOT
seq_0062,LOT IDENTIFICATION
seq_0062,PRE CLEAN INSPECTION
seq_0062,MEASURE SURFACE PARTICLES
seq_0062,WAFER CLEAN PRE PROCESS
seq_0062,BACKSIDE CLEAN
seq_0062,RCA CLEAN 1
seq_0062,WET CLEAN RCA2
seq_0062,HF DIP
seq_0062,DRY WAFER
seq_0062,WAFER CLEAN PRE-GRIND
seq_0062,GRINDING WAFER BACKSIDE
seq_0062,MEASURE GEOMETRY
seq_0062,ETCH WET BACKSIDE
seq_0062,RINSE WET WAFER_EDGE
seq_0062,DRY WAFER BACKSIDE
seq_0062,BACKSIDE CLEAN
seq_0062,MEASURE BACKSIDE ROUGHNESS
seq_0062,THERMAL OXIDATION
seq_0062,MEASURE OXIDE THICKNESS
seq_0062,WET CLEAN RCA1
seq_0062,RCA CLEAN 2
seq_0062,HF DIP
seq_0062,OXIDE STRIP
seq_0062,SURFACE PREP FOR DEPOSITION
seq_0062,DEPOSIT PAD OXIDE
seq_0062,ANNEAL OXIDE
seq_0062,MEASURE FILM THICKNESS
seq_0062,SPIN COAT PHOTORESIST
seq_0062,SOFT BAKE
seq_0062,ALIGN MASK LEVEL 1
seq_0062,EXPOSE LITHO LEVEL 1
seq_0062,DEVELOP PHOTORESIST
seq_0062,INSPECT PATTERN LEVEL 1
seq_0062,HARD BAKE
seq_0062,OXIDE ETCH DRY
seq_0062,STRIP RESIST
seq_0062,CLEAN AFTER ETCH
seq_0062,MEASURE CD LEVEL 1
seq_0062,DEPOSIT POLYSILICON
seq_0062,ANNEAL POLYSILICON
seq_0062,SPIN COAT PHOTORESIST
seq_0062,SOFT BAKE
seq_0062,ALIGN MASK LEVEL 2
seq_0062,EXPOSE LITHO LEVEL 2
seq_0062,DEVELOP PHOTORESIST
seq_0062,PATTERN INSPECTION LEVEL 2
seq_0062,HARD BAKE
seq_0062,POLYSILICON ETCH DRY
seq_0062,STRIP RESIST
seq_0062,CLEAN AFTER POLY ETCH
seq_0062,MEASURE CD LEVEL 2
seq_0062,IMPLANT N-TYPE
seq_0062,PRE ANNEAL CHECK
seq_0062,RAPID THERMAL ANNEAL
seq_0062,MEASURE SHEET RESISTANCE
seq_0062,DEPOSIT INTERLEVEL DIELECTRIC
seq_0062,DENSIFY DIELECTRIC
seq_0062,MEASURE FILM THICKNESS
seq_0062,CMP DIELECTRIC
seq_0062,MEASURE SURFACE PLANARITY
seq_0062,SPIN COAT PHOTORESIST
seq_0062,SOFT BAKE
seq_0062,ALIGN MASK LEVEL 3
seq_0062,EXPOSE LITHO LEVEL 3
seq_0062,DEVELOP PHOTORESIST
seq_0062,VIA INSPECTION
seq_0062,VIA ETCH
seq_0062,STRIP PHOTORESIST
seq_0062,CLEAN AFTER VIA ETCH
seq_0062,MEASURE VIA CD
seq_0062,DEPOSIT BARRIER METAL
seq_0062,DEPOSIT TUNGSTEN SEED
seq_0062,FILL VIA TUNGSTEN
seq_0062,CMP VIA FILL
seq_0062,MEASURE CONTACT RESISTANCE
seq_0062,DEPOSIT METAL 1
seq_0062,ANNEAL METAL
seq_0062,SPIN COAT PHOTORESIST
seq_0062,SOFT BAKE
seq_0062,ALIGN MASK LEVEL 4
seq_0062,EXPOSE LITHO LEVEL 4
seq_0062,POST EXPOSE BAKE
seq_0062,DEVELOP PHOTORESIST
seq_0062,METAL PATTERN INSPECTION
seq_0062,HARD BAKE
seq_0062,METAL ETCH DRY
seq_0062,STRIP PHOTORESIST
seq_0062,CLEAN AFTER METAL ETCH
seq_0062,MEASURE LINE WIDTH
seq_0062,DEPOSIT PASSIVATION
seq_0062,CURE PASSIVATION
seq_0062,MEASURE PASSIVATION QUALITY
seq_0062,OPEN BOND PAD WINDOW
seq_0062,PAD WINDOW LITHO
seq_0062,DEVELOP PAD WINDOW
seq_0062,PASSIVATION ETCH
seq_0062,STRIP PHOTORESIST
seq_0062,CLEAN PAD OPENING
seq_0062,MEASURE PAD OPENING
seq_0062,BACKSIDE CLEAN FINAL
seq_0062,DEPOSIT BACKSIDE PROTECTION
seq_0062,BACKSIDE ANNEAL
seq_0062,FRONTSIDE CLEAN FINAL
seq_0062,FINAL CLEAN
seq_0062,FINAL THICKNESS MEASURE
seq_0062,FINAL OXIDE CHECK
seq_0062,FINAL PARTICLE INSPECTION
seq_0062,PARAMETRIC TEST
seq_0062,LEAKAGE TEST
seq_0062,THRESHOLD VOLTAGE TEST
seq_0062,SWITCHING TEST
seq_0062,WAFER SORT TEST
seq_0062,YIELD ANALYSIS
seq_0062,FINAL LOT RELEASE
seq_0062,PACKAGE PREPARATION
seq_0062,SHIP LOT
seq_0063,RECEIVE WAFER LOT
seq_0063,LOT IDENTIFICATION
seq_0063,INITIAL WAFER INSPECTION
seq_0063,MEASURE INITIAL THICKNESS
seq_0063,MEASURE SURFACE DEFECTS
seq_0063,WAFER CLEAN PRE PROCESS
seq_0063,BACKSIDE CLEAN
seq_0063,FRONTSIDE CLEAN
seq_0063,WET CLEAN RCA1
seq_0063,WET CLEAN RCA2
seq_0063,HF DIP
seq_0063,WAFER CLEAN PRE-GRIND
seq_0063,GRINDING WAFER BACKSIDE
seq_0063,MEASURE INITIAL GEOMETRY
seq_0063,ETCH WET BACKSIDE
seq_0063,RINSE WET WAFER_EDGE
seq_0063,DRY WAFER BACKSIDE
seq_0063,BACKSIDE CLEAN
seq_0063,MEASURE BACKSIDE ROUGHNESS
seq_0063,THERMAL OXIDATION
seq_0063,MEASURE OXIDE THICKNESS
seq_0063,WET CLEAN RCA1
seq_0063,WET CLEAN RCA2
seq_0063,HF DIP
seq_0063,OXIDE STRIP
seq_0063,SURFACE PREP FOR DEPOSITION
seq_0063,DEPOSIT PAD OXIDE
seq_0063,ANNEAL OXIDE
seq_0063,MEASURE OXIDE THICKNESS
seq_0063,SPIN COAT PHOTORESIST
seq_0063,SOFT BAKE
seq_0063,ALIGN MASK LEVEL 1
seq_0063,EXPOSE LITHO LEVEL 1
seq_0063,DEVELOP PHOTORESIST
seq_0063,INSPECT PATTERN LEVEL 1
seq_0063,HARD BAKE
seq_0063,OXIDE ETCH DRY
seq_0063,STRIP RESIST
seq_0063,CLEAN AFTER ETCH
seq_0063,MEASURE CD LEVEL 1
seq_0063,DEPOSIT POLYSILICON
seq_0063,ANNEAL POLYSILICON
seq_0063,SPIN COAT PHOTORESIST
seq_0063,SOFT BAKE
seq_0063,ALIGN MASK LEVEL 2
seq_0063,EXPOSE LITHO LEVEL 2
seq_0063,DEVELOP PHOTORESIST
seq_0063,PATTERN INSPECTION LEVEL 2
seq_0063,POLYSILICON ETCH DRY
seq_0063,STRIP RESIST LEVEL 2
seq_0063,CLEAN AFTER POLY ETCH
seq_0063,MEASURE CD LEVEL 2
seq_0063,IMPLANT N-TYPE
seq_0063,PRE ANNEAL CHECK
seq_0063,RAPID THERMAL ANNEAL
seq_0063,MEASURE SHEET RESISTANCE
seq_0063,DEPOSIT INTERLAYER DIELECTRIC
seq_0063,DENSIFY DIELECTRIC
seq_0063,MEASURE FILM THICKNESS
seq_0063,CMP DIELECTRIC
seq_0063,MEASURE PLANARITY
seq_0063,SPIN COAT PHOTORESIST
seq_0063,SOFT BAKE
seq_0063,ALIGN MASK LEVEL 3
seq_0063,EXPOSE LITHO LEVEL 3
seq_0063,DEVELOP PHOTORESIST
seq_0063,VIA INSPECTION
seq_0063,DIELECTRIC ETCH VIA
seq_0063,STRIP PHOTORESIST
seq_0063,CLEAN AFTER VIA ETCH
seq_0063,MEASURE VIA CD
seq_0063,DEPOSIT BARRIER METAL
seq_0063,DEPOSIT TUNGSTEN SEED
seq_0063,FILL VIA TUNGSTEN
seq_0063,CMP VIA FILL
seq_0063,MEASURE VIA RESISTANCE
seq_0063,DEPOSIT TOP METAL
seq_0063,ANNEAL METAL
seq_0063,MEASURE METAL THICKNESS
seq_0063,SPIN COAT PHOTORESIST
seq_0063,SOFT BAKE
seq_0063,ALIGN MASK LEVEL 4
seq_0063,EXPOSE LITHO LEVEL 4
seq_0063,DEVELOP PHOTORESIST
seq_0063,METAL PATTERN INSPECTION
seq_0063,METAL ETCH DRY
seq_0063,STRIP PHOTORESIST
seq_0063,CLEAN AFTER METAL ETCH
seq_0063,DEPOSIT PASSIVATION LAYER
seq_0063,CURE PASSIVATION
seq_0063,MEASURE PASSIVATION QUALITY
seq_0063,OPEN PAD WINDOW
seq_0063,OPEN PAD WINDOW LITHO
seq_0063,DEVELOP PHOTORESIST
seq_0063,PASSIVATION ETCH
seq_0063,STRIP PHOTORESIST
seq_0063,CLEAN PAD OPENING
seq_0063,MEASURE PAD OPENING
seq_0063,BACKSIDE THINNING CHECK
seq_0063,BACKSIDE CLEAN
seq_0063,DEPOSIT BACKSIDE PROTECTION
seq_0063,BACKSIDE ANNEAL
seq_0063,FRONTSIDE CLEAN FINAL
seq_0063,FINAL CLEAN
seq_0063,FINAL THICKNESS MEASURE
seq_0063,FINAL GEOMETRY CHECK
seq_0063,FINAL CD INSPECTION
seq_0063,FINAL PARTICLE INSPECTION
seq_0063,FINAL ELECTRICAL TEST PREP
seq_0063,ELECTRICAL PARAMETRIC TEST
seq_0063,LEAKAGE TEST
seq_0063,THRESHOLD VOLTAGE TEST
seq_0063,SWITCHING TEST
seq_0063,WAFER SORT TEST
seq_0063,YIELD ANALYSIS
seq_0063,FINAL LOT RELEASE
seq_0063,SHIP LOT
seq_0064,RECEIVE WAFER LOT
seq_0064,LOT IDENTIFICATION
seq_0064,INITIAL WAFER INSPECTION
seq_0064,MEASURE INITIAL GEOMETRY
seq_0064,MEASURE SURFACE PARTICLES
seq_0064,WAFER CLEAN PRE PROCESS
seq_0064,BACKSIDE CLEAN
seq_0064,WET CLEAN RCA1
seq_0064,WET CLEAN RCA2
seq_0064,HF DIP
seq_0064,WAFER CLEAN PRE-GRIND
seq_0064,GRINDING WAFER BACKSIDE
seq_0064,MEASURE INITIAL GEOMETRY
seq_0064,ETCH WET BACKSIDE
seq_0064,RINSE WET WAFER_EDGE
seq_0064,DRY WAFER BACKSIDE
seq_0064,BACKSIDE CLEAN
seq_0064,MEASURE BACKSIDE ROUGHNESS
seq_0064,THERMAL OXIDATION
seq_0064,MEASURE OXIDE THICKNESS
seq_0064,WET CLEAN RCA1
seq_0064,WET CLEAN RCA2
seq_0064,HF DIP
seq_0064,OXIDE STRIP
seq_0064,SURFACE PREP FOR DEPOSITION
seq_0064,DEPOSIT PAD OXIDE
seq_0064,ANNEAL OXIDE
seq_0064,MEASURE FILM THICKNESS
seq_0064,SPIN COAT PHOTORESIST
seq_0064,SOFT BAKE
seq_0064,ALIGN MASK LEVEL 1
seq_0064,EXPOSE LITHO LEVEL 1
seq_0064,DEVELOP PHOTORESIST
seq_0064,INSPECT PATTERN LEVEL 1
seq_0064,HARD BAKE
seq_0064,OXIDE ETCH DRY
seq_0064,STRIP PHOTORESIST
seq_0064,CLEAN AFTER ETCH
seq_0064,MEASURE CD LEVEL 1
seq_0064,DEPOSIT POLYSILICON
seq_0064,ANNEAL POLYSILICON
seq_0064,SPIN COAT PHOTORESIST
seq_0064,SOFT BAKE
seq_0064,ALIGN MASK LEVEL 2
seq_0064,EXPOSE LITHO LEVEL 2
seq_0064,DEVELOP PHOTORESIST
seq_0064,PATTERN INSPECTION LEVEL 2
seq_0064,POLYSILICON ETCH DRY
seq_0064,STRIP RESIST LEVEL 2
seq_0064,CLEAN AFTER POLY ETCH
seq_0064,MEASURE CD LEVEL 2
seq_0064,IMPLANT N-TYPE
seq_0064,PRE ANNEAL CHECK
seq_0064,RAPID THERMAL ANNEAL
seq_0064,MEASURE SHEET RESISTANCE
seq_0064,DEPOSIT INTERLEVEL DIELECTRIC
seq_0064,DENSIFY OXIDE
seq_0064,MEASURE FILM THICKNESS
seq_0064,CMP DIELECTRIC
seq_0064,MEASURE PLANARITY
seq_0064,SPIN COAT PHOTORESIST
seq_0064,SOFT BAKE
seq_0064,ALIGN MASK LEVEL 3
seq_0064,EXPOSE LITHO LEVEL 3
seq_0064,DEVELOP PHOTORESIST
seq_0064,VIA OPENING INSPECTION
seq_0064,VIA ETCH THROUGH DIELECTRIC
seq_0064,STRIP RESIST
seq_0064,CLEAN AFTER VIA ETCH
seq_0064,DEPOSIT BARRIER METAL
seq_0064,DEPOSIT TUNGSTEN SEED
seq_0064,FILL VIA TUNGSTEN
seq_0064,CMP VIA FILL
seq_0064,MEASURE VIA RESISTANCE
seq_0064,DEPOSIT TOP METAL
seq_0064,ANNEAL METAL
seq_0064,SPIN COAT PHOTORESIST
seq_0064,SOFT BAKE
seq_0064,ALIGN MASK LEVEL 4
seq_0064,EXPOSE LITHO LEVEL 4
seq_0064,POST EXPOSE BAKE
seq_0064,DEVELOP PHOTORESIST
seq_0064,METAL PATTERN INSPECTION
seq_0064,METAL ETCH DRY
seq_0064,STRIP RESIST
seq_0064,CLEAN AFTER METAL ETCH
seq_0064,MEASURE LINE WIDTH
seq_0064,DEPOSIT PASSIVATION LAYER
seq_0064,CURE PASSIVATION
seq_0064,MEASURE PASSIVATION QUALITY
seq_0064,OPEN PAD WINDOW
seq_0064,PAD WINDOW LITHO
seq_0064,DEVELOP PAD WINDOW
seq_0064,PASSIVATION ETCH PAD OPENING
seq_0064,STRIP PHOTORESIST
seq_0064,CLEAN PAD OPENING
seq_0064,MEASURE PAD OPENING
seq_0064,BACKSIDE CLEAN FINAL
seq_0064,DEPOSIT BACKSIDE PROTECTION
seq_0064,BACKSIDE ANNEAL
seq_0064,FINAL CLEAN
seq_0064,FINAL GEOMETRY CHECK
seq_0064,FINAL OXIDE CHECK
seq_0064,PARAMETRIC TEST
seq_0064,LEAKAGE TEST
seq_0064,THRESHOLD VOLTAGE TEST
seq_0064,SWITCHING TEST
seq_0064,WAFER SORT TEST
seq_0064,YIELD ANALYSIS
seq_0064,LOT RELEASE
seq_0064,SHIP LOT
seq_0065,RECEIVE WAFER LOT
seq_0065,LOT IDENTIFICATION
seq_0065,PRE CLEAN INSPECTION
seq_0065,MEASURE INITIAL THICKNESS
seq_0065,MEASURE SURFACE DEFECTS
seq_0065,WAFER CLEAN PRE PROCESS
seq_0065,BACKSIDE CLEAN
seq_0065,FRONTSIDE CLEAN
seq_0065,WET CLEAN RCA1
seq_0065,WET CLEAN RCA2
seq_0065,HF DIP
seq_0065,WAFER CLEAN PRE-GRIND
seq_0065,GRINDING WAFER BACKSIDE
seq_0065,MEASURE GEOMETRY
seq_0065,ETCH WET BACKSIDE
seq_0065,RINSE WET WAFER_EDGE
seq_0065,DRY WAFER BACKSIDE
seq_0065,BACKSIDE CLEAN
seq_0065,MEASURE BACKSIDE ROUGHNESS
seq_0065,THERMAL OXIDATION
seq_0065,MEASURE OXIDE THICKNESS
seq_0065,WET CLEAN RCA1
seq_0065,RCA CLEAN 2
seq_0065,HF DIP
seq_0065,OXIDE STRIP
seq_0065,SURFACE PREP FOR DEPOSITION
seq_0065,DEPOSIT PAD OXIDE
seq_0065,ANNEAL OXIDE
seq_0065,MEASURE FILM THICKNESS
seq_0065,SPIN COAT PHOTORESIST
seq_0065,SOFT BAKE
seq_0065,ALIGN MASK LEVEL 1
seq_0065,EXPOSE LITHO LEVEL 1
seq_0065,DEVELOP PHOTORESIST
seq_0065,INSPECT PATTERN LEVEL 1
seq_0065,HARD BAKE
seq_0065,OXIDE ETCH DRY
seq_0065,STRIP RESIST
seq_0065,CLEAN AFTER ETCH
seq_0065,MEASURE CD LEVEL 1
seq_0065,DEPOSIT POLYSILICON
seq_0065,ANNEAL POLYSILICON
seq_0065,SPIN COAT PHOTORESIST
seq_0065,SOFT BAKE
seq_0065,ALIGN MASK LEVEL 2
seq_0065,EXPOSE LITHO LEVEL 2
seq_0065,DEVELOP PHOTORESIST
seq_0065,PATTERN INSPECTION LEVEL 2
seq_0065,POLYSILICON ETCH DRY
seq_0065,STRIP RESIST LEVEL 2
seq_0065,CLEAN AFTER POLY ETCH
seq_0065,MEASURE CD LEVEL 2
seq_0065,IMPLANT N-TYPE
seq_0065,RAPID THERMAL ANNEAL
seq_0065,MEASURE SHEET RESISTANCE
seq_0065,DEPOSIT INTERLAYER DIELECTRIC
seq_0065,DENSIFY OXIDE
seq_0065,MEASURE DIELECTRIC THICKNESS
seq_0065,CMP INTERLAYER DIELECTRIC
seq_0065,MEASURE SURFACE PLANARITY
seq_0065,SPIN COAT PHOTORESIST
seq_0065,SOFT BAKE
seq_0065,ALIGN MASK LEVEL 3
seq_0065,EXPOSE LITHO LEVEL 3
seq_0065,DEVELOP PHOTORESIST
seq_0065,VIA INSPECTION
seq_0065,DIELECTRIC ETCH VIA
seq_0065,STRIP PHOTORESIST
seq_0065,CLEAN AFTER VIA ETCH
seq_0065,DEPOSIT BARRIER METAL
seq_0065,DEPOSIT TUNGSTEN SEED
seq_0065,FILL VIA TUNGSTEN
seq_0065,CMP METAL
seq_0065,MEASURE VIA RESISTANCE
seq_0065,DEPOSIT METAL 1
seq_0065,ANNEAL METAL 1
seq_0065,SPIN COAT PHOTORESIST
seq_0065,SOFT BAKE
seq_0065,ALIGN MASK LEVEL 4
seq_0065,EXPOSE LITHO LEVEL 4
seq_0065,DEVELOP PHOTORESIST
seq_0065,METAL PATTERN INSPECTION
seq_0065,HARD BAKE
seq_0065,METAL ETCH DRY
seq_0065,STRIP PHOTORESIST
seq_0065,CLEAN AFTER METAL ETCH
seq_0065,DEPOSIT PASSIVATION LAYER
seq_0065,CURE PASSIVATION
seq_0065,MEASURE PASSIVATION THICKNESS
seq_0065,OPEN BOND PAD WINDOW
seq_0065,PAD WINDOW LITHO
seq_0065,DEVELOP PHOTORESIST
seq_0065,PASSIVATION ETCH
seq_0065,STRIP PHOTORESIST
seq_0065,CLEAN PAD OPENING
seq_0065,MEASURE PAD OPENING
seq_0065,BACKSIDE CLEAN
seq_0065,DEPOSIT BACKSIDE PROTECTION
seq_0065,BACKSIDE ANNEAL
seq_0065,FRONTSIDE CLEAN FINAL
seq_0065,FINAL CLEAN
seq_0065,FINAL THICKNESS MEASURE
seq_0065,FINAL GEOMETRY CHECK
seq_0065,FINAL OXIDE CHECK
seq_0065,FINAL PARTICLE INSPECTION
seq_0065,FINAL ELECTRICAL TEST PREP
seq_0065,PARAMETRIC TEST
seq_0065,LEAKAGE TEST
seq_0065,THRESHOLD VOLTAGE TEST
seq_0065,SWITCHING TEST
seq_0065,WAFER SORT TEST
seq_0065,YIELD ANALYSIS
seq_0065,LOT RELEASE
seq_0065,PACKAGE PREPARATION
seq_0065,SHIP LOT
seq_0066,RECEIVE WAFER LOT
seq_0066,LOT IDENTIFICATION
seq_0066,INITIAL WAFER INSPECTION
seq_0066,MEASURE INITIAL GEOMETRY
seq_0066,WAFER CLEAN PRE PROCESS
seq_0066,BACKSIDE CLEAN
seq_0066,WET CLEAN RCA1
seq_0066,WET CLEAN RCA2
seq_0066,HF DIP
seq_0066,DRY WAFER
seq_0066,WAFER CLEAN PRE-GRIND
seq_0066,GRINDING WAFER BACKSIDE
seq_0066,MEASURE INITIAL GEOMETRY
seq_0066,ETCH WET BACKSIDE
seq_0066,RINSE WET WAFER_EDGE
seq_0066,DRY WAFER BACKSIDE
seq_0066,BACKSIDE CLEAN
seq_0066,MEASURE BACKSIDE ROUGHNESS
seq_0066,THERMAL OXIDATION
seq_0066,MEASURE OXIDE THICKNESS
seq_0066,RCA CLEAN 1
seq_0066,WET CLEAN RCA2
seq_0066,HF DIP
seq_0066,OXIDE STRIP
seq_0066,SURFACE PREP FOR DEPOSITION
seq_0066,DEPOSIT PAD OXIDE
seq_0066,ANNEAL OXIDE
seq_0066,MEASURE OXIDE THICKNESS
seq_0066,SPIN COAT PHOTORESIST
seq_0066,SOFT BAKE
seq_0066,ALIGN MASK LEVEL 1
seq_0066,EXPOSE LITHO LEVEL 1
seq_0066,DEVELOP PHOTORESIST
seq_0066,INSPECT PATTERN LEVEL 1
seq_0066,HARD BAKE
seq_0066,OXIDE ETCH DRY
seq_0066,STRIP PHOTORESIST
seq_0066,CLEAN AFTER ETCH
seq_0066,MEASURE CD LEVEL 1
seq_0066,DEPOSIT POLYSILICON
seq_0066,ANNEAL POLYSILICON
seq_0066,SPIN COAT PHOTORESIST
seq_0066,SOFT BAKE
seq_0066,ALIGN MASK LEVEL 2
seq_0066,EXPOSE LITHO LEVEL 2
seq_0066,DEVELOP PHOTORESIST
seq_0066,PATTERN INSPECTION LEVEL 2
seq_0066,POLYSILICON ETCH DRY
seq_0066,STRIP RESIST
seq_0066,CLEAN AFTER POLY ETCH
seq_0066,MEASURE CD LEVEL 2
seq_0066,IMPLANT N-TYPE
seq_0066,PRE ANNEAL CHECK
seq_0066,RAPID THERMAL ANNEAL
seq_0066,MEASURE SHEET RESISTANCE
seq_0066,DEPOSIT INTERLAYER DIELECTRIC
seq_0066,DENSIFY OXIDE
seq_0066,MEASURE FILM THICKNESS
seq_0066,CMP INTERLAYER DIELECTRIC
seq_0066,MEASURE SURFACE PLANARITY
seq_0066,SPIN COAT PHOTORESIST
seq_0066,SOFT BAKE
seq_0066,ALIGN MASK LEVEL 3
seq_0066,EXPOSE LITHO LEVEL 3
seq_0066,DEVELOP PHOTORESIST
seq_0066,VIA INSPECTION
seq_0066,HARD BAKE
seq_0066,VIA ETCH THROUGH DIELECTRIC
seq_0066,STRIP PHOTORESIST
seq_0066,CLEAN AFTER VIA ETCH
seq_0066,MEASURE VIA CD
seq_0066,DEPOSIT BARRIER METAL
seq_0066,DEPOSIT TUNGSTEN SEED
seq_0066,FILL VIA TUNGSTEN
seq_0066,CMP VIA FILL
seq_0066,MEASURE CONTACT RESISTANCE
seq_0066,DEPOSIT METAL 1
seq_0066,ANNEAL METAL 1
seq_0066,MEASURE METAL THICKNESS
seq_0066,SPIN COAT PHOTORESIST
seq_0066,SOFT BAKE
seq_0066,ALIGN MASK LEVEL 4
seq_0066,EXPOSE LITHO LEVEL 4
seq_0066,DEVELOP PHOTORESIST
seq_0066,METAL PATTERN INSPECTION
seq_0066,METAL ETCH DRY
seq_0066,STRIP PHOTORESIST
seq_0066,CLEAN AFTER METAL ETCH
seq_0066,MEASURE LINE WIDTH
seq_0066,DEPOSIT PASSIVATION LAYER
seq_0066,CURE PASSIVATION
seq_0066,MEASURE PASSIVATION QUALITY
seq_0066,OPEN PAD WINDOW
seq_0066,PAD WINDOW LITHO
seq_0066,DEVELOP PHOTORESIST
seq_0066,PASSIVATION ETCH PAD OPENING
seq_0066,STRIP RESIST
seq_0066,CLEAN PAD OPENING
seq_0066,MEASURE PAD OPENING
seq_0066,BACKSIDE CLEAN FINAL
seq_0066,DEPOSIT BACKSIDE PROTECTION
seq_0066,BACKSIDE ANNEAL
seq_0066,FINAL CLEAN
seq_0066,FINAL THICKNESS MEASURE
seq_0066,FINAL GEOMETRY CHECK
seq_0066,FINAL OXIDE CHECK
seq_0066,FINAL PARTICLE INSPECTION
seq_0066,FINAL ELECTRICAL TEST PREP
seq_0066,ELECTRICAL PARAMETRIC TEST
seq_0066,LEAKAGE TEST
seq_0066,THRESHOLD VOLTAGE TEST
seq_0066,SWITCHING TEST
seq_0066,WAFER SORT TEST
seq_0066,YIELD ANALYSIS
seq_0066,FINAL LOT RELEASE
seq_0066,SHIP LOT
seq_0067,RECEIVE WAFER LOT
seq_0067,LOT IDENTIFICATION
seq_0067,INITIAL WAFER INSPECTION
seq_0067,MEASURE INITIAL THICKNESS
seq_0067,MEASURE SURFACE DEFECTS
seq_0067,WAFER CLEAN PRE PROCESS
seq_0067,BACKSIDE CLEAN
seq_0067,RCA CLEAN 1
seq_0067,WET CLEAN RCA2
seq_0067,HF DIP
seq_0067,DRY WAFER
seq_0067,WAFER CLEAN PRE-GRIND
seq_0067,GRINDING WAFER BACKSIDE
seq_0067,MEASURE GEOMETRY
seq_0067,ETCH WET BACKSIDE
seq_0067,RINSE WET WAFER_EDGE
seq_0067,DRY WAFER BACKSIDE
seq_0067,BACKSIDE CLEAN
seq_0067,MEASURE BACKSIDE ROUGHNESS
seq_0067,THERMAL OXIDATION
seq_0067,MEASURE OXIDE THICKNESS
seq_0067,WET CLEAN RCA1
seq_0067,WET CLEAN RCA2
seq_0067,HF DIP
seq_0067,OXIDE STRIP
seq_0067,SURFACE PREP FOR DEPOSITION
seq_0067,DEPOSIT PAD OXIDE
seq_0067,ANNEAL OXIDE
seq_0067,MEASURE FILM THICKNESS
seq_0067,SPIN COAT PHOTORESIST
seq_0067,SOFT BAKE
seq_0067,ALIGN MASK LEVEL 1
seq_0067,EXPOSE LITHO LEVEL 1
seq_0067,DEVELOP PHOTORESIST
seq_0067,INSPECT PATTERN LEVEL 1
seq_0067,HARD BAKE
seq_0067,OXIDE ETCH DRY
seq_0067,STRIP RESIST
seq_0067,CLEAN AFTER ETCH
seq_0067,MEASURE CD LEVEL 1
seq_0067,DEPOSIT POLYSILICON
seq_0067,ANNEAL POLYSILICON
seq_0067,SPIN COAT PHOTORESIST
seq_0067,SOFT BAKE
seq_0067,ALIGN MASK LEVEL 2
seq_0067,EXPOSE LITHO LEVEL 2
seq_0067,DEVELOP PHOTORESIST
seq_0067,PATTERN INSPECTION LEVEL 2
seq_0067,POLYSILICON ETCH DRY
seq_0067,STRIP RESIST
seq_0067,CLEAN AFTER POLY ETCH
seq_0067,IMPLANT N-TYPE
seq_0067,RAPID THERMAL ANNEAL
seq_0067,DEPOSIT INTERLEVEL DIELECTRIC
seq_0067,DENSIFY DIELECTRIC
seq_0067,MEASURE DIELECTRIC THICKNESS
seq_0067,CMP DIELECTRIC
seq_0067,MEASURE SURFACE PLANARITY
seq_0067,SPIN COAT PHOTORESIST
seq_0067,SOFT BAKE
seq_0067,ALIGN MASK LEVEL 3
seq_0067,EXPOSE LITHO LEVEL 3
seq_0067,POST EXPOSE BAKE
seq_0067,DEVELOP PHOTORESIST
seq_0067,VIA INSPECTION
seq_0067,DIELECTRIC ETCH VIA
seq_0067,STRIP RESIST
seq_0067,CLEAN AFTER VIA ETCH
seq_0067,MEASURE VIA CD
seq_0067,DEPOSIT BARRIER METAL
seq_0067,DEPOSIT TUNGSTEN SEED
seq_0067,FILL VIA TUNGSTEN
seq_0067,CMP METAL
seq_0067,MEASURE CONTACT RESISTANCE
seq_0067,DEPOSIT TOP METAL
seq_0067,ANNEAL METAL
seq_0067,MEASURE METAL THICKNESS
seq_0067,SPIN COAT PHOTORESIST
seq_0067,SOFT BAKE
seq_0067,ALIGN MASK LEVEL 4
seq_0067,EXPOSE LITHO LEVEL 4
seq_0067,DEVELOP PHOTORESIST
seq_0067,METAL PATTERN INSPECTION
seq_0067,METAL ETCH DRY
seq_0067,STRIP PHOTORESIST
seq_0067,CLEAN AFTER METAL ETCH
seq_0067,MEASURE LINE WIDTH
seq_0067,DEPOSIT PASSIVATION
seq_0067,CURE PASSIVATION
seq_0067,MEASURE PASSIVATION QUALITY
seq_0067,OPEN PAD WINDOW
seq_0067,OPEN PAD WINDOW LITHO
seq_0067,DEVELOP PAD WINDOW
seq_0067,PASSIVATION ETCH PAD OPENING
seq_0067,STRIP PHOTORESIST
seq_0067,CLEAN PAD OPENING
seq_0067,MEASURE PAD OPENING
seq_0067,BACKSIDE THINNING CHECK
seq_0067,BACKSIDE CLEAN
seq_0067,DEPOSIT BACKSIDE PROTECTION
seq_0067,BACKSIDE ANNEAL
seq_0067,FINAL CLEAN
seq_0067,FINAL THICKNESS MEASURE
seq_0067,FINAL OXIDE CHECK
seq_0067,FINAL CD INSPECTION
seq_0067,ELECTRICAL PARAMETRIC TEST
seq_0067,LEAKAGE TEST
seq_0067,THRESHOLD VOLTAGE TEST
seq_0067,SWITCHING TEST
seq_0067,WAFER SORT TEST
seq_0067,YIELD ANALYSIS
seq_0067,LOT RELEASE
seq_0067,SHIP LOT
seq_0068,RECEIVE WAFER LOT
seq_0068,LOT IDENTIFICATION
seq_0068,INITIAL WAFER INSPECTION
seq_0068,MEASURE INITIAL THICKNESS
seq_0068,MEASURE SURFACE PARTICLES
seq_0068,WAFER CLEAN PRE PROCESS
seq_0068,BACKSIDE CLEAN
seq_0068,FRONTSIDE CLEAN
seq_0068,WET CLEAN RCA1
seq_0068,WET CLEAN RCA2
seq_0068,HF DIP
seq_0068,DRY WAFER
seq_0068,WAFER CLEAN PRE-GRIND
seq_0068,GRINDING WAFER BACKSIDE
seq_0068,MEASURE INITIAL GEOMETRY
seq_0068,ETCH WET BACKSIDE
seq_0068,RINSE WET WAFER_EDGE
seq_0068,DRY WAFER BACKSIDE
seq_0068,BACKSIDE CLEAN
seq_0068,MEASURE BACKSIDE ROUGHNESS
seq_0068,THERMAL OXIDATION
seq_0068,MEASURE OXIDE THICKNESS
seq_0068,RCA CLEAN 1
seq_0068,RCA CLEAN 2
seq_0068,HF DIP
seq_0068,OXIDE STRIP
seq_0068,SURFACE PREP FOR DEPOSITION
seq_0068,DEPOSIT PAD OXIDE
seq_0068,ANNEAL OXIDE
seq_0068,MEASURE OXIDE THICKNESS
seq_0068,SPIN COAT PHOTORESIST
seq_0068,SOFT BAKE
seq_0068,ALIGN MASK LEVEL 1
seq_0068,EXPOSE LITHO LEVEL 1
seq_0068,DEVELOP PHOTORESIST
seq_0068,INSPECT PATTERN LEVEL 1
seq_0068,HARD BAKE
seq_0068,OXIDE ETCH DRY
seq_0068,STRIP PHOTORESIST
seq_0068,CLEAN AFTER ETCH
seq_0068,MEASURE CD LEVEL 1
seq_0068,DEPOSIT POLYSILICON
seq_0068,ANNEAL POLYSILICON
seq_0068,SPIN COAT PHOTORESIST
seq_0068,SOFT BAKE
seq_0068,ALIGN MASK LEVEL 2
seq_0068,EXPOSE LITHO LEVEL 2
seq_0068,POST EXPOSE BAKE
seq_0068,DEVELOP PHOTORESIST
seq_0068,PATTERN INSPECTION LEVEL 2
seq_0068,POLYSILICON ETCH DRY
seq_0068,STRIP RESIST LEVEL 2
seq_0068,CLEAN AFTER POLY ETCH
seq_0068,MEASURE CD LEVEL 2
seq_0068,IMPLANT N-TYPE
seq_0068,PRE ANNEAL CHECK
seq_0068,RAPID THERMAL ANNEAL
seq_0068,MEASURE SHEET RESISTANCE
seq_0068,DEPOSIT INTERLAYER DIELECTRIC
seq_0068,DENSIFY OXIDE
seq_0068,MEASURE FILM THICKNESS
seq_0068,CMP INTERLAYER DIELECTRIC
seq_0068,MEASURE PLANARITY
seq_0068,SPIN COAT PHOTORESIST
seq_0068,SOFT BAKE
seq_0068,ALIGN MASK LEVEL 3
seq_0068,EXPOSE LITHO LEVEL 3
seq_0068,DEVELOP PHOTORESIST
seq_0068,VIA INSPECTION
seq_0068,DIELECTRIC ETCH VIA
seq_0068,STRIP RESIST
seq_0068,CLEAN AFTER VIA ETCH
seq_0068,MEASURE VIA CD
seq_0068,DEPOSIT BARRIER METAL
seq_0068,DEPOSIT TUNGSTEN SEED
seq_0068,FILL VIA TUNGSTEN
seq_0068,CMP VIA FILL
seq_0068,DEPOSIT METAL 1
seq_0068,ANNEAL METAL
seq_0068,MEASURE METAL THICKNESS
seq_0068,SPIN COAT PHOTORESIST
seq_0068,SOFT BAKE
seq_0068,ALIGN MASK LEVEL 4
seq_0068,EXPOSE LITHO LEVEL 4
seq_0068,DEVELOP PHOTORESIST
seq_0068,METAL PATTERN INSPECTION
seq_0068,HARD BAKE
seq_0068,METAL ETCH DRY
seq_0068,STRIP RESIST
seq_0068,CLEAN AFTER METAL ETCH
seq_0068,MEASURE LINE WIDTH
seq_0068,DEPOSIT PASSIVATION LAYER
seq_0068,CURE PASSIVATION
seq_0068,MEASURE PASSIVATION THICKNESS
seq_0068,OPEN PAD WINDOW
seq_0068,PAD WINDOW LITHO
seq_0068,DEVELOP PHOTORESIST
seq_0068,PASSIVATION ETCH
seq_0068,STRIP PHOTORESIST
seq_0068,CLEAN PAD OPENING
seq_0068,MEASURE PAD OPENING
seq_0068,BACKSIDE THINNING CHECK
seq_0068,BACKSIDE CLEAN FINAL
seq_0068,DEPOSIT BACKSIDE PROTECTION
seq_0068,BACKSIDE ANNEAL
seq_0068,FRONTSIDE CLEAN FINAL
seq_0068,FINAL CLEAN
seq_0068,FINAL THICKNESS MEASURE
seq_0068,FINAL GEOMETRY CHECK
seq_0068,FINAL OXIDE CHECK
seq_0068,FINAL PARTICLE INSPECTION
seq_0068,FINAL ELECTRICAL TEST PREP
seq_0068,PARAMETRIC TEST
seq_0068,LEAKAGE TEST
seq_0068,THRESHOLD VOLTAGE TEST
seq_0068,SWITCHING TEST
seq_0068,WAFER SORT TEST
seq_0068,YIELD ANALYSIS
seq_0068,LOT RELEASE
seq_0068,SHIP LOT
seq_0069,RECEIVE WAFER LOT
seq_0069,LOT IDENTIFICATION
seq_0069,INITIAL WAFER INSPECTION
seq_0069,MEASURE INITIAL THICKNESS
seq_0069,WAFER CLEAN PRE PROCESS
seq_0069,WET CLEAN RCA1
seq_0069,RCA CLEAN 2
seq_0069,HF DIP
seq_0069,WAFER CLEAN PRE-GRIND
seq_0069,GRINDING WAFER BACKSIDE
seq_0069,MEASURE INITIAL GEOMETRY
seq_0069,ETCH WET BACKSIDE
seq_0069,RINSE WET WAFER_EDGE
seq_0069,DRY WAFER BACKSIDE
seq_0069,BACKSIDE CLEAN
seq_0069,MEASURE BACKSIDE ROUGHNESS
seq_0069,THERMAL OXIDATION
seq_0069,MEASURE OXIDE THICKNESS
seq_0069,RCA CLEAN 1
seq_0069,WET CLEAN RCA2
seq_0069,HF DIP
seq_0069,OXIDE STRIP
seq_0069,SURFACE PREP FOR DEPOSITION
seq_0069,DEPOSIT PAD OXIDE
seq_0069,ANNEAL OXIDE
seq_0069,MEASURE FILM THICKNESS
seq_0069,SPIN COAT PHOTORESIST
seq_0069,SOFT BAKE
seq_0069,ALIGN MASK LEVEL 1
seq_0069,EXPOSE LITHO LEVEL 1
seq_0069,POST EXPOSE BAKE
seq_0069,DEVELOP PHOTORESIST
seq_0069,INSPECT PATTERN LEVEL 1
seq_0069,HARD BAKE
seq_0069,OXIDE ETCH DRY
seq_0069,STRIP PHOTORESIST
seq_0069,CLEAN AFTER ETCH
seq_0069,MEASURE CD LEVEL 1
seq_0069,DEPOSIT POLYSILICON
seq_0069,ANNEAL POLYSILICON
seq_0069,SPIN COAT PHOTORESIST
seq_0069,SOFT BAKE
seq_0069,ALIGN MASK LEVEL 2
seq_0069,EXPOSE LITHO LEVEL 2
seq_0069,DEVELOP PHOTORESIST
seq_0069,PATTERN INSPECTION LEVEL 2
seq_0069,POLYSILICON ETCH DRY
seq_0069,STRIP RESIST LEVEL 2
seq_0069,CLEAN AFTER POLY ETCH
seq_0069,MEASURE CD LEVEL 2
seq_0069,IMPLANT N-TYPE
seq_0069,RAPID THERMAL ANNEAL
seq_0069,MEASURE SHEET RESISTANCE
seq_0069,DEPOSIT INTERLAYER DIELECTRIC
seq_0069,DENSIFY OXIDE
seq_0069,MEASURE FILM THICKNESS
seq_0069,CMP DIELECTRIC
seq_0069,MEASURE SURFACE PLANARITY
seq_0069,SPIN COAT PHOTORESIST
seq_0069,SOFT BAKE
seq_0069,ALIGN MASK LEVEL 3
seq_0069,EXPOSE LITHO LEVEL 3
seq_0069,POST EXPOSE BAKE
seq_0069,DEVELOP PHOTORESIST
seq_0069,VIA INSPECTION
seq_0069,VIA ETCH THROUGH DIELECTRIC
seq_0069,STRIP RESIST
seq_0069,CLEAN AFTER VIA ETCH
seq_0069,MEASURE VIA CD
seq_0069,DEPOSIT BARRIER METAL
seq_0069,DEPOSIT TUNGSTEN SEED
seq_0069,FILL VIA TUNGSTEN
seq_0069,CMP VIA FILL
seq_0069,MEASURE CONTACT RESISTANCE
seq_0069,DEPOSIT METAL 1
seq_0069,ANNEAL METAL
seq_0069,MEASURE METAL THICKNESS
seq_0069,SPIN COAT PHOTORESIST
seq_0069,SOFT BAKE
seq_0069,ALIGN MASK LEVEL 4
seq_0069,EXPOSE LITHO LEVEL 4
seq_0069,POST EXPOSE BAKE
seq_0069,DEVELOP PHOTORESIST
seq_0069,METAL PATTERN INSPECTION
seq_0069,METAL ETCH DRY
seq_0069,STRIP PHOTORESIST
seq_0069,CLEAN AFTER METAL ETCH
seq_0069,DEPOSIT PASSIVATION
seq_0069,CURE PASSIVATION
seq_0069,MEASURE PASSIVATION QUALITY
seq_0069,OPEN PAD WINDOW
seq_0069,OPEN PAD WINDOW LITHO
seq_0069,DEVELOP PHOTORESIST
seq_0069,PASSIVATION ETCH PAD OPENING
seq_0069,STRIP RESIST
seq_0069,CLEAN PAD OPENING
seq_0069,MEASURE PAD OPENING
seq_0069,BACKSIDE CLEAN FINAL
seq_0069,DEPOSIT BACKSIDE PROTECTION
seq_0069,BACKSIDE ANNEAL
seq_0069,FINAL CLEAN
seq_0069,FINAL THICKNESS MEASURE
seq_0069,FINAL GEOMETRY CHECK
seq_0069,FINAL OXIDE CHECK
seq_0069,FINAL ELECTRICAL TEST PREP
seq_0069,PARAMETRIC TEST
seq_0069,LEAKAGE TEST
seq_0069,SWITCHING TEST
seq_0069,WAFER SORT TEST
seq_0069,YIELD ANALYSIS
seq_0069,LOT RELEASE
seq_0069,PACKAGE PREPARATION
seq_0069,SHIP LOT
seq_0070,RECEIVE WAFER LOT
seq_0070,LOT IDENTIFICATION
seq_0070,PRE CLEAN INSPECTION
seq_0070,MEASURE INITIAL GEOMETRY
seq_0070,MEASURE SURFACE PARTICLES
seq_0070,WAFER CLEAN PRE PROCESS
seq_0070,RCA CLEAN 1
seq_0070,WET CLEAN RCA2
seq_0070,HF DIP
seq_0070,WAFER CLEAN PRE-GRIND
seq_0070,GRINDING WAFER BACKSIDE
seq_0070,MEASURE GEOMETRY
seq_0070,ETCH WET BACKSIDE
seq_0070,RINSE WET WAFER_EDGE
seq_0070,DRY WAFER BACKSIDE
seq_0070,BACKSIDE CLEAN
seq_0070,MEASURE BACKSIDE ROUGHNESS
seq_0070,THERMAL OXIDATION
seq_0070,MEASURE OXIDE THICKNESS
seq_0070,RCA CLEAN 1
seq_0070,RCA CLEAN 2
seq_0070,HF DIP
seq_0070,OXIDE STRIP
seq_0070,SURFACE PREP FOR DEPOSITION
seq_0070,DEPOSIT PAD OXIDE
seq_0070,ANNEAL OXIDE
seq_0070,MEASURE FILM THICKNESS
seq_0070,SPIN COAT PHOTORESIST
seq_0070,SOFT BAKE
seq_0070,ALIGN MASK LEVEL 1
seq_0070,EXPOSE LITHO LEVEL 1
seq_0070,DEVELOP PHOTORESIST
seq_0070,INSPECT PATTERN LEVEL 1
seq_0070,HARD BAKE
seq_0070,OXIDE ETCH DRY
seq_0070,STRIP RESIST
seq_0070,CLEAN AFTER ETCH
seq_0070,MEASURE CD LEVEL 1
seq_0070,DEPOSIT POLYSILICON
seq_0070,ANNEAL POLYSILICON
seq_0070,SPIN COAT PHOTORESIST
seq_0070,SOFT BAKE
seq_0070,ALIGN MASK LEVEL 2
seq_0070,EXPOSE LITHO LEVEL 2
seq_0070,POST EXPOSE BAKE
seq_0070,DEVELOP PHOTORESIST
seq_0070,PATTERN INSPECTION LEVEL 2
seq_0070,POLYSILICON ETCH DRY
seq_0070,STRIP RESIST LEVEL 2
seq_0070,CLEAN AFTER POLY ETCH
seq_0070,MEASURE CD LEVEL 2
seq_0070,IMPLANT N-TYPE
seq_0070,PRE ANNEAL CHECK
seq_0070,RAPID THERMAL ANNEAL
seq_0070,MEASURE SHEET RESISTANCE
seq_0070,DEPOSIT INTERLEVEL DIELECTRIC
seq_0070,DENSIFY OXIDE
seq_0070,MEASURE FILM THICKNESS
seq_0070,CMP DIELECTRIC
seq_0070,MEASURE PLANARITY
seq_0070,SPIN COAT PHOTORESIST
seq_0070,SOFT BAKE
seq_0070,ALIGN MASK LEVEL 3
seq_0070,EXPOSE LITHO LEVEL 3
seq_0070,DEVELOP PHOTORESIST
seq_0070,VIA OPENING INSPECTION
seq_0070,HARD BAKE
seq_0070,DIELECTRIC ETCH VIA
seq_0070,STRIP RESIST
seq_0070,CLEAN AFTER VIA ETCH
seq_0070,MEASURE VIA CD
seq_0070,DEPOSIT BARRIER METAL
seq_0070,DEPOSIT TUNGSTEN SEED
seq_0070,FILL VIA TUNGSTEN
seq_0070,CMP VIA FILL
seq_0070,MEASURE VIA RESISTANCE
seq_0070,DEPOSIT TOP METAL
seq_0070,ANNEAL METAL
seq_0070,MEASURE METAL THICKNESS
seq_0070,SPIN COAT PHOTORESIST
seq_0070,SOFT BAKE
seq_0070,ALIGN MASK LEVEL 4
seq_0070,EXPOSE LITHO LEVEL 4
seq_0070,DEVELOP PHOTORESIST
seq_0070,METAL PATTERN INSPECTION
seq_0070,METAL ETCH DRY
seq_0070,STRIP RESIST
seq_0070,CLEAN AFTER METAL ETCH
seq_0070,MEASURE LINE WIDTH
seq_0070,DEPOSIT PASSIVATION
seq_0070,CURE PASSIVATION
seq_0070,MEASURE PASSIVATION THICKNESS
seq_0070,OPEN BOND PAD WINDOW
seq_0070,PAD WINDOW LITHO
seq_0070,DEVELOP PHOTORESIST
seq_0070,PASSIVATION ETCH PAD OPENING
seq_0070,STRIP PHOTORESIST
seq_0070,CLEAN PAD OPENING
seq_0070,MEASURE PAD OPENING
seq_0070,BACKSIDE THINNING CHECK
seq_0070,BACKSIDE CLEAN
seq_0070,DEPOSIT BACKSIDE PROTECTION
seq_0070,BACKSIDE ANNEAL
seq_0070,FRONTSIDE CLEAN FINAL
seq_0070,FINAL CLEAN
seq_0070,FINAL THICKNESS MEASURE
seq_0070,FINAL GEOMETRY CHECK
seq_0070,FINAL PARTICLE INSPECTION
seq_0070,FINAL ELECTRICAL TEST PREP
seq_0070,PARAMETRIC TEST
seq_0070,LEAKAGE TEST
seq_0070,THRESHOLD VOLTAGE TEST
seq_0070,SWITCHING TEST
seq_0070,WAFER SORT TEST
seq_0070,YIELD ANALYSIS
seq_0070,LOT RELEASE
seq_0070,SHIP LOT
seq_0071,RECEIVE WAFER LOT
seq_0071,LOT IDENTIFICATION
seq_0071,PRE CLEAN INSPECTION
seq_0071,MEASURE INITIAL THICKNESS
seq_0071,MEASURE SURFACE DEFECTS
seq_0071,WAFER CLEAN PRE PROCESS
seq_0071,BACKSIDE CLEAN
seq_0071,FRONTSIDE CLEAN
seq_0071,RCA CLEAN 1
seq_0071,WET CLEAN RCA2
seq_0071,HF DIP
seq_0071,DRY WAFER
seq_0071,WAFER CLEAN PRE-GRIND
seq_0071,GRINDING WAFER BACKSIDE
seq_0071,MEASURE INITIAL GEOMETRY
seq_0071,ETCH WET BACKSIDE
seq_0071,RINSE WET WAFER_EDGE
seq_0071,DRY WAFER BACKSIDE
seq_0071,BACKSIDE CLEAN
seq_0071,MEASURE BACKSIDE ROUGHNESS
seq_0071,THERMAL OXIDATION
seq_0071,MEASURE OXIDE THICKNESS
seq_0071,RCA CLEAN 1
seq_0071,RCA CLEAN 2
seq_0071,HF DIP
seq_0071,OXIDE STRIP
seq_0071,SURFACE PREP FOR DEPOSITION
seq_0071,DEPOSIT PAD OXIDE
seq_0071,ANNEAL OXIDE
seq_0071,MEASURE FILM THICKNESS
seq_0071,SPIN COAT PHOTORESIST
seq_0071,SOFT BAKE
seq_0071,ALIGN MASK LEVEL 1
seq_0071,EXPOSE LITHO LEVEL 1
seq_0071,DEVELOP PHOTORESIST
seq_0071,INSPECT PATTERN LEVEL 1
seq_0071,HARD BAKE
seq_0071,OXIDE ETCH DRY
seq_0071,STRIP RESIST
seq_0071,CLEAN AFTER ETCH
seq_0071,MEASURE CD LEVEL 1
seq_0071,DEPOSIT POLYSILICON
seq_0071,ANNEAL POLYSILICON
seq_0071,SPIN COAT PHOTORESIST
seq_0071,SOFT BAKE
seq_0071,ALIGN MASK LEVEL 2
seq_0071,EXPOSE LITHO LEVEL 2
seq_0071,DEVELOP PHOTORESIST
seq_0071,PATTERN INSPECTION LEVEL 2
seq_0071,HARD BAKE
seq_0071,POLYSILICON ETCH DRY
seq_0071,STRIP RESIST
seq_0071,CLEAN AFTER POLY ETCH
seq_0071,MEASURE CD LEVEL 2
seq_0071,IMPLANT N-TYPE
seq_0071,RAPID THERMAL ANNEAL
seq_0071,MEASURE SHEET RESISTANCE
seq_0071,DEPOSIT INTERLEVEL DIELECTRIC
seq_0071,DENSIFY DIELECTRIC
seq_0071,MEASURE DIELECTRIC THICKNESS
seq_0071,CMP INTERLAYER DIELECTRIC
seq_0071,MEASURE PLANARITY
seq_0071,SPIN COAT PHOTORESIST
seq_0071,SOFT BAKE
seq_0071,ALIGN MASK LEVEL 3
seq_0071,EXPOSE LITHO LEVEL 3
seq_0071,DEVELOP PHOTORESIST
seq_0071,VIA INSPECTION
seq_0071,HARD BAKE
seq_0071,DIELECTRIC ETCH VIA
seq_0071,STRIP RESIST
seq_0071,CLEAN AFTER VIA ETCH
seq_0071,MEASURE VIA CD
seq_0071,DEPOSIT BARRIER METAL
seq_0071,DEPOSIT TUNGSTEN SEED
seq_0071,FILL VIA TUNGSTEN
seq_0071,CMP METAL
seq_0071,MEASURE VIA RESISTANCE
seq_0071,DEPOSIT TOP METAL
seq_0071,ANNEAL METAL
seq_0071,MEASURE METAL THICKNESS
seq_0071,SPIN COAT PHOTORESIST
seq_0071,SOFT BAKE
seq_0071,ALIGN MASK LEVEL 4
seq_0071,EXPOSE LITHO LEVEL 4
seq_0071,DEVELOP PHOTORESIST
seq_0071,METAL PATTERN INSPECTION
seq_0071,HARD BAKE
seq_0071,METAL ETCH DRY
seq_0071,STRIP PHOTORESIST
seq_0071,CLEAN AFTER METAL ETCH
seq_0071,DEPOSIT PASSIVATION LAYER
seq_0071,CURE PASSIVATION
seq_0071,MEASURE PASSIVATION QUALITY
seq_0071,OPEN PAD WINDOW
seq_0071,PAD WINDOW LITHO
seq_0071,DEVELOP PAD WINDOW
seq_0071,PASSIVATION ETCH
seq_0071,STRIP PHOTORESIST
seq_0071,CLEAN PAD OPENING
seq_0071,MEASURE PAD OPENING
seq_0071,BACKSIDE THINNING CHECK
seq_0071,BACKSIDE CLEAN FINAL
seq_0071,DEPOSIT BACKSIDE PROTECTION
seq_0071,BACKSIDE ANNEAL
seq_0071,FRONTSIDE CLEAN FINAL
seq_0071,FINAL CLEAN
seq_0071,FINAL THICKNESS MEASURE
seq_0071,FINAL OXIDE CHECK
seq_0071,FINAL CD INSPECTION
seq_0071,FINAL PARTICLE INSPECTION
seq_0071,FINAL ELECTRICAL TEST PREP
seq_0071,PARAMETRIC TEST
seq_0071,LEAKAGE TEST
seq_0071,THRESHOLD VOLTAGE TEST
seq_0071,SWITCHING TEST
seq_0071,WAFER SORT TEST
seq_0071,YIELD ANALYSIS
seq_0071,LOT RELEASE
seq_0071,SHIP LOT
seq_0072,RECEIVE WAFER LOT
seq_0072,LOT IDENTIFICATION
seq_0072,INITIAL WAFER INSPECTION
seq_0072,WAFER CLEAN PRE PROCESS
seq_0072,FRONTSIDE CLEAN
seq_0072,RCA CLEAN 1
seq_0072,WET CLEAN RCA2
seq_0072,HF DIP
seq_0072,DRY WAFER
seq_0072,WAFER CLEAN PRE-GRIND
seq_0072,GRINDING WAFER BACKSIDE
seq_0072,MEASURE GEOMETRY
seq_0072,ETCH WET BACKSIDE
seq_0072,RINSE WET WAFER_EDGE
seq_0072,DRY WAFER BACKSIDE
seq_0072,BACKSIDE CLEAN
seq_0072,MEASURE BACKSIDE ROUGHNESS
seq_0072,THERMAL OXIDATION
seq_0072,MEASURE OXIDE THICKNESS
seq_0072,RCA CLEAN 1
seq_0072,RCA CLEAN 2
seq_0072,HF DIP
seq_0072,OXIDE STRIP
seq_0072,SURFACE PREP FOR DEPOSITION
seq_0072,DEPOSIT PAD OXIDE
seq_0072,ANNEAL OXIDE
seq_0072,MEASURE OXIDE THICKNESS
seq_0072,SPIN COAT PHOTORESIST
seq_0072,SOFT BAKE
seq_0072,ALIGN MASK LEVEL 1
seq_0072,EXPOSE LITHO LEVEL 1
seq_0072,DEVELOP PHOTORESIST
seq_0072,INSPECT PATTERN LEVEL 1
seq_0072,HARD BAKE
seq_0072,OXIDE ETCH DRY
seq_0072,STRIP PHOTORESIST
seq_0072,CLEAN AFTER ETCH
seq_0072,MEASURE CD LEVEL 1
seq_0072,DEPOSIT POLYSILICON
seq_0072,ANNEAL POLYSILICON
seq_0072,SPIN COAT PHOTORESIST
seq_0072,SOFT BAKE
seq_0072,ALIGN MASK LEVEL 2
seq_0072,EXPOSE LITHO LEVEL 2
seq_0072,POST EXPOSE BAKE
seq_0072,DEVELOP PHOTORESIST
seq_0072,PATTERN INSPECTION LEVEL 2
seq_0072,HARD BAKE
seq_0072,POLYSILICON ETCH DRY
seq_0072,STRIP RESIST
seq_0072,CLEAN AFTER POLY ETCH
seq_0072,MEASURE CD LEVEL 2
seq_0072,IMPLANT N-TYPE
seq_0072,PRE ANNEAL CHECK
seq_0072,RAPID THERMAL ANNEAL
seq_0072,MEASURE SHEET RESISTANCE
seq_0072,DEPOSIT INTERLAYER DIELECTRIC
seq_0072,DENSIFY DIELECTRIC
seq_0072,MEASURE FILM THICKNESS
seq_0072,CMP INTERLAYER DIELECTRIC
seq_0072,MEASURE SURFACE PLANARITY
seq_0072,SPIN COAT PHOTORESIST
seq_0072,SOFT BAKE
seq_0072,ALIGN MASK LEVEL 3
seq_0072,EXPOSE LITHO LEVEL 3
seq_0072,DEVELOP PHOTORESIST
seq_0072,VIA INSPECTION
seq_0072,HARD BAKE
seq_0072,DIELECTRIC ETCH VIA
seq_0072,STRIP PHOTORESIST
seq_0072,CLEAN AFTER VIA ETCH
seq_0072,MEASURE VIA CD
seq_0072,DEPOSIT BARRIER METAL
seq_0072,DEPOSIT TUNGSTEN SEED
seq_0072,FILL VIA TUNGSTEN
seq_0072,CMP VIA FILL
seq_0072,MEASURE CONTACT RESISTANCE
seq_0072,DEPOSIT METAL 1
seq_0072,ANNEAL METAL 1
seq_0072,MEASURE METAL THICKNESS
seq_0072,SPIN COAT PHOTORESIST
seq_0072,SOFT BAKE
seq_0072,ALIGN MASK LEVEL 4
seq_0072,EXPOSE LITHO LEVEL 4
seq_0072,DEVELOP PHOTORESIST
seq_0072,METAL PATTERN INSPECTION
seq_0072,METAL ETCH DRY
seq_0072,STRIP PHOTORESIST
seq_0072,CLEAN AFTER METAL ETCH
seq_0072,MEASURE LINE WIDTH
seq_0072,DEPOSIT PASSIVATION LAYER
seq_0072,CURE PASSIVATION
seq_0072,MEASURE PASSIVATION QUALITY
seq_0072,OPEN BOND PAD WINDOW
seq_0072,PAD WINDOW LITHO
seq_0072,DEVELOP PAD WINDOW
seq_0072,PASSIVATION ETCH PAD OPENING
seq_0072,STRIP PHOTORESIST
seq_0072,CLEAN PAD OPENING
seq_0072,MEASURE PAD OPENING
seq_0072,BACKSIDE THINNING CHECK
seq_0072,BACKSIDE CLEAN FINAL
seq_0072,DEPOSIT BACKSIDE PROTECTION
seq_0072,BACKSIDE ANNEAL
seq_0072,FRONTSIDE CLEAN FINAL
seq_0072,FINAL CLEAN
seq_0072,FINAL GEOMETRY CHECK
seq_0072,FINAL OXIDE CHECK
seq_0072,FINAL PARTICLE INSPECTION
seq_0072,FINAL ELECTRICAL TEST PREP
seq_0072,ELECTRICAL PARAMETRIC TEST
seq_0072,LEAKAGE TEST
seq_0072,PARAMETRIC TEST
seq_0072,SWITCHING TEST
seq_0072,WAFER SORT TEST
seq_0072,YIELD ANALYSIS
seq_0072,LOT RELEASE
seq_0072,SHIP LOT
seq_0073,RECEIVE WAFER LOT
seq_0073,LOT IDENTIFICATION
seq_0073,INITIAL WAFER INSPECTION
seq_0073,MEASURE INITIAL THICKNESS
seq_0073,MEASURE SURFACE PARTICLES
seq_0073,WAFER CLEAN PRE PROCESS
seq_0073,FRONTSIDE CLEAN
seq_0073,WET CLEAN RCA1
seq_0073,WET CLEAN RCA2
seq_0073,HF DIP
seq_0073,DRY WAFER
seq_0073,WAFER CLEAN PRE-GRIND
seq_0073,GRINDING WAFER BACKSIDE
seq_0073,MEASURE INITIAL GEOMETRY
seq_0073,ETCH WET BACKSIDE
seq_0073,RINSE WET WAFER_EDGE
seq_0073,DRY WAFER BACKSIDE
seq_0073,BACKSIDE CLEAN
seq_0073,MEASURE BACKSIDE ROUGHNESS
seq_0073,THERMAL OXIDATION
seq_0073,MEASURE OXIDE THICKNESS
seq_0073,RCA CLEAN 1
seq_0073,RCA CLEAN 2
seq_0073,HF DIP
seq_0073,OXIDE STRIP
seq_0073,SURFACE PREP FOR DEPOSITION
seq_0073,DEPOSIT PAD OXIDE
seq_0073,ANNEAL OXIDE
seq_0073,MEASURE OXIDE THICKNESS
seq_0073,SPIN COAT PHOTORESIST
seq_0073,SOFT BAKE
seq_0073,ALIGN MASK LEVEL 1
seq_0073,EXPOSE LITHO LEVEL 1
seq_0073,DEVELOP PHOTORESIST
seq_0073,INSPECT PATTERN LEVEL 1
seq_0073,HARD BAKE
seq_0073,OXIDE ETCH DRY
seq_0073,STRIP PHOTORESIST
seq_0073,CLEAN AFTER ETCH
seq_0073,DEPOSIT POLYSILICON
seq_0073,ANNEAL POLYSILICON
seq_0073,SPIN COAT PHOTORESIST
seq_0073,SOFT BAKE
seq_0073,ALIGN MASK LEVEL 2
seq_0073,EXPOSE LITHO LEVEL 2
seq_0073,DEVELOP PHOTORESIST
seq_0073,PATTERN INSPECTION LEVEL 2
seq_0073,HARD BAKE
seq_0073,POLYSILICON ETCH DRY
seq_0073,STRIP RESIST
seq_0073,CLEAN AFTER POLY ETCH
seq_0073,MEASURE CD LEVEL 2
seq_0073,IMPLANT N-TYPE
seq_0073,PRE ANNEAL CHECK
seq_0073,RAPID THERMAL ANNEAL
seq_0073,MEASURE SHEET RESISTANCE
seq_0073,DEPOSIT INTERLAYER DIELECTRIC
seq_0073,DENSIFY OXIDE
seq_0073,MEASURE DIELECTRIC THICKNESS
seq_0073,CMP INTERLAYER DIELECTRIC
seq_0073,MEASURE SURFACE PLANARITY
seq_0073,SPIN COAT PHOTORESIST
seq_0073,SOFT BAKE
seq_0073,ALIGN MASK LEVEL 3
seq_0073,EXPOSE LITHO LEVEL 3
seq_0073,DEVELOP PHOTORESIST
seq_0073,VIA INSPECTION
seq_0073,HARD BAKE
seq_0073,VIA ETCH
seq_0073,STRIP RESIST
seq_0073,CLEAN AFTER VIA ETCH
seq_0073,DEPOSIT BARRIER METAL
seq_0073,DEPOSIT TUNGSTEN SEED
seq_0073,FILL VIA TUNGSTEN
seq_0073,CMP VIA FILL
seq_0073,MEASURE CONTACT RESISTANCE
seq_0073,DEPOSIT TOP METAL
seq_0073,ANNEAL METAL
seq_0073,MEASURE METAL THICKNESS
seq_0073,SPIN COAT PHOTORESIST
seq_0073,SOFT BAKE
seq_0073,ALIGN MASK LEVEL 4
seq_0073,EXPOSE LITHO LEVEL 4
seq_0073,DEVELOP PHOTORESIST
seq_0073,METAL PATTERN INSPECTION
seq_0073,METAL ETCH DRY
seq_0073,STRIP RESIST
seq_0073,CLEAN AFTER METAL ETCH
seq_0073,MEASURE LINE WIDTH
seq_0073,DEPOSIT PASSIVATION
seq_0073,CURE PASSIVATION
seq_0073,MEASURE PASSIVATION THICKNESS
seq_0073,OPEN PAD WINDOW
seq_0073,PAD WINDOW LITHO
seq_0073,DEVELOP PHOTORESIST
seq_0073,PASSIVATION ETCH
seq_0073,STRIP RESIST
seq_0073,CLEAN PAD OPENING
seq_0073,MEASURE PAD OPENING
seq_0073,BACKSIDE CLEAN
seq_0073,DEPOSIT BACKSIDE PROTECTION
seq_0073,BACKSIDE ANNEAL
seq_0073,FINAL CLEAN
seq_0073,FINAL THICKNESS MEASURE
seq_0073,FINAL GEOMETRY CHECK
seq_0073,FINAL OXIDE CHECK
seq_0073,FINAL PARTICLE INSPECTION
seq_0073,PARAMETRIC TEST
seq_0073,LEAKAGE TEST
seq_0073,SWITCHING TEST
seq_0073,WAFER SORT TEST
seq_0073,YIELD ANALYSIS
seq_0073,LOT RELEASE
seq_0073,PACKAGE PREPARATION
seq_0073,SHIP LOT
seq_0074,RECEIVE WAFER LOT
seq_0074,LOT IDENTIFICATION
seq_0074,INITIAL WAFER INSPECTION
seq_0074,MEASURE INITIAL THICKNESS
seq_0074,MEASURE SURFACE DEFECTS
seq_0074,WAFER CLEAN PRE PROCESS
seq_0074,BACKSIDE CLEAN
seq_0074,RCA CLEAN 1
seq_0074,WET CLEAN RCA2
seq_0074,HF DIP
seq_0074,DRY WAFER
seq_0074,WAFER CLEAN PRE-GRIND
seq_0074,GRINDING WAFER BACKSIDE
seq_0074,MEASURE GEOMETRY
seq_0074,ETCH WET BACKSIDE
seq_0074,RINSE WET WAFER_EDGE
seq_0074,DRY WAFER BACKSIDE
seq_0074,BACKSIDE CLEAN
seq_0074,MEASURE BACKSIDE ROUGHNESS
seq_0074,THERMAL OXIDATION
seq_0074,MEASURE OXIDE THICKNESS
seq_0074,WET CLEAN RCA1
seq_0074,WET CLEAN RCA2
seq_0074,HF DIP
seq_0074,OXIDE STRIP
seq_0074,SURFACE PREP FOR DEPOSITION
seq_0074,DEPOSIT PAD OXIDE
seq_0074,ANNEAL OXIDE
seq_0074,MEASURE OXIDE THICKNESS
seq_0074,SPIN COAT PHOTORESIST
seq_0074,SOFT BAKE
seq_0074,ALIGN MASK LEVEL 1
seq_0074,EXPOSE LITHO LEVEL 1
seq_0074,POST EXPOSE BAKE
seq_0074,DEVELOP PHOTORESIST
seq_0074,INSPECT PATTERN LEVEL 1
seq_0074,HARD BAKE
seq_0074,OXIDE ETCH DRY
seq_0074,STRIP RESIST
seq_0074,CLEAN AFTER ETCH
seq_0074,DEPOSIT POLYSILICON
seq_0074,ANNEAL POLYSILICON
seq_0074,SPIN COAT PHOTORESIST
seq_0074,SOFT BAKE
seq_0074,ALIGN MASK LEVEL 2
seq_0074,EXPOSE LITHO LEVEL 2
seq_0074,POST EXPOSE BAKE
seq_0074,DEVELOP PHOTORESIST
seq_0074,PATTERN INSPECTION LEVEL 2
seq_0074,POLYSILICON ETCH DRY
seq_0074,STRIP RESIST LEVEL 2
seq_0074,CLEAN AFTER POLY ETCH
seq_0074,MEASURE CD LEVEL 2
seq_0074,IMPLANT N-TYPE
seq_0074,RAPID THERMAL ANNEAL
seq_0074,MEASURE SHEET RESISTANCE
seq_0074,DEPOSIT INTERLEVEL DIELECTRIC
seq_0074,DENSIFY DIELECTRIC
seq_0074,MEASURE DIELECTRIC THICKNESS
seq_0074,CMP INTERLAYER DIELECTRIC
seq_0074,MEASURE PLANARITY
seq_0074,SPIN COAT PHOTORESIST
seq_0074,SOFT BAKE
seq_0074,ALIGN MASK LEVEL 3
seq_0074,EXPOSE LITHO LEVEL 3
seq_0074,DEVELOP PHOTORESIST
seq_0074,VIA INSPECTION
seq_0074,VIA ETCH THROUGH DIELECTRIC
seq_0074,STRIP RESIST
seq_0074,CLEAN AFTER VIA ETCH
seq_0074,MEASURE VIA CD
seq_0074,DEPOSIT BARRIER METAL
seq_0074,DEPOSIT TUNGSTEN SEED
seq_0074,FILL VIA TUNGSTEN
seq_0074,CMP VIA FILL
seq_0074,DEPOSIT TOP METAL
seq_0074,ANNEAL METAL
seq_0074,MEASURE METAL THICKNESS
seq_0074,SPIN COAT PHOTORESIST
seq_0074,SOFT BAKE
seq_0074,ALIGN MASK LEVEL 4
seq_0074,EXPOSE LITHO LEVEL 4
seq_0074,DEVELOP PHOTORESIST
seq_0074,METAL PATTERN INSPECTION
seq_0074,METAL ETCH DRY
seq_0074,STRIP PHOTORESIST
seq_0074,CLEAN AFTER METAL ETCH
seq_0074,DEPOSIT PASSIVATION
seq_0074,CURE PASSIVATION
seq_0074,MEASURE PASSIVATION THICKNESS
seq_0074,OPEN BOND PAD WINDOW
seq_0074,OPEN PAD WINDOW LITHO
seq_0074,DEVELOP PHOTORESIST
seq_0074,PASSIVATION ETCH PAD OPENING
seq_0074,STRIP PHOTORESIST
seq_0074,CLEAN PAD OPENING
seq_0074,MEASURE PAD OPENING
seq_0074,BACKSIDE CLEAN
seq_0074,DEPOSIT BACKSIDE PROTECTION
seq_0074,BACKSIDE ANNEAL
seq_0074,FINAL CLEAN
seq_0074,FINAL THICKNESS MEASURE
seq_0074,FINAL GEOMETRY CHECK
seq_0074,FINAL CD INSPECTION
seq_0074,FINAL PARTICLE INSPECTION
seq_0074,PARAMETRIC TEST
seq_0074,LEAKAGE TEST
seq_0074,SWITCHING TEST
seq_0074,WAFER SORT TEST
seq_0074,YIELD ANALYSIS
seq_0074,FINAL LOT RELEASE
seq_0074,PACKAGE PREPARATION
seq_0074,SHIP LOT
seq_0075,RECEIVE WAFER LOT
seq_0075,LOT IDENTIFICATION
seq_0075,PRE CLEAN INSPECTION
seq_0075,MEASURE INITIAL THICKNESS
seq_0075,MEASURE SURFACE DEFECTS
seq_0075,WAFER CLEAN PRE PROCESS
seq_0075,WET CLEAN RCA1
seq_0075,RCA CLEAN 2
seq_0075,HF DIP
seq_0075,WAFER CLEAN PRE-GRIND
seq_0075,GRINDING WAFER BACKSIDE
seq_0075,MEASURE GEOMETRY
seq_0075,ETCH WET BACKSIDE
seq_0075,RINSE WET WAFER_EDGE
seq_0075,DRY WAFER BACKSIDE
seq_0075,BACKSIDE CLEAN
seq_0075,MEASURE BACKSIDE ROUGHNESS
seq_0075,THERMAL OXIDATION
seq_0075,MEASURE OXIDE THICKNESS
seq_0075,WET CLEAN RCA1
seq_0075,WET CLEAN RCA2
seq_0075,HF DIP
seq_0075,OXIDE STRIP
seq_0075,SURFACE PREP FOR DEPOSITION
seq_0075,DEPOSIT PAD OXIDE
seq_0075,ANNEAL OXIDE
seq_0075,MEASURE FILM THICKNESS
seq_0075,SPIN COAT PHOTORESIST
seq_0075,SOFT BAKE
seq_0075,ALIGN MASK LEVEL 1
seq_0075,EXPOSE LITHO LEVEL 1
seq_0075,POST EXPOSE BAKE
seq_0075,DEVELOP PHOTORESIST
seq_0075,INSPECT PATTERN LEVEL 1
seq_0075,HARD BAKE
seq_0075,OXIDE ETCH DRY
seq_0075,STRIP PHOTORESIST
seq_0075,CLEAN AFTER ETCH
seq_0075,MEASURE CD LEVEL 1
seq_0075,DEPOSIT POLYSILICON
seq_0075,ANNEAL POLYSILICON
seq_0075,SPIN COAT PHOTORESIST
seq_0075,SOFT BAKE
seq_0075,ALIGN MASK LEVEL 2
seq_0075,EXPOSE LITHO LEVEL 2
seq_0075,DEVELOP PHOTORESIST
seq_0075,PATTERN INSPECTION LEVEL 2
seq_0075,HARD BAKE
seq_0075,POLYSILICON ETCH DRY
seq_0075,STRIP RESIST
seq_0075,CLEAN AFTER POLY ETCH
seq_0075,IMPLANT N-TYPE
seq_0075,PRE ANNEAL CHECK
seq_0075,RAPID THERMAL ANNEAL
seq_0075,MEASURE SHEET RESISTANCE
seq_0075,DEPOSIT INTERLAYER DIELECTRIC
seq_0075,DENSIFY DIELECTRIC
seq_0075,MEASURE FILM THICKNESS
seq_0075,CMP DIELECTRIC
seq_0075,MEASURE SURFACE PLANARITY
seq_0075,SPIN COAT PHOTORESIST
seq_0075,SOFT BAKE
seq_0075,ALIGN MASK LEVEL 3
seq_0075,EXPOSE LITHO LEVEL 3
seq_0075,POST EXPOSE BAKE
seq_0075,DEVELOP PHOTORESIST
seq_0075,VIA INSPECTION
seq_0075,HARD BAKE
seq_0075,VIA ETCH
seq_0075,STRIP RESIST
seq_0075,CLEAN AFTER VIA ETCH
seq_0075,MEASURE VIA CD
seq_0075,DEPOSIT BARRIER METAL
seq_0075,DEPOSIT TUNGSTEN SEED
seq_0075,FILL VIA TUNGSTEN
seq_0075,CMP VIA FILL
seq_0075,DEPOSIT METAL 1
seq_0075,ANNEAL METAL
seq_0075,SPIN COAT PHOTORESIST
seq_0075,SOFT BAKE
seq_0075,ALIGN MASK LEVEL 4
seq_0075,EXPOSE LITHO LEVEL 4
seq_0075,POST EXPOSE BAKE
seq_0075,DEVELOP PHOTORESIST
seq_0075,METAL PATTERN INSPECTION
seq_0075,METAL ETCH DRY
seq_0075,STRIP PHOTORESIST
seq_0075,CLEAN AFTER METAL ETCH
seq_0075,MEASURE LINE WIDTH
seq_0075,DEPOSIT PASSIVATION
seq_0075,CURE PASSIVATION
seq_0075,MEASURE PASSIVATION THICKNESS
seq_0075,OPEN PAD WINDOW
seq_0075,OPEN PAD WINDOW LITHO
seq_0075,DEVELOP PAD WINDOW
seq_0075,PASSIVATION ETCH PAD OPENING
seq_0075,STRIP PHOTORESIST
seq_0075,CLEAN PAD OPENING
seq_0075,MEASURE PAD OPENING
seq_0075,BACKSIDE THINNING CHECK
seq_0075,BACKSIDE CLEAN FINAL
seq_0075,DEPOSIT BACKSIDE PROTECTION
seq_0075,BACKSIDE ANNEAL
seq_0075,FINAL CLEAN
seq_0075,FINAL GEOMETRY CHECK
seq_0075,FINAL OXIDE CHECK
seq_0075,FINAL CD INSPECTION
seq_0075,FINAL PARTICLE INSPECTION
seq_0075,PARAMETRIC TEST
seq_0075,LEAKAGE TEST
seq_0075,THRESHOLD VOLTAGE TEST
seq_0075,SWITCHING TEST
seq_0075,WAFER SORT TEST
seq_0075,YIELD ANALYSIS
seq_0075,FINAL LOT RELEASE
seq_0075,PACKAGE PREPARATION
seq_0075,SHIP LOT
seq_0076,RECEIVE WAFER LOT
seq_0076,LOT IDENTIFICATION
seq_0076,INITIAL WAFER INSPECTION
seq_0076,MEASURE INITIAL THICKNESS
seq_0076,MEASURE SURFACE PARTICLES
seq_0076,WAFER CLEAN PRE PROCESS
seq_0076,BACKSIDE CLEAN
seq_0076,FRONTSIDE CLEAN
seq_0076,RCA CLEAN 1
seq_0076,RCA CLEAN 2
seq_0076,HF DIP
seq_0076,DRY WAFER
seq_0076,WAFER CLEAN PRE-GRIND
seq_0076,GRINDING WAFER BACKSIDE
seq_0076,MEASURE INITIAL GEOMETRY
seq_0076,ETCH WET BACKSIDE
seq_0076,RINSE WET WAFER_EDGE
seq_0076,DRY WAFER BACKSIDE
seq_0076,BACKSIDE CLEAN
seq_0076,MEASURE BACKSIDE ROUGHNESS
seq_0076,THERMAL OXIDATION
seq_0076,MEASURE OXIDE THICKNESS
seq_0076,WET CLEAN RCA1
seq_0076,WET CLEAN RCA2
seq_0076,HF DIP
seq_0076,OXIDE STRIP
seq_0076,SURFACE PREP FOR DEPOSITION
seq_0076,DEPOSIT PAD OXIDE
seq_0076,ANNEAL OXIDE
seq_0076,MEASURE FILM THICKNESS
seq_0076,SPIN COAT PHOTORESIST
seq_0076,SOFT BAKE
seq_0076,ALIGN MASK LEVEL 1
seq_0076,EXPOSE LITHO LEVEL 1
seq_0076,DEVELOP PHOTORESIST
seq_0076,INSPECT PATTERN LEVEL 1
seq_0076,HARD BAKE
seq_0076,OXIDE ETCH DRY
seq_0076,STRIP PHOTORESIST
seq_0076,CLEAN AFTER ETCH
seq_0076,MEASURE CD LEVEL 1
seq_0076,DEPOSIT POLYSILICON
seq_0076,ANNEAL POLYSILICON
seq_0076,SPIN COAT PHOTORESIST
seq_0076,SOFT BAKE
seq_0076,ALIGN MASK LEVEL 2
seq_0076,EXPOSE LITHO LEVEL 2
seq_0076,DEVELOP PHOTORESIST
seq_0076,PATTERN INSPECTION LEVEL 2
seq_0076,POLYSILICON ETCH DRY
seq_0076,STRIP RESIST
seq_0076,CLEAN AFTER POLY ETCH
seq_0076,MEASURE CD LEVEL 2
seq_0076,IMPLANT N-TYPE
seq_0076,RAPID THERMAL ANNEAL
seq_0076,MEASURE SHEET RESISTANCE
seq_0076,DEPOSIT INTERLEVEL DIELECTRIC
seq_0076,DENSIFY DIELECTRIC
seq_0076,MEASURE DIELECTRIC THICKNESS
seq_0076,CMP DIELECTRIC
seq_0076,MEASURE PLANARITY
seq_0076,SPIN COAT PHOTORESIST
seq_0076,SOFT BAKE
seq_0076,ALIGN MASK LEVEL 3
seq_0076,EXPOSE LITHO LEVEL 3
seq_0076,DEVELOP PHOTORESIST
seq_0076,VIA OPENING INSPECTION
seq_0076,HARD BAKE
seq_0076,VIA ETCH THROUGH DIELECTRIC
seq_0076,STRIP PHOTORESIST
seq_0076,CLEAN AFTER VIA ETCH
seq_0076,DEPOSIT BARRIER METAL
seq_0076,DEPOSIT TUNGSTEN SEED
seq_0076,FILL VIA TUNGSTEN
seq_0076,CMP METAL
seq_0076,DEPOSIT TOP METAL
seq_0076,ANNEAL METAL
seq_0076,MEASURE METAL THICKNESS
seq_0076,SPIN COAT PHOTORESIST
seq_0076,SOFT BAKE
seq_0076,ALIGN MASK LEVEL 4
seq_0076,EXPOSE LITHO LEVEL 4
seq_0076,DEVELOP PHOTORESIST
seq_0076,METAL PATTERN INSPECTION
seq_0076,METAL ETCH DRY
seq_0076,STRIP RESIST
seq_0076,CLEAN AFTER METAL ETCH
seq_0076,DEPOSIT PASSIVATION LAYER
seq_0076,CURE PASSIVATION
seq_0076,MEASURE PASSIVATION QUALITY
seq_0076,OPEN PAD WINDOW
seq_0076,PAD WINDOW LITHO
seq_0076,DEVELOP PAD WINDOW
seq_0076,PASSIVATION ETCH PAD OPENING
seq_0076,STRIP PHOTORESIST
seq_0076,CLEAN PAD OPENING
seq_0076,MEASURE PAD OPENING
seq_0076,BACKSIDE THINNING CHECK
seq_0076,BACKSIDE CLEAN FINAL
seq_0076,DEPOSIT BACKSIDE PROTECTION
seq_0076,BACKSIDE ANNEAL
seq_0076,FINAL CLEAN
seq_0076,FINAL THICKNESS MEASURE
seq_0076,FINAL GEOMETRY CHECK
seq_0076,FINAL OXIDE CHECK
seq_0076,FINAL CD INSPECTION
seq_0076,FINAL PARTICLE INSPECTION
seq_0076,FINAL ELECTRICAL TEST PREP
seq_0076,ELECTRICAL PARAMETRIC TEST
seq_0076,LEAKAGE TEST
seq_0076,PARAMETRIC TEST
seq_0076,SWITCHING TEST
seq_0076,WAFER SORT TEST
seq_0076,YIELD ANALYSIS
seq_0076,FINAL LOT RELEASE
seq_0076,PACKAGE PREPARATION
seq_0076,SHIP LOT
seq_0077,RECEIVE WAFER LOT
seq_0077,LOT IDENTIFICATION
seq_0077,INITIAL WAFER INSPECTION
seq_0077,MEASURE INITIAL THICKNESS
seq_0077,MEASURE SURFACE PARTICLES
seq_0077,WAFER CLEAN PRE PROCESS
seq_0077,BACKSIDE CLEAN
seq_0077,FRONTSIDE CLEAN
seq_0077,WET CLEAN RCA1
seq_0077,WET CLEAN RCA2
seq_0077,HF DIP
seq_0077,WAFER CLEAN PRE-GRIND
seq_0077,GRINDING WAFER BACKSIDE
seq_0077,MEASURE INITIAL GEOMETRY
seq_0077,ETCH WET BACKSIDE
seq_0077,RINSE WET WAFER_EDGE
seq_0077,DRY WAFER BACKSIDE
seq_0077,BACKSIDE CLEAN
seq_0077,MEASURE BACKSIDE ROUGHNESS
seq_0077,THERMAL OXIDATION
seq_0077,MEASURE OXIDE THICKNESS
seq_0077,WET CLEAN RCA1
seq_0077,RCA CLEAN 2
seq_0077,HF DIP
seq_0077,OXIDE STRIP
seq_0077,SURFACE PREP FOR DEPOSITION
seq_0077,DEPOSIT PAD OXIDE
seq_0077,ANNEAL OXIDE
seq_0077,MEASURE OXIDE THICKNESS
seq_0077,SPIN COAT PHOTORESIST
seq_0077,SOFT BAKE
seq_0077,ALIGN MASK LEVEL 1
seq_0077,EXPOSE LITHO LEVEL 1
seq_0077,DEVELOP PHOTORESIST
seq_0077,INSPECT PATTERN LEVEL 1
seq_0077,HARD BAKE
seq_0077,OXIDE ETCH DRY
seq_0077,STRIP PHOTORESIST
seq_0077,CLEAN AFTER ETCH
seq_0077,DEPOSIT POLYSILICON
seq_0077,ANNEAL POLYSILICON
seq_0077,SPIN COAT PHOTORESIST
seq_0077,SOFT BAKE
seq_0077,ALIGN MASK LEVEL 2
seq_0077,EXPOSE LITHO LEVEL 2
seq_0077,POST EXPOSE BAKE
seq_0077,DEVELOP PHOTORESIST
seq_0077,PATTERN INSPECTION LEVEL 2
seq_0077,POLYSILICON ETCH DRY
seq_0077,STRIP RESIST
seq_0077,CLEAN AFTER POLY ETCH
seq_0077,IMPLANT N-TYPE
seq_0077,RAPID THERMAL ANNEAL
seq_0077,MEASURE SHEET RESISTANCE
seq_0077,DEPOSIT INTERLEVEL DIELECTRIC
seq_0077,DENSIFY DIELECTRIC
seq_0077,MEASURE FILM THICKNESS
seq_0077,CMP INTERLAYER DIELECTRIC
seq_0077,MEASURE PLANARITY
seq_0077,SPIN COAT PHOTORESIST
seq_0077,SOFT BAKE
seq_0077,ALIGN MASK LEVEL 3
seq_0077,EXPOSE LITHO LEVEL 3
seq_0077,DEVELOP PHOTORESIST
seq_0077,VIA OPENING INSPECTION
seq_0077,HARD BAKE
seq_0077,VIA ETCH
seq_0077,STRIP RESIST
seq_0077,CLEAN AFTER VIA ETCH
seq_0077,MEASURE VIA CD
seq_0077,DEPOSIT BARRIER METAL
seq_0077,DEPOSIT TUNGSTEN SEED
seq_0077,FILL VIA TUNGSTEN
seq_0077,CMP METAL
seq_0077,MEASURE VIA RESISTANCE
seq_0077,DEPOSIT METAL 1
seq_0077,ANNEAL METAL 1
seq_0077,SPIN COAT PHOTORESIST
seq_0077,SOFT BAKE
seq_0077,ALIGN MASK LEVEL 4
seq_0077,EXPOSE LITHO LEVEL 4
seq_0077,DEVELOP PHOTORESIST
seq_0077,METAL PATTERN INSPECTION
seq_0077,HARD BAKE
seq_0077,METAL ETCH DRY
seq_0077,STRIP RESIST
seq_0077,CLEAN AFTER METAL ETCH
seq_0077,MEASURE LINE WIDTH
seq_0077,DEPOSIT PASSIVATION LAYER
seq_0077,CURE PASSIVATION
seq_0077,MEASURE PASSIVATION QUALITY
seq_0077,OPEN BOND PAD WINDOW
seq_0077,OPEN PAD WINDOW LITHO
seq_0077,DEVELOP PAD WINDOW
seq_0077,PASSIVATION ETCH
seq_0077,STRIP PHOTORESIST
seq_0077,CLEAN PAD OPENING
seq_0077,MEASURE PAD OPENING
seq_0077,BACKSIDE THINNING CHECK
seq_0077,BACKSIDE CLEAN
seq_0077,DEPOSIT BACKSIDE PROTECTION
seq_0077,BACKSIDE ANNEAL
seq_0077,FRONTSIDE CLEAN FINAL
seq_0077,FINAL CLEAN
seq_0077,FINAL THICKNESS MEASURE
seq_0077,FINAL ELECTRICAL TEST PREP
seq_0077,ELECTRICAL PARAMETRIC TEST
seq_0077,LEAKAGE TEST
seq_0077,THRESHOLD VOLTAGE TEST
seq_0077,SWITCHING TEST
seq_0077,WAFER SORT TEST
seq_0077,YIELD ANALYSIS
seq_0077,LOT RELEASE
seq_0077,PACKAGE PREPARATION
seq_0077,SHIP LOT
seq_0078,RECEIVE WAFER LOT
seq_0078,LOT IDENTIFICATION
seq_0078,PRE CLEAN INSPECTION
seq_0078,MEASURE INITIAL GEOMETRY
seq_0078,MEASURE SURFACE DEFECTS
seq_0078,WAFER CLEAN PRE PROCESS
seq_0078,BACKSIDE CLEAN
seq_0078,WET CLEAN RCA1
seq_0078,WET CLEAN RCA2
seq_0078,HF DIP
seq_0078,DRY WAFER
seq_0078,WAFER CLEAN PRE-GRIND
seq_0078,GRINDING WAFER BACKSIDE
seq_0078,MEASURE GEOMETRY
seq_0078,ETCH WET BACKSIDE
seq_0078,RINSE WET WAFER_EDGE
seq_0078,DRY WAFER BACKSIDE
seq_0078,BACKSIDE CLEAN
seq_0078,MEASURE BACKSIDE ROUGHNESS
seq_0078,THERMAL OXIDATION
seq_0078,MEASURE OXIDE THICKNESS
seq_0078,WET CLEAN RCA1
seq_0078,WET CLEAN RCA2
seq_0078,HF DIP
seq_0078,OXIDE STRIP
seq_0078,SURFACE PREP FOR DEPOSITION
seq_0078,DEPOSIT PAD OXIDE
seq_0078,ANNEAL OXIDE
seq_0078,MEASURE OXIDE THICKNESS
seq_0078,SPIN COAT PHOTORESIST
seq_0078,SOFT BAKE
seq_0078,ALIGN MASK LEVEL 1
seq_0078,EXPOSE LITHO LEVEL 1
seq_0078,DEVELOP PHOTORESIST
seq_0078,INSPECT PATTERN LEVEL 1
seq_0078,HARD BAKE
seq_0078,OXIDE ETCH DRY
seq_0078,STRIP RESIST
seq_0078,CLEAN AFTER ETCH
seq_0078,DEPOSIT POLYSILICON
seq_0078,ANNEAL POLYSILICON
seq_0078,SPIN COAT PHOTORESIST
seq_0078,SOFT BAKE
seq_0078,ALIGN MASK LEVEL 2
seq_0078,EXPOSE LITHO LEVEL 2
seq_0078,DEVELOP PHOTORESIST
seq_0078,PATTERN INSPECTION LEVEL 2
seq_0078,POLYSILICON ETCH DRY
seq_0078,STRIP RESIST LEVEL 2
seq_0078,CLEAN AFTER POLY ETCH
seq_0078,IMPLANT N-TYPE
seq_0078,PRE ANNEAL CHECK
seq_0078,RAPID THERMAL ANNEAL
seq_0078,MEASURE SHEET RESISTANCE
seq_0078,DEPOSIT INTERLEVEL DIELECTRIC
seq_0078,DENSIFY OXIDE
seq_0078,MEASURE DIELECTRIC THICKNESS
seq_0078,CMP INTERLAYER DIELECTRIC
seq_0078,MEASURE PLANARITY
seq_0078,SPIN COAT PHOTORESIST
seq_0078,SOFT BAKE
seq_0078,ALIGN MASK LEVEL 3
seq_0078,EXPOSE LITHO LEVEL 3
seq_0078,POST EXPOSE BAKE
seq_0078,DEVELOP PHOTORESIST
seq_0078,VIA OPENING INSPECTION
seq_0078,DIELECTRIC ETCH VIA
seq_0078,STRIP PHOTORESIST
seq_0078,CLEAN AFTER VIA ETCH
seq_0078,DEPOSIT BARRIER METAL
seq_0078,DEPOSIT TUNGSTEN SEED
seq_0078,FILL VIA TUNGSTEN
seq_0078,CMP METAL
seq_0078,MEASURE VIA RESISTANCE
seq_0078,DEPOSIT METAL 1
seq_0078,ANNEAL METAL 1
seq_0078,SPIN COAT PHOTORESIST
seq_0078,SOFT BAKE
seq_0078,ALIGN MASK LEVEL 4
seq_0078,EXPOSE LITHO LEVEL 4
seq_0078,DEVELOP PHOTORESIST
seq_0078,METAL PATTERN INSPECTION
seq_0078,HARD BAKE
seq_0078,METAL ETCH DRY
seq_0078,STRIP RESIST
seq_0078,CLEAN AFTER METAL ETCH
seq_0078,DEPOSIT PASSIVATION
seq_0078,CURE PASSIVATION
seq_0078,MEASURE PASSIVATION THICKNESS
seq_0078,OPEN PAD WINDOW
seq_0078,PAD WINDOW LITHO
seq_0078,DEVELOP PHOTORESIST
seq_0078,PASSIVATION ETCH PAD OPENING
seq_0078,STRIP RESIST
seq_0078,CLEAN PAD OPENING
seq_0078,MEASURE PAD OPENING
seq_0078,BACKSIDE CLEAN
seq_0078,DEPOSIT BACKSIDE PROTECTION
seq_0078,BACKSIDE ANNEAL
seq_0078,FRONTSIDE CLEAN FINAL
seq_0078,FINAL CLEAN
seq_0078,FINAL THICKNESS MEASURE
seq_0078,FINAL GEOMETRY CHECK
seq_0078,FINAL OXIDE CHECK
seq_0078,PARAMETRIC TEST
seq_0078,LEAKAGE TEST
seq_0078,SWITCHING TEST
seq_0078,WAFER SORT TEST
seq_0078,YIELD ANALYSIS
seq_0078,FINAL LOT RELEASE
seq_0078,PACKAGE PREPARATION
seq_0078,SHIP LOT
seq_0079,RECEIVE WAFER LOT
seq_0079,LOT IDENTIFICATION
seq_0079,PRE CLEAN INSPECTION
seq_0079,MEASURE INITIAL GEOMETRY
seq_0079,MEASURE SURFACE PARTICLES
seq_0079,WAFER CLEAN PRE PROCESS
seq_0079,BACKSIDE CLEAN
seq_0079,FRONTSIDE CLEAN
seq_0079,RCA CLEAN 1
seq_0079,WET CLEAN RCA2
seq_0079,HF DIP
seq_0079,WAFER CLEAN PRE-GRIND
seq_0079,GRINDING WAFER BACKSIDE
seq_0079,MEASURE INITIAL GEOMETRY
seq_0079,ETCH WET BACKSIDE
seq_0079,RINSE WET WAFER_EDGE
seq_0079,DRY WAFER BACKSIDE
seq_0079,BACKSIDE CLEAN
seq_0079,MEASURE BACKSIDE ROUGHNESS
seq_0079,THERMAL OXIDATION
seq_0079,MEASURE OXIDE THICKNESS
seq_0079,WET CLEAN RCA1
seq_0079,RCA CLEAN 2
seq_0079,HF DIP
seq_0079,OXIDE STRIP
seq_0079,SURFACE PREP FOR DEPOSITION
seq_0079,DEPOSIT PAD OXIDE
seq_0079,ANNEAL OXIDE
seq_0079,MEASURE FILM THICKNESS
seq_0079,SPIN COAT PHOTORESIST
seq_0079,SOFT BAKE
seq_0079,ALIGN MASK LEVEL 1
seq_0079,EXPOSE LITHO LEVEL 1
seq_0079,DEVELOP PHOTORESIST
seq_0079,INSPECT PATTERN LEVEL 1
seq_0079,HARD BAKE
seq_0079,OXIDE ETCH DRY
seq_0079,STRIP PHOTORESIST
seq_0079,CLEAN AFTER ETCH
seq_0079,MEASURE CD LEVEL 1
seq_0079,DEPOSIT POLYSILICON
seq_0079,ANNEAL POLYSILICON
seq_0079,SPIN COAT PHOTORESIST
seq_0079,SOFT BAKE
seq_0079,ALIGN MASK LEVEL 2
seq_0079,EXPOSE LITHO LEVEL 2
seq_0079,POST EXPOSE BAKE
seq_0079,DEVELOP PHOTORESIST
seq_0079,PATTERN INSPECTION LEVEL 2
seq_0079,POLYSILICON ETCH DRY
seq_0079,STRIP RESIST LEVEL 2
seq_0079,CLEAN AFTER POLY ETCH
seq_0079,MEASURE CD LEVEL 2
seq_0079,IMPLANT N-TYPE
seq_0079,PRE ANNEAL CHECK
seq_0079,RAPID THERMAL ANNEAL
seq_0079,DEPOSIT INTERLAYER DIELECTRIC
seq_0079,DENSIFY OXIDE
seq_0079,MEASURE FILM THICKNESS
seq_0079,CMP INTERLAYER DIELECTRIC
seq_0079,MEASURE SURFACE PLANARITY
seq_0079,SPIN COAT PHOTORESIST
seq_0079,SOFT BAKE
seq_0079,ALIGN MASK LEVEL 3
seq_0079,EXPOSE LITHO LEVEL 3
seq_0079,DEVELOP PHOTORESIST
seq_0079,VIA INSPECTION
seq_0079,HARD BAKE
seq_0079,DIELECTRIC ETCH VIA
seq_0079,STRIP RESIST
seq_0079,CLEAN AFTER VIA ETCH
seq_0079,DEPOSIT BARRIER METAL
seq_0079,DEPOSIT TUNGSTEN SEED
seq_0079,FILL VIA TUNGSTEN
seq_0079,CMP METAL
seq_0079,MEASURE CONTACT RESISTANCE
seq_0079,DEPOSIT TOP METAL
seq_0079,ANNEAL METAL 1
seq_0079,SPIN COAT PHOTORESIST
seq_0079,SOFT BAKE
seq_0079,ALIGN MASK LEVEL 4
seq_0079,EXPOSE LITHO LEVEL 4
seq_0079,DEVELOP PHOTORESIST
seq_0079,METAL PATTERN INSPECTION
seq_0079,METAL ETCH DRY
seq_0079,STRIP PHOTORESIST
seq_0079,CLEAN AFTER METAL ETCH
seq_0079,MEASURE LINE WIDTH
seq_0079,DEPOSIT PASSIVATION LAYER
seq_0079,CURE PASSIVATION
seq_0079,MEASURE PASSIVATION QUALITY
seq_0079,OPEN BOND PAD WINDOW
seq_0079,PAD WINDOW LITHO
seq_0079,DEVELOP PHOTORESIST
seq_0079,PASSIVATION ETCH PAD OPENING
seq_0079,STRIP RESIST
seq_0079,CLEAN PAD OPENING
seq_0079,MEASURE PAD OPENING
seq_0079,BACKSIDE THINNING CHECK
seq_0079,BACKSIDE CLEAN
seq_0079,DEPOSIT BACKSIDE PROTECTION
seq_0079,BACKSIDE ANNEAL
seq_0079,FRONTSIDE CLEAN FINAL
seq_0079,FINAL CLEAN
seq_0079,FINAL THICKNESS MEASURE
seq_0079,FINAL GEOMETRY CHECK
seq_0079,FINAL OXIDE CHECK
seq_0079,FINAL PARTICLE INSPECTION
seq_0079,PARAMETRIC TEST
seq_0079,LEAKAGE TEST
seq_0079,THRESHOLD VOLTAGE TEST
seq_0079,SWITCHING TEST
seq_0079,WAFER SORT TEST
seq_0079,YIELD ANALYSIS
seq_0079,FINAL LOT RELEASE
seq_0079,PACKAGE PREPARATION
seq_0079,SHIP LOT
seq_0080,RECEIVE WAFER LOT
seq_0080,LOT IDENTIFICATION
seq_0080,INITIAL WAFER INSPECTION
seq_0080,MEASURE INITIAL GEOMETRY
seq_0080,MEASURE SURFACE PARTICLES
seq_0080,WAFER CLEAN PRE PROCESS
seq_0080,BACKSIDE CLEAN
seq_0080,FRONTSIDE CLEAN
seq_0080,RCA CLEAN 1
seq_0080,RCA CLEAN 2
seq_0080,HF DIP
seq_0080,DRY WAFER
seq_0080,WAFER CLEAN PRE-GRIND
seq_0080,GRINDING WAFER BACKSIDE
seq_0080,MEASURE GEOMETRY
seq_0080,ETCH WET BACKSIDE
seq_0080,RINSE WET WAFER_EDGE
seq_0080,DRY WAFER BACKSIDE
seq_0080,BACKSIDE CLEAN
seq_0080,MEASURE BACKSIDE ROUGHNESS
seq_0080,THERMAL OXIDATION
seq_0080,MEASURE OXIDE THICKNESS
seq_0080,RCA CLEAN 1
seq_0080,RCA CLEAN 2
seq_0080,HF DIP
seq_0080,OXIDE STRIP
seq_0080,SURFACE PREP FOR DEPOSITION
seq_0080,DEPOSIT PAD OXIDE
seq_0080,ANNEAL OXIDE
seq_0080,MEASURE OXIDE THICKNESS
seq_0080,SPIN COAT PHOTORESIST
seq_0080,SOFT BAKE
seq_0080,ALIGN MASK LEVEL 1
seq_0080,EXPOSE LITHO LEVEL 1
seq_0080,POST EXPOSE BAKE
seq_0080,DEVELOP PHOTORESIST
seq_0080,INSPECT PATTERN LEVEL 1
seq_0080,HARD BAKE
seq_0080,OXIDE ETCH DRY
seq_0080,STRIP RESIST
seq_0080,CLEAN AFTER ETCH
seq_0080,MEASURE CD LEVEL 1
seq_0080,DEPOSIT POLYSILICON
seq_0080,ANNEAL POLYSILICON
seq_0080,SPIN COAT PHOTORESIST
seq_0080,SOFT BAKE
seq_0080,ALIGN MASK LEVEL 2
seq_0080,EXPOSE LITHO LEVEL 2
seq_0080,DEVELOP PHOTORESIST
seq_0080,PATTERN INSPECTION LEVEL 2
seq_0080,POLYSILICON ETCH DRY
seq_0080,STRIP RESIST
seq_0080,CLEAN AFTER POLY ETCH
seq_0080,MEASURE CD LEVEL 2
seq_0080,IMPLANT N-TYPE
seq_0080,PRE ANNEAL CHECK
seq_0080,RAPID THERMAL ANNEAL
seq_0080,MEASURE SHEET RESISTANCE
seq_0080,DEPOSIT INTERLAYER DIELECTRIC
seq_0080,DENSIFY OXIDE
seq_0080,MEASURE FILM THICKNESS
seq_0080,CMP INTERLAYER DIELECTRIC
seq_0080,MEASURE SURFACE PLANARITY
seq_0080,SPIN COAT PHOTORESIST
seq_0080,SOFT BAKE
seq_0080,ALIGN MASK LEVEL 3
seq_0080,EXPOSE LITHO LEVEL 3
seq_0080,DEVELOP PHOTORESIST
seq_0080,VIA INSPECTION
seq_0080,VIA ETCH
seq_0080,STRIP PHOTORESIST
seq_0080,CLEAN AFTER VIA ETCH
seq_0080,MEASURE VIA CD
seq_0080,DEPOSIT BARRIER METAL
seq_0080,DEPOSIT TUNGSTEN SEED
seq_0080,FILL VIA TUNGSTEN
seq_0080,CMP METAL
seq_0080,DEPOSIT TOP METAL
seq_0080,ANNEAL METAL
seq_0080,SPIN COAT PHOTORESIST
seq_0080,SOFT BAKE
seq_0080,ALIGN MASK LEVEL 4
seq_0080,EXPOSE LITHO LEVEL 4
seq_0080,DEVELOP PHOTORESIST
seq_0080,METAL PATTERN INSPECTION
seq_0080,HARD BAKE
seq_0080,METAL ETCH DRY
seq_0080,STRIP RESIST
seq_0080,CLEAN AFTER METAL ETCH
seq_0080,MEASURE LINE WIDTH
seq_0080,DEPOSIT PASSIVATION
seq_0080,CURE PASSIVATION
seq_0080,MEASURE PASSIVATION QUALITY
seq_0080,OPEN PAD WINDOW
seq_0080,PAD WINDOW LITHO
seq_0080,DEVELOP PAD WINDOW
seq_0080,PASSIVATION ETCH
seq_0080,STRIP PHOTORESIST
seq_0080,CLEAN PAD OPENING
seq_0080,MEASURE PAD OPENING
seq_0080,BACKSIDE THINNING CHECK
seq_0080,BACKSIDE CLEAN FINAL
seq_0080,DEPOSIT BACKSIDE PROTECTION
seq_0080,BACKSIDE ANNEAL
seq_0080,FINAL CLEAN
seq_0080,FINAL GEOMETRY CHECK
seq_0080,FINAL PARTICLE INSPECTION
seq_0080,ELECTRICAL PARAMETRIC TEST
seq_0080,LEAKAGE TEST
seq_0080,THRESHOLD VOLTAGE TEST
seq_0080,SWITCHING TEST
seq_0080,WAFER SORT TEST
seq_0080,YIELD ANALYSIS
seq_0080,FINAL LOT RELEASE
seq_0080,SHIP LOT
seq_0081,RECEIVE WAFER LOT
seq_0081,LOT IDENTIFICATION
seq_0081,PRE CLEAN INSPECTION
seq_0081,MEASURE INITIAL THICKNESS
seq_0081,MEASURE SURFACE DEFECTS
seq_0081,WAFER CLEAN PRE PROCESS
seq_0081,BACKSIDE CLEAN
seq_0081,WET CLEAN RCA1
seq_0081,WET CLEAN RCA2
seq_0081,HF DIP
seq_0081,WAFER CLEAN PRE-GRIND
seq_0081,GRINDING WAFER BACKSIDE
seq_0081,MEASURE INITIAL GEOMETRY
seq_0081,ETCH WET BACKSIDE
seq_0081,RINSE WET WAFER_EDGE
seq_0081,DRY WAFER BACKSIDE
seq_0081,BACKSIDE CLEAN
seq_0081,MEASURE BACKSIDE ROUGHNESS
seq_0081,THERMAL OXIDATION
seq_0081,MEASURE OXIDE THICKNESS
seq_0081,RCA CLEAN 1
seq_0081,WET CLEAN RCA2
seq_0081,HF DIP
seq_0081,OXIDE STRIP
seq_0081,SURFACE PREP FOR DEPOSITION
seq_0081,DEPOSIT PAD OXIDE
seq_0081,ANNEAL OXIDE
seq_0081,MEASURE FILM THICKNESS
seq_0081,SPIN COAT PHOTORESIST
seq_0081,SOFT BAKE
seq_0081,ALIGN MASK LEVEL 1
seq_0081,EXPOSE LITHO LEVEL 1
seq_0081,DEVELOP PHOTORESIST
seq_0081,INSPECT PATTERN LEVEL 1
seq_0081,HARD BAKE
seq_0081,OXIDE ETCH DRY
seq_0081,STRIP RESIST
seq_0081,CLEAN AFTER ETCH
seq_0081,DEPOSIT POLYSILICON
seq_0081,ANNEAL POLYSILICON
seq_0081,SPIN COAT PHOTORESIST
seq_0081,SOFT BAKE
seq_0081,ALIGN MASK LEVEL 2
seq_0081,EXPOSE LITHO LEVEL 2
seq_0081,POST EXPOSE BAKE
seq_0081,DEVELOP PHOTORESIST
seq_0081,PATTERN INSPECTION LEVEL 2
seq_0081,HARD BAKE
seq_0081,POLYSILICON ETCH DRY
seq_0081,STRIP RESIST
seq_0081,CLEAN AFTER POLY ETCH
seq_0081,MEASURE CD LEVEL 2
seq_0081,IMPLANT N-TYPE
seq_0081,PRE ANNEAL CHECK
seq_0081,RAPID THERMAL ANNEAL
seq_0081,MEASURE SHEET RESISTANCE
seq_0081,DEPOSIT INTERLEVEL DIELECTRIC
seq_0081,DENSIFY DIELECTRIC
seq_0081,MEASURE FILM THICKNESS
seq_0081,CMP INTERLAYER DIELECTRIC
seq_0081,MEASURE PLANARITY
seq_0081,SPIN COAT PHOTORESIST
seq_0081,SOFT BAKE
seq_0081,ALIGN MASK LEVEL 3
seq_0081,EXPOSE LITHO LEVEL 3
seq_0081,POST EXPOSE BAKE
seq_0081,DEVELOP PHOTORESIST
seq_0081,VIA OPENING INSPECTION
seq_0081,DIELECTRIC ETCH VIA
seq_0081,STRIP PHOTORESIST
seq_0081,CLEAN AFTER VIA ETCH
seq_0081,MEASURE VIA CD
seq_0081,DEPOSIT BARRIER METAL
seq_0081,DEPOSIT TUNGSTEN SEED
seq_0081,FILL VIA TUNGSTEN
seq_0081,CMP METAL
seq_0081,DEPOSIT METAL 1
seq_0081,ANNEAL METAL 1
seq_0081,MEASURE METAL THICKNESS
seq_0081,SPIN COAT PHOTORESIST
seq_0081,SOFT BAKE
seq_0081,ALIGN MASK LEVEL 4
seq_0081,EXPOSE LITHO LEVEL 4
seq_0081,DEVELOP PHOTORESIST
seq_0081,METAL PATTERN INSPECTION
seq_0081,METAL ETCH DRY
seq_0081,STRIP RESIST
seq_0081,CLEAN AFTER METAL ETCH
seq_0081,MEASURE LINE WIDTH
seq_0081,DEPOSIT PASSIVATION
seq_0081,CURE PASSIVATION
seq_0081,MEASURE PASSIVATION THICKNESS
seq_0081,OPEN BOND PAD WINDOW
seq_0081,PAD WINDOW LITHO
seq_0081,DEVELOP PAD WINDOW
seq_0081,PASSIVATION ETCH PAD OPENING
seq_0081,STRIP PHOTORESIST
seq_0081,CLEAN PAD OPENING
seq_0081,MEASURE PAD OPENING
seq_0081,BACKSIDE THINNING CHECK
seq_0081,BACKSIDE CLEAN
seq_0081,DEPOSIT BACKSIDE PROTECTION
seq_0081,BACKSIDE ANNEAL
seq_0081,FINAL CLEAN
seq_0081,FINAL THICKNESS MEASURE
seq_0081,FINAL OXIDE CHECK
seq_0081,FINAL CD INSPECTION
seq_0081,FINAL PARTICLE INSPECTION
seq_0081,FINAL ELECTRICAL TEST PREP
seq_0081,ELECTRICAL PARAMETRIC TEST
seq_0081,LEAKAGE TEST
seq_0081,THRESHOLD VOLTAGE TEST
seq_0081,SWITCHING TEST
seq_0081,WAFER SORT TEST
seq_0081,YIELD ANALYSIS
seq_0081,LOT RELEASE
seq_0081,SHIP LOT
seq_0082,RECEIVE WAFER LOT
seq_0082,LOT IDENTIFICATION
seq_0082,INITIAL WAFER INSPECTION
seq_0082,MEASURE SURFACE PARTICLES
seq_0082,WAFER CLEAN PRE PROCESS
seq_0082,BACKSIDE CLEAN
seq_0082,WET CLEAN RCA1
seq_0082,RCA CLEAN 2
seq_0082,HF DIP
seq_0082,DRY WAFER
seq_0082,WAFER CLEAN PRE-GRIND
seq_0082,GRINDING WAFER BACKSIDE
seq_0082,MEASURE GEOMETRY
seq_0082,ETCH WET BACKSIDE
seq_0082,RINSE WET WAFER_EDGE
seq_0082,DRY WAFER BACKSIDE
seq_0082,BACKSIDE CLEAN
seq_0082,MEASURE BACKSIDE ROUGHNESS
seq_0082,THERMAL OXIDATION
seq_0082,MEASURE OXIDE THICKNESS
seq_0082,WET CLEAN RCA1
seq_0082,RCA CLEAN 2
seq_0082,HF DIP
seq_0082,OXIDE STRIP
seq_0082,SURFACE PREP FOR DEPOSITION
seq_0082,DEPOSIT PAD OXIDE
seq_0082,ANNEAL OXIDE
seq_0082,MEASURE OXIDE THICKNESS
seq_0082,SPIN COAT PHOTORESIST
seq_0082,SOFT BAKE
seq_0082,ALIGN MASK LEVEL 1
seq_0082,EXPOSE LITHO LEVEL 1
seq_0082,POST EXPOSE BAKE
seq_0082,DEVELOP PHOTORESIST
seq_0082,INSPECT PATTERN LEVEL 1
seq_0082,HARD BAKE
seq_0082,OXIDE ETCH DRY
seq_0082,STRIP RESIST
seq_0082,CLEAN AFTER ETCH
seq_0082,MEASURE CD LEVEL 1
seq_0082,DEPOSIT POLYSILICON
seq_0082,ANNEAL POLYSILICON
seq_0082,SPIN COAT PHOTORESIST
seq_0082,SOFT BAKE
seq_0082,ALIGN MASK LEVEL 2
seq_0082,EXPOSE LITHO LEVEL 2
seq_0082,DEVELOP PHOTORESIST
seq_0082,PATTERN INSPECTION LEVEL 2
seq_0082,POLYSILICON ETCH DRY
seq_0082,STRIP RESIST
seq_0082,CLEAN AFTER POLY ETCH
seq_0082,IMPLANT N-TYPE
seq_0082,RAPID THERMAL ANNEAL
seq_0082,MEASURE SHEET RESISTANCE
seq_0082,DEPOSIT INTERLEVEL DIELECTRIC
seq_0082,DENSIFY OXIDE
seq_0082,MEASURE FILM THICKNESS
seq_0082,CMP DIELECTRIC
seq_0082,MEASURE PLANARITY
seq_0082,SPIN COAT PHOTORESIST
seq_0082,SOFT BAKE
seq_0082,ALIGN MASK LEVEL 3
seq_0082,EXPOSE LITHO LEVEL 3
seq_0082,DEVELOP PHOTORESIST
seq_0082,VIA OPENING INSPECTION
seq_0082,HARD BAKE
seq_0082,VIA ETCH
seq_0082,STRIP RESIST
seq_0082,CLEAN AFTER VIA ETCH
seq_0082,MEASURE VIA CD
seq_0082,DEPOSIT BARRIER METAL
seq_0082,DEPOSIT TUNGSTEN SEED
seq_0082,FILL VIA TUNGSTEN
seq_0082,CMP VIA FILL
seq_0082,MEASURE VIA RESISTANCE
seq_0082,DEPOSIT TOP METAL
seq_0082,ANNEAL METAL
seq_0082,MEASURE METAL THICKNESS
seq_0082,SPIN COAT PHOTORESIST
seq_0082,SOFT BAKE
seq_0082,ALIGN MASK LEVEL 4
seq_0082,EXPOSE LITHO LEVEL 4
seq_0082,DEVELOP PHOTORESIST
seq_0082,METAL PATTERN INSPECTION
seq_0082,METAL ETCH DRY
seq_0082,STRIP PHOTORESIST
seq_0082,CLEAN AFTER METAL ETCH
seq_0082,MEASURE LINE WIDTH
seq_0082,DEPOSIT PASSIVATION LAYER
seq_0082,CURE PASSIVATION
seq_0082,MEASURE PASSIVATION QUALITY
seq_0082,OPEN PAD WINDOW
seq_0082,PAD WINDOW LITHO
seq_0082,DEVELOP PAD WINDOW
seq_0082,PASSIVATION ETCH
seq_0082,STRIP PHOTORESIST
seq_0082,CLEAN PAD OPENING
seq_0082,MEASURE PAD OPENING
seq_0082,BACKSIDE THINNING CHECK
seq_0082,BACKSIDE CLEAN FINAL
seq_0082,DEPOSIT BACKSIDE PROTECTION
seq_0082,BACKSIDE ANNEAL
seq_0082,FINAL CLEAN
seq_0082,FINAL THICKNESS MEASURE
seq_0082,FINAL GEOMETRY CHECK
seq_0082,FINAL OXIDE CHECK
seq_0082,FINAL CD INSPECTION
seq_0082,ELECTRICAL PARAMETRIC TEST
seq_0082,LEAKAGE TEST
seq_0082,THRESHOLD VOLTAGE TEST
seq_0082,SWITCHING TEST
seq_0082,WAFER SORT TEST
seq_0082,YIELD ANALYSIS
seq_0082,FINAL LOT RELEASE
seq_0082,SHIP LOT
seq_0083,RECEIVE WAFER LOT
seq_0083,LOT IDENTIFICATION
seq_0083,INITIAL WAFER INSPECTION
seq_0083,MEASURE SURFACE PARTICLES
seq_0083,WAFER CLEAN PRE PROCESS
seq_0083,FRONTSIDE CLEAN
seq_0083,RCA CLEAN 1
seq_0083,RCA CLEAN 2
seq_0083,HF DIP
seq_0083,DRY WAFER
seq_0083,WAFER CLEAN PRE-GRIND
seq_0083,GRINDING WAFER BACKSIDE
seq_0083,MEASURE GEOMETRY
seq_0083,ETCH WET BACKSIDE
seq_0083,RINSE WET WAFER_EDGE
seq_0083,DRY WAFER BACKSIDE
seq_0083,BACKSIDE CLEAN
seq_0083,MEASURE BACKSIDE ROUGHNESS
seq_0083,THERMAL OXIDATION
seq_0083,MEASURE OXIDE THICKNESS
seq_0083,WET CLEAN RCA1
seq_0083,WET CLEAN RCA2
seq_0083,HF DIP
seq_0083,OXIDE STRIP
seq_0083,SURFACE PREP FOR DEPOSITION
seq_0083,DEPOSIT PAD OXIDE
seq_0083,ANNEAL OXIDE
seq_0083,MEASURE FILM THICKNESS
seq_0083,SPIN COAT PHOTORESIST
seq_0083,SOFT BAKE
seq_0083,ALIGN MASK LEVEL 1
seq_0083,EXPOSE LITHO LEVEL 1
seq_0083,POST EXPOSE BAKE
seq_0083,DEVELOP PHOTORESIST
seq_0083,INSPECT PATTERN LEVEL 1
seq_0083,HARD BAKE
seq_0083,OXIDE ETCH DRY
seq_0083,STRIP PHOTORESIST
seq_0083,CLEAN AFTER ETCH
seq_0083,MEASURE CD LEVEL 1
seq_0083,DEPOSIT POLYSILICON
seq_0083,ANNEAL POLYSILICON
seq_0083,SPIN COAT PHOTORESIST
seq_0083,SOFT BAKE
seq_0083,ALIGN MASK LEVEL 2
seq_0083,EXPOSE LITHO LEVEL 2
seq_0083,DEVELOP PHOTORESIST
seq_0083,PATTERN INSPECTION LEVEL 2
seq_0083,POLYSILICON ETCH DRY
seq_0083,STRIP RESIST
seq_0083,CLEAN AFTER POLY ETCH
seq_0083,MEASURE CD LEVEL 2
seq_0083,IMPLANT N-TYPE
seq_0083,RAPID THERMAL ANNEAL
seq_0083,MEASURE SHEET RESISTANCE
seq_0083,DEPOSIT INTERLEVEL DIELECTRIC
seq_0083,DENSIFY DIELECTRIC
seq_0083,MEASURE DIELECTRIC THICKNESS
seq_0083,CMP INTERLAYER DIELECTRIC
seq_0083,MEASURE SURFACE PLANARITY
seq_0083,SPIN COAT PHOTORESIST
seq_0083,SOFT BAKE
seq_0083,ALIGN MASK LEVEL 3
seq_0083,EXPOSE LITHO LEVEL 3
seq_0083,DEVELOP PHOTORESIST
seq_0083,VIA OPENING INSPECTION
seq_0083,DIELECTRIC ETCH VIA
seq_0083,STRIP RESIST
seq_0083,CLEAN AFTER VIA ETCH
seq_0083,MEASURE VIA CD
seq_0083,DEPOSIT BARRIER METAL
seq_0083,DEPOSIT TUNGSTEN SEED
seq_0083,FILL VIA TUNGSTEN
seq_0083,CMP METAL
seq_0083,MEASURE CONTACT RESISTANCE
seq_0083,DEPOSIT METAL 1
seq_0083,ANNEAL METAL
seq_0083,MEASURE METAL THICKNESS
seq_0083,SPIN COAT PHOTORESIST
seq_0083,SOFT BAKE
seq_0083,ALIGN MASK LEVEL 4
seq_0083,EXPOSE LITHO LEVEL 4
seq_0083,DEVELOP PHOTORESIST
seq_0083,METAL PATTERN INSPECTION
seq_0083,METAL ETCH DRY
seq_0083,STRIP RESIST
seq_0083,CLEAN AFTER METAL ETCH
seq_0083,MEASURE LINE WIDTH
seq_0083,DEPOSIT PASSIVATION
seq_0083,CURE PASSIVATION
seq_0083,MEASURE PASSIVATION QUALITY
seq_0083,OPEN PAD WINDOW
seq_0083,PAD WINDOW LITHO
seq_0083,DEVELOP PHOTORESIST
seq_0083,PASSIVATION ETCH PAD OPENING
seq_0083,STRIP RESIST
seq_0083,CLEAN PAD OPENING
seq_0083,MEASURE PAD OPENING
seq_0083,BACKSIDE THINNING CHECK
seq_0083,BACKSIDE CLEAN
seq_0083,DEPOSIT BACKSIDE PROTECTION
seq_0083,BACKSIDE ANNEAL
seq_0083,FINAL CLEAN
seq_0083,FINAL THICKNESS MEASURE
seq_0083,FINAL GEOMETRY CHECK
seq_0083,FINAL OXIDE CHECK
seq_0083,FINAL CD INSPECTION
seq_0083,FINAL PARTICLE INSPECTION
seq_0083,ELECTRICAL PARAMETRIC TEST
seq_0083,LEAKAGE TEST
seq_0083,PARAMETRIC TEST
seq_0083,SWITCHING TEST
seq_0083,WAFER SORT TEST
seq_0083,YIELD ANALYSIS
seq_0083,LOT RELEASE
seq_0083,PACKAGE PREPARATION
seq_0083,SHIP LOT
seq_0084,RECEIVE WAFER LOT
seq_0084,LOT IDENTIFICATION
seq_0084,INITIAL WAFER INSPECTION
seq_0084,WAFER CLEAN PRE PROCESS
seq_0084,BACKSIDE CLEAN
seq_0084,RCA CLEAN 1
seq_0084,RCA CLEAN 2
seq_0084,HF DIP
seq_0084,DRY WAFER
seq_0084,WAFER CLEAN PRE-GRIND
seq_0084,GRINDING WAFER BACKSIDE
seq_0084,MEASURE GEOMETRY
seq_0084,ETCH WET BACKSIDE
seq_0084,RINSE WET WAFER_EDGE
seq_0084,DRY WAFER BACKSIDE
seq_0084,BACKSIDE CLEAN
seq_0084,MEASURE BACKSIDE ROUGHNESS
seq_0084,THERMAL OXIDATION
seq_0084,MEASURE OXIDE THICKNESS
seq_0084,RCA CLEAN 1
seq_0084,WET CLEAN RCA2
seq_0084,HF DIP
seq_0084,OXIDE STRIP
seq_0084,SURFACE PREP FOR DEPOSITION
seq_0084,DEPOSIT PAD OXIDE
seq_0084,ANNEAL OXIDE
seq_0084,MEASURE OXIDE THICKNESS
seq_0084,SPIN COAT PHOTORESIST
seq_0084,SOFT BAKE
seq_0084,ALIGN MASK LEVEL 1
seq_0084,EXPOSE LITHO LEVEL 1
seq_0084,POST EXPOSE BAKE
seq_0084,DEVELOP PHOTORESIST
seq_0084,INSPECT PATTERN LEVEL 1
seq_0084,HARD BAKE
seq_0084,OXIDE ETCH DRY
seq_0084,STRIP RESIST
seq_0084,CLEAN AFTER ETCH
seq_0084,MEASURE CD LEVEL 1
seq_0084,DEPOSIT POLYSILICON
seq_0084,ANNEAL POLYSILICON
seq_0084,SPIN COAT PHOTORESIST
seq_0084,SOFT BAKE
seq_0084,ALIGN MASK LEVEL 2
seq_0084,EXPOSE LITHO LEVEL 2
seq_0084,DEVELOP PHOTORESIST
seq_0084,PATTERN INSPECTION LEVEL 2
seq_0084,POLYSILICON ETCH DRY
seq_0084,STRIP RESIST LEVEL 2
seq_0084,CLEAN AFTER POLY ETCH
seq_0084,MEASURE CD LEVEL 2
seq_0084,IMPLANT N-TYPE
seq_0084,RAPID THERMAL ANNEAL
seq_0084,MEASURE SHEET RESISTANCE
seq_0084,DEPOSIT INTERLEVEL DIELECTRIC
seq_0084,DENSIFY DIELECTRIC
seq_0084,MEASURE DIELECTRIC THICKNESS
seq_0084,CMP INTERLAYER DIELECTRIC
seq_0084,MEASURE SURFACE PLANARITY
seq_0084,SPIN COAT PHOTORESIST
seq_0084,SOFT BAKE
seq_0084,ALIGN MASK LEVEL 3
seq_0084,EXPOSE LITHO LEVEL 3
seq_0084,DEVELOP PHOTORESIST
seq_0084,VIA INSPECTION
seq_0084,VIA ETCH THROUGH DIELECTRIC
seq_0084,STRIP RESIST
seq_0084,CLEAN AFTER VIA ETCH
seq_0084,DEPOSIT BARRIER METAL
seq_0084,DEPOSIT TUNGSTEN SEED
seq_0084,FILL VIA TUNGSTEN
seq_0084,CMP METAL
seq_0084,MEASURE CONTACT RESISTANCE
seq_0084,DEPOSIT TOP METAL
seq_0084,ANNEAL METAL 1
seq_0084,SPIN COAT PHOTORESIST
seq_0084,SOFT BAKE
seq_0084,ALIGN MASK LEVEL 4
seq_0084,EXPOSE LITHO LEVEL 4
seq_0084,DEVELOP PHOTORESIST
seq_0084,METAL PATTERN INSPECTION
seq_0084,METAL ETCH DRY
seq_0084,STRIP RESIST
seq_0084,CLEAN AFTER METAL ETCH
seq_0084,MEASURE LINE WIDTH
seq_0084,DEPOSIT PASSIVATION LAYER
seq_0084,CURE PASSIVATION
seq_0084,MEASURE PASSIVATION QUALITY
seq_0084,OPEN PAD WINDOW
seq_0084,PAD WINDOW LITHO
seq_0084,DEVELOP PHOTORESIST
seq_0084,PASSIVATION ETCH
seq_0084,STRIP PHOTORESIST
seq_0084,CLEAN PAD OPENING
seq_0084,MEASURE PAD OPENING
seq_0084,BACKSIDE CLEAN
seq_0084,DEPOSIT BACKSIDE PROTECTION
seq_0084,BACKSIDE ANNEAL
seq_0084,FINAL CLEAN
seq_0084,FINAL THICKNESS MEASURE
seq_0084,FINAL GEOMETRY CHECK
seq_0084,FINAL OXIDE CHECK
seq_0084,FINAL CD INSPECTION
seq_0084,FINAL ELECTRICAL TEST PREP
seq_0084,PARAMETRIC TEST
seq_0084,LEAKAGE TEST
seq_0084,SWITCHING TEST
seq_0084,WAFER SORT TEST
seq_0084,YIELD ANALYSIS
seq_0084,FINAL LOT RELEASE
seq_0084,PACKAGE PREPARATION
seq_0084,SHIP LOT
seq_0085,RECEIVE WAFER LOT
seq_0085,LOT IDENTIFICATION
seq_0085,PRE CLEAN INSPECTION
seq_0085,MEASURE INITIAL THICKNESS
seq_0085,MEASURE SURFACE PARTICLES
seq_0085,WAFER CLEAN PRE PROCESS
seq_0085,RCA CLEAN 1
seq_0085,RCA CLEAN 2
seq_0085,HF DIP
seq_0085,WAFER CLEAN PRE-GRIND
seq_0085,GRINDING WAFER BACKSIDE
seq_0085,MEASURE GEOMETRY
seq_0085,ETCH WET BACKSIDE
seq_0085,RINSE WET WAFER_EDGE
seq_0085,DRY WAFER BACKSIDE
seq_0085,BACKSIDE CLEAN
seq_0085,MEASURE BACKSIDE ROUGHNESS
seq_0085,THERMAL OXIDATION
seq_0085,MEASURE OXIDE THICKNESS
seq_0085,WET CLEAN RCA1
seq_0085,WET CLEAN RCA2
seq_0085,HF DIP
seq_0085,OXIDE STRIP
seq_0085,SURFACE PREP FOR DEPOSITION
seq_0085,DEPOSIT PAD OXIDE
seq_0085,ANNEAL OXIDE
seq_0085,MEASURE FILM THICKNESS
seq_0085,SPIN COAT PHOTORESIST
seq_0085,SOFT BAKE
seq_0085,ALIGN MASK LEVEL 1
seq_0085,EXPOSE LITHO LEVEL 1
seq_0085,DEVELOP PHOTORESIST
seq_0085,INSPECT PATTERN LEVEL 1
seq_0085,HARD BAKE
seq_0085,OXIDE ETCH DRY
seq_0085,STRIP RESIST
seq_0085,CLEAN AFTER ETCH
seq_0085,MEASURE CD LEVEL 1
seq_0085,DEPOSIT POLYSILICON
seq_0085,ANNEAL POLYSILICON
seq_0085,SPIN COAT PHOTORESIST
seq_0085,SOFT BAKE
seq_0085,ALIGN MASK LEVEL 2
seq_0085,EXPOSE LITHO LEVEL 2
seq_0085,DEVELOP PHOTORESIST
seq_0085,PATTERN INSPECTION LEVEL 2
seq_0085,POLYSILICON ETCH DRY
seq_0085,STRIP RESIST LEVEL 2
seq_0085,CLEAN AFTER POLY ETCH
seq_0085,MEASURE CD LEVEL 2
seq_0085,IMPLANT N-TYPE
seq_0085,PRE ANNEAL CHECK
seq_0085,RAPID THERMAL ANNEAL
seq_0085,MEASURE SHEET RESISTANCE
seq_0085,DEPOSIT INTERLAYER DIELECTRIC
seq_0085,DENSIFY OXIDE
seq_0085,MEASURE DIELECTRIC THICKNESS
seq_0085,CMP INTERLAYER DIELECTRIC
seq_0085,MEASURE SURFACE PLANARITY
seq_0085,SPIN COAT PHOTORESIST
seq_0085,SOFT BAKE
seq_0085,ALIGN MASK LEVEL 3
seq_0085,EXPOSE LITHO LEVEL 3
seq_0085,DEVELOP PHOTORESIST
seq_0085,VIA INSPECTION
seq_0085,VIA ETCH THROUGH DIELECTRIC
seq_0085,STRIP PHOTORESIST
seq_0085,CLEAN AFTER VIA ETCH
seq_0085,MEASURE VIA CD
seq_0085,DEPOSIT BARRIER METAL
seq_0085,DEPOSIT TUNGSTEN SEED
seq_0085,FILL VIA TUNGSTEN
seq_0085,CMP VIA FILL
seq_0085,MEASURE CONTACT RESISTANCE
seq_0085,DEPOSIT TOP METAL
seq_0085,ANNEAL METAL 1
seq_0085,SPIN COAT PHOTORESIST
seq_0085,SOFT BAKE
seq_0085,ALIGN MASK LEVEL 4
seq_0085,EXPOSE LITHO LEVEL 4
seq_0085,POST EXPOSE BAKE
seq_0085,DEVELOP PHOTORESIST
seq_0085,METAL PATTERN INSPECTION
seq_0085,METAL ETCH DRY
seq_0085,STRIP RESIST
seq_0085,CLEAN AFTER METAL ETCH
seq_0085,DEPOSIT PASSIVATION
seq_0085,CURE PASSIVATION
seq_0085,MEASURE PASSIVATION QUALITY
seq_0085,OPEN BOND PAD WINDOW
seq_0085,OPEN PAD WINDOW LITHO
seq_0085,DEVELOP PHOTORESIST
seq_0085,PASSIVATION ETCH
seq_0085,STRIP PHOTORESIST
seq_0085,CLEAN PAD OPENING
seq_0085,MEASURE PAD OPENING
seq_0085,BACKSIDE CLEAN
seq_0085,DEPOSIT BACKSIDE PROTECTION
seq_0085,BACKSIDE ANNEAL
seq_0085,FRONTSIDE CLEAN FINAL
seq_0085,FINAL CLEAN
seq_0085,FINAL GEOMETRY CHECK
seq_0085,FINAL ELECTRICAL TEST PREP
seq_0085,ELECTRICAL PARAMETRIC TEST
seq_0085,LEAKAGE TEST
seq_0085,THRESHOLD VOLTAGE TEST
seq_0085,SWITCHING TEST
seq_0085,WAFER SORT TEST
seq_0085,YIELD ANALYSIS
seq_0085,LOT RELEASE
seq_0085,SHIP LOT
seq_0086,RECEIVE WAFER LOT
seq_0086,LOT IDENTIFICATION
seq_0086,INITIAL WAFER INSPECTION
seq_0086,MEASURE INITIAL THICKNESS
seq_0086,MEASURE SURFACE DEFECTS
seq_0086,WAFER CLEAN PRE PROCESS
seq_0086,BACKSIDE CLEAN
seq_0086,FRONTSIDE CLEAN
seq_0086,WET CLEAN RCA1
seq_0086,WET CLEAN RCA2
seq_0086,HF DIP
seq_0086,DRY WAFER
seq_0086,WAFER CLEAN PRE-GRIND
seq_0086,GRINDING WAFER BACKSIDE
seq_0086,MEASURE GEOMETRY
seq_0086,ETCH WET BACKSIDE
seq_0086,RINSE WET WAFER_EDGE
seq_0086,DRY WAFER BACKSIDE
seq_0086,BACKSIDE CLEAN
seq_0086,MEASURE BACKSIDE ROUGHNESS
seq_0086,THERMAL OXIDATION
seq_0086,MEASURE OXIDE THICKNESS
seq_0086,WET CLEAN RCA1
seq_0086,RCA CLEAN 2
seq_0086,HF DIP
seq_0086,OXIDE STRIP
seq_0086,SURFACE PREP FOR DEPOSITION
seq_0086,DEPOSIT PAD OXIDE
seq_0086,ANNEAL OXIDE
seq_0086,MEASURE FILM THICKNESS
seq_0086,SPIN COAT PHOTORESIST
seq_0086,SOFT BAKE
seq_0086,ALIGN MASK LEVEL 1
seq_0086,EXPOSE LITHO LEVEL 1
seq_0086,DEVELOP PHOTORESIST
seq_0086,INSPECT PATTERN LEVEL 1
seq_0086,HARD BAKE
seq_0086,OXIDE ETCH DRY
seq_0086,STRIP PHOTORESIST
seq_0086,CLEAN AFTER ETCH
seq_0086,MEASURE CD LEVEL 1
seq_0086,DEPOSIT POLYSILICON
seq_0086,ANNEAL POLYSILICON
seq_0086,SPIN COAT PHOTORESIST
seq_0086,SOFT BAKE
seq_0086,ALIGN MASK LEVEL 2
seq_0086,EXPOSE LITHO LEVEL 2
seq_0086,DEVELOP PHOTORESIST
seq_0086,PATTERN INSPECTION LEVEL 2
seq_0086,HARD BAKE
seq_0086,POLYSILICON ETCH DRY
seq_0086,STRIP RESIST LEVEL 2
seq_0086,CLEAN AFTER POLY ETCH
seq_0086,MEASURE CD LEVEL 2
seq_0086,IMPLANT N-TYPE
seq_0086,RAPID THERMAL ANNEAL
seq_0086,DEPOSIT INTERLEVEL DIELECTRIC
seq_0086,DENSIFY OXIDE
seq_0086,MEASURE DIELECTRIC THICKNESS
seq_0086,CMP DIELECTRIC
seq_0086,MEASURE SURFACE PLANARITY
seq_0086,SPIN COAT PHOTORESIST
seq_0086,SOFT BAKE
seq_0086,ALIGN MASK LEVEL 3
seq_0086,EXPOSE LITHO LEVEL 3
seq_0086,POST EXPOSE BAKE
seq_0086,DEVELOP PHOTORESIST
seq_0086,VIA INSPECTION
seq_0086,VIA ETCH
seq_0086,STRIP PHOTORESIST
seq_0086,CLEAN AFTER VIA ETCH
seq_0086,DEPOSIT BARRIER METAL
seq_0086,DEPOSIT TUNGSTEN SEED
seq_0086,FILL VIA TUNGSTEN
seq_0086,CMP VIA FILL
seq_0086,MEASURE CONTACT RESISTANCE
seq_0086,DEPOSIT TOP METAL
seq_0086,ANNEAL METAL 1
seq_0086,SPIN COAT PHOTORESIST
seq_0086,SOFT BAKE
seq_0086,ALIGN MASK LEVEL 4
seq_0086,EXPOSE LITHO LEVEL 4
seq_0086,DEVELOP PHOTORESIST
seq_0086,METAL PATTERN INSPECTION
seq_0086,HARD BAKE
seq_0086,METAL ETCH DRY
seq_0086,STRIP PHOTORESIST
seq_0086,CLEAN AFTER METAL ETCH
seq_0086,DEPOSIT PASSIVATION
seq_0086,CURE PASSIVATION
seq_0086,MEASURE PASSIVATION THICKNESS
seq_0086,OPEN PAD WINDOW
seq_0086,PAD WINDOW LITHO
seq_0086,DEVELOP PAD WINDOW
seq_0086,PASSIVATION ETCH PAD OPENING
seq_0086,STRIP PHOTORESIST
seq_0086,CLEAN PAD OPENING
seq_0086,MEASURE PAD OPENING
seq_0086,BACKSIDE THINNING CHECK
seq_0086,BACKSIDE CLEAN
seq_0086,DEPOSIT BACKSIDE PROTECTION
seq_0086,BACKSIDE ANNEAL
seq_0086,FRONTSIDE CLEAN FINAL
seq_0086,FINAL CLEAN
seq_0086,FINAL OXIDE CHECK
seq_0086,FINAL CD INSPECTION
seq_0086,FINAL PARTICLE INSPECTION
seq_0086,FINAL ELECTRICAL TEST PREP
seq_0086,PARAMETRIC TEST
seq_0086,LEAKAGE TEST
seq_0086,SWITCHING TEST
seq_0086,WAFER SORT TEST
seq_0086,YIELD ANALYSIS
seq_0086,LOT RELEASE
seq_0086,PACKAGE PREPARATION
seq_0086,SHIP LOT
seq_0087,RECEIVE WAFER LOT
seq_0087,LOT IDENTIFICATION
seq_0087,INITIAL WAFER INSPECTION
seq_0087,MEASURE INITIAL THICKNESS
seq_0087,MEASURE SURFACE PARTICLES
seq_0087,WAFER CLEAN PRE PROCESS
seq_0087,FRONTSIDE CLEAN
seq_0087,RCA CLEAN 1
seq_0087,WET CLEAN RCA2
seq_0087,HF DIP
seq_0087,WAFER CLEAN PRE-GRIND
seq_0087,GRINDING WAFER BACKSIDE
seq_0087,MEASURE GEOMETRY
seq_0087,ETCH WET BACKSIDE
seq_0087,RINSE WET WAFER_EDGE
seq_0087,DRY WAFER BACKSIDE
seq_0087,BACKSIDE CLEAN
seq_0087,MEASURE BACKSIDE ROUGHNESS
seq_0087,THERMAL OXIDATION
seq_0087,MEASURE OXIDE THICKNESS
seq_0087,RCA CLEAN 1
seq_0087,RCA CLEAN 2
seq_0087,HF DIP
seq_0087,OXIDE STRIP
seq_0087,SURFACE PREP FOR DEPOSITION
seq_0087,DEPOSIT PAD OXIDE
seq_0087,ANNEAL OXIDE
seq_0087,MEASURE FILM THICKNESS
seq_0087,SPIN COAT PHOTORESIST
seq_0087,SOFT BAKE
seq_0087,ALIGN MASK LEVEL 1
seq_0087,EXPOSE LITHO LEVEL 1
seq_0087,POST EXPOSE BAKE
seq_0087,DEVELOP PHOTORESIST
seq_0087,INSPECT PATTERN LEVEL 1
seq_0087,HARD BAKE
seq_0087,OXIDE ETCH DRY
seq_0087,STRIP RESIST
seq_0087,CLEAN AFTER ETCH
seq_0087,MEASURE CD LEVEL 1
seq_0087,DEPOSIT POLYSILICON
seq_0087,ANNEAL POLYSILICON
seq_0087,SPIN COAT PHOTORESIST
seq_0087,SOFT BAKE
seq_0087,ALIGN MASK LEVEL 2
seq_0087,EXPOSE LITHO LEVEL 2
seq_0087,DEVELOP PHOTORESIST
seq_0087,PATTERN INSPECTION LEVEL 2
seq_0087,POLYSILICON ETCH DRY
seq_0087,STRIP RESIST
seq_0087,CLEAN AFTER POLY ETCH
seq_0087,MEASURE CD LEVEL 2
seq_0087,IMPLANT N-TYPE
seq_0087,RAPID THERMAL ANNEAL
seq_0087,MEASURE SHEET RESISTANCE
seq_0087,DEPOSIT INTERLAYER DIELECTRIC
seq_0087,DENSIFY OXIDE
seq_0087,MEASURE DIELECTRIC THICKNESS
seq_0087,CMP INTERLAYER DIELECTRIC
seq_0087,MEASURE PLANARITY
seq_0087,SPIN COAT PHOTORESIST
seq_0087,SOFT BAKE
seq_0087,ALIGN MASK LEVEL 3
seq_0087,EXPOSE LITHO LEVEL 3
seq_0087,DEVELOP PHOTORESIST
seq_0087,VIA OPENING INSPECTION
seq_0087,DIELECTRIC ETCH VIA
seq_0087,STRIP PHOTORESIST
seq_0087,CLEAN AFTER VIA ETCH
seq_0087,MEASURE VIA CD
seq_0087,DEPOSIT BARRIER METAL
seq_0087,DEPOSIT TUNGSTEN SEED
seq_0087,FILL VIA TUNGSTEN
seq_0087,CMP METAL
seq_0087,MEASURE VIA RESISTANCE
seq_0087,DEPOSIT METAL 1
seq_0087,ANNEAL METAL
seq_0087,MEASURE METAL THICKNESS
seq_0087,SPIN COAT PHOTORESIST
seq_0087,SOFT BAKE
seq_0087,ALIGN MASK LEVEL 4
seq_0087,EXPOSE LITHO LEVEL 4
seq_0087,POST EXPOSE BAKE
seq_0087,DEVELOP PHOTORESIST
seq_0087,METAL PATTERN INSPECTION
seq_0087,METAL ETCH DRY
seq_0087,STRIP PHOTORESIST
seq_0087,CLEAN AFTER METAL ETCH
seq_0087,MEASURE LINE WIDTH
seq_0087,DEPOSIT PASSIVATION
seq_0087,CURE PASSIVATION
seq_0087,MEASURE PASSIVATION THICKNESS
seq_0087,OPEN PAD WINDOW
seq_0087,OPEN PAD WINDOW LITHO
seq_0087,DEVELOP PHOTORESIST
seq_0087,PASSIVATION ETCH PAD OPENING
seq_0087,STRIP RESIST
seq_0087,CLEAN PAD OPENING
seq_0087,MEASURE PAD OPENING
seq_0087,BACKSIDE THINNING CHECK
seq_0087,BACKSIDE CLEAN FINAL
seq_0087,DEPOSIT BACKSIDE PROTECTION
seq_0087,BACKSIDE ANNEAL
seq_0087,FRONTSIDE CLEAN FINAL
seq_0087,FINAL CLEAN
seq_0087,FINAL THICKNESS MEASURE
seq_0087,FINAL OXIDE CHECK
seq_0087,FINAL CD INSPECTION
seq_0087,FINAL PARTICLE INSPECTION
seq_0087,FINAL ELECTRICAL TEST PREP
seq_0087,ELECTRICAL PARAMETRIC TEST
seq_0087,LEAKAGE TEST
seq_0087,THRESHOLD VOLTAGE TEST
seq_0087,SWITCHING TEST
seq_0087,WAFER SORT TEST
seq_0087,YIELD ANALYSIS
seq_0087,LOT RELEASE
seq_0087,SHIP LOT
seq_0088,RECEIVE WAFER LOT
seq_0088,LOT IDENTIFICATION
seq_0088,INITIAL WAFER INSPECTION
seq_0088,MEASURE INITIAL GEOMETRY
seq_0088,MEASURE SURFACE PARTICLES
seq_0088,WAFER CLEAN PRE PROCESS
seq_0088,RCA CLEAN 1
seq_0088,RCA CLEAN 2
seq_0088,HF DIP
seq_0088,DRY WAFER
seq_0088,WAFER CLEAN PRE-GRIND
seq_0088,GRINDING WAFER BACKSIDE
seq_0088,MEASURE GEOMETRY
seq_0088,ETCH WET BACKSIDE
seq_0088,RINSE WET WAFER_EDGE
seq_0088,DRY WAFER BACKSIDE
seq_0088,BACKSIDE CLEAN
seq_0088,MEASURE BACKSIDE ROUGHNESS
seq_0088,THERMAL OXIDATION
seq_0088,MEASURE OXIDE THICKNESS
seq_0088,RCA CLEAN 1
seq_0088,RCA CLEAN 2
seq_0088,HF DIP
seq_0088,OXIDE STRIP
seq_0088,SURFACE PREP FOR DEPOSITION
seq_0088,DEPOSIT PAD OXIDE
seq_0088,ANNEAL OXIDE
seq_0088,MEASURE FILM THICKNESS
seq_0088,SPIN COAT PHOTORESIST
seq_0088,SOFT BAKE
seq_0088,ALIGN MASK LEVEL 1
seq_0088,EXPOSE LITHO LEVEL 1
seq_0088,DEVELOP PHOTORESIST
seq_0088,INSPECT PATTERN LEVEL 1
seq_0088,HARD BAKE
seq_0088,OXIDE ETCH DRY
seq_0088,STRIP RESIST
seq_0088,CLEAN AFTER ETCH
seq_0088,MEASURE CD LEVEL 1
seq_0088,DEPOSIT POLYSILICON
seq_0088,ANNEAL POLYSILICON
seq_0088,SPIN COAT PHOTORESIST
seq_0088,SOFT BAKE
seq_0088,ALIGN MASK LEVEL 2
seq_0088,EXPOSE LITHO LEVEL 2
seq_0088,DEVELOP PHOTORESIST
seq_0088,PATTERN INSPECTION LEVEL 2
seq_0088,POLYSILICON ETCH DRY
seq_0088,STRIP RESIST LEVEL 2
seq_0088,CLEAN AFTER POLY ETCH
seq_0088,IMPLANT N-TYPE
seq_0088,PRE ANNEAL CHECK
seq_0088,RAPID THERMAL ANNEAL
seq_0088,MEASURE SHEET RESISTANCE
seq_0088,DEPOSIT INTERLAYER DIELECTRIC
seq_0088,DENSIFY OXIDE
seq_0088,MEASURE FILM THICKNESS
seq_0088,CMP INTERLAYER DIELECTRIC
seq_0088,MEASURE PLANARITY
seq_0088,SPIN COAT PHOTORESIST
seq_0088,SOFT BAKE
seq_0088,ALIGN MASK LEVEL 3
seq_0088,EXPOSE LITHO LEVEL 3
seq_0088,DEVELOP PHOTORESIST
seq_0088,VIA OPENING INSPECTION
seq_0088,HARD BAKE
seq_0088,VIA ETCH
seq_0088,STRIP PHOTORESIST
seq_0088,CLEAN AFTER VIA ETCH
seq_0088,MEASURE VIA CD
seq_0088,DEPOSIT BARRIER METAL
seq_0088,DEPOSIT TUNGSTEN SEED
seq_0088,FILL VIA TUNGSTEN
seq_0088,CMP VIA FILL
seq_0088,MEASURE CONTACT RESISTANCE
seq_0088,DEPOSIT TOP METAL
seq_0088,ANNEAL METAL 1
seq_0088,MEASURE METAL THICKNESS
seq_0088,SPIN COAT PHOTORESIST
seq_0088,SOFT BAKE
seq_0088,ALIGN MASK LEVEL 4
seq_0088,EXPOSE LITHO LEVEL 4
seq_0088,POST EXPOSE BAKE
seq_0088,DEVELOP PHOTORESIST
seq_0088,METAL PATTERN INSPECTION
seq_0088,HARD BAKE
seq_0088,METAL ETCH DRY
seq_0088,STRIP RESIST
seq_0088,CLEAN AFTER METAL ETCH
seq_0088,MEASURE LINE WIDTH
seq_0088,DEPOSIT PASSIVATION
seq_0088,CURE PASSIVATION
seq_0088,MEASURE PASSIVATION QUALITY
seq_0088,OPEN PAD WINDOW
seq_0088,OPEN PAD WINDOW LITHO
seq_0088,DEVELOP PAD WINDOW
seq_0088,PASSIVATION ETCH
seq_0088,STRIP RESIST
seq_0088,CLEAN PAD OPENING
seq_0088,MEASURE PAD OPENING
seq_0088,BACKSIDE THINNING CHECK
seq_0088,BACKSIDE CLEAN FINAL
seq_0088,DEPOSIT BACKSIDE PROTECTION
seq_0088,BACKSIDE ANNEAL
seq_0088,FRONTSIDE CLEAN FINAL
seq_0088,FINAL CLEAN
seq_0088,FINAL GEOMETRY CHECK
seq_0088,FINAL OXIDE CHECK
seq_0088,FINAL PARTICLE INSPECTION
seq_0088,FINAL ELECTRICAL TEST PREP
seq_0088,PARAMETRIC TEST
seq_0088,LEAKAGE TEST
seq_0088,SWITCHING TEST
seq_0088,WAFER SORT TEST
seq_0088,YIELD ANALYSIS
seq_0088,LOT RELEASE
seq_0088,SHIP LOT
seq_0089,RECEIVE WAFER LOT
seq_0089,LOT IDENTIFICATION
seq_0089,PRE CLEAN INSPECTION
seq_0089,MEASURE INITIAL GEOMETRY
seq_0089,MEASURE SURFACE PARTICLES
seq_0089,WAFER CLEAN PRE PROCESS
seq_0089,BACKSIDE CLEAN
seq_0089,WET CLEAN RCA1
seq_0089,RCA CLEAN 2
seq_0089,HF DIP
seq_0089,DRY WAFER
seq_0089,WAFER CLEAN PRE-GRIND
seq_0089,GRINDING WAFER BACKSIDE
seq_0089,MEASURE GEOMETRY
seq_0089,ETCH WET BACKSIDE
seq_0089,RINSE WET WAFER_EDGE
seq_0089,DRY WAFER BACKSIDE
seq_0089,BACKSIDE CLEAN
seq_0089,MEASURE BACKSIDE ROUGHNESS
seq_0089,THERMAL OXIDATION
seq_0089,MEASURE OXIDE THICKNESS
seq_0089,RCA CLEAN 1
seq_0089,WET CLEAN RCA2
seq_0089,HF DIP
seq_0089,OXIDE STRIP
seq_0089,SURFACE PREP FOR DEPOSITION
seq_0089,DEPOSIT PAD OXIDE
seq_0089,ANNEAL OXIDE
seq_0089,MEASURE OXIDE THICKNESS
seq_0089,SPIN COAT PHOTORESIST
seq_0089,SOFT BAKE
seq_0089,ALIGN MASK LEVEL 1
seq_0089,EXPOSE LITHO LEVEL 1
seq_0089,POST EXPOSE BAKE
seq_0089,DEVELOP PHOTORESIST
seq_0089,INSPECT PATTERN LEVEL 1
seq_0089,HARD BAKE
seq_0089,OXIDE ETCH DRY
seq_0089,STRIP RESIST
seq_0089,CLEAN AFTER ETCH
seq_0089,MEASURE CD LEVEL 1
seq_0089,DEPOSIT POLYSILICON
seq_0089,ANNEAL POLYSILICON
seq_0089,SPIN COAT PHOTORESIST
seq_0089,SOFT BAKE
seq_0089,ALIGN MASK LEVEL 2
seq_0089,EXPOSE LITHO LEVEL 2
seq_0089,POST EXPOSE BAKE
seq_0089,DEVELOP PHOTORESIST
seq_0089,PATTERN INSPECTION LEVEL 2
seq_0089,HARD BAKE
seq_0089,POLYSILICON ETCH DRY
seq_0089,STRIP RESIST LEVEL 2
seq_0089,CLEAN AFTER POLY ETCH
seq_0089,MEASURE CD LEVEL 2
seq_0089,IMPLANT N-TYPE
seq_0089,PRE ANNEAL CHECK
seq_0089,RAPID THERMAL ANNEAL
seq_0089,DEPOSIT INTERLEVEL DIELECTRIC
seq_0089,DENSIFY OXIDE
seq_0089,MEASURE FILM THICKNESS
seq_0089,CMP INTERLAYER DIELECTRIC
seq_0089,MEASURE SURFACE PLANARITY
seq_0089,SPIN COAT PHOTORESIST
seq_0089,SOFT BAKE
seq_0089,ALIGN MASK LEVEL 3
seq_0089,EXPOSE LITHO LEVEL 3
seq_0089,DEVELOP PHOTORESIST
seq_0089,VIA OPENING INSPECTION
seq_0089,VIA ETCH THROUGH DIELECTRIC
seq_0089,STRIP PHOTORESIST
seq_0089,CLEAN AFTER VIA ETCH
seq_0089,MEASURE VIA CD
seq_0089,DEPOSIT BARRIER METAL
seq_0089,DEPOSIT TUNGSTEN SEED
seq_0089,FILL VIA TUNGSTEN
seq_0089,CMP METAL
seq_0089,MEASURE CONTACT RESISTANCE
seq_0089,DEPOSIT METAL 1
seq_0089,ANNEAL METAL
seq_0089,SPIN COAT PHOTORESIST
seq_0089,SOFT BAKE
seq_0089,ALIGN MASK LEVEL 4
seq_0089,EXPOSE LITHO LEVEL 4
seq_0089,DEVELOP PHOTORESIST
seq_0089,METAL PATTERN INSPECTION
seq_0089,METAL ETCH DRY
seq_0089,STRIP PHOTORESIST
seq_0089,CLEAN AFTER METAL ETCH
seq_0089,DEPOSIT PASSIVATION LAYER
seq_0089,CURE PASSIVATION
seq_0089,MEASURE PASSIVATION QUALITY
seq_0089,OPEN PAD WINDOW
seq_0089,OPEN PAD WINDOW LITHO
seq_0089,DEVELOP PAD WINDOW
seq_0089,PASSIVATION ETCH PAD OPENING
seq_0089,STRIP PHOTORESIST
seq_0089,CLEAN PAD OPENING
seq_0089,MEASURE PAD OPENING
seq_0089,BACKSIDE THINNING CHECK
seq_0089,BACKSIDE CLEAN
seq_0089,DEPOSIT BACKSIDE PROTECTION
seq_0089,BACKSIDE ANNEAL
seq_0089,FINAL CLEAN
seq_0089,FINAL THICKNESS MEASURE
seq_0089,FINAL GEOMETRY CHECK
seq_0089,FINAL OXIDE CHECK
seq_0089,FINAL ELECTRICAL TEST PREP
seq_0089,ELECTRICAL PARAMETRIC TEST
seq_0089,LEAKAGE TEST
seq_0089,THRESHOLD VOLTAGE TEST
seq_0089,SWITCHING TEST
seq_0089,WAFER SORT TEST
seq_0089,YIELD ANALYSIS
seq_0089,FINAL LOT RELEASE
seq_0089,SHIP LOT
seq_0090,RECEIVE WAFER LOT
seq_0090,LOT IDENTIFICATION
seq_0090,INITIAL WAFER INSPECTION
seq_0090,MEASURE INITIAL THICKNESS
seq_0090,MEASURE SURFACE DEFECTS
seq_0090,WAFER CLEAN PRE PROCESS
seq_0090,RCA CLEAN 1
seq_0090,RCA CLEAN 2
seq_0090,HF DIP
seq_0090,WAFER CLEAN PRE-GRIND
seq_0090,GRINDING WAFER BACKSIDE
seq_0090,MEASURE INITIAL GEOMETRY
seq_0090,ETCH WET BACKSIDE
seq_0090,RINSE WET WAFER_EDGE
seq_0090,DRY WAFER BACKSIDE
seq_0090,BACKSIDE CLEAN
seq_0090,MEASURE BACKSIDE ROUGHNESS
seq_0090,THERMAL OXIDATION
seq_0090,MEASURE OXIDE THICKNESS
seq_0090,WET CLEAN RCA1
seq_0090,WET CLEAN RCA2
seq_0090,HF DIP
seq_0090,OXIDE STRIP
seq_0090,SURFACE PREP FOR DEPOSITION
seq_0090,DEPOSIT PAD OXIDE
seq_0090,ANNEAL OXIDE
seq_0090,MEASURE FILM THICKNESS
seq_0090,SPIN COAT PHOTORESIST
seq_0090,SOFT BAKE
seq_0090,ALIGN MASK LEVEL 1
seq_0090,EXPOSE LITHO LEVEL 1
seq_0090,DEVELOP PHOTORESIST
seq_0090,INSPECT PATTERN LEVEL 1
seq_0090,HARD BAKE
seq_0090,OXIDE ETCH DRY
seq_0090,STRIP RESIST
seq_0090,CLEAN AFTER ETCH
seq_0090,MEASURE CD LEVEL 1
seq_0090,DEPOSIT POLYSILICON
seq_0090,ANNEAL POLYSILICON
seq_0090,SPIN COAT PHOTORESIST
seq_0090,SOFT BAKE
seq_0090,ALIGN MASK LEVEL 2
seq_0090,EXPOSE LITHO LEVEL 2
seq_0090,DEVELOP PHOTORESIST
seq_0090,PATTERN INSPECTION LEVEL 2
seq_0090,POLYSILICON ETCH DRY
seq_0090,STRIP RESIST LEVEL 2
seq_0090,CLEAN AFTER POLY ETCH
seq_0090,MEASURE CD LEVEL 2
seq_0090,IMPLANT N-TYPE
seq_0090,RAPID THERMAL ANNEAL
seq_0090,DEPOSIT INTERLAYER DIELECTRIC
seq_0090,DENSIFY OXIDE
seq_0090,MEASURE DIELECTRIC THICKNESS
seq_0090,CMP DIELECTRIC
seq_0090,MEASURE SURFACE PLANARITY
seq_0090,SPIN COAT PHOTORESIST
seq_0090,SOFT BAKE
seq_0090,ALIGN MASK LEVEL 3
seq_0090,EXPOSE LITHO LEVEL 3
seq_0090,DEVELOP PHOTORESIST
seq_0090,VIA OPENING INSPECTION
seq_0090,VIA ETCH THROUGH DIELECTRIC
seq_0090,STRIP RESIST
seq_0090,CLEAN AFTER VIA ETCH
seq_0090,MEASURE VIA CD
seq_0090,DEPOSIT BARRIER METAL
seq_0090,DEPOSIT TUNGSTEN SEED
seq_0090,FILL VIA TUNGSTEN
seq_0090,CMP METAL
seq_0090,MEASURE CONTACT RESISTANCE
seq_0090,DEPOSIT TOP METAL
seq_0090,ANNEAL METAL
seq_0090,MEASURE METAL THICKNESS
seq_0090,SPIN COAT PHOTORESIST
seq_0090,SOFT BAKE
seq_0090,ALIGN MASK LEVEL 4
seq_0090,EXPOSE LITHO LEVEL 4
seq_0090,POST EXPOSE BAKE
seq_0090,DEVELOP PHOTORESIST
seq_0090,METAL PATTERN INSPECTION
seq_0090,METAL ETCH DRY
seq_0090,STRIP PHOTORESIST
seq_0090,CLEAN AFTER METAL ETCH
seq_0090,MEASURE LINE WIDTH
seq_0090,DEPOSIT PASSIVATION
seq_0090,CURE PASSIVATION
seq_0090,MEASURE PASSIVATION QUALITY
seq_0090,OPEN BOND PAD WINDOW
seq_0090,OPEN PAD WINDOW LITHO
seq_0090,DEVELOP PAD WINDOW
seq_0090,PASSIVATION ETCH
seq_0090,STRIP RESIST
seq_0090,CLEAN PAD OPENING
seq_0090,MEASURE PAD OPENING
seq_0090,BACKSIDE THINNING CHECK
seq_0090,BACKSIDE CLEAN FINAL
seq_0090,DEPOSIT BACKSIDE PROTECTION
seq_0090,BACKSIDE ANNEAL
seq_0090,FINAL CLEAN
seq_0090,FINAL GEOMETRY CHECK
seq_0090,FINAL OXIDE CHECK
seq_0090,FINAL PARTICLE INSPECTION
seq_0090,ELECTRICAL PARAMETRIC TEST
seq_0090,LEAKAGE TEST
seq_0090,PARAMETRIC TEST
seq_0090,SWITCHING TEST
seq_0090,WAFER SORT TEST
seq_0090,YIELD ANALYSIS
seq_0090,LOT RELEASE
seq_0090,SHIP LOT
seq_0091,RECEIVE WAFER LOT
seq_0091,LOT IDENTIFICATION
seq_0091,PRE CLEAN INSPECTION
seq_0091,MEASURE INITIAL GEOMETRY
seq_0091,MEASURE SURFACE PARTICLES
seq_0091,WAFER CLEAN PRE PROCESS
seq_0091,BACKSIDE CLEAN
seq_0091,RCA CLEAN 1
seq_0091,RCA CLEAN 2
seq_0091,HF DIP
seq_0091,DRY WAFER
seq_0091,WAFER CLEAN PRE-GRIND
seq_0091,GRINDING WAFER BACKSIDE
seq_0091,MEASURE GEOMETRY
seq_0091,ETCH WET BACKSIDE
seq_0091,RINSE WET WAFER_EDGE
seq_0091,DRY WAFER BACKSIDE
seq_0091,BACKSIDE CLEAN
seq_0091,MEASURE BACKSIDE ROUGHNESS
seq_0091,THERMAL OXIDATION
seq_0091,MEASURE OXIDE THICKNESS
seq_0091,WET CLEAN RCA1
seq_0091,RCA CLEAN 2
seq_0091,HF DIP
seq_0091,OXIDE STRIP
seq_0091,SURFACE PREP FOR DEPOSITION
seq_0091,DEPOSIT PAD OXIDE
seq_0091,ANNEAL OXIDE
seq_0091,MEASURE OXIDE THICKNESS
seq_0091,SPIN COAT PHOTORESIST
seq_0091,SOFT BAKE
seq_0091,ALIGN MASK LEVEL 1
seq_0091,EXPOSE LITHO LEVEL 1
seq_0091,DEVELOP PHOTORESIST
seq_0091,INSPECT PATTERN LEVEL 1
seq_0091,HARD BAKE
seq_0091,OXIDE ETCH DRY
seq_0091,STRIP PHOTORESIST
seq_0091,CLEAN AFTER ETCH
seq_0091,MEASURE CD LEVEL 1
seq_0091,DEPOSIT POLYSILICON
seq_0091,ANNEAL POLYSILICON
seq_0091,SPIN COAT PHOTORESIST
seq_0091,SOFT BAKE
seq_0091,ALIGN MASK LEVEL 2
seq_0091,EXPOSE LITHO LEVEL 2
seq_0091,POST EXPOSE BAKE
seq_0091,DEVELOP PHOTORESIST
seq_0091,PATTERN INSPECTION LEVEL 2
seq_0091,POLYSILICON ETCH DRY
seq_0091,STRIP RESIST
seq_0091,CLEAN AFTER POLY ETCH
seq_0091,MEASURE CD LEVEL 2
seq_0091,IMPLANT N-TYPE
seq_0091,RAPID THERMAL ANNEAL
seq_0091,MEASURE SHEET RESISTANCE
seq_0091,DEPOSIT INTERLEVEL DIELECTRIC
seq_0091,DENSIFY DIELECTRIC
seq_0091,MEASURE DIELECTRIC THICKNESS
seq_0091,CMP INTERLAYER DIELECTRIC
seq_0091,MEASURE PLANARITY
seq_0091,SPIN COAT PHOTORESIST
seq_0091,SOFT BAKE
seq_0091,ALIGN MASK LEVEL 3
seq_0091,EXPOSE LITHO LEVEL 3
seq_0091,POST EXPOSE BAKE
seq_0091,DEVELOP PHOTORESIST
seq_0091,VIA OPENING INSPECTION
seq_0091,VIA ETCH
seq_0091,STRIP PHOTORESIST
seq_0091,CLEAN AFTER VIA ETCH
seq_0091,DEPOSIT BARRIER METAL
seq_0091,DEPOSIT TUNGSTEN SEED
seq_0091,FILL VIA TUNGSTEN
seq_0091,CMP VIA FILL
seq_0091,MEASURE VIA RESISTANCE
seq_0091,DEPOSIT TOP METAL
seq_0091,ANNEAL METAL 1
seq_0091,MEASURE METAL THICKNESS
seq_0091,SPIN COAT PHOTORESIST
seq_0091,SOFT BAKE
seq_0091,ALIGN MASK LEVEL 4
seq_0091,EXPOSE LITHO LEVEL 4
seq_0091,DEVELOP PHOTORESIST
seq_0091,METAL PATTERN INSPECTION
seq_0091,METAL ETCH DRY
seq_0091,STRIP PHOTORESIST
seq_0091,CLEAN AFTER METAL ETCH
seq_0091,MEASURE LINE WIDTH
seq_0091,DEPOSIT PASSIVATION
seq_0091,CURE PASSIVATION
seq_0091,MEASURE PASSIVATION THICKNESS
seq_0091,OPEN PAD WINDOW
seq_0091,PAD WINDOW LITHO
seq_0091,DEVELOP PHOTORESIST
seq_0091,PASSIVATION ETCH
seq_0091,STRIP RESIST
seq_0091,CLEAN PAD OPENING
seq_0091,MEASURE PAD OPENING
seq_0091,BACKSIDE CLEAN FINAL
seq_0091,DEPOSIT BACKSIDE PROTECTION
seq_0091,BACKSIDE ANNEAL
seq_0091,FINAL CLEAN
seq_0091,FINAL THICKNESS MEASURE
seq_0091,FINAL GEOMETRY CHECK
seq_0091,FINAL PARTICLE INSPECTION
seq_0091,FINAL ELECTRICAL TEST PREP
seq_0091,ELECTRICAL PARAMETRIC TEST
seq_0091,LEAKAGE TEST
seq_0091,THRESHOLD VOLTAGE TEST
seq_0091,SWITCHING TEST
seq_0091,WAFER SORT TEST
seq_0091,YIELD ANALYSIS
seq_0091,FINAL LOT RELEASE
seq_0091,PACKAGE PREPARATION
seq_0091,SHIP LOT
seq_0092,RECEIVE WAFER LOT
seq_0092,LOT IDENTIFICATION
seq_0092,INITIAL WAFER INSPECTION
seq_0092,MEASURE INITIAL THICKNESS
seq_0092,WAFER CLEAN PRE PROCESS
seq_0092,FRONTSIDE CLEAN
seq_0092,RCA CLEAN 1
seq_0092,WET CLEAN RCA2
seq_0092,HF DIP
seq_0092,DRY WAFER
seq_0092,WAFER CLEAN PRE-GRIND
seq_0092,GRINDING WAFER BACKSIDE
seq_0092,MEASURE GEOMETRY
seq_0092,ETCH WET BACKSIDE
seq_0092,RINSE WET WAFER_EDGE
seq_0092,DRY WAFER BACKSIDE
seq_0092,BACKSIDE CLEAN
seq_0092,MEASURE BACKSIDE ROUGHNESS
seq_0092,THERMAL OXIDATION
seq_0092,MEASURE OXIDE THICKNESS
seq_0092,RCA CLEAN 1
seq_0092,WET CLEAN RCA2
seq_0092,HF DIP
seq_0092,OXIDE STRIP
seq_0092,SURFACE PREP FOR DEPOSITION
seq_0092,DEPOSIT PAD OXIDE
seq_0092,ANNEAL OXIDE
seq_0092,MEASURE FILM THICKNESS
seq_0092,SPIN COAT PHOTORESIST
seq_0092,SOFT BAKE
seq_0092,ALIGN MASK LEVEL 1
seq_0092,EXPOSE LITHO LEVEL 1
seq_0092,POST EXPOSE BAKE
seq_0092,DEVELOP PHOTORESIST
seq_0092,INSPECT PATTERN LEVEL 1
seq_0092,HARD BAKE
seq_0092,OXIDE ETCH DRY
seq_0092,STRIP PHOTORESIST
seq_0092,CLEAN AFTER ETCH
seq_0092,MEASURE CD LEVEL 1
seq_0092,DEPOSIT POLYSILICON
seq_0092,ANNEAL POLYSILICON
seq_0092,SPIN COAT PHOTORESIST
seq_0092,SOFT BAKE
seq_0092,ALIGN MASK LEVEL 2
seq_0092,EXPOSE LITHO LEVEL 2
seq_0092,DEVELOP PHOTORESIST
seq_0092,PATTERN INSPECTION LEVEL 2
seq_0092,POLYSILICON ETCH DRY
seq_0092,STRIP RESIST
seq_0092,CLEAN AFTER POLY ETCH
seq_0092,MEASURE CD LEVEL 2
seq_0092,IMPLANT N-TYPE
seq_0092,PRE ANNEAL CHECK
seq_0092,RAPID THERMAL ANNEAL
seq_0092,MEASURE SHEET RESISTANCE
seq_0092,DEPOSIT INTERLAYER DIELECTRIC
seq_0092,DENSIFY DIELECTRIC
seq_0092,MEASURE FILM THICKNESS
seq_0092,CMP DIELECTRIC
seq_0092,MEASURE PLANARITY
seq_0092,SPIN COAT PHOTORESIST
seq_0092,SOFT BAKE
seq_0092,ALIGN MASK LEVEL 3
seq_0092,EXPOSE LITHO LEVEL 3
seq_0092,POST EXPOSE BAKE
seq_0092,DEVELOP PHOTORESIST
seq_0092,VIA INSPECTION
seq_0092,VIA ETCH
seq_0092,STRIP PHOTORESIST
seq_0092,CLEAN AFTER VIA ETCH
seq_0092,MEASURE VIA CD
seq_0092,DEPOSIT BARRIER METAL
seq_0092,DEPOSIT TUNGSTEN SEED
seq_0092,FILL VIA TUNGSTEN
seq_0092,CMP METAL
seq_0092,DEPOSIT METAL 1
seq_0092,ANNEAL METAL
seq_0092,SPIN COAT PHOTORESIST
seq_0092,SOFT BAKE
seq_0092,ALIGN MASK LEVEL 4
seq_0092,EXPOSE LITHO LEVEL 4
seq_0092,POST EXPOSE BAKE
seq_0092,DEVELOP PHOTORESIST
seq_0092,METAL PATTERN INSPECTION
seq_0092,METAL ETCH DRY
seq_0092,STRIP PHOTORESIST
seq_0092,CLEAN AFTER METAL ETCH
seq_0092,MEASURE LINE WIDTH
seq_0092,DEPOSIT PASSIVATION
seq_0092,CURE PASSIVATION
seq_0092,MEASURE PASSIVATION QUALITY
seq_0092,OPEN PAD WINDOW
seq_0092,PAD WINDOW LITHO
seq_0092,DEVELOP PAD WINDOW
seq_0092,PASSIVATION ETCH PAD OPENING
seq_0092,STRIP PHOTORESIST
seq_0092,CLEAN PAD OPENING
seq_0092,MEASURE PAD OPENING
seq_0092,BACKSIDE CLEAN FINAL
seq_0092,DEPOSIT BACKSIDE PROTECTION
seq_0092,BACKSIDE ANNEAL
seq_0092,FRONTSIDE CLEAN FINAL
seq_0092,FINAL CLEAN
seq_0092,FINAL THICKNESS MEASURE
seq_0092,FINAL GEOMETRY CHECK
seq_0092,FINAL OXIDE CHECK
seq_0092,FINAL CD INSPECTION
seq_0092,FINAL PARTICLE INSPECTION
seq_0092,FINAL ELECTRICAL TEST PREP
seq_0092,PARAMETRIC TEST
seq_0092,LEAKAGE TEST
seq_0092,THRESHOLD VOLTAGE TEST
seq_0092,SWITCHING TEST
seq_0092,WAFER SORT TEST
seq_0092,YIELD ANALYSIS
seq_0092,FINAL LOT RELEASE
seq_0092,PACKAGE PREPARATION
seq_0092,SHIP LOT
seq_0093,RECEIVE WAFER LOT
seq_0093,LOT IDENTIFICATION
seq_0093,INITIAL WAFER INSPECTION
seq_0093,MEASURE SURFACE PARTICLES
seq_0093,WAFER CLEAN PRE PROCESS
seq_0093,FRONTSIDE CLEAN
seq_0093,WET CLEAN RCA1
seq_0093,RCA CLEAN 2
seq_0093,HF DIP
seq_0093,DRY WAFER
seq_0093,WAFER CLEAN PRE-GRIND
seq_0093,GRINDING WAFER BACKSIDE
seq_0093,MEASURE GEOMETRY
seq_0093,ETCH WET BACKSIDE
seq_0093,RINSE WET WAFER_EDGE
seq_0093,DRY WAFER BACKSIDE
seq_0093,BACKSIDE CLEAN
seq_0093,MEASURE BACKSIDE ROUGHNESS
seq_0093,THERMAL OXIDATION
seq_0093,MEASURE OXIDE THICKNESS
seq_0093,RCA CLEAN 1
seq_0093,RCA CLEAN 2
seq_0093,HF DIP
seq_0093,OXIDE STRIP
seq_0093,SURFACE PREP FOR DEPOSITION
seq_0093,DEPOSIT PAD OXIDE
seq_0093,ANNEAL OXIDE
seq_0093,MEASURE OXIDE THICKNESS
seq_0093,SPIN COAT PHOTORESIST
seq_0093,SOFT BAKE
seq_0093,ALIGN MASK LEVEL 1
seq_0093,EXPOSE LITHO LEVEL 1
seq_0093,DEVELOP PHOTORESIST
seq_0093,INSPECT PATTERN LEVEL 1
seq_0093,HARD BAKE
seq_0093,OXIDE ETCH DRY
seq_0093,STRIP PHOTORESIST
seq_0093,CLEAN AFTER ETCH
seq_0093,MEASURE CD LEVEL 1
seq_0093,DEPOSIT POLYSILICON
seq_0093,ANNEAL POLYSILICON
seq_0093,SPIN COAT PHOTORESIST
seq_0093,SOFT BAKE
seq_0093,ALIGN MASK LEVEL 2
seq_0093,EXPOSE LITHO LEVEL 2
seq_0093,POST EXPOSE BAKE
seq_0093,DEVELOP PHOTORESIST
seq_0093,PATTERN INSPECTION LEVEL 2
seq_0093,HARD BAKE
seq_0093,POLYSILICON ETCH DRY
seq_0093,STRIP RESIST
seq_0093,CLEAN AFTER POLY ETCH
seq_0093,IMPLANT N-TYPE
seq_0093,RAPID THERMAL ANNEAL
seq_0093,DEPOSIT INTERLEVEL DIELECTRIC
seq_0093,DENSIFY OXIDE
seq_0093,MEASURE DIELECTRIC THICKNESS
seq_0093,CMP DIELECTRIC
seq_0093,MEASURE PLANARITY
seq_0093,SPIN COAT PHOTORESIST
seq_0093,SOFT BAKE
seq_0093,ALIGN MASK LEVEL 3
seq_0093,EXPOSE LITHO LEVEL 3
seq_0093,DEVELOP PHOTORESIST
seq_0093,VIA OPENING INSPECTION
seq_0093,VIA ETCH THROUGH DIELECTRIC
seq_0093,STRIP RESIST
seq_0093,CLEAN AFTER VIA ETCH
seq_0093,MEASURE VIA CD
seq_0093,DEPOSIT BARRIER METAL
seq_0093,DEPOSIT TUNGSTEN SEED
seq_0093,FILL VIA TUNGSTEN
seq_0093,CMP METAL
seq_0093,DEPOSIT METAL 1
seq_0093,ANNEAL METAL
seq_0093,SPIN COAT PHOTORESIST
seq_0093,SOFT BAKE
seq_0093,ALIGN MASK LEVEL 4
seq_0093,EXPOSE LITHO LEVEL 4
seq_0093,POST EXPOSE BAKE
seq_0093,DEVELOP PHOTORESIST
seq_0093,METAL PATTERN INSPECTION
seq_0093,HARD BAKE
seq_0093,METAL ETCH DRY
seq_0093,STRIP PHOTORESIST
seq_0093,CLEAN AFTER METAL ETCH
seq_0093,MEASURE LINE WIDTH
seq_0093,DEPOSIT PASSIVATION
seq_0093,CURE PASSIVATION
seq_0093,MEASURE PASSIVATION THICKNESS
seq_0093,OPEN BOND PAD WINDOW
seq_0093,OPEN PAD WINDOW LITHO
seq_0093,DEVELOP PAD WINDOW
seq_0093,PASSIVATION ETCH
seq_0093,STRIP PHOTORESIST
seq_0093,CLEAN PAD OPENING
seq_0093,MEASURE PAD OPENING
seq_0093,BACKSIDE CLEAN
seq_0093,DEPOSIT BACKSIDE PROTECTION
seq_0093,BACKSIDE ANNEAL
seq_0093,FINAL CLEAN
seq_0093,FINAL THICKNESS MEASURE
seq_0093,FINAL GEOMETRY CHECK
seq_0093,FINAL PARTICLE INSPECTION
seq_0093,PARAMETRIC TEST
seq_0093,LEAKAGE TEST
seq_0093,THRESHOLD VOLTAGE TEST
seq_0093,SWITCHING TEST
seq_0093,WAFER SORT TEST
seq_0093,YIELD ANALYSIS
seq_0093,LOT RELEASE
seq_0093,PACKAGE PREPARATION
seq_0093,SHIP LOT
seq_0094,RECEIVE WAFER LOT
seq_0094,LOT IDENTIFICATION
seq_0094,PRE CLEAN INSPECTION
seq_0094,MEASURE SURFACE PARTICLES
seq_0094,WAFER CLEAN PRE PROCESS
seq_0094,BACKSIDE CLEAN
seq_0094,WET CLEAN RCA1
seq_0094,WET CLEAN RCA2
seq_0094,HF DIP
seq_0094,WAFER CLEAN PRE-GRIND
seq_0094,GRINDING WAFER BACKSIDE
seq_0094,MEASURE GEOMETRY
seq_0094,ETCH WET BACKSIDE
seq_0094,RINSE WET WAFER_EDGE
seq_0094,DRY WAFER BACKSIDE
seq_0094,BACKSIDE CLEAN
seq_0094,MEASURE BACKSIDE ROUGHNESS
seq_0094,THERMAL OXIDATION
seq_0094,MEASURE OXIDE THICKNESS
seq_0094,WET CLEAN RCA1
seq_0094,WET CLEAN RCA2
seq_0094,HF DIP
seq_0094,OXIDE STRIP
seq_0094,SURFACE PREP FOR DEPOSITION
seq_0094,DEPOSIT PAD OXIDE
seq_0094,ANNEAL OXIDE
seq_0094,MEASURE FILM THICKNESS
seq_0094,SPIN COAT PHOTORESIST
seq_0094,SOFT BAKE
seq_0094,ALIGN MASK LEVEL 1
seq_0094,EXPOSE LITHO LEVEL 1
seq_0094,POST EXPOSE BAKE
seq_0094,DEVELOP PHOTORESIST
seq_0094,INSPECT PATTERN LEVEL 1
seq_0094,HARD BAKE
seq_0094,OXIDE ETCH DRY
seq_0094,STRIP PHOTORESIST
seq_0094,CLEAN AFTER ETCH
seq_0094,MEASURE CD LEVEL 1
seq_0094,DEPOSIT POLYSILICON
seq_0094,ANNEAL POLYSILICON
seq_0094,SPIN COAT PHOTORESIST
seq_0094,SOFT BAKE
seq_0094,ALIGN MASK LEVEL 2
seq_0094,EXPOSE LITHO LEVEL 2
seq_0094,DEVELOP PHOTORESIST
seq_0094,PATTERN INSPECTION LEVEL 2
seq_0094,POLYSILICON ETCH DRY
seq_0094,STRIP RESIST LEVEL 2
seq_0094,CLEAN AFTER POLY ETCH
seq_0094,MEASURE CD LEVEL 2
seq_0094,IMPLANT N-TYPE
seq_0094,PRE ANNEAL CHECK
seq_0094,RAPID THERMAL ANNEAL
seq_0094,MEASURE SHEET RESISTANCE
seq_0094,DEPOSIT INTERLAYER DIELECTRIC
seq_0094,DENSIFY OXIDE
seq_0094,MEASURE DIELECTRIC THICKNESS
seq_0094,CMP DIELECTRIC
seq_0094,MEASURE PLANARITY
seq_0094,SPIN COAT PHOTORESIST
seq_0094,SOFT BAKE
seq_0094,ALIGN MASK LEVEL 3
seq_0094,EXPOSE LITHO LEVEL 3
seq_0094,DEVELOP PHOTORESIST
seq_0094,VIA OPENING INSPECTION
seq_0094,VIA ETCH
seq_0094,STRIP RESIST
seq_0094,CLEAN AFTER VIA ETCH
seq_0094,MEASURE VIA CD
seq_0094,DEPOSIT BARRIER METAL
seq_0094,DEPOSIT TUNGSTEN SEED
seq_0094,FILL VIA TUNGSTEN
seq_0094,CMP METAL
seq_0094,MEASURE CONTACT RESISTANCE
seq_0094,DEPOSIT TOP METAL
seq_0094,ANNEAL METAL
seq_0094,SPIN COAT PHOTORESIST
seq_0094,SOFT BAKE
seq_0094,ALIGN MASK LEVEL 4
seq_0094,EXPOSE LITHO LEVEL 4
seq_0094,POST EXPOSE BAKE
seq_0094,DEVELOP PHOTORESIST
seq_0094,METAL PATTERN INSPECTION
seq_0094,HARD BAKE
seq_0094,METAL ETCH DRY
seq_0094,STRIP RESIST
seq_0094,CLEAN AFTER METAL ETCH
seq_0094,MEASURE LINE WIDTH
seq_0094,DEPOSIT PASSIVATION
seq_0094,CURE PASSIVATION
seq_0094,MEASURE PASSIVATION THICKNESS
seq_0094,OPEN PAD WINDOW
seq_0094,PAD WINDOW LITHO
seq_0094,DEVELOP PAD WINDOW
seq_0094,PASSIVATION ETCH PAD OPENING
seq_0094,STRIP PHOTORESIST
seq_0094,CLEAN PAD OPENING
seq_0094,MEASURE PAD OPENING
seq_0094,BACKSIDE CLEAN FINAL
seq_0094,DEPOSIT BACKSIDE PROTECTION
seq_0094,BACKSIDE ANNEAL
seq_0094,FINAL CLEAN
seq_0094,FINAL THICKNESS MEASURE
seq_0094,FINAL OXIDE CHECK
seq_0094,FINAL CD INSPECTION
seq_0094,ELECTRICAL PARAMETRIC TEST
seq_0094,LEAKAGE TEST
seq_0094,PARAMETRIC TEST
seq_0094,SWITCHING TEST
seq_0094,WAFER SORT TEST
seq_0094,YIELD ANALYSIS
seq_0094,FINAL LOT RELEASE
seq_0094,PACKAGE PREPARATION
seq_0094,SHIP LOT
seq_0095,RECEIVE WAFER LOT
seq_0095,LOT IDENTIFICATION
seq_0095,PRE CLEAN INSPECTION
seq_0095,MEASURE INITIAL GEOMETRY
seq_0095,WAFER CLEAN PRE PROCESS
seq_0095,BACKSIDE CLEAN
seq_0095,FRONTSIDE CLEAN
seq_0095,RCA CLEAN 1
seq_0095,WET CLEAN RCA2
seq_0095,HF DIP
seq_0095,DRY WAFER
seq_0095,WAFER CLEAN PRE-GRIND
seq_0095,GRINDING WAFER BACKSIDE
seq_0095,MEASURE GEOMETRY
seq_0095,ETCH WET BACKSIDE
seq_0095,RINSE WET WAFER_EDGE
seq_0095,DRY WAFER BACKSIDE
seq_0095,BACKSIDE CLEAN
seq_0095,MEASURE BACKSIDE ROUGHNESS
seq_0095,THERMAL OXIDATION
seq_0095,MEASURE OXIDE THICKNESS
seq_0095,WET CLEAN RCA1
seq_0095,WET CLEAN RCA2
seq_0095,HF DIP
seq_0095,OXIDE STRIP
seq_0095,SURFACE PREP FOR DEPOSITION
seq_0095,DEPOSIT PAD OXIDE
seq_0095,ANNEAL OXIDE
seq_0095,MEASURE OXIDE THICKNESS
seq_0095,SPIN COAT PHOTORESIST
seq_0095,SOFT BAKE
seq_0095,ALIGN MASK LEVEL 1
seq_0095,EXPOSE LITHO LEVEL 1
seq_0095,DEVELOP PHOTORESIST
seq_0095,INSPECT PATTERN LEVEL 1
seq_0095,HARD BAKE
seq_0095,OXIDE ETCH DRY
seq_0095,STRIP PHOTORESIST
seq_0095,CLEAN AFTER ETCH
seq_0095,MEASURE CD LEVEL 1
seq_0095,DEPOSIT POLYSILICON
seq_0095,ANNEAL POLYSILICON
seq_0095,SPIN COAT PHOTORESIST
seq_0095,SOFT BAKE
seq_0095,ALIGN MASK LEVEL 2
seq_0095,EXPOSE LITHO LEVEL 2
seq_0095,POST EXPOSE BAKE
seq_0095,DEVELOP PHOTORESIST
seq_0095,PATTERN INSPECTION LEVEL 2
seq_0095,POLYSILICON ETCH DRY
seq_0095,STRIP RESIST
seq_0095,CLEAN AFTER POLY ETCH
seq_0095,MEASURE CD LEVEL 2
seq_0095,IMPLANT N-TYPE
seq_0095,RAPID THERMAL ANNEAL
seq_0095,MEASURE SHEET RESISTANCE
seq_0095,DEPOSIT INTERLAYER DIELECTRIC
seq_0095,DENSIFY DIELECTRIC
seq_0095,MEASURE DIELECTRIC THICKNESS
seq_0095,CMP INTERLAYER DIELECTRIC
seq_0095,MEASURE PLANARITY
seq_0095,SPIN COAT PHOTORESIST
seq_0095,SOFT BAKE
seq_0095,ALIGN MASK LEVEL 3
seq_0095,EXPOSE LITHO LEVEL 3
seq_0095,DEVELOP PHOTORESIST
seq_0095,VIA OPENING INSPECTION
seq_0095,VIA ETCH THROUGH DIELECTRIC
seq_0095,STRIP PHOTORESIST
seq_0095,CLEAN AFTER VIA ETCH
seq_0095,DEPOSIT BARRIER METAL
seq_0095,DEPOSIT TUNGSTEN SEED
seq_0095,FILL VIA TUNGSTEN
seq_0095,CMP METAL
seq_0095,DEPOSIT METAL 1
seq_0095,ANNEAL METAL 1
seq_0095,MEASURE METAL THICKNESS
seq_0095,SPIN COAT PHOTORESIST
seq_0095,SOFT BAKE
seq_0095,ALIGN MASK LEVEL 4
seq_0095,EXPOSE LITHO LEVEL 4
seq_0095,DEVELOP PHOTORESIST
seq_0095,METAL PATTERN INSPECTION
seq_0095,HARD BAKE
seq_0095,METAL ETCH DRY
seq_0095,STRIP PHOTORESIST
seq_0095,CLEAN AFTER METAL ETCH
seq_0095,MEASURE LINE WIDTH
seq_0095,DEPOSIT PASSIVATION
seq_0095,CURE PASSIVATION
seq_0095,MEASURE PASSIVATION THICKNESS
seq_0095,OPEN PAD WINDOW
seq_0095,PAD WINDOW LITHO
seq_0095,DEVELOP PHOTORESIST
seq_0095,PASSIVATION ETCH
seq_0095,STRIP PHOTORESIST
seq_0095,CLEAN PAD OPENING
seq_0095,MEASURE PAD OPENING
seq_0095,BACKSIDE THINNING CHECK
seq_0095,BACKSIDE CLEAN FINAL
seq_0095,DEPOSIT BACKSIDE PROTECTION
seq_0095,BACKSIDE ANNEAL
seq_0095,FRONTSIDE CLEAN FINAL
seq_0095,FINAL CLEAN
seq_0095,FINAL THICKNESS MEASURE
seq_0095,FINAL OXIDE CHECK
seq_0095,FINAL PARTICLE INSPECTION
seq_0095,PARAMETRIC TEST
seq_0095,LEAKAGE TEST
seq_0095,THRESHOLD VOLTAGE TEST
seq_0095,SWITCHING TEST
seq_0095,WAFER SORT TEST
seq_0095,YIELD ANALYSIS
seq_0095,LOT RELEASE
seq_0095,PACKAGE PREPARATION
seq_0095,SHIP LOT
seq_0096,RECEIVE WAFER LOT
seq_0096,LOT IDENTIFICATION
seq_0096,PRE CLEAN INSPECTION
seq_0096,MEASURE SURFACE DEFECTS
seq_0096,WAFER CLEAN PRE PROCESS
seq_0096,FRONTSIDE CLEAN
seq_0096,WET CLEAN RCA1
seq_0096,RCA CLEAN 2
seq_0096,HF DIP
seq_0096,DRY WAFER
seq_0096,WAFER CLEAN PRE-GRIND
seq_0096,GRINDING WAFER BACKSIDE
seq_0096,MEASURE INITIAL GEOMETRY
seq_0096,ETCH WET BACKSIDE
seq_0096,RINSE WET WAFER_EDGE
seq_0096,DRY WAFER BACKSIDE
seq_0096,BACKSIDE CLEAN
seq_0096,MEASURE BACKSIDE ROUGHNESS
seq_0096,THERMAL OXIDATION
seq_0096,MEASURE OXIDE THICKNESS
seq_0096,WET CLEAN RCA1
seq_0096,WET CLEAN RCA2
seq_0096,HF DIP
seq_0096,OXIDE STRIP
seq_0096,SURFACE PREP FOR DEPOSITION
seq_0096,DEPOSIT PAD OXIDE
seq_0096,ANNEAL OXIDE
seq_0096,MEASURE FILM THICKNESS
seq_0096,SPIN COAT PHOTORESIST
seq_0096,SOFT BAKE
seq_0096,ALIGN MASK LEVEL 1
seq_0096,EXPOSE LITHO LEVEL 1
seq_0096,DEVELOP PHOTORESIST
seq_0096,INSPECT PATTERN LEVEL 1
seq_0096,HARD BAKE
seq_0096,OXIDE ETCH DRY
seq_0096,STRIP PHOTORESIST
seq_0096,CLEAN AFTER ETCH
seq_0096,MEASURE CD LEVEL 1
seq_0096,DEPOSIT POLYSILICON
seq_0096,ANNEAL POLYSILICON
seq_0096,SPIN COAT PHOTORESIST
seq_0096,SOFT BAKE
seq_0096,ALIGN MASK LEVEL 2
seq_0096,EXPOSE LITHO LEVEL 2
seq_0096,DEVELOP PHOTORESIST
seq_0096,PATTERN INSPECTION LEVEL 2
seq_0096,POLYSILICON ETCH DRY
seq_0096,STRIP RESIST
seq_0096,CLEAN AFTER POLY ETCH
seq_0096,MEASURE CD LEVEL 2
seq_0096,IMPLANT N-TYPE
seq_0096,PRE ANNEAL CHECK
seq_0096,RAPID THERMAL ANNEAL
seq_0096,MEASURE SHEET RESISTANCE
seq_0096,DEPOSIT INTERLAYER DIELECTRIC
seq_0096,DENSIFY DIELECTRIC
seq_0096,MEASURE DIELECTRIC THICKNESS
seq_0096,CMP INTERLAYER DIELECTRIC
seq_0096,MEASURE SURFACE PLANARITY
seq_0096,SPIN COAT PHOTORESIST
seq_0096,SOFT BAKE
seq_0096,ALIGN MASK LEVEL 3
seq_0096,EXPOSE LITHO LEVEL 3
seq_0096,POST EXPOSE BAKE
seq_0096,DEVELOP PHOTORESIST
seq_0096,VIA INSPECTION
seq_0096,HARD BAKE
seq_0096,VIA ETCH THROUGH DIELECTRIC
seq_0096,STRIP PHOTORESIST
seq_0096,CLEAN AFTER VIA ETCH
seq_0096,DEPOSIT BARRIER METAL
seq_0096,DEPOSIT TUNGSTEN SEED
seq_0096,FILL VIA TUNGSTEN
seq_0096,CMP VIA FILL
seq_0096,MEASURE CONTACT RESISTANCE
seq_0096,DEPOSIT TOP METAL
seq_0096,ANNEAL METAL
seq_0096,SPIN COAT PHOTORESIST
seq_0096,SOFT BAKE
seq_0096,ALIGN MASK LEVEL 4
seq_0096,EXPOSE LITHO LEVEL 4
seq_0096,DEVELOP PHOTORESIST
seq_0096,METAL PATTERN INSPECTION
seq_0096,METAL ETCH DRY
seq_0096,STRIP PHOTORESIST
seq_0096,CLEAN AFTER METAL ETCH
seq_0096,MEASURE LINE WIDTH
seq_0096,DEPOSIT PASSIVATION
seq_0096,CURE PASSIVATION
seq_0096,MEASURE PASSIVATION THICKNESS
seq_0096,OPEN PAD WINDOW
seq_0096,OPEN PAD WINDOW LITHO
seq_0096,DEVELOP PAD WINDOW
seq_0096,PASSIVATION ETCH
seq_0096,STRIP PHOTORESIST
seq_0096,CLEAN PAD OPENING
seq_0096,MEASURE PAD OPENING
seq_0096,BACKSIDE CLEAN FINAL
seq_0096,DEPOSIT BACKSIDE PROTECTION
seq_0096,BACKSIDE ANNEAL
seq_0096,FINAL CLEAN
seq_0096,FINAL GEOMETRY CHECK
seq_0096,FINAL OXIDE CHECK
seq_0096,FINAL ELECTRICAL TEST PREP
seq_0096,PARAMETRIC TEST
seq_0096,LEAKAGE TEST
seq_0096,SWITCHING TEST
seq_0096,WAFER SORT TEST
seq_0096,YIELD ANALYSIS
seq_0096,FINAL LOT RELEASE
seq_0096,PACKAGE PREPARATION
seq_0096,SHIP LOT
seq_0097,RECEIVE WAFER LOT
seq_0097,LOT IDENTIFICATION
seq_0097,PRE CLEAN INSPECTION
seq_0097,MEASURE SURFACE DEFECTS
seq_0097,WAFER CLEAN PRE PROCESS
seq_0097,FRONTSIDE CLEAN
seq_0097,RCA CLEAN 1
seq_0097,WET CLEAN RCA2
seq_0097,HF DIP
seq_0097,DRY WAFER
seq_0097,WAFER CLEAN PRE-GRIND
seq_0097,GRINDING WAFER BACKSIDE
seq_0097,MEASURE GEOMETRY
seq_0097,ETCH WET BACKSIDE
seq_0097,RINSE WET WAFER_EDGE
seq_0097,DRY WAFER BACKSIDE
seq_0097,BACKSIDE CLEAN
seq_0097,MEASURE BACKSIDE ROUGHNESS
seq_0097,THERMAL OXIDATION
seq_0097,MEASURE OXIDE THICKNESS
seq_0097,WET CLEAN RCA1
seq_0097,RCA CLEAN 2
seq_0097,HF DIP
seq_0097,OXIDE STRIP
seq_0097,SURFACE PREP FOR DEPOSITION
seq_0097,DEPOSIT PAD OXIDE
seq_0097,ANNEAL OXIDE
seq_0097,MEASURE OXIDE THICKNESS
seq_0097,SPIN COAT PHOTORESIST
seq_0097,SOFT BAKE
seq_0097,ALIGN MASK LEVEL 1
seq_0097,EXPOSE LITHO LEVEL 1
seq_0097,DEVELOP PHOTORESIST
seq_0097,INSPECT PATTERN LEVEL 1
seq_0097,HARD BAKE
seq_0097,OXIDE ETCH DRY
seq_0097,STRIP PHOTORESIST
seq_0097,CLEAN AFTER ETCH
seq_0097,MEASURE CD LEVEL 1
seq_0097,DEPOSIT POLYSILICON
seq_0097,ANNEAL POLYSILICON
seq_0097,SPIN COAT PHOTORESIST
seq_0097,SOFT BAKE
seq_0097,ALIGN MASK LEVEL 2
seq_0097,EXPOSE LITHO LEVEL 2
seq_0097,POST EXPOSE BAKE
seq_0097,DEVELOP PHOTORESIST
seq_0097,PATTERN INSPECTION LEVEL 2
seq_0097,POLYSILICON ETCH DRY
seq_0097,STRIP RESIST LEVEL 2
seq_0097,CLEAN AFTER POLY ETCH
seq_0097,MEASURE CD LEVEL 2
seq_0097,IMPLANT N-TYPE
seq_0097,RAPID THERMAL ANNEAL
seq_0097,MEASURE SHEET RESISTANCE
seq_0097,DEPOSIT INTERLEVEL DIELECTRIC
seq_0097,DENSIFY OXIDE
seq_0097,MEASURE FILM THICKNESS
seq_0097,CMP INTERLAYER DIELECTRIC
seq_0097,MEASURE SURFACE PLANARITY
seq_0097,SPIN COAT PHOTORESIST
seq_0097,SOFT BAKE
seq_0097,ALIGN MASK LEVEL 3
seq_0097,EXPOSE LITHO LEVEL 3
seq_0097,POST EXPOSE BAKE
seq_0097,DEVELOP PHOTORESIST
seq_0097,VIA OPENING INSPECTION
seq_0097,VIA ETCH THROUGH DIELECTRIC
seq_0097,STRIP PHOTORESIST
seq_0097,CLEAN AFTER VIA ETCH
seq_0097,DEPOSIT BARRIER METAL
seq_0097,DEPOSIT TUNGSTEN SEED
seq_0097,FILL VIA TUNGSTEN
seq_0097,CMP VIA FILL
seq_0097,MEASURE VIA RESISTANCE
seq_0097,DEPOSIT METAL 1
seq_0097,ANNEAL METAL 1
seq_0097,SPIN COAT PHOTORESIST
seq_0097,SOFT BAKE
seq_0097,ALIGN MASK LEVEL 4
seq_0097,EXPOSE LITHO LEVEL 4
seq_0097,DEVELOP PHOTORESIST
seq_0097,METAL PATTERN INSPECTION
seq_0097,METAL ETCH DRY
seq_0097,STRIP RESIST
seq_0097,CLEAN AFTER METAL ETCH
seq_0097,DEPOSIT PASSIVATION
seq_0097,CURE PASSIVATION
seq_0097,MEASURE PASSIVATION QUALITY
seq_0097,OPEN PAD WINDOW
seq_0097,PAD WINDOW LITHO
seq_0097,DEVELOP PHOTORESIST
seq_0097,PASSIVATION ETCH PAD OPENING
seq_0097,STRIP RESIST
seq_0097,CLEAN PAD OPENING
seq_0097,MEASURE PAD OPENING
seq_0097,BACKSIDE THINNING CHECK
seq_0097,BACKSIDE CLEAN FINAL
seq_0097,DEPOSIT BACKSIDE PROTECTION
seq_0097,BACKSIDE ANNEAL
seq_0097,FINAL CLEAN
seq_0097,FINAL THICKNESS MEASURE
seq_0097,FINAL GEOMETRY CHECK
seq_0097,FINAL OXIDE CHECK
seq_0097,FINAL CD INSPECTION
seq_0097,FINAL PARTICLE INSPECTION
seq_0097,PARAMETRIC TEST
seq_0097,LEAKAGE TEST
seq_0097,SWITCHING TEST
seq_0097,WAFER SORT TEST
seq_0097,YIELD ANALYSIS
seq_0097,LOT RELEASE
seq_0097,PACKAGE PREPARATION
seq_0097,SHIP LOT
seq_0098,RECEIVE WAFER LOT
seq_0098,LOT IDENTIFICATION
seq_0098,PRE CLEAN INSPECTION
seq_0098,MEASURE INITIAL THICKNESS
seq_0098,MEASURE SURFACE DEFECTS
seq_0098,WAFER CLEAN PRE PROCESS
seq_0098,WET CLEAN RCA1
seq_0098,WET CLEAN RCA2
seq_0098,HF DIP
seq_0098,DRY WAFER
seq_0098,WAFER CLEAN PRE-GRIND
seq_0098,GRINDING WAFER BACKSIDE
seq_0098,MEASURE GEOMETRY
seq_0098,ETCH WET BACKSIDE
seq_0098,RINSE WET WAFER_EDGE
seq_0098,DRY WAFER BACKSIDE
seq_0098,BACKSIDE CLEAN
seq_0098,MEASURE BACKSIDE ROUGHNESS
seq_0098,THERMAL OXIDATION
seq_0098,MEASURE OXIDE THICKNESS
seq_0098,WET CLEAN RCA1
seq_0098,WET CLEAN RCA2
seq_0098,HF DIP
seq_0098,OXIDE STRIP
seq_0098,SURFACE PREP FOR DEPOSITION
seq_0098,DEPOSIT PAD OXIDE
seq_0098,ANNEAL OXIDE
seq_0098,MEASURE FILM THICKNESS
seq_0098,SPIN COAT PHOTORESIST
seq_0098,SOFT BAKE
seq_0098,ALIGN MASK LEVEL 1
seq_0098,EXPOSE LITHO LEVEL 1
seq_0098,DEVELOP PHOTORESIST
seq_0098,INSPECT PATTERN LEVEL 1
seq_0098,HARD BAKE
seq_0098,OXIDE ETCH DRY
seq_0098,STRIP PHOTORESIST
seq_0098,CLEAN AFTER ETCH
seq_0098,MEASURE CD LEVEL 1
seq_0098,DEPOSIT POLYSILICON
seq_0098,ANNEAL POLYSILICON
seq_0098,SPIN COAT PHOTORESIST
seq_0098,SOFT BAKE
seq_0098,ALIGN MASK LEVEL 2
seq_0098,EXPOSE LITHO LEVEL 2
seq_0098,DEVELOP PHOTORESIST
seq_0098,PATTERN INSPECTION LEVEL 2
seq_0098,HARD BAKE
seq_0098,POLYSILICON ETCH DRY
seq_0098,STRIP RESIST LEVEL 2
seq_0098,CLEAN AFTER POLY ETCH
seq_0098,MEASURE CD LEVEL 2
seq_0098,IMPLANT N-TYPE
seq_0098,PRE ANNEAL CHECK
seq_0098,RAPID THERMAL ANNEAL
seq_0098,MEASURE SHEET RESISTANCE
seq_0098,DEPOSIT INTERLEVEL DIELECTRIC
seq_0098,DENSIFY DIELECTRIC
seq_0098,MEASURE DIELECTRIC THICKNESS
seq_0098,CMP INTERLAYER DIELECTRIC
seq_0098,MEASURE SURFACE PLANARITY
seq_0098,SPIN COAT PHOTORESIST
seq_0098,SOFT BAKE
seq_0098,ALIGN MASK LEVEL 3
seq_0098,EXPOSE LITHO LEVEL 3
seq_0098,DEVELOP PHOTORESIST
seq_0098,VIA OPENING INSPECTION
seq_0098,HARD BAKE
seq_0098,DIELECTRIC ETCH VIA
seq_0098,STRIP RESIST
seq_0098,CLEAN AFTER VIA ETCH
seq_0098,MEASURE VIA CD
seq_0098,DEPOSIT BARRIER METAL
seq_0098,DEPOSIT TUNGSTEN SEED
seq_0098,FILL VIA TUNGSTEN
seq_0098,CMP METAL
seq_0098,MEASURE CONTACT RESISTANCE
seq_0098,DEPOSIT METAL 1
seq_0098,ANNEAL METAL 1
seq_0098,SPIN COAT PHOTORESIST
seq_0098,SOFT BAKE
seq_0098,ALIGN MASK LEVEL 4
seq_0098,EXPOSE LITHO LEVEL 4
seq_0098,DEVELOP PHOTORESIST
seq_0098,METAL PATTERN INSPECTION
seq_0098,METAL ETCH DRY
seq_0098,STRIP RESIST
seq_0098,CLEAN AFTER METAL ETCH
seq_0098,MEASURE LINE WIDTH
seq_0098,DEPOSIT PASSIVATION
seq_0098,CURE PASSIVATION
seq_0098,MEASURE PASSIVATION QUALITY
seq_0098,OPEN BOND PAD WINDOW
seq_0098,PAD WINDOW LITHO
seq_0098,DEVELOP PHOTORESIST
seq_0098,PASSIVATION ETCH
seq_0098,STRIP RESIST
seq_0098,CLEAN PAD OPENING
seq_0098,MEASURE PAD OPENING
seq_0098,BACKSIDE CLEAN FINAL
seq_0098,DEPOSIT BACKSIDE PROTECTION
seq_0098,BACKSIDE ANNEAL
seq_0098,FINAL CLEAN
seq_0098,FINAL THICKNESS MEASURE
seq_0098,FINAL GEOMETRY CHECK
seq_0098,FINAL OXIDE CHECK
seq_0098,FINAL CD INSPECTION
seq_0098,FINAL PARTICLE INSPECTION
seq_0098,FINAL ELECTRICAL TEST PREP
seq_0098,ELECTRICAL PARAMETRIC TEST
seq_0098,LEAKAGE TEST
seq_0098,PARAMETRIC TEST
seq_0098,SWITCHING TEST
seq_0098,WAFER SORT TEST
seq_0098,YIELD ANALYSIS
seq_0098,LOT RELEASE
seq_0098,PACKAGE PREPARATION
seq_0098,SHIP LOT
seq_0099,RECEIVE WAFER LOT
seq_0099,LOT IDENTIFICATION
seq_0099,INITIAL WAFER INSPECTION
seq_0099,MEASURE INITIAL THICKNESS
seq_0099,MEASURE SURFACE DEFECTS
seq_0099,WAFER CLEAN PRE PROCESS
seq_0099,RCA CLEAN 1
seq_0099,WET CLEAN RCA2
seq_0099,HF DIP
seq_0099,DRY WAFER
seq_0099,WAFER CLEAN PRE-GRIND
seq_0099,GRINDING WAFER BACKSIDE
seq_0099,MEASURE INITIAL GEOMETRY
seq_0099,ETCH WET BACKSIDE
seq_0099,RINSE WET WAFER_EDGE
seq_0099,DRY WAFER BACKSIDE
seq_0099,BACKSIDE CLEAN
seq_0099,MEASURE BACKSIDE ROUGHNESS
seq_0099,THERMAL OXIDATION
seq_0099,MEASURE OXIDE THICKNESS
seq_0099,WET CLEAN RCA1
seq_0099,WET CLEAN RCA2
seq_0099,HF DIP
seq_0099,OXIDE STRIP
seq_0099,SURFACE PREP FOR DEPOSITION
seq_0099,DEPOSIT PAD OXIDE
seq_0099,ANNEAL OXIDE
seq_0099,MEASURE OXIDE THICKNESS
seq_0099,SPIN COAT PHOTORESIST
seq_0099,SOFT BAKE
seq_0099,ALIGN MASK LEVEL 1
seq_0099,EXPOSE LITHO LEVEL 1
seq_0099,POST EXPOSE BAKE
seq_0099,DEVELOP PHOTORESIST
seq_0099,INSPECT PATTERN LEVEL 1
seq_0099,HARD BAKE
seq_0099,OXIDE ETCH DRY
seq_0099,STRIP PHOTORESIST
seq_0099,CLEAN AFTER ETCH
seq_0099,MEASURE CD LEVEL 1
seq_0099,DEPOSIT POLYSILICON
seq_0099,ANNEAL POLYSILICON
seq_0099,SPIN COAT PHOTORESIST
seq_0099,SOFT BAKE
seq_0099,ALIGN MASK LEVEL 2
seq_0099,EXPOSE LITHO LEVEL 2
seq_0099,DEVELOP PHOTORESIST
seq_0099,PATTERN INSPECTION LEVEL 2
seq_0099,HARD BAKE
seq_0099,POLYSILICON ETCH DRY
seq_0099,STRIP RESIST
seq_0099,CLEAN AFTER POLY ETCH
seq_0099,MEASURE CD LEVEL 2
seq_0099,IMPLANT N-TYPE
seq_0099,PRE ANNEAL CHECK
seq_0099,RAPID THERMAL ANNEAL
seq_0099,MEASURE SHEET RESISTANCE
seq_0099,DEPOSIT INTERLEVEL DIELECTRIC
seq_0099,DENSIFY DIELECTRIC
seq_0099,MEASURE FILM THICKNESS
seq_0099,CMP INTERLAYER DIELECTRIC
seq_0099,MEASURE PLANARITY
seq_0099,SPIN COAT PHOTORESIST
seq_0099,SOFT BAKE
seq_0099,ALIGN MASK LEVEL 3
seq_0099,EXPOSE LITHO LEVEL 3
seq_0099,POST EXPOSE BAKE
seq_0099,DEVELOP PHOTORESIST
seq_0099,VIA OPENING INSPECTION
seq_0099,VIA ETCH
seq_0099,STRIP PHOTORESIST
seq_0099,CLEAN AFTER VIA ETCH
seq_0099,DEPOSIT BARRIER METAL
seq_0099,DEPOSIT TUNGSTEN SEED
seq_0099,FILL VIA TUNGSTEN
seq_0099,CMP VIA FILL
seq_0099,MEASURE VIA RESISTANCE
seq_0099,DEPOSIT TOP METAL
seq_0099,ANNEAL METAL 1
seq_0099,MEASURE METAL THICKNESS
seq_0099,SPIN COAT PHOTORESIST
seq_0099,SOFT BAKE
seq_0099,ALIGN MASK LEVEL 4
seq_0099,EXPOSE LITHO LEVEL 4
seq_0099,DEVELOP PHOTORESIST
seq_0099,METAL PATTERN INSPECTION
seq_0099,METAL ETCH DRY
seq_0099,STRIP PHOTORESIST
seq_0099,CLEAN AFTER METAL ETCH
seq_0099,MEASURE LINE WIDTH
seq_0099,DEPOSIT PASSIVATION
seq_0099,CURE PASSIVATION
seq_0099,MEASURE PASSIVATION QUALITY
seq_0099,OPEN PAD WINDOW
seq_0099,OPEN PAD WINDOW LITHO
seq_0099,DEVELOP PHOTORESIST
seq_0099,PASSIVATION ETCH PAD OPENING
seq_0099,STRIP RESIST
seq_0099,CLEAN PAD OPENING
seq_0099,MEASURE PAD OPENING
seq_0099,BACKSIDE THINNING CHECK
seq_0099,BACKSIDE CLEAN FINAL
seq_0099,DEPOSIT BACKSIDE PROTECTION
seq_0099,BACKSIDE ANNEAL
seq_0099,FRONTSIDE CLEAN FINAL
seq_0099,FINAL CLEAN
seq_0099,FINAL THICKNESS MEASURE
seq_0099,FINAL CD INSPECTION
seq_0099,FINAL PARTICLE INSPECTION
seq_0099,FINAL ELECTRICAL TEST PREP
seq_0099,PARAMETRIC TEST
seq_0099,LEAKAGE TEST
seq_0099,THRESHOLD VOLTAGE TEST
seq_0099,SWITCHING TEST
seq_0099,WAFER SORT TEST
seq_0099,YIELD ANALYSIS
seq_0099,FINAL LOT RELEASE
seq_0099,PACKAGE PREPARATION
seq_0099,SHIP LOT
seq_0100,RECEIVE WAFER LOT
seq_0100,LOT IDENTIFICATION
seq_0100,INITIAL WAFER INSPECTION
seq_0100,MEASURE SURFACE DEFECTS
seq_0100,WAFER CLEAN PRE PROCESS
seq_0100,RCA CLEAN 1
seq_0100,RCA CLEAN 2
seq_0100,HF DIP
seq_0100,DRY WAFER
seq_0100,WAFER CLEAN PRE-GRIND
seq_0100,GRINDING WAFER BACKSIDE
seq_0100,MEASURE INITIAL GEOMETRY
seq_0100,ETCH WET BACKSIDE
seq_0100,RINSE WET WAFER_EDGE
seq_0100,DRY WAFER BACKSIDE
seq_0100,BACKSIDE CLEAN
seq_0100,MEASURE BACKSIDE ROUGHNESS
seq_0100,THERMAL OXIDATION
seq_0100,MEASURE OXIDE THICKNESS
seq_0100,RCA CLEAN 1
seq_0100,RCA CLEAN 2
seq_0100,HF DIP
seq_0100,OXIDE STRIP
seq_0100,SURFACE PREP FOR DEPOSITION
seq_0100,DEPOSIT PAD OXIDE
seq_0100,ANNEAL OXIDE
seq_0100,MEASURE OXIDE THICKNESS
seq_0100,SPIN COAT PHOTORESIST
seq_0100,SOFT BAKE
seq_0100,ALIGN MASK LEVEL 1
seq_0100,EXPOSE LITHO LEVEL 1
seq_0100,DEVELOP PHOTORESIST
seq_0100,INSPECT PATTERN LEVEL 1
seq_0100,HARD BAKE
seq_0100,OXIDE ETCH DRY
seq_0100,STRIP RESIST
seq_0100,CLEAN AFTER ETCH
seq_0100,MEASURE CD LEVEL 1
seq_0100,DEPOSIT POLYSILICON
seq_0100,ANNEAL POLYSILICON
seq_0100,SPIN COAT PHOTORESIST
seq_0100,SOFT BAKE
seq_0100,ALIGN MASK LEVEL 2
seq_0100,EXPOSE LITHO LEVEL 2
seq_0100,POST EXPOSE BAKE
seq_0100,DEVELOP PHOTORESIST
seq_0100,PATTERN INSPECTION LEVEL 2
seq_0100,HARD BAKE
seq_0100,POLYSILICON ETCH DRY
seq_0100,STRIP RESIST LEVEL 2
seq_0100,CLEAN AFTER POLY ETCH
seq_0100,MEASURE CD LEVEL 2
seq_0100,IMPLANT N-TYPE
seq_0100,PRE ANNEAL CHECK
seq_0100,RAPID THERMAL ANNEAL
seq_0100,MEASURE SHEET RESISTANCE
seq_0100,DEPOSIT INTERLEVEL DIELECTRIC
seq_0100,DENSIFY OXIDE
seq_0100,MEASURE FILM THICKNESS
seq_0100,CMP DIELECTRIC
seq_0100,MEASURE PLANARITY
seq_0100,SPIN COAT PHOTORESIST
seq_0100,SOFT BAKE
seq_0100,ALIGN MASK LEVEL 3
seq_0100,EXPOSE LITHO LEVEL 3
seq_0100,POST EXPOSE BAKE
seq_0100,DEVELOP PHOTORESIST
seq_0100,VIA OPENING INSPECTION
seq_0100,VIA ETCH
seq_0100,STRIP RESIST
seq_0100,CLEAN AFTER VIA ETCH
seq_0100,MEASURE VIA CD
seq_0100,DEPOSIT BARRIER METAL
seq_0100,DEPOSIT TUNGSTEN SEED
seq_0100,FILL VIA TUNGSTEN
seq_0100,CMP METAL
seq_0100,MEASURE CONTACT RESISTANCE
seq_0100,DEPOSIT METAL 1
seq_0100,ANNEAL METAL 1
seq_0100,SPIN COAT PHOTORESIST
seq_0100,SOFT BAKE
seq_0100,ALIGN MASK LEVEL 4
seq_0100,EXPOSE LITHO LEVEL 4
seq_0100,DEVELOP PHOTORESIST
seq_0100,METAL PATTERN INSPECTION
seq_0100,METAL ETCH DRY
seq_0100,STRIP RESIST
seq_0100,CLEAN AFTER METAL ETCH
seq_0100,MEASURE LINE WIDTH
seq_0100,DEPOSIT PASSIVATION LAYER
seq_0100,CURE PASSIVATION
seq_0100,MEASURE PASSIVATION QUALITY
seq_0100,OPEN BOND PAD WINDOW
seq_0100,OPEN PAD WINDOW LITHO
seq_0100,DEVELOP PAD WINDOW
seq_0100,PASSIVATION ETCH PAD OPENING
seq_0100,STRIP PHOTORESIST
seq_0100,CLEAN PAD OPENING
seq_0100,MEASURE PAD OPENING
seq_0100,BACKSIDE CLEAN
seq_0100,DEPOSIT BACKSIDE PROTECTION
seq_0100,BACKSIDE ANNEAL
seq_0100,FRONTSIDE CLEAN FINAL
seq_0100,FINAL CLEAN
seq_0100,FINAL GEOMETRY CHECK
seq_0100,FINAL OXIDE CHECK
seq_0100,FINAL PARTICLE INSPECTION
seq_0100,FINAL ELECTRICAL TEST PREP
seq_0100,PARAMETRIC TEST
seq_0100,LEAKAGE TEST
seq_0100,THRESHOLD VOLTAGE TEST
seq_0100,SWITCHING TEST
seq_0100,WAFER SORT TEST
seq_0100,YIELD ANALYSIS
seq_0100,FINAL LOT RELEASE
seq_0100,SHIP LOT
seq_0101,RECEIVE WAFER LOT
seq_0101,LOT IDENTIFICATION
seq_0101,INITIAL WAFER INSPECTION
seq_0101,MEASURE INITIAL GEOMETRY
seq_0101,MEASURE SURFACE DEFECTS
seq_0101,WAFER CLEAN PRE PROCESS
seq_0101,WET CLEAN RCA1
seq_0101,RCA CLEAN 2
seq_0101,HF DIP
seq_0101,WAFER CLEAN PRE-GRIND
seq_0101,GRINDING WAFER BACKSIDE
seq_0101,MEASURE INITIAL GEOMETRY
seq_0101,ETCH WET BACKSIDE
seq_0101,RINSE WET WAFER_EDGE
seq_0101,DRY WAFER BACKSIDE
seq_0101,BACKSIDE CLEAN
seq_0101,MEASURE BACKSIDE ROUGHNESS
seq_0101,THERMAL OXIDATION
seq_0101,MEASURE OXIDE THICKNESS
seq_0101,WET CLEAN RCA1
seq_0101,WET CLEAN RCA2
seq_0101,HF DIP
seq_0101,OXIDE STRIP
seq_0101,SURFACE PREP FOR DEPOSITION
seq_0101,DEPOSIT PAD OXIDE
seq_0101,ANNEAL OXIDE
seq_0101,MEASURE OXIDE THICKNESS
seq_0101,SPIN COAT PHOTORESIST
seq_0101,SOFT BAKE
seq_0101,ALIGN MASK LEVEL 1
seq_0101,EXPOSE LITHO LEVEL 1
seq_0101,DEVELOP PHOTORESIST
seq_0101,INSPECT PATTERN LEVEL 1
seq_0101,HARD BAKE
seq_0101,OXIDE ETCH DRY
seq_0101,STRIP RESIST
seq_0101,CLEAN AFTER ETCH
seq_0101,MEASURE CD LEVEL 1
seq_0101,DEPOSIT POLYSILICON
seq_0101,ANNEAL POLYSILICON
seq_0101,SPIN COAT PHOTORESIST
seq_0101,SOFT BAKE
seq_0101,ALIGN MASK LEVEL 2
seq_0101,EXPOSE LITHO LEVEL 2
seq_0101,DEVELOP PHOTORESIST
seq_0101,PATTERN INSPECTION LEVEL 2
seq_0101,HARD BAKE
seq_0101,POLYSILICON ETCH DRY
seq_0101,STRIP RESIST
seq_0101,CLEAN AFTER POLY ETCH
seq_0101,MEASURE CD LEVEL 2
seq_0101,IMPLANT N-TYPE
seq_0101,PRE ANNEAL CHECK
seq_0101,RAPID THERMAL ANNEAL
seq_0101,DEPOSIT INTERLEVEL DIELECTRIC
seq_0101,DENSIFY DIELECTRIC
seq_0101,MEASURE DIELECTRIC THICKNESS
seq_0101,CMP DIELECTRIC
seq_0101,MEASURE PLANARITY
seq_0101,SPIN COAT PHOTORESIST
seq_0101,SOFT BAKE
seq_0101,ALIGN MASK LEVEL 3
seq_0101,EXPOSE LITHO LEVEL 3
seq_0101,DEVELOP PHOTORESIST
seq_0101,VIA INSPECTION
seq_0101,VIA ETCH THROUGH DIELECTRIC
seq_0101,STRIP PHOTORESIST
seq_0101,CLEAN AFTER VIA ETCH
seq_0101,DEPOSIT BARRIER METAL
seq_0101,DEPOSIT TUNGSTEN SEED
seq_0101,FILL VIA TUNGSTEN
seq_0101,CMP VIA FILL
seq_0101,DEPOSIT TOP METAL
seq_0101,ANNEAL METAL
seq_0101,MEASURE METAL THICKNESS
seq_0101,SPIN COAT PHOTORESIST
seq_0101,SOFT BAKE
seq_0101,ALIGN MASK LEVEL 4
seq_0101,EXPOSE LITHO LEVEL 4
seq_0101,DEVELOP PHOTORESIST
seq_0101,METAL PATTERN INSPECTION
seq_0101,METAL ETCH DRY
seq_0101,STRIP PHOTORESIST
seq_0101,CLEAN AFTER METAL ETCH
seq_0101,MEASURE LINE WIDTH
seq_0101,DEPOSIT PASSIVATION
seq_0101,CURE PASSIVATION
seq_0101,MEASURE PASSIVATION THICKNESS
seq_0101,OPEN BOND PAD WINDOW
seq_0101,PAD WINDOW LITHO
seq_0101,DEVELOP PHOTORESIST
seq_0101,PASSIVATION ETCH
seq_0101,STRIP RESIST
seq_0101,CLEAN PAD OPENING
seq_0101,MEASURE PAD OPENING
seq_0101,BACKSIDE CLEAN
seq_0101,DEPOSIT BACKSIDE PROTECTION
seq_0101,BACKSIDE ANNEAL
seq_0101,FRONTSIDE CLEAN FINAL
seq_0101,FINAL CLEAN
seq_0101,FINAL THICKNESS MEASURE
seq_0101,FINAL OXIDE CHECK
seq_0101,FINAL PARTICLE INSPECTION
seq_0101,PARAMETRIC TEST
seq_0101,LEAKAGE TEST
seq_0101,SWITCHING TEST
seq_0101,WAFER SORT TEST
seq_0101,YIELD ANALYSIS
seq_0101,FINAL LOT RELEASE
seq_0101,SHIP LOT
seq_0102,RECEIVE WAFER LOT
seq_0102,LOT IDENTIFICATION
seq_0102,INITIAL WAFER INSPECTION
seq_0102,MEASURE SURFACE PARTICLES
seq_0102,WAFER CLEAN PRE PROCESS
seq_0102,BACKSIDE CLEAN
seq_0102,RCA CLEAN 1
seq_0102,WET CLEAN RCA2
seq_0102,HF DIP
seq_0102,DRY WAFER
seq_0102,WAFER CLEAN PRE-GRIND
seq_0102,GRINDING WAFER BACKSIDE
seq_0102,MEASURE GEOMETRY
seq_0102,ETCH WET BACKSIDE
seq_0102,RINSE WET WAFER_EDGE
seq_0102,DRY WAFER BACKSIDE
seq_0102,BACKSIDE CLEAN
seq_0102,MEASURE BACKSIDE ROUGHNESS
seq_0102,THERMAL OXIDATION
seq_0102,MEASURE OXIDE THICKNESS
seq_0102,RCA CLEAN 1
seq_0102,WET CLEAN RCA2
seq_0102,HF DIP
seq_0102,OXIDE STRIP
seq_0102,SURFACE PREP FOR DEPOSITION
seq_0102,DEPOSIT PAD OXIDE
seq_0102,ANNEAL OXIDE
seq_0102,MEASURE FILM THICKNESS
seq_0102,SPIN COAT PHOTORESIST
seq_0102,SOFT BAKE
seq_0102,ALIGN MASK LEVEL 1
seq_0102,EXPOSE LITHO LEVEL 1
seq_0102,POST EXPOSE BAKE
seq_0102,DEVELOP PHOTORESIST
seq_0102,INSPECT PATTERN LEVEL 1
seq_0102,HARD BAKE
seq_0102,OXIDE ETCH DRY
seq_0102,STRIP PHOTORESIST
seq_0102,CLEAN AFTER ETCH
seq_0102,MEASURE CD LEVEL 1
seq_0102,DEPOSIT POLYSILICON
seq_0102,ANNEAL POLYSILICON
seq_0102,SPIN COAT PHOTORESIST
seq_0102,SOFT BAKE
seq_0102,ALIGN MASK LEVEL 2
seq_0102,EXPOSE LITHO LEVEL 2
seq_0102,POST EXPOSE BAKE
seq_0102,DEVELOP PHOTORESIST
seq_0102,PATTERN INSPECTION LEVEL 2
seq_0102,POLYSILICON ETCH DRY
seq_0102,STRIP RESIST LEVEL 2
seq_0102,CLEAN AFTER POLY ETCH
seq_0102,MEASURE CD LEVEL 2
seq_0102,IMPLANT N-TYPE
seq_0102,RAPID THERMAL ANNEAL
seq_0102,DEPOSIT INTERLEVEL DIELECTRIC
seq_0102,DENSIFY OXIDE
seq_0102,MEASURE DIELECTRIC THICKNESS
seq_0102,CMP DIELECTRIC
seq_0102,MEASURE SURFACE PLANARITY
seq_0102,SPIN COAT PHOTORESIST
seq_0102,SOFT BAKE
seq_0102,ALIGN MASK LEVEL 3
seq_0102,EXPOSE LITHO LEVEL 3
seq_0102,DEVELOP PHOTORESIST
seq_0102,VIA INSPECTION
seq_0102,VIA ETCH THROUGH DIELECTRIC
seq_0102,STRIP RESIST
seq_0102,CLEAN AFTER VIA ETCH
seq_0102,DEPOSIT BARRIER METAL
seq_0102,DEPOSIT TUNGSTEN SEED
seq_0102,FILL VIA TUNGSTEN
seq_0102,CMP METAL
seq_0102,MEASURE CONTACT RESISTANCE
seq_0102,DEPOSIT TOP METAL
seq_0102,ANNEAL METAL 1
seq_0102,SPIN COAT PHOTORESIST
seq_0102,SOFT BAKE
seq_0102,ALIGN MASK LEVEL 4
seq_0102,EXPOSE LITHO LEVEL 4
seq_0102,POST EXPOSE BAKE
seq_0102,DEVELOP PHOTORESIST
seq_0102,METAL PATTERN INSPECTION
seq_0102,METAL ETCH DRY
seq_0102,STRIP PHOTORESIST
seq_0102,CLEAN AFTER METAL ETCH
seq_0102,DEPOSIT PASSIVATION LAYER
seq_0102,CURE PASSIVATION
seq_0102,MEASURE PASSIVATION QUALITY
seq_0102,OPEN PAD WINDOW
seq_0102,OPEN PAD WINDOW LITHO
seq_0102,DEVELOP PAD WINDOW
seq_0102,PASSIVATION ETCH
seq_0102,STRIP RESIST
seq_0102,CLEAN PAD OPENING
seq_0102,MEASURE PAD OPENING
seq_0102,BACKSIDE THINNING CHECK
seq_0102,BACKSIDE CLEAN
seq_0102,DEPOSIT BACKSIDE PROTECTION
seq_0102,BACKSIDE ANNEAL
seq_0102,FINAL CLEAN
seq_0102,FINAL THICKNESS MEASURE
seq_0102,FINAL GEOMETRY CHECK
seq_0102,FINAL CD INSPECTION
seq_0102,ELECTRICAL PARAMETRIC TEST
seq_0102,LEAKAGE TEST
seq_0102,THRESHOLD VOLTAGE TEST
seq_0102,SWITCHING TEST
seq_0102,WAFER SORT TEST
seq_0102,YIELD ANALYSIS
seq_0102,FINAL LOT RELEASE
seq_0102,PACKAGE PREPARATION
seq_0102,SHIP LOT
seq_0103,RECEIVE WAFER LOT
seq_0103,LOT IDENTIFICATION
seq_0103,PRE CLEAN INSPECTION
seq_0103,MEASURE INITIAL THICKNESS
seq_0103,MEASURE SURFACE DEFECTS
seq_0103,WAFER CLEAN PRE PROCESS
seq_0103,RCA CLEAN 1
seq_0103,RCA CLEAN 2
seq_0103,HF DIP
seq_0103,DRY WAFER
seq_0103,WAFER CLEAN PRE-GRIND
seq_0103,GRINDING WAFER BACKSIDE
seq_0103,MEASURE INITIAL GEOMETRY
seq_0103,ETCH WET BACKSIDE
seq_0103,RINSE WET WAFER_EDGE
seq_0103,DRY WAFER BACKSIDE
seq_0103,BACKSIDE CLEAN
seq_0103,MEASURE BACKSIDE ROUGHNESS
seq_0103,THERMAL OXIDATION
seq_0103,MEASURE OXIDE THICKNESS
seq_0103,RCA CLEAN 1
seq_0103,RCA CLEAN 2
seq_0103,HF DIP
seq_0103,OXIDE STRIP
seq_0103,SURFACE PREP FOR DEPOSITION
seq_0103,DEPOSIT PAD OXIDE
seq_0103,ANNEAL OXIDE
seq_0103,MEASURE OXIDE THICKNESS
seq_0103,SPIN COAT PHOTORESIST
seq_0103,SOFT BAKE
seq_0103,ALIGN MASK LEVEL 1
seq_0103,EXPOSE LITHO LEVEL 1
seq_0103,DEVELOP PHOTORESIST
seq_0103,INSPECT PATTERN LEVEL 1
seq_0103,HARD BAKE
seq_0103,OXIDE ETCH DRY
seq_0103,STRIP RESIST
seq_0103,CLEAN AFTER ETCH
seq_0103,MEASURE CD LEVEL 1
seq_0103,DEPOSIT POLYSILICON
seq_0103,ANNEAL POLYSILICON
seq_0103,SPIN COAT PHOTORESIST
seq_0103,SOFT BAKE
seq_0103,ALIGN MASK LEVEL 2
seq_0103,EXPOSE LITHO LEVEL 2
seq_0103,DEVELOP PHOTORESIST
seq_0103,PATTERN INSPECTION LEVEL 2
seq_0103,POLYSILICON ETCH DRY
seq_0103,STRIP RESIST LEVEL 2
seq_0103,CLEAN AFTER POLY ETCH
seq_0103,IMPLANT N-TYPE
seq_0103,PRE ANNEAL CHECK
seq_0103,RAPID THERMAL ANNEAL
seq_0103,DEPOSIT INTERLAYER DIELECTRIC
seq_0103,DENSIFY OXIDE
seq_0103,MEASURE FILM THICKNESS
seq_0103,CMP DIELECTRIC
seq_0103,MEASURE SURFACE PLANARITY
seq_0103,SPIN COAT PHOTORESIST
seq_0103,SOFT BAKE
seq_0103,ALIGN MASK LEVEL 3
seq_0103,EXPOSE LITHO LEVEL 3
seq_0103,POST EXPOSE BAKE
seq_0103,DEVELOP PHOTORESIST
seq_0103,VIA OPENING INSPECTION
seq_0103,VIA ETCH
seq_0103,STRIP PHOTORESIST
seq_0103,CLEAN AFTER VIA ETCH
seq_0103,MEASURE VIA CD
seq_0103,DEPOSIT BARRIER METAL
seq_0103,DEPOSIT TUNGSTEN SEED
seq_0103,FILL VIA TUNGSTEN
seq_0103,CMP VIA FILL
seq_0103,DEPOSIT TOP METAL
seq_0103,ANNEAL METAL 1
seq_0103,SPIN COAT PHOTORESIST
seq_0103,SOFT BAKE
seq_0103,ALIGN MASK LEVEL 4
seq_0103,EXPOSE LITHO LEVEL 4
seq_0103,DEVELOP PHOTORESIST
seq_0103,METAL PATTERN INSPECTION
seq_0103,METAL ETCH DRY
seq_0103,STRIP PHOTORESIST
seq_0103,CLEAN AFTER METAL ETCH
seq_0103,DEPOSIT PASSIVATION
seq_0103,CURE PASSIVATION
seq_0103,MEASURE PASSIVATION QUALITY
seq_0103,OPEN BOND PAD WINDOW
seq_0103,PAD WINDOW LITHO
seq_0103,DEVELOP PAD WINDOW
seq_0103,PASSIVATION ETCH PAD OPENING
seq_0103,STRIP RESIST
seq_0103,CLEAN PAD OPENING
seq_0103,MEASURE PAD OPENING
seq_0103,BACKSIDE THINNING CHECK
seq_0103,BACKSIDE CLEAN
seq_0103,DEPOSIT BACKSIDE PROTECTION
seq_0103,BACKSIDE ANNEAL
seq_0103,FRONTSIDE CLEAN FINAL
seq_0103,FINAL CLEAN
seq_0103,FINAL THICKNESS MEASURE
seq_0103,FINAL GEOMETRY CHECK
seq_0103,PARAMETRIC TEST
seq_0103,LEAKAGE TEST
seq_0103,SWITCHING TEST
seq_0103,WAFER SORT TEST
seq_0103,YIELD ANALYSIS
seq_0103,LOT RELEASE
seq_0103,PACKAGE PREPARATION
seq_0103,SHIP LOT
seq_0104,RECEIVE WAFER LOT
seq_0104,LOT IDENTIFICATION
seq_0104,PRE CLEAN INSPECTION
seq_0104,MEASURE INITIAL THICKNESS
seq_0104,MEASURE SURFACE PARTICLES
seq_0104,WAFER CLEAN PRE PROCESS
seq_0104,BACKSIDE CLEAN
seq_0104,WET CLEAN RCA1
seq_0104,WET CLEAN RCA2
seq_0104,HF DIP
seq_0104,DRY WAFER
seq_0104,WAFER CLEAN PRE-GRIND
seq_0104,GRINDING WAFER BACKSIDE
seq_0104,MEASURE GEOMETRY
seq_0104,ETCH WET BACKSIDE
seq_0104,RINSE WET WAFER_EDGE
seq_0104,DRY WAFER BACKSIDE
seq_0104,BACKSIDE CLEAN
seq_0104,MEASURE BACKSIDE ROUGHNESS
seq_0104,THERMAL OXIDATION
seq_0104,MEASURE OXIDE THICKNESS
seq_0104,WET CLEAN RCA1
seq_0104,WET CLEAN RCA2
seq_0104,HF DIP
seq_0104,OXIDE STRIP
seq_0104,SURFACE PREP FOR DEPOSITION
seq_0104,DEPOSIT PAD OXIDE
seq_0104,ANNEAL OXIDE
seq_0104,MEASURE FILM THICKNESS
seq_0104,SPIN COAT PHOTORESIST
seq_0104,SOFT BAKE
seq_0104,ALIGN MASK LEVEL 1
seq_0104,EXPOSE LITHO LEVEL 1
seq_0104,DEVELOP PHOTORESIST
seq_0104,INSPECT PATTERN LEVEL 1
seq_0104,HARD BAKE
seq_0104,OXIDE ETCH DRY
seq_0104,STRIP PHOTORESIST
seq_0104,CLEAN AFTER ETCH
seq_0104,MEASURE CD LEVEL 1
seq_0104,DEPOSIT POLYSILICON
seq_0104,ANNEAL POLYSILICON
seq_0104,SPIN COAT PHOTORESIST
seq_0104,SOFT BAKE
seq_0104,ALIGN MASK LEVEL 2
seq_0104,EXPOSE LITHO LEVEL 2
seq_0104,POST EXPOSE BAKE
seq_0104,DEVELOP PHOTORESIST
seq_0104,PATTERN INSPECTION LEVEL 2
seq_0104,POLYSILICON ETCH DRY
seq_0104,STRIP RESIST
seq_0104,CLEAN AFTER POLY ETCH
seq_0104,MEASURE CD LEVEL 2
seq_0104,IMPLANT N-TYPE
seq_0104,PRE ANNEAL CHECK
seq_0104,RAPID THERMAL ANNEAL
seq_0104,MEASURE SHEET RESISTANCE
seq_0104,DEPOSIT INTERLEVEL DIELECTRIC
seq_0104,DENSIFY OXIDE
seq_0104,MEASURE DIELECTRIC THICKNESS
seq_0104,CMP INTERLAYER DIELECTRIC
seq_0104,MEASURE SURFACE PLANARITY
seq_0104,SPIN COAT PHOTORESIST
seq_0104,SOFT BAKE
seq_0104,ALIGN MASK LEVEL 3
seq_0104,EXPOSE LITHO LEVEL 3
seq_0104,DEVELOP PHOTORESIST
seq_0104,VIA INSPECTION
seq_0104,HARD BAKE
seq_0104,DIELECTRIC ETCH VIA
seq_0104,STRIP RESIST
seq_0104,CLEAN AFTER VIA ETCH
seq_0104,DEPOSIT BARRIER METAL
seq_0104,DEPOSIT TUNGSTEN SEED
seq_0104,FILL VIA TUNGSTEN
seq_0104,CMP VIA FILL
seq_0104,MEASURE VIA RESISTANCE
seq_0104,DEPOSIT METAL 1
seq_0104,ANNEAL METAL 1
seq_0104,SPIN COAT PHOTORESIST
seq_0104,SOFT BAKE
seq_0104,ALIGN MASK LEVEL 4
seq_0104,EXPOSE LITHO LEVEL 4
seq_0104,DEVELOP PHOTORESIST
seq_0104,METAL PATTERN INSPECTION
seq_0104,METAL ETCH DRY
seq_0104,STRIP RESIST
seq_0104,CLEAN AFTER METAL ETCH
seq_0104,MEASURE LINE WIDTH
seq_0104,DEPOSIT PASSIVATION LAYER
seq_0104,CURE PASSIVATION
seq_0104,MEASURE PASSIVATION QUALITY
seq_0104,OPEN PAD WINDOW
seq_0104,OPEN PAD WINDOW LITHO
seq_0104,DEVELOP PHOTORESIST
seq_0104,PASSIVATION ETCH
seq_0104,STRIP RESIST
seq_0104,CLEAN PAD OPENING
seq_0104,MEASURE PAD OPENING
seq_0104,BACKSIDE THINNING CHECK
seq_0104,BACKSIDE CLEAN FINAL
seq_0104,DEPOSIT BACKSIDE PROTECTION
seq_0104,BACKSIDE ANNEAL
seq_0104,FRONTSIDE CLEAN FINAL
seq_0104,FINAL CLEAN
seq_0104,FINAL THICKNESS MEASURE
seq_0104,FINAL GEOMETRY CHECK
seq_0104,FINAL OXIDE CHECK
seq_0104,FINAL CD INSPECTION
seq_0104,FINAL PARTICLE INSPECTION
seq_0104,ELECTRICAL PARAMETRIC TEST
seq_0104,LEAKAGE TEST
seq_0104,PARAMETRIC TEST
seq_0104,SWITCHING TEST
seq_0104,WAFER SORT TEST
seq_0104,YIELD ANALYSIS
seq_0104,LOT RELEASE
seq_0104,SHIP LOT
seq_0105,RECEIVE WAFER LOT
seq_0105,LOT IDENTIFICATION
seq_0105,PRE CLEAN INSPECTION
seq_0105,MEASURE INITIAL THICKNESS
seq_0105,MEASURE SURFACE DEFECTS
seq_0105,WAFER CLEAN PRE PROCESS
seq_0105,WET CLEAN RCA1
seq_0105,WET CLEAN RCA2
seq_0105,HF DIP
seq_0105,WAFER CLEAN PRE-GRIND
seq_0105,GRINDING WAFER BACKSIDE
seq_0105,MEASURE GEOMETRY
seq_0105,ETCH WET BACKSIDE
seq_0105,RINSE WET WAFER_EDGE
seq_0105,DRY WAFER BACKSIDE
seq_0105,BACKSIDE CLEAN
seq_0105,MEASURE BACKSIDE ROUGHNESS
seq_0105,THERMAL OXIDATION
seq_0105,MEASURE OXIDE THICKNESS
seq_0105,RCA CLEAN 1
seq_0105,WET CLEAN RCA2
seq_0105,HF DIP
seq_0105,OXIDE STRIP
seq_0105,SURFACE PREP FOR DEPOSITION
seq_0105,DEPOSIT PAD OXIDE
seq_0105,ANNEAL OXIDE
seq_0105,MEASURE FILM THICKNESS
seq_0105,SPIN COAT PHOTORESIST
seq_0105,SOFT BAKE
seq_0105,ALIGN MASK LEVEL 1
seq_0105,EXPOSE LITHO LEVEL 1
seq_0105,DEVELOP PHOTORESIST
seq_0105,INSPECT PATTERN LEVEL 1
seq_0105,HARD BAKE
seq_0105,OXIDE ETCH DRY
seq_0105,STRIP RESIST
seq_0105,CLEAN AFTER ETCH
seq_0105,DEPOSIT POLYSILICON
seq_0105,ANNEAL POLYSILICON
seq_0105,SPIN COAT PHOTORESIST
seq_0105,SOFT BAKE
seq_0105,ALIGN MASK LEVEL 2
seq_0105,EXPOSE LITHO LEVEL 2
seq_0105,DEVELOP PHOTORESIST
seq_0105,PATTERN INSPECTION LEVEL 2
seq_0105,POLYSILICON ETCH DRY
seq_0105,STRIP RESIST
seq_0105,CLEAN AFTER POLY ETCH
seq_0105,MEASURE CD LEVEL 2
seq_0105,IMPLANT N-TYPE
seq_0105,PRE ANNEAL CHECK
seq_0105,RAPID THERMAL ANNEAL
seq_0105,MEASURE SHEET RESISTANCE
seq_0105,DEPOSIT INTERLAYER DIELECTRIC
seq_0105,DENSIFY OXIDE
seq_0105,MEASURE FILM THICKNESS
seq_0105,CMP DIELECTRIC
seq_0105,MEASURE SURFACE PLANARITY
seq_0105,SPIN COAT PHOTORESIST
seq_0105,SOFT BAKE
seq_0105,ALIGN MASK LEVEL 3
seq_0105,EXPOSE LITHO LEVEL 3
seq_0105,DEVELOP PHOTORESIST
seq_0105,VIA OPENING INSPECTION
seq_0105,VIA ETCH THROUGH DIELECTRIC
seq_0105,STRIP RESIST
seq_0105,CLEAN AFTER VIA ETCH
seq_0105,MEASURE VIA CD
seq_0105,DEPOSIT BARRIER METAL
seq_0105,DEPOSIT TUNGSTEN SEED
seq_0105,FILL VIA TUNGSTEN
seq_0105,CMP METAL
seq_0105,MEASURE CONTACT RESISTANCE
seq_0105,DEPOSIT TOP METAL
seq_0105,ANNEAL METAL 1
seq_0105,SPIN COAT PHOTORESIST
seq_0105,SOFT BAKE
seq_0105,ALIGN MASK LEVEL 4
seq_0105,EXPOSE LITHO LEVEL 4
seq_0105,DEVELOP PHOTORESIST
seq_0105,METAL PATTERN INSPECTION
seq_0105,METAL ETCH DRY
seq_0105,STRIP PHOTORESIST
seq_0105,CLEAN AFTER METAL ETCH
seq_0105,MEASURE LINE WIDTH
seq_0105,DEPOSIT PASSIVATION LAYER
seq_0105,CURE PASSIVATION
seq_0105,MEASURE PASSIVATION THICKNESS
seq_0105,OPEN BOND PAD WINDOW
seq_0105,PAD WINDOW LITHO
seq_0105,DEVELOP PHOTORESIST
seq_0105,PASSIVATION ETCH PAD OPENING
seq_0105,STRIP RESIST
seq_0105,CLEAN PAD OPENING
seq_0105,MEASURE PAD OPENING
seq_0105,BACKSIDE THINNING CHECK
seq_0105,BACKSIDE CLEAN
seq_0105,DEPOSIT BACKSIDE PROTECTION
seq_0105,BACKSIDE ANNEAL
seq_0105,FINAL CLEAN
seq_0105,FINAL THICKNESS MEASURE
seq_0105,FINAL GEOMETRY CHECK
seq_0105,FINAL OXIDE CHECK
seq_0105,FINAL PARTICLE INSPECTION
seq_0105,ELECTRICAL PARAMETRIC TEST
seq_0105,LEAKAGE TEST
seq_0105,PARAMETRIC TEST
seq_0105,SWITCHING TEST
seq_0105,WAFER SORT TEST
seq_0105,YIELD ANALYSIS
seq_0105,LOT RELEASE
seq_0105,SHIP LOT
seq_0106,RECEIVE WAFER LOT
seq_0106,LOT IDENTIFICATION
seq_0106,PRE CLEAN INSPECTION
seq_0106,MEASURE INITIAL THICKNESS
seq_0106,MEASURE SURFACE DEFECTS
seq_0106,WAFER CLEAN PRE PROCESS
seq_0106,FRONTSIDE CLEAN
seq_0106,RCA CLEAN 1
seq_0106,WET CLEAN RCA2
seq_0106,HF DIP
seq_0106,DRY WAFER
seq_0106,WAFER CLEAN PRE-GRIND
seq_0106,GRINDING WAFER BACKSIDE
seq_0106,MEASURE GEOMETRY
seq_0106,ETCH WET BACKSIDE
seq_0106,RINSE WET WAFER_EDGE
seq_0106,DRY WAFER BACKSIDE
seq_0106,BACKSIDE CLEAN
seq_0106,MEASURE BACKSIDE ROUGHNESS
seq_0106,THERMAL OXIDATION
seq_0106,MEASURE OXIDE THICKNESS
seq_0106,RCA CLEAN 1
seq_0106,WET CLEAN RCA2
seq_0106,HF DIP
seq_0106,OXIDE STRIP
seq_0106,SURFACE PREP FOR DEPOSITION
seq_0106,DEPOSIT PAD OXIDE
seq_0106,ANNEAL OXIDE
seq_0106,MEASURE FILM THICKNESS
seq_0106,SPIN COAT PHOTORESIST
seq_0106,SOFT BAKE
seq_0106,ALIGN MASK LEVEL 1
seq_0106,EXPOSE LITHO LEVEL 1
seq_0106,POST EXPOSE BAKE
seq_0106,DEVELOP PHOTORESIST
seq_0106,INSPECT PATTERN LEVEL 1
seq_0106,HARD BAKE
seq_0106,OXIDE ETCH DRY
seq_0106,STRIP RESIST
seq_0106,CLEAN AFTER ETCH
seq_0106,MEASURE CD LEVEL 1
seq_0106,DEPOSIT POLYSILICON
seq_0106,ANNEAL POLYSILICON
seq_0106,SPIN COAT PHOTORESIST
seq_0106,SOFT BAKE
seq_0106,ALIGN MASK LEVEL 2
seq_0106,EXPOSE LITHO LEVEL 2
seq_0106,DEVELOP PHOTORESIST
seq_0106,PATTERN INSPECTION LEVEL 2
seq_0106,POLYSILICON ETCH DRY
seq_0106,STRIP RESIST
seq_0106,CLEAN AFTER POLY ETCH
seq_0106,MEASURE CD LEVEL 2
seq_0106,IMPLANT N-TYPE
seq_0106,RAPID THERMAL ANNEAL
seq_0106,MEASURE SHEET RESISTANCE
seq_0106,DEPOSIT INTERLAYER DIELECTRIC
seq_0106,DENSIFY OXIDE
seq_0106,MEASURE DIELECTRIC THICKNESS
seq_0106,CMP DIELECTRIC
seq_0106,MEASURE PLANARITY
seq_0106,SPIN COAT PHOTORESIST
seq_0106,SOFT BAKE
seq_0106,ALIGN MASK LEVEL 3
seq_0106,EXPOSE LITHO LEVEL 3
seq_0106,DEVELOP PHOTORESIST
seq_0106,VIA INSPECTION
seq_0106,DIELECTRIC ETCH VIA
seq_0106,STRIP PHOTORESIST
seq_0106,CLEAN AFTER VIA ETCH
seq_0106,MEASURE VIA CD
seq_0106,DEPOSIT BARRIER METAL
seq_0106,DEPOSIT TUNGSTEN SEED
seq_0106,FILL VIA TUNGSTEN
seq_0106,CMP VIA FILL
seq_0106,DEPOSIT METAL 1
seq_0106,ANNEAL METAL
seq_0106,MEASURE METAL THICKNESS
seq_0106,SPIN COAT PHOTORESIST
seq_0106,SOFT BAKE
seq_0106,ALIGN MASK LEVEL 4
seq_0106,EXPOSE LITHO LEVEL 4
seq_0106,DEVELOP PHOTORESIST
seq_0106,METAL PATTERN INSPECTION
seq_0106,HARD BAKE
seq_0106,METAL ETCH DRY
seq_0106,STRIP PHOTORESIST
seq_0106,CLEAN AFTER METAL ETCH
seq_0106,MEASURE LINE WIDTH
seq_0106,DEPOSIT PASSIVATION
seq_0106,CURE PASSIVATION
seq_0106,MEASURE PASSIVATION THICKNESS
seq_0106,OPEN BOND PAD WINDOW
seq_0106,OPEN PAD WINDOW LITHO
seq_0106,DEVELOP PHOTORESIST
seq_0106,PASSIVATION ETCH PAD OPENING
seq_0106,STRIP RESIST
seq_0106,CLEAN PAD OPENING
seq_0106,MEASURE PAD OPENING
seq_0106,BACKSIDE THINNING CHECK
seq_0106,BACKSIDE CLEAN FINAL
seq_0106,DEPOSIT BACKSIDE PROTECTION
seq_0106,BACKSIDE ANNEAL
seq_0106,FINAL CLEAN
seq_0106,FINAL THICKNESS MEASURE
seq_0106,FINAL GEOMETRY CHECK
seq_0106,FINAL OXIDE CHECK
seq_0106,FINAL CD INSPECTION
seq_0106,FINAL PARTICLE INSPECTION
seq_0106,FINAL ELECTRICAL TEST PREP
seq_0106,PARAMETRIC TEST
seq_0106,LEAKAGE TEST
seq_0106,THRESHOLD VOLTAGE TEST
seq_0106,SWITCHING TEST
seq_0106,WAFER SORT TEST
seq_0106,YIELD ANALYSIS
seq_0106,FINAL LOT RELEASE
seq_0106,PACKAGE PREPARATION
seq_0106,SHIP LOT
seq_0107,RECEIVE WAFER LOT
seq_0107,LOT IDENTIFICATION
seq_0107,INITIAL WAFER INSPECTION
seq_0107,MEASURE SURFACE PARTICLES
seq_0107,WAFER CLEAN PRE PROCESS
seq_0107,FRONTSIDE CLEAN
seq_0107,RCA CLEAN 1
seq_0107,RCA CLEAN 2
seq_0107,HF DIP
seq_0107,DRY WAFER
seq_0107,WAFER CLEAN PRE-GRIND
seq_0107,GRINDING WAFER BACKSIDE
seq_0107,MEASURE GEOMETRY
seq_0107,ETCH WET BACKSIDE
seq_0107,RINSE WET WAFER_EDGE
seq_0107,DRY WAFER BACKSIDE
seq_0107,BACKSIDE CLEAN
seq_0107,MEASURE BACKSIDE ROUGHNESS
seq_0107,THERMAL OXIDATION
seq_0107,MEASURE OXIDE THICKNESS
seq_0107,RCA CLEAN 1
seq_0107,RCA CLEAN 2
seq_0107,HF DIP
seq_0107,OXIDE STRIP
seq_0107,SURFACE PREP FOR DEPOSITION
seq_0107,DEPOSIT PAD OXIDE
seq_0107,ANNEAL OXIDE
seq_0107,MEASURE OXIDE THICKNESS
seq_0107,SPIN COAT PHOTORESIST
seq_0107,SOFT BAKE
seq_0107,ALIGN MASK LEVEL 1
seq_0107,EXPOSE LITHO LEVEL 1
seq_0107,DEVELOP PHOTORESIST
seq_0107,INSPECT PATTERN LEVEL 1
seq_0107,HARD BAKE
seq_0107,OXIDE ETCH DRY
seq_0107,STRIP PHOTORESIST
seq_0107,CLEAN AFTER ETCH
seq_0107,MEASURE CD LEVEL 1
seq_0107,DEPOSIT POLYSILICON
seq_0107,ANNEAL POLYSILICON
seq_0107,SPIN COAT PHOTORESIST
seq_0107,SOFT BAKE
seq_0107,ALIGN MASK LEVEL 2
seq_0107,EXPOSE LITHO LEVEL 2
seq_0107,DEVELOP PHOTORESIST
seq_0107,PATTERN INSPECTION LEVEL 2
seq_0107,POLYSILICON ETCH DRY
seq_0107,STRIP RESIST
seq_0107,CLEAN AFTER POLY ETCH
seq_0107,MEASURE CD LEVEL 2
seq_0107,IMPLANT N-TYPE
seq_0107,PRE ANNEAL CHECK
seq_0107,RAPID THERMAL ANNEAL
seq_0107,MEASURE SHEET RESISTANCE
seq_0107,DEPOSIT INTERLAYER DIELECTRIC
seq_0107,DENSIFY DIELECTRIC
seq_0107,MEASURE FILM THICKNESS
seq_0107,CMP INTERLAYER DIELECTRIC
seq_0107,MEASURE SURFACE PLANARITY
seq_0107,SPIN COAT PHOTORESIST
seq_0107,SOFT BAKE
seq_0107,ALIGN MASK LEVEL 3
seq_0107,EXPOSE LITHO LEVEL 3
seq_0107,POST EXPOSE BAKE
seq_0107,DEVELOP PHOTORESIST
seq_0107,VIA OPENING INSPECTION
seq_0107,VIA ETCH THROUGH DIELECTRIC
seq_0107,STRIP PHOTORESIST
seq_0107,CLEAN AFTER VIA ETCH
seq_0107,MEASURE VIA CD
seq_0107,DEPOSIT BARRIER METAL
seq_0107,DEPOSIT TUNGSTEN SEED
seq_0107,FILL VIA TUNGSTEN
seq_0107,CMP METAL
seq_0107,MEASURE CONTACT RESISTANCE
seq_0107,DEPOSIT TOP METAL
seq_0107,ANNEAL METAL 1
seq_0107,SPIN COAT PHOTORESIST
seq_0107,SOFT BAKE
seq_0107,ALIGN MASK LEVEL 4
seq_0107,EXPOSE LITHO LEVEL 4
seq_0107,DEVELOP PHOTORESIST
seq_0107,METAL PATTERN INSPECTION
seq_0107,METAL ETCH DRY
seq_0107,STRIP PHOTORESIST
seq_0107,CLEAN AFTER METAL ETCH
seq_0107,MEASURE LINE WIDTH
seq_0107,DEPOSIT PASSIVATION LAYER
seq_0107,CURE PASSIVATION
seq_0107,MEASURE PASSIVATION THICKNESS
seq_0107,OPEN PAD WINDOW
seq_0107,OPEN PAD WINDOW LITHO
seq_0107,DEVELOP PHOTORESIST
seq_0107,PASSIVATION ETCH
seq_0107,STRIP RESIST
seq_0107,CLEAN PAD OPENING
seq_0107,MEASURE PAD OPENING
seq_0107,BACKSIDE THINNING CHECK
seq_0107,BACKSIDE CLEAN
seq_0107,DEPOSIT BACKSIDE PROTECTION
seq_0107,BACKSIDE ANNEAL
seq_0107,FINAL CLEAN
seq_0107,FINAL THICKNESS MEASURE
seq_0107,FINAL GEOMETRY CHECK
seq_0107,FINAL CD INSPECTION
seq_0107,FINAL ELECTRICAL TEST PREP
seq_0107,PARAMETRIC TEST
seq_0107,LEAKAGE TEST
seq_0107,SWITCHING TEST
seq_0107,WAFER SORT TEST
seq_0107,YIELD ANALYSIS
seq_0107,FINAL LOT RELEASE
seq_0107,SHIP LOT
seq_0108,RECEIVE WAFER LOT
seq_0108,LOT IDENTIFICATION
seq_0108,INITIAL WAFER INSPECTION
seq_0108,MEASURE INITIAL GEOMETRY
seq_0108,MEASURE SURFACE PARTICLES
seq_0108,WAFER CLEAN PRE PROCESS
seq_0108,FRONTSIDE CLEAN
seq_0108,WET CLEAN RCA1
seq_0108,RCA CLEAN 2
seq_0108,HF DIP
seq_0108,DRY WAFER
seq_0108,WAFER CLEAN PRE-GRIND
seq_0108,GRINDING WAFER BACKSIDE
seq_0108,MEASURE GEOMETRY
seq_0108,ETCH WET BACKSIDE
seq_0108,RINSE WET WAFER_EDGE
seq_0108,DRY WAFER BACKSIDE
seq_0108,BACKSIDE CLEAN
seq_0108,MEASURE BACKSIDE ROUGHNESS
seq_0108,THERMAL OXIDATION
seq_0108,MEASURE OXIDE THICKNESS
seq_0108,WET CLEAN RCA1
seq_0108,RCA CLEAN 2
seq_0108,HF DIP
seq_0108,OXIDE STRIP
seq_0108,SURFACE PREP FOR DEPOSITION
seq_0108,DEPOSIT PAD OXIDE
seq_0108,ANNEAL OXIDE
seq_0108,MEASURE OXIDE THICKNESS
seq_0108,SPIN COAT PHOTORESIST
seq_0108,SOFT BAKE
seq_0108,ALIGN MASK LEVEL 1
seq_0108,EXPOSE LITHO LEVEL 1
seq_0108,POST EXPOSE BAKE
seq_0108,DEVELOP PHOTORESIST
seq_0108,INSPECT PATTERN LEVEL 1
seq_0108,HARD BAKE
seq_0108,OXIDE ETCH DRY
seq_0108,STRIP RESIST
seq_0108,CLEAN AFTER ETCH
seq_0108,MEASURE CD LEVEL 1
seq_0108,DEPOSIT POLYSILICON
seq_0108,ANNEAL POLYSILICON
seq_0108,SPIN COAT PHOTORESIST
seq_0108,SOFT BAKE
seq_0108,ALIGN MASK LEVEL 2
seq_0108,EXPOSE LITHO LEVEL 2
seq_0108,DEVELOP PHOTORESIST
seq_0108,PATTERN INSPECTION LEVEL 2
seq_0108,HARD BAKE
seq_0108,POLYSILICON ETCH DRY
seq_0108,STRIP RESIST LEVEL 2
seq_0108,CLEAN AFTER POLY ETCH
seq_0108,MEASURE CD LEVEL 2
seq_0108,IMPLANT N-TYPE
seq_0108,RAPID THERMAL ANNEAL
seq_0108,MEASURE SHEET RESISTANCE
seq_0108,DEPOSIT INTERLAYER DIELECTRIC
seq_0108,DENSIFY DIELECTRIC
seq_0108,MEASURE DIELECTRIC THICKNESS
seq_0108,CMP DIELECTRIC
seq_0108,MEASURE PLANARITY
seq_0108,SPIN COAT PHOTORESIST
seq_0108,SOFT BAKE
seq_0108,ALIGN MASK LEVEL 3
seq_0108,EXPOSE LITHO LEVEL 3
seq_0108,POST EXPOSE BAKE
seq_0108,DEVELOP PHOTORESIST
seq_0108,VIA OPENING INSPECTION
seq_0108,VIA ETCH THROUGH DIELECTRIC
seq_0108,STRIP RESIST
seq_0108,CLEAN AFTER VIA ETCH
seq_0108,MEASURE VIA CD
seq_0108,DEPOSIT BARRIER METAL
seq_0108,DEPOSIT TUNGSTEN SEED
seq_0108,FILL VIA TUNGSTEN
seq_0108,CMP METAL
seq_0108,DEPOSIT METAL 1
seq_0108,ANNEAL METAL
seq_0108,SPIN COAT PHOTORESIST
seq_0108,SOFT BAKE
seq_0108,ALIGN MASK LEVEL 4
seq_0108,EXPOSE LITHO LEVEL 4
seq_0108,POST EXPOSE BAKE
seq_0108,DEVELOP PHOTORESIST
seq_0108,METAL PATTERN INSPECTION
seq_0108,HARD BAKE
seq_0108,METAL ETCH DRY
seq_0108,STRIP RESIST
seq_0108,CLEAN AFTER METAL ETCH
seq_0108,MEASURE LINE WIDTH
seq_0108,DEPOSIT PASSIVATION LAYER
seq_0108,CURE PASSIVATION
seq_0108,MEASURE PASSIVATION THICKNESS
seq_0108,OPEN PAD WINDOW
seq_0108,OPEN PAD WINDOW LITHO
seq_0108,DEVELOP PHOTORESIST
seq_0108,PASSIVATION ETCH
seq_0108,STRIP PHOTORESIST
seq_0108,CLEAN PAD OPENING
seq_0108,MEASURE PAD OPENING
seq_0108,BACKSIDE CLEAN FINAL
seq_0108,DEPOSIT BACKSIDE PROTECTION
seq_0108,BACKSIDE ANNEAL
seq_0108,FRONTSIDE CLEAN FINAL
seq_0108,FINAL CLEAN
seq_0108,FINAL THICKNESS MEASURE
seq_0108,FINAL GEOMETRY CHECK
seq_0108,FINAL OXIDE CHECK
seq_0108,FINAL CD INSPECTION
seq_0108,FINAL PARTICLE INSPECTION
seq_0108,ELECTRICAL PARAMETRIC TEST
seq_0108,LEAKAGE TEST
seq_0108,PARAMETRIC TEST
seq_0108,SWITCHING TEST
seq_0108,WAFER SORT TEST
seq_0108,YIELD ANALYSIS
seq_0108,FINAL LOT RELEASE
seq_0108,PACKAGE PREPARATION
seq_0108,SHIP LOT
seq_0109,RECEIVE WAFER LOT
seq_0109,LOT IDENTIFICATION
seq_0109,PRE CLEAN INSPECTION
seq_0109,MEASURE INITIAL THICKNESS
seq_0109,MEASURE SURFACE PARTICLES
seq_0109,WAFER CLEAN PRE PROCESS
seq_0109,BACKSIDE CLEAN
seq_0109,RCA CLEAN 1
seq_0109,RCA CLEAN 2
seq_0109,HF DIP
seq_0109,DRY WAFER
seq_0109,WAFER CLEAN PRE-GRIND
seq_0109,GRINDING WAFER BACKSIDE
seq_0109,MEASURE GEOMETRY
seq_0109,ETCH WET BACKSIDE
seq_0109,RINSE WET WAFER_EDGE
seq_0109,DRY WAFER BACKSIDE
seq_0109,BACKSIDE CLEAN
seq_0109,MEASURE BACKSIDE ROUGHNESS
seq_0109,THERMAL OXIDATION
seq_0109,MEASURE OXIDE THICKNESS
seq_0109,RCA CLEAN 1
seq_0109,RCA CLEAN 2
seq_0109,HF DIP
seq_0109,OXIDE STRIP
seq_0109,SURFACE PREP FOR DEPOSITION
seq_0109,DEPOSIT PAD OXIDE
seq_0109,ANNEAL OXIDE
seq_0109,MEASURE FILM THICKNESS
seq_0109,SPIN COAT PHOTORESIST
seq_0109,SOFT BAKE
seq_0109,ALIGN MASK LEVEL 1
seq_0109,EXPOSE LITHO LEVEL 1
seq_0109,DEVELOP PHOTORESIST
seq_0109,INSPECT PATTERN LEVEL 1
seq_0109,HARD BAKE
seq_0109,OXIDE ETCH DRY
seq_0109,STRIP PHOTORESIST
seq_0109,CLEAN AFTER ETCH
seq_0109,DEPOSIT POLYSILICON
seq_0109,ANNEAL POLYSILICON
seq_0109,SPIN COAT PHOTORESIST
seq_0109,SOFT BAKE
seq_0109,ALIGN MASK LEVEL 2
seq_0109,EXPOSE LITHO LEVEL 2
seq_0109,POST EXPOSE BAKE
seq_0109,DEVELOP PHOTORESIST
seq_0109,PATTERN INSPECTION LEVEL 2
seq_0109,POLYSILICON ETCH DRY
seq_0109,STRIP RESIST
seq_0109,CLEAN AFTER POLY ETCH
seq_0109,MEASURE CD LEVEL 2
seq_0109,IMPLANT N-TYPE
seq_0109,RAPID THERMAL ANNEAL
seq_0109,MEASURE SHEET RESISTANCE
seq_0109,DEPOSIT INTERLAYER DIELECTRIC
seq_0109,DENSIFY OXIDE
seq_0109,MEASURE DIELECTRIC THICKNESS
seq_0109,CMP INTERLAYER DIELECTRIC
seq_0109,MEASURE PLANARITY
seq_0109,SPIN COAT PHOTORESIST
seq_0109,SOFT BAKE
seq_0109,ALIGN MASK LEVEL 3
seq_0109,EXPOSE LITHO LEVEL 3
seq_0109,DEVELOP PHOTORESIST
seq_0109,VIA INSPECTION
seq_0109,DIELECTRIC ETCH VIA
seq_0109,STRIP RESIST
seq_0109,CLEAN AFTER VIA ETCH
seq_0109,MEASURE VIA CD
seq_0109,DEPOSIT BARRIER METAL
seq_0109,DEPOSIT TUNGSTEN SEED
seq_0109,FILL VIA TUNGSTEN
seq_0109,CMP VIA FILL
seq_0109,MEASURE CONTACT RESISTANCE
seq_0109,DEPOSIT TOP METAL
seq_0109,ANNEAL METAL
seq_0109,SPIN COAT PHOTORESIST
seq_0109,SOFT BAKE
seq_0109,ALIGN MASK LEVEL 4
seq_0109,EXPOSE LITHO LEVEL 4
seq_0109,DEVELOP PHOTORESIST
seq_0109,METAL PATTERN INSPECTION
seq_0109,METAL ETCH DRY
seq_0109,STRIP PHOTORESIST
seq_0109,CLEAN AFTER METAL ETCH
seq_0109,DEPOSIT PASSIVATION
seq_0109,CURE PASSIVATION
seq_0109,MEASURE PASSIVATION THICKNESS
seq_0109,OPEN BOND PAD WINDOW
seq_0109,OPEN PAD WINDOW LITHO
seq_0109,DEVELOP PHOTORESIST
seq_0109,PASSIVATION ETCH
seq_0109,STRIP PHOTORESIST
seq_0109,CLEAN PAD OPENING
seq_0109,MEASURE PAD OPENING
seq_0109,BACKSIDE THINNING CHECK
seq_0109,BACKSIDE CLEAN FINAL
seq_0109,DEPOSIT BACKSIDE PROTECTION
seq_0109,BACKSIDE ANNEAL
seq_0109,FINAL CLEAN
seq_0109,FINAL THICKNESS MEASURE
seq_0109,FINAL GEOMETRY CHECK
seq_0109,FINAL CD INSPECTION
seq_0109,PARAMETRIC TEST
seq_0109,LEAKAGE TEST
seq_0109,SWITCHING TEST
seq_0109,WAFER SORT TEST
seq_0109,YIELD ANALYSIS
seq_0109,LOT RELEASE
seq_0109,PACKAGE PREPARATION
seq_0109,SHIP LOT
seq_0110,RECEIVE WAFER LOT
seq_0110,LOT IDENTIFICATION
seq_0110,INITIAL WAFER INSPECTION
seq_0110,MEASURE INITIAL THICKNESS
seq_0110,MEASURE SURFACE DEFECTS
seq_0110,WAFER CLEAN PRE PROCESS
seq_0110,BACKSIDE CLEAN
seq_0110,RCA CLEAN 1
seq_0110,RCA CLEAN 2
seq_0110,HF DIP
seq_0110,WAFER CLEAN PRE-GRIND
seq_0110,GRINDING WAFER BACKSIDE
seq_0110,MEASURE INITIAL GEOMETRY
seq_0110,ETCH WET BACKSIDE
seq_0110,RINSE WET WAFER_EDGE
seq_0110,DRY WAFER BACKSIDE
seq_0110,BACKSIDE CLEAN
seq_0110,MEASURE BACKSIDE ROUGHNESS
seq_0110,THERMAL OXIDATION
seq_0110,MEASURE OXIDE THICKNESS
seq_0110,WET CLEAN RCA1
seq_0110,RCA CLEAN 2
seq_0110,HF DIP
seq_0110,OXIDE STRIP
seq_0110,SURFACE PREP FOR DEPOSITION
seq_0110,DEPOSIT PAD OXIDE
seq_0110,ANNEAL OXIDE
seq_0110,MEASURE FILM THICKNESS
seq_0110,SPIN COAT PHOTORESIST
seq_0110,SOFT BAKE
seq_0110,ALIGN MASK LEVEL 1
seq_0110,EXPOSE LITHO LEVEL 1
seq_0110,POST EXPOSE BAKE
seq_0110,DEVELOP PHOTORESIST
seq_0110,INSPECT PATTERN LEVEL 1
seq_0110,HARD BAKE
seq_0110,OXIDE ETCH DRY
seq_0110,STRIP RESIST
seq_0110,CLEAN AFTER ETCH
seq_0110,MEASURE CD LEVEL 1
seq_0110,DEPOSIT POLYSILICON
seq_0110,ANNEAL POLYSILICON
seq_0110,SPIN COAT PHOTORESIST
seq_0110,SOFT BAKE
seq_0110,ALIGN MASK LEVEL 2
seq_0110,EXPOSE LITHO LEVEL 2
seq_0110,POST EXPOSE BAKE
seq_0110,DEVELOP PHOTORESIST
seq_0110,PATTERN INSPECTION LEVEL 2
seq_0110,HARD BAKE
seq_0110,POLYSILICON ETCH DRY
seq_0110,STRIP RESIST LEVEL 2
seq_0110,CLEAN AFTER POLY ETCH
seq_0110,IMPLANT N-TYPE
seq_0110,RAPID THERMAL ANNEAL
seq_0110,MEASURE SHEET RESISTANCE
seq_0110,DEPOSIT INTERLAYER DIELECTRIC
seq_0110,DENSIFY OXIDE
seq_0110,MEASURE FILM THICKNESS
seq_0110,CMP DIELECTRIC
seq_0110,MEASURE PLANARITY
seq_0110,SPIN COAT PHOTORESIST
seq_0110,SOFT BAKE
seq_0110,ALIGN MASK LEVEL 3
seq_0110,EXPOSE LITHO LEVEL 3
seq_0110,DEVELOP PHOTORESIST
seq_0110,VIA OPENING INSPECTION
seq_0110,HARD BAKE
seq_0110,VIA ETCH
seq_0110,STRIP RESIST
seq_0110,CLEAN AFTER VIA ETCH
seq_0110,MEASURE VIA CD
seq_0110,DEPOSIT BARRIER METAL
seq_0110,DEPOSIT TUNGSTEN SEED
seq_0110,FILL VIA TUNGSTEN
seq_0110,CMP METAL
seq_0110,MEASURE VIA RESISTANCE
seq_0110,DEPOSIT TOP METAL
seq_0110,ANNEAL METAL
seq_0110,MEASURE METAL THICKNESS
seq_0110,SPIN COAT PHOTORESIST
seq_0110,SOFT BAKE
seq_0110,ALIGN MASK LEVEL 4
seq_0110,EXPOSE LITHO LEVEL 4
seq_0110,DEVELOP PHOTORESIST
seq_0110,METAL PATTERN INSPECTION
seq_0110,HARD BAKE
seq_0110,METAL ETCH DRY
seq_0110,STRIP RESIST
seq_0110,CLEAN AFTER METAL ETCH
seq_0110,MEASURE LINE WIDTH
seq_0110,DEPOSIT PASSIVATION LAYER
seq_0110,CURE PASSIVATION
seq_0110,MEASURE PASSIVATION QUALITY
seq_0110,OPEN PAD WINDOW
seq_0110,OPEN PAD WINDOW LITHO
seq_0110,DEVELOP PHOTORESIST
seq_0110,PASSIVATION ETCH
seq_0110,STRIP PHOTORESIST
seq_0110,CLEAN PAD OPENING
seq_0110,MEASURE PAD OPENING
seq_0110,BACKSIDE THINNING CHECK
seq_0110,BACKSIDE CLEAN FINAL
seq_0110,DEPOSIT BACKSIDE PROTECTION
seq_0110,BACKSIDE ANNEAL
seq_0110,FRONTSIDE CLEAN FINAL
seq_0110,FINAL CLEAN
seq_0110,FINAL THICKNESS MEASURE
seq_0110,FINAL GEOMETRY CHECK
seq_0110,FINAL OXIDE CHECK
seq_0110,FINAL PARTICLE INSPECTION
seq_0110,ELECTRICAL PARAMETRIC TEST
seq_0110,LEAKAGE TEST
seq_0110,THRESHOLD VOLTAGE TEST
seq_0110,SWITCHING TEST
seq_0110,WAFER SORT TEST
seq_0110,YIELD ANALYSIS
seq_0110,FINAL LOT RELEASE
seq_0110,PACKAGE PREPARATION
seq_0110,SHIP LOT
seq_0111,RECEIVE WAFER LOT
seq_0111,LOT IDENTIFICATION
seq_0111,PRE CLEAN INSPECTION
seq_0111,MEASURE INITIAL THICKNESS
seq_0111,WAFER CLEAN PRE PROCESS
seq_0111,BACKSIDE CLEAN
seq_0111,RCA CLEAN 1
seq_0111,RCA CLEAN 2
seq_0111,HF DIP
seq_0111,DRY WAFER
seq_0111,WAFER CLEAN PRE-GRIND
seq_0111,GRINDING WAFER BACKSIDE
seq_0111,MEASURE GEOMETRY
seq_0111,ETCH WET BACKSIDE
seq_0111,RINSE WET WAFER_EDGE
seq_0111,DRY WAFER BACKSIDE
seq_0111,BACKSIDE CLEAN
seq_0111,MEASURE BACKSIDE ROUGHNESS
seq_0111,THERMAL OXIDATION
seq_0111,MEASURE OXIDE THICKNESS
seq_0111,WET CLEAN RCA1
seq_0111,RCA CLEAN 2
seq_0111,HF DIP
seq_0111,OXIDE STRIP
seq_0111,SURFACE PREP FOR DEPOSITION
seq_0111,DEPOSIT PAD OXIDE
seq_0111,ANNEAL OXIDE
seq_0111,MEASURE OXIDE THICKNESS
seq_0111,SPIN COAT PHOTORESIST
seq_0111,SOFT BAKE
seq_0111,ALIGN MASK LEVEL 1
seq_0111,EXPOSE LITHO LEVEL 1
seq_0111,DEVELOP PHOTORESIST
seq_0111,INSPECT PATTERN LEVEL 1
seq_0111,HARD BAKE
seq_0111,OXIDE ETCH DRY
seq_0111,STRIP PHOTORESIST
seq_0111,CLEAN AFTER ETCH
seq_0111,DEPOSIT POLYSILICON
seq_0111,ANNEAL POLYSILICON
seq_0111,SPIN COAT PHOTORESIST
seq_0111,SOFT BAKE
seq_0111,ALIGN MASK LEVEL 2
seq_0111,EXPOSE LITHO LEVEL 2
seq_0111,POST EXPOSE BAKE
seq_0111,DEVELOP PHOTORESIST
seq_0111,PATTERN INSPECTION LEVEL 2
seq_0111,HARD BAKE
seq_0111,POLYSILICON ETCH DRY
seq_0111,STRIP RESIST LEVEL 2
seq_0111,CLEAN AFTER POLY ETCH
seq_0111,MEASURE CD LEVEL 2
seq_0111,IMPLANT N-TYPE
seq_0111,PRE ANNEAL CHECK
seq_0111,RAPID THERMAL ANNEAL
seq_0111,MEASURE SHEET RESISTANCE
seq_0111,DEPOSIT INTERLEVEL DIELECTRIC
seq_0111,DENSIFY DIELECTRIC
seq_0111,MEASURE DIELECTRIC THICKNESS
seq_0111,CMP DIELECTRIC
seq_0111,MEASURE SURFACE PLANARITY
seq_0111,SPIN COAT PHOTORESIST
seq_0111,SOFT BAKE
seq_0111,ALIGN MASK LEVEL 3
seq_0111,EXPOSE LITHO LEVEL 3
seq_0111,DEVELOP PHOTORESIST
seq_0111,VIA OPENING INSPECTION
seq_0111,DIELECTRIC ETCH VIA
seq_0111,STRIP PHOTORESIST
seq_0111,CLEAN AFTER VIA ETCH
seq_0111,MEASURE VIA CD
seq_0111,DEPOSIT BARRIER METAL
seq_0111,DEPOSIT TUNGSTEN SEED
seq_0111,FILL VIA TUNGSTEN
seq_0111,CMP METAL
seq_0111,MEASURE CONTACT RESISTANCE
seq_0111,DEPOSIT METAL 1
seq_0111,ANNEAL METAL
seq_0111,MEASURE METAL THICKNESS
seq_0111,SPIN COAT PHOTORESIST
seq_0111,SOFT BAKE
seq_0111,ALIGN MASK LEVEL 4
seq_0111,EXPOSE LITHO LEVEL 4
seq_0111,DEVELOP PHOTORESIST
seq_0111,METAL PATTERN INSPECTION
seq_0111,METAL ETCH DRY
seq_0111,STRIP PHOTORESIST
seq_0111,CLEAN AFTER METAL ETCH
seq_0111,MEASURE LINE WIDTH
seq_0111,DEPOSIT PASSIVATION
seq_0111,CURE PASSIVATION
seq_0111,MEASURE PASSIVATION THICKNESS
seq_0111,OPEN BOND PAD WINDOW
seq_0111,OPEN PAD WINDOW LITHO
seq_0111,DEVELOP PAD WINDOW
seq_0111,PASSIVATION ETCH
seq_0111,STRIP PHOTORESIST
seq_0111,CLEAN PAD OPENING
seq_0111,MEASURE PAD OPENING
seq_0111,BACKSIDE CLEAN FINAL
seq_0111,DEPOSIT BACKSIDE PROTECTION
seq_0111,BACKSIDE ANNEAL
seq_0111,FINAL CLEAN
seq_0111,FINAL THICKNESS MEASURE
seq_0111,FINAL GEOMETRY CHECK
seq_0111,FINAL OXIDE CHECK
seq_0111,FINAL CD INSPECTION
seq_0111,FINAL PARTICLE INSPECTION
seq_0111,FINAL ELECTRICAL TEST PREP
seq_0111,ELECTRICAL PARAMETRIC TEST
seq_0111,LEAKAGE TEST
seq_0111,PARAMETRIC TEST
seq_0111,SWITCHING TEST
seq_0111,WAFER SORT TEST
seq_0111,YIELD ANALYSIS
seq_0111,LOT RELEASE
seq_0111,SHIP LOT
seq_0112,RECEIVE WAFER LOT
seq_0112,LOT IDENTIFICATION
seq_0112,INITIAL WAFER INSPECTION
seq_0112,MEASURE INITIAL GEOMETRY
seq_0112,MEASURE SURFACE PARTICLES
seq_0112,WAFER CLEAN PRE PROCESS
seq_0112,FRONTSIDE CLEAN
seq_0112,WET CLEAN RCA1
seq_0112,WET CLEAN RCA2
seq_0112,HF DIP
seq_0112,WAFER CLEAN PRE-GRIND
seq_0112,GRINDING WAFER BACKSIDE
seq_0112,MEASURE GEOMETRY
seq_0112,ETCH WET BACKSIDE
seq_0112,RINSE WET WAFER_EDGE
seq_0112,DRY WAFER BACKSIDE
seq_0112,BACKSIDE CLEAN
seq_0112,MEASURE BACKSIDE ROUGHNESS
seq_0112,THERMAL OXIDATION
seq_0112,MEASURE OXIDE THICKNESS
seq_0112,RCA CLEAN 1
seq_0112,WET CLEAN RCA2
seq_0112,HF DIP
seq_0112,OXIDE STRIP
seq_0112,SURFACE PREP FOR DEPOSITION
seq_0112,DEPOSIT PAD OXIDE
seq_0112,ANNEAL OXIDE
seq_0112,MEASURE FILM THICKNESS
seq_0112,SPIN COAT PHOTORESIST
seq_0112,SOFT BAKE
seq_0112,ALIGN MASK LEVEL 1
seq_0112,EXPOSE LITHO LEVEL 1
seq_0112,DEVELOP PHOTORESIST
seq_0112,INSPECT PATTERN LEVEL 1
seq_0112,HARD BAKE
seq_0112,OXIDE ETCH DRY
seq_0112,STRIP PHOTORESIST
seq_0112,CLEAN AFTER ETCH
seq_0112,MEASURE CD LEVEL 1
seq_0112,DEPOSIT POLYSILICON
seq_0112,ANNEAL POLYSILICON
seq_0112,SPIN COAT PHOTORESIST
seq_0112,SOFT BAKE
seq_0112,ALIGN MASK LEVEL 2
seq_0112,EXPOSE LITHO LEVEL 2
seq_0112,DEVELOP PHOTORESIST
seq_0112,PATTERN INSPECTION LEVEL 2
seq_0112,HARD BAKE
seq_0112,POLYSILICON ETCH DRY
seq_0112,STRIP RESIST LEVEL 2
seq_0112,CLEAN AFTER POLY ETCH
seq_0112,MEASURE CD LEVEL 2
seq_0112,IMPLANT N-TYPE
seq_0112,RAPID THERMAL ANNEAL
seq_0112,MEASURE SHEET RESISTANCE
seq_0112,DEPOSIT INTERLAYER DIELECTRIC
seq_0112,DENSIFY DIELECTRIC
seq_0112,MEASURE DIELECTRIC THICKNESS
seq_0112,CMP INTERLAYER DIELECTRIC
seq_0112,MEASURE PLANARITY
seq_0112,SPIN COAT PHOTORESIST
seq_0112,SOFT BAKE
seq_0112,ALIGN MASK LEVEL 3
seq_0112,EXPOSE LITHO LEVEL 3
seq_0112,DEVELOP PHOTORESIST
seq_0112,VIA OPENING INSPECTION
seq_0112,VIA ETCH
seq_0112,STRIP RESIST
seq_0112,CLEAN AFTER VIA ETCH
seq_0112,MEASURE VIA CD
seq_0112,DEPOSIT BARRIER METAL
seq_0112,DEPOSIT TUNGSTEN SEED
seq_0112,FILL VIA TUNGSTEN
seq_0112,CMP METAL
seq_0112,DEPOSIT METAL 1
seq_0112,ANNEAL METAL 1
seq_0112,MEASURE METAL THICKNESS
seq_0112,SPIN COAT PHOTORESIST
seq_0112,SOFT BAKE
seq_0112,ALIGN MASK LEVEL 4
seq_0112,EXPOSE LITHO LEVEL 4
seq_0112,DEVELOP PHOTORESIST
seq_0112,METAL PATTERN INSPECTION
seq_0112,HARD BAKE
seq_0112,METAL ETCH DRY
seq_0112,STRIP PHOTORESIST
seq_0112,CLEAN AFTER METAL ETCH
seq_0112,MEASURE LINE WIDTH
seq_0112,DEPOSIT PASSIVATION LAYER
seq_0112,CURE PASSIVATION
seq_0112,MEASURE PASSIVATION QUALITY
seq_0112,OPEN BOND PAD WINDOW
seq_0112,OPEN PAD WINDOW LITHO
seq_0112,DEVELOP PAD WINDOW
seq_0112,PASSIVATION ETCH PAD OPENING
seq_0112,STRIP PHOTORESIST
seq_0112,CLEAN PAD OPENING
seq_0112,MEASURE PAD OPENING
seq_0112,BACKSIDE THINNING CHECK
seq_0112,BACKSIDE CLEAN
seq_0112,DEPOSIT BACKSIDE PROTECTION
seq_0112,BACKSIDE ANNEAL
seq_0112,FINAL CLEAN
seq_0112,FINAL THICKNESS MEASURE
seq_0112,FINAL CD INSPECTION
seq_0112,FINAL PARTICLE INSPECTION
seq_0112,ELECTRICAL PARAMETRIC TEST
seq_0112,LEAKAGE TEST
seq_0112,THRESHOLD VOLTAGE TEST
seq_0112,SWITCHING TEST
seq_0112,WAFER SORT TEST
seq_0112,YIELD ANALYSIS
seq_0112,FINAL LOT RELEASE
seq_0112,SHIP LOT
seq_0113,RECEIVE WAFER LOT
seq_0113,LOT IDENTIFICATION
seq_0113,PRE CLEAN INSPECTION
seq_0113,MEASURE INITIAL GEOMETRY
seq_0113,MEASURE SURFACE PARTICLES
seq_0113,WAFER CLEAN PRE PROCESS
seq_0113,BACKSIDE CLEAN
seq_0113,RCA CLEAN 1
seq_0113,RCA CLEAN 2
seq_0113,HF DIP
seq_0113,WAFER CLEAN PRE-GRIND
seq_0113,GRINDING WAFER BACKSIDE
seq_0113,MEASURE INITIAL GEOMETRY
seq_0113,ETCH WET BACKSIDE
seq_0113,RINSE WET WAFER_EDGE
seq_0113,DRY WAFER BACKSIDE
seq_0113,BACKSIDE CLEAN
seq_0113,MEASURE BACKSIDE ROUGHNESS
seq_0113,THERMAL OXIDATION
seq_0113,MEASURE OXIDE THICKNESS
seq_0113,RCA CLEAN 1
seq_0113,RCA CLEAN 2
seq_0113,HF DIP
seq_0113,OXIDE STRIP
seq_0113,SURFACE PREP FOR DEPOSITION
seq_0113,DEPOSIT PAD OXIDE
seq_0113,ANNEAL OXIDE
seq_0113,MEASURE OXIDE THICKNESS
seq_0113,SPIN COAT PHOTORESIST
seq_0113,SOFT BAKE
seq_0113,ALIGN MASK LEVEL 1
seq_0113,EXPOSE LITHO LEVEL 1
seq_0113,DEVELOP PHOTORESIST
seq_0113,INSPECT PATTERN LEVEL 1
seq_0113,HARD BAKE
seq_0113,OXIDE ETCH DRY
seq_0113,STRIP PHOTORESIST
seq_0113,CLEAN AFTER ETCH
seq_0113,MEASURE CD LEVEL 1
seq_0113,DEPOSIT POLYSILICON
seq_0113,ANNEAL POLYSILICON
seq_0113,SPIN COAT PHOTORESIST
seq_0113,SOFT BAKE
seq_0113,ALIGN MASK LEVEL 2
seq_0113,EXPOSE LITHO LEVEL 2
seq_0113,POST EXPOSE BAKE
seq_0113,DEVELOP PHOTORESIST
seq_0113,PATTERN INSPECTION LEVEL 2
seq_0113,POLYSILICON ETCH DRY
seq_0113,STRIP RESIST
seq_0113,CLEAN AFTER POLY ETCH
seq_0113,MEASURE CD LEVEL 2
seq_0113,IMPLANT N-TYPE
seq_0113,PRE ANNEAL CHECK
seq_0113,RAPID THERMAL ANNEAL
seq_0113,MEASURE SHEET RESISTANCE
seq_0113,DEPOSIT INTERLAYER DIELECTRIC
seq_0113,DENSIFY DIELECTRIC
seq_0113,MEASURE FILM THICKNESS
seq_0113,CMP INTERLAYER DIELECTRIC
seq_0113,MEASURE SURFACE PLANARITY
seq_0113,SPIN COAT PHOTORESIST
seq_0113,SOFT BAKE
seq_0113,ALIGN MASK LEVEL 3
seq_0113,EXPOSE LITHO LEVEL 3
seq_0113,DEVELOP PHOTORESIST
seq_0113,VIA OPENING INSPECTION
seq_0113,HARD BAKE
seq_0113,VIA ETCH THROUGH DIELECTRIC
seq_0113,STRIP PHOTORESIST
seq_0113,CLEAN AFTER VIA ETCH
seq_0113,MEASURE VIA CD
seq_0113,DEPOSIT BARRIER METAL
seq_0113,DEPOSIT TUNGSTEN SEED
seq_0113,FILL VIA TUNGSTEN
seq_0113,CMP VIA FILL
seq_0113,MEASURE VIA RESISTANCE
seq_0113,DEPOSIT TOP METAL
seq_0113,ANNEAL METAL 1
seq_0113,SPIN COAT PHOTORESIST
seq_0113,SOFT BAKE
seq_0113,ALIGN MASK LEVEL 4
seq_0113,EXPOSE LITHO LEVEL 4
seq_0113,POST EXPOSE BAKE
seq_0113,DEVELOP PHOTORESIST
seq_0113,METAL PATTERN INSPECTION
seq_0113,METAL ETCH DRY
seq_0113,STRIP PHOTORESIST
seq_0113,CLEAN AFTER METAL ETCH
seq_0113,MEASURE LINE WIDTH
seq_0113,DEPOSIT PASSIVATION
seq_0113,CURE PASSIVATION
seq_0113,MEASURE PASSIVATION THICKNESS
seq_0113,OPEN PAD WINDOW
seq_0113,PAD WINDOW LITHO
seq_0113,DEVELOP PAD WINDOW
seq_0113,PASSIVATION ETCH PAD OPENING
seq_0113,STRIP PHOTORESIST
seq_0113,CLEAN PAD OPENING
seq_0113,MEASURE PAD OPENING
seq_0113,BACKSIDE CLEAN
seq_0113,DEPOSIT BACKSIDE PROTECTION
seq_0113,BACKSIDE ANNEAL
seq_0113,FRONTSIDE CLEAN FINAL
seq_0113,FINAL CLEAN
seq_0113,FINAL THICKNESS MEASURE
seq_0113,FINAL GEOMETRY CHECK
seq_0113,FINAL CD INSPECTION
seq_0113,FINAL PARTICLE INSPECTION
seq_0113,FINAL ELECTRICAL TEST PREP
seq_0113,PARAMETRIC TEST
seq_0113,LEAKAGE TEST
seq_0113,THRESHOLD VOLTAGE TEST
seq_0113,SWITCHING TEST
seq_0113,WAFER SORT TEST
seq_0113,YIELD ANALYSIS
seq_0113,LOT RELEASE
seq_0113,PACKAGE PREPARATION
seq_0113,SHIP LOT
seq_0114,RECEIVE WAFER LOT
seq_0114,LOT IDENTIFICATION
seq_0114,INITIAL WAFER INSPECTION
seq_0114,MEASURE INITIAL GEOMETRY
seq_0114,MEASURE SURFACE DEFECTS
seq_0114,WAFER CLEAN PRE PROCESS
seq_0114,RCA CLEAN 1
seq_0114,RCA CLEAN 2
seq_0114,HF DIP
seq_0114,WAFER CLEAN PRE-GRIND
seq_0114,GRINDING WAFER BACKSIDE
seq_0114,MEASURE GEOMETRY
seq_0114,ETCH WET BACKSIDE
seq_0114,RINSE WET WAFER_EDGE
seq_0114,DRY WAFER BACKSIDE
seq_0114,BACKSIDE CLEAN
seq_0114,MEASURE BACKSIDE ROUGHNESS
seq_0114,THERMAL OXIDATION
seq_0114,MEASURE OXIDE THICKNESS
seq_0114,WET CLEAN RCA1
seq_0114,RCA CLEAN 2
seq_0114,HF DIP
seq_0114,OXIDE STRIP
seq_0114,SURFACE PREP FOR DEPOSITION
seq_0114,DEPOSIT PAD OXIDE
seq_0114,ANNEAL OXIDE
seq_0114,MEASURE FILM THICKNESS
seq_0114,SPIN COAT PHOTORESIST
seq_0114,SOFT BAKE
seq_0114,ALIGN MASK LEVEL 1
seq_0114,EXPOSE LITHO LEVEL 1
seq_0114,DEVELOP PHOTORESIST
seq_0114,INSPECT PATTERN LEVEL 1
seq_0114,HARD BAKE
seq_0114,OXIDE ETCH DRY
seq_0114,STRIP PHOTORESIST
seq_0114,CLEAN AFTER ETCH
seq_0114,DEPOSIT POLYSILICON
seq_0114,ANNEAL POLYSILICON
seq_0114,SPIN COAT PHOTORESIST
seq_0114,SOFT BAKE
seq_0114,ALIGN MASK LEVEL 2
seq_0114,EXPOSE LITHO LEVEL 2
seq_0114,DEVELOP PHOTORESIST
seq_0114,PATTERN INSPECTION LEVEL 2
seq_0114,POLYSILICON ETCH DRY
seq_0114,STRIP RESIST
seq_0114,CLEAN AFTER POLY ETCH
seq_0114,MEASURE CD LEVEL 2
seq_0114,IMPLANT N-TYPE
seq_0114,RAPID THERMAL ANNEAL
seq_0114,MEASURE SHEET RESISTANCE
seq_0114,DEPOSIT INTERLEVEL DIELECTRIC
seq_0114,DENSIFY DIELECTRIC
seq_0114,MEASURE DIELECTRIC THICKNESS
seq_0114,CMP DIELECTRIC
seq_0114,MEASURE SURFACE PLANARITY
seq_0114,SPIN COAT PHOTORESIST
seq_0114,SOFT BAKE
seq_0114,ALIGN MASK LEVEL 3
seq_0114,EXPOSE LITHO LEVEL 3
seq_0114,DEVELOP PHOTORESIST
seq_0114,VIA OPENING INSPECTION
seq_0114,VIA ETCH
seq_0114,STRIP PHOTORESIST
seq_0114,CLEAN AFTER VIA ETCH
seq_0114,MEASURE VIA CD
seq_0114,DEPOSIT BARRIER METAL
seq_0114,DEPOSIT TUNGSTEN SEED
seq_0114,FILL VIA TUNGSTEN
seq_0114,CMP VIA FILL
seq_0114,MEASURE CONTACT RESISTANCE
seq_0114,DEPOSIT METAL 1
seq_0114,ANNEAL METAL
seq_0114,SPIN COAT PHOTORESIST
seq_0114,SOFT BAKE
seq_0114,ALIGN MASK LEVEL 4
seq_0114,EXPOSE LITHO LEVEL 4
seq_0114,DEVELOP PHOTORESIST
seq_0114,METAL PATTERN INSPECTION
seq_0114,METAL ETCH DRY
seq_0114,STRIP PHOTORESIST
seq_0114,CLEAN AFTER METAL ETCH
seq_0114,MEASURE LINE WIDTH
seq_0114,DEPOSIT PASSIVATION LAYER
seq_0114,CURE PASSIVATION
seq_0114,MEASURE PASSIVATION THICKNESS
seq_0114,OPEN BOND PAD WINDOW
seq_0114,PAD WINDOW LITHO
seq_0114,DEVELOP PAD WINDOW
seq_0114,PASSIVATION ETCH
seq_0114,STRIP RESIST
seq_0114,CLEAN PAD OPENING
seq_0114,MEASURE PAD OPENING
seq_0114,BACKSIDE THINNING CHECK
seq_0114,BACKSIDE CLEAN
seq_0114,DEPOSIT BACKSIDE PROTECTION
seq_0114,BACKSIDE ANNEAL
seq_0114,FINAL CLEAN
seq_0114,FINAL GEOMETRY CHECK
seq_0114,FINAL PARTICLE INSPECTION
seq_0114,FINAL ELECTRICAL TEST PREP
seq_0114,ELECTRICAL PARAMETRIC TEST
seq_0114,LEAKAGE TEST
seq_0114,THRESHOLD VOLTAGE TEST
seq_0114,SWITCHING TEST
seq_0114,WAFER SORT TEST
seq_0114,YIELD ANALYSIS
seq_0114,LOT RELEASE
seq_0114,PACKAGE PREPARATION
seq_0114,SHIP LOT
seq_0115,RECEIVE WAFER LOT
seq_0115,LOT IDENTIFICATION
seq_0115,PRE CLEAN INSPECTION
seq_0115,MEASURE INITIAL THICKNESS
seq_0115,WAFER CLEAN PRE PROCESS
seq_0115,WET CLEAN RCA1
seq_0115,RCA CLEAN 2
seq_0115,HF DIP
seq_0115,WAFER CLEAN PRE-GRIND
seq_0115,GRINDING WAFER BACKSIDE
seq_0115,MEASURE GEOMETRY
seq_0115,ETCH WET BACKSIDE
seq_0115,RINSE WET WAFER_EDGE
seq_0115,DRY WAFER BACKSIDE
seq_0115,BACKSIDE CLEAN
seq_0115,MEASURE BACKSIDE ROUGHNESS
seq_0115,THERMAL OXIDATION
seq_0115,MEASURE OXIDE THICKNESS
seq_0115,RCA CLEAN 1
seq_0115,RCA CLEAN 2
seq_0115,HF DIP
seq_0115,OXIDE STRIP
seq_0115,SURFACE PREP FOR DEPOSITION
seq_0115,DEPOSIT PAD OXIDE
seq_0115,ANNEAL OXIDE
seq_0115,MEASURE FILM THICKNESS
seq_0115,SPIN COAT PHOTORESIST
seq_0115,SOFT BAKE
seq_0115,ALIGN MASK LEVEL 1
seq_0115,EXPOSE LITHO LEVEL 1
seq_0115,DEVELOP PHOTORESIST
seq_0115,INSPECT PATTERN LEVEL 1
seq_0115,HARD BAKE
seq_0115,OXIDE ETCH DRY
seq_0115,STRIP PHOTORESIST
seq_0115,CLEAN AFTER ETCH
seq_0115,DEPOSIT POLYSILICON
seq_0115,ANNEAL POLYSILICON
seq_0115,SPIN COAT PHOTORESIST
seq_0115,SOFT BAKE
seq_0115,ALIGN MASK LEVEL 2
seq_0115,EXPOSE LITHO LEVEL 2
seq_0115,DEVELOP PHOTORESIST
seq_0115,PATTERN INSPECTION LEVEL 2
seq_0115,HARD BAKE
seq_0115,POLYSILICON ETCH DRY
seq_0115,STRIP RESIST LEVEL 2
seq_0115,CLEAN AFTER POLY ETCH
seq_0115,IMPLANT N-TYPE
seq_0115,RAPID THERMAL ANNEAL
seq_0115,DEPOSIT INTERLEVEL DIELECTRIC
seq_0115,DENSIFY OXIDE
seq_0115,MEASURE DIELECTRIC THICKNESS
seq_0115,CMP DIELECTRIC
seq_0115,MEASURE SURFACE PLANARITY
seq_0115,SPIN COAT PHOTORESIST
seq_0115,SOFT BAKE
seq_0115,ALIGN MASK LEVEL 3
seq_0115,EXPOSE LITHO LEVEL 3
seq_0115,DEVELOP PHOTORESIST
seq_0115,VIA OPENING INSPECTION
seq_0115,VIA ETCH THROUGH DIELECTRIC
seq_0115,STRIP PHOTORESIST
seq_0115,CLEAN AFTER VIA ETCH
seq_0115,DEPOSIT BARRIER METAL
seq_0115,DEPOSIT TUNGSTEN SEED
seq_0115,FILL VIA TUNGSTEN
seq_0115,CMP VIA FILL
seq_0115,MEASURE VIA RESISTANCE
seq_0115,DEPOSIT TOP METAL
seq_0115,ANNEAL METAL 1
seq_0115,MEASURE METAL THICKNESS
seq_0115,SPIN COAT PHOTORESIST
seq_0115,SOFT BAKE
seq_0115,ALIGN MASK LEVEL 4
seq_0115,EXPOSE LITHO LEVEL 4
seq_0115,POST EXPOSE BAKE
seq_0115,DEVELOP PHOTORESIST
seq_0115,METAL PATTERN INSPECTION
seq_0115,METAL ETCH DRY
seq_0115,STRIP PHOTORESIST
seq_0115,CLEAN AFTER METAL ETCH
seq_0115,DEPOSIT PASSIVATION
seq_0115,CURE PASSIVATION
seq_0115,MEASURE PASSIVATION THICKNESS
seq_0115,OPEN PAD WINDOW
seq_0115,OPEN PAD WINDOW LITHO
seq_0115,DEVELOP PHOTORESIST
seq_0115,PASSIVATION ETCH
seq_0115,STRIP RESIST
seq_0115,CLEAN PAD OPENING
seq_0115,MEASURE PAD OPENING
seq_0115,BACKSIDE CLEAN
seq_0115,DEPOSIT BACKSIDE PROTECTION
seq_0115,BACKSIDE ANNEAL
seq_0115,FRONTSIDE CLEAN FINAL
seq_0115,FINAL CLEAN
seq_0115,FINAL THICKNESS MEASURE
seq_0115,FINAL GEOMETRY CHECK
seq_0115,FINAL OXIDE CHECK
seq_0115,FINAL CD INSPECTION
seq_0115,FINAL ELECTRICAL TEST PREP
seq_0115,ELECTRICAL PARAMETRIC TEST
seq_0115,LEAKAGE TEST
seq_0115,THRESHOLD VOLTAGE TEST
seq_0115,SWITCHING TEST
seq_0115,WAFER SORT TEST
seq_0115,YIELD ANALYSIS
seq_0115,FINAL LOT RELEASE
seq_0115,PACKAGE PREPARATION
seq_0115,SHIP LOT
seq_0116,RECEIVE WAFER LOT
seq_0116,LOT IDENTIFICATION
seq_0116,PRE CLEAN INSPECTION
seq_0116,MEASURE SURFACE DEFECTS
seq_0116,WAFER CLEAN PRE PROCESS
seq_0116,RCA CLEAN 1
seq_0116,WET CLEAN RCA2
seq_0116,HF DIP
seq_0116,DRY WAFER
seq_0116,WAFER CLEAN PRE-GRIND
seq_0116,GRINDING WAFER BACKSIDE
seq_0116,MEASURE GEOMETRY
seq_0116,ETCH WET BACKSIDE
seq_0116,RINSE WET WAFER_EDGE
seq_0116,DRY WAFER BACKSIDE
seq_0116,BACKSIDE CLEAN
seq_0116,MEASURE BACKSIDE ROUGHNESS
seq_0116,THERMAL OXIDATION
seq_0116,MEASURE OXIDE THICKNESS
seq_0116,WET CLEAN RCA1
seq_0116,WET CLEAN RCA2
seq_0116,HF DIP
seq_0116,OXIDE STRIP
seq_0116,SURFACE PREP FOR DEPOSITION
seq_0116,DEPOSIT PAD OXIDE
seq_0116,ANNEAL OXIDE
seq_0116,MEASURE OXIDE THICKNESS
seq_0116,SPIN COAT PHOTORESIST
seq_0116,SOFT BAKE
seq_0116,ALIGN MASK LEVEL 1
seq_0116,EXPOSE LITHO LEVEL 1
seq_0116,DEVELOP PHOTORESIST
seq_0116,INSPECT PATTERN LEVEL 1
seq_0116,HARD BAKE
seq_0116,OXIDE ETCH DRY
seq_0116,STRIP PHOTORESIST
seq_0116,CLEAN AFTER ETCH
seq_0116,MEASURE CD LEVEL 1
seq_0116,DEPOSIT POLYSILICON
seq_0116,ANNEAL POLYSILICON
seq_0116,SPIN COAT PHOTORESIST
seq_0116,SOFT BAKE
seq_0116,ALIGN MASK LEVEL 2
seq_0116,EXPOSE LITHO LEVEL 2
seq_0116,POST EXPOSE BAKE
seq_0116,DEVELOP PHOTORESIST
seq_0116,PATTERN INSPECTION LEVEL 2
seq_0116,POLYSILICON ETCH DRY
seq_0116,STRIP RESIST
seq_0116,CLEAN AFTER POLY ETCH
seq_0116,IMPLANT N-TYPE
seq_0116,RAPID THERMAL ANNEAL
seq_0116,MEASURE SHEET RESISTANCE
seq_0116,DEPOSIT INTERLEVEL DIELECTRIC
seq_0116,DENSIFY DIELECTRIC
seq_0116,MEASURE DIELECTRIC THICKNESS
seq_0116,CMP INTERLAYER DIELECTRIC
seq_0116,MEASURE PLANARITY
seq_0116,SPIN COAT PHOTORESIST
seq_0116,SOFT BAKE
seq_0116,ALIGN MASK LEVEL 3
seq_0116,EXPOSE LITHO LEVEL 3
seq_0116,DEVELOP PHOTORESIST
seq_0116,VIA INSPECTION
seq_0116,VIA ETCH
seq_0116,STRIP RESIST
seq_0116,CLEAN AFTER VIA ETCH
seq_0116,MEASURE VIA CD
seq_0116,DEPOSIT BARRIER METAL
seq_0116,DEPOSIT TUNGSTEN SEED
seq_0116,FILL VIA TUNGSTEN
seq_0116,CMP METAL
seq_0116,MEASURE VIA RESISTANCE
seq_0116,DEPOSIT TOP METAL
seq_0116,ANNEAL METAL
seq_0116,MEASURE METAL THICKNESS
seq_0116,SPIN COAT PHOTORESIST
seq_0116,SOFT BAKE
seq_0116,ALIGN MASK LEVEL 4
seq_0116,EXPOSE LITHO LEVEL 4
seq_0116,DEVELOP PHOTORESIST
seq_0116,METAL PATTERN INSPECTION
seq_0116,METAL ETCH DRY
seq_0116,STRIP PHOTORESIST
seq_0116,CLEAN AFTER METAL ETCH
seq_0116,DEPOSIT PASSIVATION LAYER
seq_0116,CURE PASSIVATION
seq_0116,MEASURE PASSIVATION QUALITY
seq_0116,OPEN PAD WINDOW
seq_0116,PAD WINDOW LITHO
seq_0116,DEVELOP PAD WINDOW
seq_0116,PASSIVATION ETCH
seq_0116,STRIP RESIST
seq_0116,CLEAN PAD OPENING
seq_0116,MEASURE PAD OPENING
seq_0116,BACKSIDE THINNING CHECK
seq_0116,BACKSIDE CLEAN
seq_0116,DEPOSIT BACKSIDE PROTECTION
seq_0116,BACKSIDE ANNEAL
seq_0116,FINAL CLEAN
seq_0116,FINAL THICKNESS MEASURE
seq_0116,FINAL GEOMETRY CHECK
seq_0116,PARAMETRIC TEST
seq_0116,LEAKAGE TEST
seq_0116,SWITCHING TEST
seq_0116,WAFER SORT TEST
seq_0116,YIELD ANALYSIS
seq_0116,LOT RELEASE
seq_0116,PACKAGE PREPARATION
seq_0116,SHIP LOT
seq_0117,RECEIVE WAFER LOT
seq_0117,LOT IDENTIFICATION
seq_0117,PRE CLEAN INSPECTION
seq_0117,MEASURE INITIAL GEOMETRY
seq_0117,MEASURE SURFACE DEFECTS
seq_0117,WAFER CLEAN PRE PROCESS
seq_0117,WET CLEAN RCA1
seq_0117,WET CLEAN RCA2
seq_0117,HF DIP
seq_0117,DRY WAFER
seq_0117,WAFER CLEAN PRE-GRIND
seq_0117,GRINDING WAFER BACKSIDE
seq_0117,MEASURE INITIAL GEOMETRY
seq_0117,ETCH WET BACKSIDE
seq_0117,RINSE WET WAFER_EDGE
seq_0117,DRY WAFER BACKSIDE
seq_0117,BACKSIDE CLEAN
seq_0117,MEASURE BACKSIDE ROUGHNESS
seq_0117,THERMAL OXIDATION
seq_0117,MEASURE OXIDE THICKNESS
seq_0117,WET CLEAN RCA1
seq_0117,RCA CLEAN 2
seq_0117,HF DIP
seq_0117,OXIDE STRIP
seq_0117,SURFACE PREP FOR DEPOSITION
seq_0117,DEPOSIT PAD OXIDE
seq_0117,ANNEAL OXIDE
seq_0117,MEASURE FILM THICKNESS
seq_0117,SPIN COAT PHOTORESIST
seq_0117,SOFT BAKE
seq_0117,ALIGN MASK LEVEL 1
seq_0117,EXPOSE LITHO LEVEL 1
seq_0117,DEVELOP PHOTORESIST
seq_0117,INSPECT PATTERN LEVEL 1
seq_0117,HARD BAKE
seq_0117,OXIDE ETCH DRY
seq_0117,STRIP RESIST
seq_0117,CLEAN AFTER ETCH
seq_0117,MEASURE CD LEVEL 1
seq_0117,DEPOSIT POLYSILICON
seq_0117,ANNEAL POLYSILICON
seq_0117,SPIN COAT PHOTORESIST
seq_0117,SOFT BAKE
seq_0117,ALIGN MASK LEVEL 2
seq_0117,EXPOSE LITHO LEVEL 2
seq_0117,DEVELOP PHOTORESIST
seq_0117,PATTERN INSPECTION LEVEL 2
seq_0117,POLYSILICON ETCH DRY
seq_0117,STRIP RESIST LEVEL 2
seq_0117,CLEAN AFTER POLY ETCH
seq_0117,MEASURE CD LEVEL 2
seq_0117,IMPLANT N-TYPE
seq_0117,PRE ANNEAL CHECK
seq_0117,RAPID THERMAL ANNEAL
seq_0117,MEASURE SHEET RESISTANCE
seq_0117,DEPOSIT INTERLAYER DIELECTRIC
seq_0117,DENSIFY OXIDE
seq_0117,MEASURE DIELECTRIC THICKNESS
seq_0117,CMP INTERLAYER DIELECTRIC
seq_0117,MEASURE SURFACE PLANARITY
seq_0117,SPIN COAT PHOTORESIST
seq_0117,SOFT BAKE
seq_0117,ALIGN MASK LEVEL 3
seq_0117,EXPOSE LITHO LEVEL 3
seq_0117,DEVELOP PHOTORESIST
seq_0117,VIA INSPECTION
seq_0117,HARD BAKE
seq_0117,VIA ETCH THROUGH DIELECTRIC
seq_0117,STRIP RESIST
seq_0117,CLEAN AFTER VIA ETCH
seq_0117,DEPOSIT BARRIER METAL
seq_0117,DEPOSIT TUNGSTEN SEED
seq_0117,FILL VIA TUNGSTEN
seq_0117,CMP VIA FILL
seq_0117,DEPOSIT METAL 1
seq_0117,ANNEAL METAL 1
seq_0117,SPIN COAT PHOTORESIST
seq_0117,SOFT BAKE
seq_0117,ALIGN MASK LEVEL 4
seq_0117,EXPOSE LITHO LEVEL 4
seq_0117,DEVELOP PHOTORESIST
seq_0117,METAL PATTERN INSPECTION
seq_0117,HARD BAKE
seq_0117,METAL ETCH DRY
seq_0117,STRIP PHOTORESIST
seq_0117,CLEAN AFTER METAL ETCH
seq_0117,MEASURE LINE WIDTH
seq_0117,DEPOSIT PASSIVATION
seq_0117,CURE PASSIVATION
seq_0117,MEASURE PASSIVATION QUALITY
seq_0117,OPEN BOND PAD WINDOW
seq_0117,OPEN PAD WINDOW LITHO
seq_0117,DEVELOP PAD WINDOW
seq_0117,PASSIVATION ETCH PAD OPENING
seq_0117,STRIP PHOTORESIST
seq_0117,CLEAN PAD OPENING
seq_0117,MEASURE PAD OPENING
seq_0117,BACKSIDE THINNING CHECK
seq_0117,BACKSIDE CLEAN
seq_0117,DEPOSIT BACKSIDE PROTECTION
seq_0117,BACKSIDE ANNEAL
seq_0117,FRONTSIDE CLEAN FINAL
seq_0117,FINAL CLEAN
seq_0117,FINAL THICKNESS MEASURE
seq_0117,FINAL GEOMETRY CHECK
seq_0117,FINAL CD INSPECTION
seq_0117,ELECTRICAL PARAMETRIC TEST
seq_0117,LEAKAGE TEST
seq_0117,PARAMETRIC TEST
seq_0117,SWITCHING TEST
seq_0117,WAFER SORT TEST
seq_0117,YIELD ANALYSIS
seq_0117,FINAL LOT RELEASE
seq_0117,SHIP LOT
seq_0118,RECEIVE WAFER LOT
seq_0118,LOT IDENTIFICATION
seq_0118,PRE CLEAN INSPECTION
seq_0118,MEASURE INITIAL THICKNESS
seq_0118,MEASURE SURFACE PARTICLES
seq_0118,WAFER CLEAN PRE PROCESS
seq_0118,RCA CLEAN 1
seq_0118,WET CLEAN RCA2
seq_0118,HF DIP
seq_0118,DRY WAFER
seq_0118,WAFER CLEAN PRE-GRIND
seq_0118,GRINDING WAFER BACKSIDE
seq_0118,MEASURE GEOMETRY
seq_0118,ETCH WET BACKSIDE
seq_0118,RINSE WET WAFER_EDGE
seq_0118,DRY WAFER BACKSIDE
seq_0118,BACKSIDE CLEAN
seq_0118,MEASURE BACKSIDE ROUGHNESS
seq_0118,THERMAL OXIDATION
seq_0118,MEASURE OXIDE THICKNESS
seq_0118,RCA CLEAN 1
seq_0118,RCA CLEAN 2
seq_0118,HF DIP
seq_0118,OXIDE STRIP
seq_0118,SURFACE PREP FOR DEPOSITION
seq_0118,DEPOSIT PAD OXIDE
seq_0118,ANNEAL OXIDE
seq_0118,MEASURE OXIDE THICKNESS
seq_0118,SPIN COAT PHOTORESIST
seq_0118,SOFT BAKE
seq_0118,ALIGN MASK LEVEL 1
seq_0118,EXPOSE LITHO LEVEL 1
seq_0118,POST EXPOSE BAKE
seq_0118,DEVELOP PHOTORESIST
seq_0118,INSPECT PATTERN LEVEL 1
seq_0118,HARD BAKE
seq_0118,OXIDE ETCH DRY
seq_0118,STRIP PHOTORESIST
seq_0118,CLEAN AFTER ETCH
seq_0118,DEPOSIT POLYSILICON
seq_0118,ANNEAL POLYSILICON
seq_0118,SPIN COAT PHOTORESIST
seq_0118,SOFT BAKE
seq_0118,ALIGN MASK LEVEL 2
seq_0118,EXPOSE LITHO LEVEL 2
seq_0118,POST EXPOSE BAKE
seq_0118,DEVELOP PHOTORESIST
seq_0118,PATTERN INSPECTION LEVEL 2
seq_0118,POLYSILICON ETCH DRY
seq_0118,STRIP RESIST LEVEL 2
seq_0118,CLEAN AFTER POLY ETCH
seq_0118,MEASURE CD LEVEL 2
seq_0118,IMPLANT N-TYPE
seq_0118,RAPID THERMAL ANNEAL
seq_0118,MEASURE SHEET RESISTANCE
seq_0118,DEPOSIT INTERLAYER DIELECTRIC
seq_0118,DENSIFY DIELECTRIC
seq_0118,MEASURE DIELECTRIC THICKNESS
seq_0118,CMP INTERLAYER DIELECTRIC
seq_0118,MEASURE PLANARITY
seq_0118,SPIN COAT PHOTORESIST
seq_0118,SOFT BAKE
seq_0118,ALIGN MASK LEVEL 3
seq_0118,EXPOSE LITHO LEVEL 3
seq_0118,POST EXPOSE BAKE
seq_0118,DEVELOP PHOTORESIST
seq_0118,VIA INSPECTION
seq_0118,HARD BAKE
seq_0118,DIELECTRIC ETCH VIA
seq_0118,STRIP PHOTORESIST
seq_0118,CLEAN AFTER VIA ETCH
seq_0118,MEASURE VIA CD
seq_0118,DEPOSIT BARRIER METAL
seq_0118,DEPOSIT TUNGSTEN SEED
seq_0118,FILL VIA TUNGSTEN
seq_0118,CMP METAL
seq_0118,MEASURE CONTACT RESISTANCE
seq_0118,DEPOSIT METAL 1
seq_0118,ANNEAL METAL
seq_0118,SPIN COAT PHOTORESIST
seq_0118,SOFT BAKE
seq_0118,ALIGN MASK LEVEL 4
seq_0118,EXPOSE LITHO LEVEL 4
seq_0118,DEVELOP PHOTORESIST
seq_0118,METAL PATTERN INSPECTION
seq_0118,METAL ETCH DRY
seq_0118,STRIP PHOTORESIST
seq_0118,CLEAN AFTER METAL ETCH
seq_0118,MEASURE LINE WIDTH
seq_0118,DEPOSIT PASSIVATION LAYER
seq_0118,CURE PASSIVATION
seq_0118,MEASURE PASSIVATION QUALITY
seq_0118,OPEN PAD WINDOW
seq_0118,OPEN PAD WINDOW LITHO
seq_0118,DEVELOP PAD WINDOW
seq_0118,PASSIVATION ETCH
seq_0118,STRIP PHOTORESIST
seq_0118,CLEAN PAD OPENING
seq_0118,MEASURE PAD OPENING
seq_0118,BACKSIDE THINNING CHECK
seq_0118,BACKSIDE CLEAN
seq_0118,DEPOSIT BACKSIDE PROTECTION
seq_0118,BACKSIDE ANNEAL
seq_0118,FINAL CLEAN
seq_0118,FINAL PARTICLE INSPECTION
seq_0118,FINAL ELECTRICAL TEST PREP
seq_0118,ELECTRICAL PARAMETRIC TEST
seq_0118,LEAKAGE TEST
seq_0118,THRESHOLD VOLTAGE TEST
seq_0118,SWITCHING TEST
seq_0118,WAFER SORT TEST
seq_0118,YIELD ANALYSIS
seq_0118,FINAL LOT RELEASE
seq_0118,PACKAGE PREPARATION
seq_0118,SHIP LOT
seq_0119,RECEIVE WAFER LOT
seq_0119,LOT IDENTIFICATION
seq_0119,PRE CLEAN INSPECTION
seq_0119,MEASURE INITIAL THICKNESS
seq_0119,MEASURE SURFACE DEFECTS
seq_0119,WAFER CLEAN PRE PROCESS
seq_0119,BACKSIDE CLEAN
seq_0119,WET CLEAN RCA1
seq_0119,WET CLEAN RCA2
seq_0119,HF DIP
seq_0119,DRY WAFER
seq_0119,WAFER CLEAN PRE-GRIND
seq_0119,GRINDING WAFER BACKSIDE
seq_0119,MEASURE INITIAL GEOMETRY
seq_0119,ETCH WET BACKSIDE
seq_0119,RINSE WET WAFER_EDGE
seq_0119,DRY WAFER BACKSIDE
seq_0119,BACKSIDE CLEAN
seq_0119,MEASURE BACKSIDE ROUGHNESS
seq_0119,THERMAL OXIDATION
seq_0119,MEASURE OXIDE THICKNESS
seq_0119,WET CLEAN RCA1
seq_0119,WET CLEAN RCA2
seq_0119,HF DIP
seq_0119,OXIDE STRIP
seq_0119,SURFACE PREP FOR DEPOSITION
seq_0119,DEPOSIT PAD OXIDE
seq_0119,ANNEAL OXIDE
seq_0119,MEASURE FILM THICKNESS
seq_0119,SPIN COAT PHOTORESIST
seq_0119,SOFT BAKE
seq_0119,ALIGN MASK LEVEL 1
seq_0119,EXPOSE LITHO LEVEL 1
seq_0119,DEVELOP PHOTORESIST
seq_0119,INSPECT PATTERN LEVEL 1
seq_0119,HARD BAKE
seq_0119,OXIDE ETCH DRY
seq_0119,STRIP RESIST
seq_0119,CLEAN AFTER ETCH
seq_0119,MEASURE CD LEVEL 1
seq_0119,DEPOSIT POLYSILICON
seq_0119,ANNEAL POLYSILICON
seq_0119,SPIN COAT PHOTORESIST
seq_0119,SOFT BAKE
seq_0119,ALIGN MASK LEVEL 2
seq_0119,EXPOSE LITHO LEVEL 2
seq_0119,DEVELOP PHOTORESIST
seq_0119,PATTERN INSPECTION LEVEL 2
seq_0119,POLYSILICON ETCH DRY
seq_0119,STRIP RESIST LEVEL 2
seq_0119,CLEAN AFTER POLY ETCH
seq_0119,MEASURE CD LEVEL 2
seq_0119,IMPLANT N-TYPE
seq_0119,RAPID THERMAL ANNEAL
seq_0119,MEASURE SHEET RESISTANCE
seq_0119,DEPOSIT INTERLAYER DIELECTRIC
seq_0119,DENSIFY OXIDE
seq_0119,MEASURE FILM THICKNESS
seq_0119,CMP DIELECTRIC
seq_0119,MEASURE SURFACE PLANARITY
seq_0119,SPIN COAT PHOTORESIST
seq_0119,SOFT BAKE
seq_0119,ALIGN MASK LEVEL 3
seq_0119,EXPOSE LITHO LEVEL 3
seq_0119,POST EXPOSE BAKE
seq_0119,DEVELOP PHOTORESIST
seq_0119,VIA INSPECTION
seq_0119,VIA ETCH
seq_0119,STRIP PHOTORESIST
seq_0119,CLEAN AFTER VIA ETCH
seq_0119,MEASURE VIA CD
seq_0119,DEPOSIT BARRIER METAL
seq_0119,DEPOSIT TUNGSTEN SEED
seq_0119,FILL VIA TUNGSTEN
seq_0119,CMP VIA FILL
seq_0119,MEASURE CONTACT RESISTANCE
seq_0119,DEPOSIT METAL 1
seq_0119,ANNEAL METAL 1
seq_0119,SPIN COAT PHOTORESIST
seq_0119,SOFT BAKE
seq_0119,ALIGN MASK LEVEL 4
seq_0119,EXPOSE LITHO LEVEL 4
seq_0119,DEVELOP PHOTORESIST
seq_0119,METAL PATTERN INSPECTION
seq_0119,HARD BAKE
seq_0119,METAL ETCH DRY
seq_0119,STRIP RESIST
seq_0119,CLEAN AFTER METAL ETCH
seq_0119,DEPOSIT PASSIVATION LAYER
seq_0119,CURE PASSIVATION
seq_0119,MEASURE PASSIVATION QUALITY
seq_0119,OPEN PAD WINDOW
seq_0119,OPEN PAD WINDOW LITHO
seq_0119,DEVELOP PAD WINDOW
seq_0119,PASSIVATION ETCH PAD OPENING
seq_0119,STRIP PHOTORESIST
seq_0119,CLEAN PAD OPENING
seq_0119,MEASURE PAD OPENING
seq_0119,BACKSIDE CLEAN FINAL
seq_0119,DEPOSIT BACKSIDE PROTECTION
seq_0119,BACKSIDE ANNEAL
seq_0119,FRONTSIDE CLEAN FINAL
seq_0119,FINAL CLEAN
seq_0119,FINAL THICKNESS MEASURE
seq_0119,FINAL GEOMETRY CHECK
seq_0119,FINAL OXIDE CHECK
seq_0119,FINAL CD INSPECTION
seq_0119,FINAL PARTICLE INSPECTION
seq_0119,PARAMETRIC TEST
seq_0119,LEAKAGE TEST
seq_0119,THRESHOLD VOLTAGE TEST
seq_0119,SWITCHING TEST
seq_0119,WAFER SORT TEST
seq_0119,YIELD ANALYSIS
seq_0119,LOT RELEASE
seq_0119,SHIP LOT
seq_0120,RECEIVE WAFER LOT
seq_0120,LOT IDENTIFICATION
seq_0120,INITIAL WAFER INSPECTION
seq_0120,MEASURE INITIAL GEOMETRY
seq_0120,MEASURE SURFACE DEFECTS
seq_0120,WAFER CLEAN PRE PROCESS
seq_0120,RCA CLEAN 1
seq_0120,RCA CLEAN 2
seq_0120,HF DIP
seq_0120,DRY WAFER
seq_0120,WAFER CLEAN PRE-GRIND
seq_0120,GRINDING WAFER BACKSIDE
seq_0120,MEASURE GEOMETRY
seq_0120,ETCH WET BACKSIDE
seq_0120,RINSE WET WAFER_EDGE
seq_0120,DRY WAFER BACKSIDE
seq_0120,BACKSIDE CLEAN
seq_0120,MEASURE BACKSIDE ROUGHNESS
seq_0120,THERMAL OXIDATION
seq_0120,MEASURE OXIDE THICKNESS
seq_0120,WET CLEAN RCA1
seq_0120,WET CLEAN RCA2
seq_0120,HF DIP
seq_0120,OXIDE STRIP
seq_0120,SURFACE PREP FOR DEPOSITION
seq_0120,DEPOSIT PAD OXIDE
seq_0120,ANNEAL OXIDE
seq_0120,MEASURE FILM THICKNESS
seq_0120,SPIN COAT PHOTORESIST
seq_0120,SOFT BAKE
seq_0120,ALIGN MASK LEVEL 1
seq_0120,EXPOSE LITHO LEVEL 1
seq_0120,POST EXPOSE BAKE
seq_0120,DEVELOP PHOTORESIST
seq_0120,INSPECT PATTERN LEVEL 1
seq_0120,HARD BAKE
seq_0120,OXIDE ETCH DRY
seq_0120,STRIP PHOTORESIST
seq_0120,CLEAN AFTER ETCH
seq_0120,MEASURE CD LEVEL 1
seq_0120,DEPOSIT POLYSILICON
seq_0120,ANNEAL POLYSILICON
seq_0120,SPIN COAT PHOTORESIST
seq_0120,SOFT BAKE
seq_0120,ALIGN MASK LEVEL 2
seq_0120,EXPOSE LITHO LEVEL 2
seq_0120,DEVELOP PHOTORESIST
seq_0120,PATTERN INSPECTION LEVEL 2
seq_0120,POLYSILICON ETCH DRY
seq_0120,STRIP RESIST
seq_0120,CLEAN AFTER POLY ETCH
seq_0120,MEASURE CD LEVEL 2
seq_0120,IMPLANT N-TYPE
seq_0120,PRE ANNEAL CHECK
seq_0120,RAPID THERMAL ANNEAL
seq_0120,MEASURE SHEET RESISTANCE
seq_0120,DEPOSIT INTERLAYER DIELECTRIC
seq_0120,DENSIFY DIELECTRIC
seq_0120,MEASURE DIELECTRIC THICKNESS
seq_0120,CMP DIELECTRIC
seq_0120,MEASURE SURFACE PLANARITY
seq_0120,SPIN COAT PHOTORESIST
seq_0120,SOFT BAKE
seq_0120,ALIGN MASK LEVEL 3
seq_0120,EXPOSE LITHO LEVEL 3
seq_0120,DEVELOP PHOTORESIST
seq_0120,VIA OPENING INSPECTION
seq_0120,VIA ETCH THROUGH DIELECTRIC
seq_0120,STRIP PHOTORESIST
seq_0120,CLEAN AFTER VIA ETCH
seq_0120,DEPOSIT BARRIER METAL
seq_0120,DEPOSIT TUNGSTEN SEED
seq_0120,FILL VIA TUNGSTEN
seq_0120,CMP METAL
seq_0120,DEPOSIT TOP METAL
seq_0120,ANNEAL METAL
seq_0120,MEASURE METAL THICKNESS
seq_0120,SPIN COAT PHOTORESIST
seq_0120,SOFT BAKE
seq_0120,ALIGN MASK LEVEL 4
seq_0120,EXPOSE LITHO LEVEL 4
seq_0120,POST EXPOSE BAKE
seq_0120,DEVELOP PHOTORESIST
seq_0120,METAL PATTERN INSPECTION
seq_0120,HARD BAKE
seq_0120,METAL ETCH DRY
seq_0120,STRIP PHOTORESIST
seq_0120,CLEAN AFTER METAL ETCH
seq_0120,MEASURE LINE WIDTH
seq_0120,DEPOSIT PASSIVATION
seq_0120,CURE PASSIVATION
seq_0120,MEASURE PASSIVATION QUALITY
seq_0120,OPEN PAD WINDOW
seq_0120,OPEN PAD WINDOW LITHO
seq_0120,DEVELOP PHOTORESIST
seq_0120,PASSIVATION ETCH
seq_0120,STRIP RESIST
seq_0120,CLEAN PAD OPENING
seq_0120,MEASURE PAD OPENING
seq_0120,BACKSIDE CLEAN FINAL
seq_0120,DEPOSIT BACKSIDE PROTECTION
seq_0120,BACKSIDE ANNEAL
seq_0120,FRONTSIDE CLEAN FINAL
seq_0120,FINAL CLEAN
seq_0120,FINAL THICKNESS MEASURE
seq_0120,FINAL GEOMETRY CHECK
seq_0120,FINAL CD INSPECTION
seq_0120,FINAL PARTICLE INSPECTION
seq_0120,PARAMETRIC TEST
seq_0120,LEAKAGE TEST
seq_0120,THRESHOLD VOLTAGE TEST
seq_0120,SWITCHING TEST
seq_0120,WAFER SORT TEST
seq_0120,YIELD ANALYSIS
seq_0120,FINAL LOT RELEASE
seq_0120,SHIP LOT
seq_0121,RECEIVE WAFER LOT
seq_0121,LOT IDENTIFICATION
seq_0121,PRE CLEAN INSPECTION
seq_0121,MEASURE INITIAL GEOMETRY
seq_0121,MEASURE SURFACE DEFECTS
seq_0121,WAFER CLEAN PRE PROCESS
seq_0121,FRONTSIDE CLEAN
seq_0121,WET CLEAN RCA1
seq_0121,WET CLEAN RCA2
seq_0121,HF DIP
seq_0121,DRY WAFER
seq_0121,WAFER CLEAN PRE-GRIND
seq_0121,GRINDING WAFER BACKSIDE
seq_0121,MEASURE GEOMETRY
seq_0121,ETCH WET BACKSIDE
seq_0121,RINSE WET WAFER_EDGE
seq_0121,DRY WAFER BACKSIDE
seq_0121,BACKSIDE CLEAN
seq_0121,MEASURE BACKSIDE ROUGHNESS
seq_0121,THERMAL OXIDATION
seq_0121,MEASURE OXIDE THICKNESS
seq_0121,RCA CLEAN 1
seq_0121,RCA CLEAN 2
seq_0121,HF DIP
seq_0121,OXIDE STRIP
seq_0121,SURFACE PREP FOR DEPOSITION
seq_0121,DEPOSIT PAD OXIDE
seq_0121,ANNEAL OXIDE
seq_0121,MEASURE OXIDE THICKNESS
seq_0121,SPIN COAT PHOTORESIST
seq_0121,SOFT BAKE
seq_0121,ALIGN MASK LEVEL 1
seq_0121,EXPOSE LITHO LEVEL 1
seq_0121,DEVELOP PHOTORESIST
seq_0121,INSPECT PATTERN LEVEL 1
seq_0121,HARD BAKE
seq_0121,OXIDE ETCH DRY
seq_0121,STRIP PHOTORESIST
seq_0121,CLEAN AFTER ETCH
seq_0121,MEASURE CD LEVEL 1
seq_0121,DEPOSIT POLYSILICON
seq_0121,ANNEAL POLYSILICON
seq_0121,SPIN COAT PHOTORESIST
seq_0121,SOFT BAKE
seq_0121,ALIGN MASK LEVEL 2
seq_0121,EXPOSE LITHO LEVEL 2
seq_0121,DEVELOP PHOTORESIST
seq_0121,PATTERN INSPECTION LEVEL 2
seq_0121,POLYSILICON ETCH DRY
seq_0121,STRIP RESIST LEVEL 2
seq_0121,CLEAN AFTER POLY ETCH
seq_0121,MEASURE CD LEVEL 2
seq_0121,IMPLANT N-TYPE
seq_0121,RAPID THERMAL ANNEAL
seq_0121,MEASURE SHEET RESISTANCE
seq_0121,DEPOSIT INTERLAYER DIELECTRIC
seq_0121,DENSIFY OXIDE
seq_0121,MEASURE DIELECTRIC THICKNESS
seq_0121,CMP DIELECTRIC
seq_0121,MEASURE SURFACE PLANARITY
seq_0121,SPIN COAT PHOTORESIST
seq_0121,SOFT BAKE
seq_0121,ALIGN MASK LEVEL 3
seq_0121,EXPOSE LITHO LEVEL 3
seq_0121,DEVELOP PHOTORESIST
seq_0121,VIA OPENING INSPECTION
seq_0121,VIA ETCH THROUGH DIELECTRIC
seq_0121,STRIP PHOTORESIST
seq_0121,CLEAN AFTER VIA ETCH
seq_0121,DEPOSIT BARRIER METAL
seq_0121,DEPOSIT TUNGSTEN SEED
seq_0121,FILL VIA TUNGSTEN
seq_0121,CMP VIA FILL
seq_0121,MEASURE VIA RESISTANCE
seq_0121,DEPOSIT METAL 1
seq_0121,ANNEAL METAL 1
seq_0121,MEASURE METAL THICKNESS
seq_0121,SPIN COAT PHOTORESIST
seq_0121,SOFT BAKE
seq_0121,ALIGN MASK LEVEL 4
seq_0121,EXPOSE LITHO LEVEL 4
seq_0121,DEVELOP PHOTORESIST
seq_0121,METAL PATTERN INSPECTION
seq_0121,HARD BAKE
seq_0121,METAL ETCH DRY
seq_0121,STRIP PHOTORESIST
seq_0121,CLEAN AFTER METAL ETCH
seq_0121,MEASURE LINE WIDTH
seq_0121,DEPOSIT PASSIVATION
seq_0121,CURE PASSIVATION
seq_0121,MEASURE PASSIVATION THICKNESS
seq_0121,OPEN PAD WINDOW
seq_0121,PAD WINDOW LITHO
seq_0121,DEVELOP PAD WINDOW
seq_0121,PASSIVATION ETCH PAD OPENING
seq_0121,STRIP PHOTORESIST
seq_0121,CLEAN PAD OPENING
seq_0121,MEASURE PAD OPENING
seq_0121,BACKSIDE THINNING CHECK
seq_0121,BACKSIDE CLEAN FINAL
seq_0121,DEPOSIT BACKSIDE PROTECTION
seq_0121,BACKSIDE ANNEAL
seq_0121,FINAL CLEAN
seq_0121,FINAL THICKNESS MEASURE
seq_0121,FINAL OXIDE CHECK
seq_0121,FINAL PARTICLE INSPECTION
seq_0121,FINAL ELECTRICAL TEST PREP
seq_0121,PARAMETRIC TEST
seq_0121,LEAKAGE TEST
seq_0121,SWITCHING TEST
seq_0121,WAFER SORT TEST
seq_0121,YIELD ANALYSIS
seq_0121,LOT RELEASE
seq_0121,SHIP LOT
seq_0122,RECEIVE WAFER LOT
seq_0122,LOT IDENTIFICATION
seq_0122,PRE CLEAN INSPECTION
seq_0122,MEASURE INITIAL THICKNESS
seq_0122,MEASURE SURFACE PARTICLES
seq_0122,WAFER CLEAN PRE PROCESS
seq_0122,BACKSIDE CLEAN
seq_0122,WET CLEAN RCA1
seq_0122,WET CLEAN RCA2
seq_0122,HF DIP
seq_0122,WAFER CLEAN PRE-GRIND
seq_0122,GRINDING WAFER BACKSIDE
seq_0122,MEASURE INITIAL GEOMETRY
seq_0122,ETCH WET BACKSIDE
seq_0122,RINSE WET WAFER_EDGE
seq_0122,DRY WAFER BACKSIDE
seq_0122,BACKSIDE CLEAN
seq_0122,MEASURE BACKSIDE ROUGHNESS
seq_0122,THERMAL OXIDATION
seq_0122,MEASURE OXIDE THICKNESS
seq_0122,WET CLEAN RCA1
seq_0122,RCA CLEAN 2
seq_0122,HF DIP
seq_0122,OXIDE STRIP
seq_0122,SURFACE PREP FOR DEPOSITION
seq_0122,DEPOSIT PAD OXIDE
seq_0122,ANNEAL OXIDE
seq_0122,MEASURE OXIDE THICKNESS
seq_0122,SPIN COAT PHOTORESIST
seq_0122,SOFT BAKE
seq_0122,ALIGN MASK LEVEL 1
seq_0122,EXPOSE LITHO LEVEL 1
seq_0122,DEVELOP PHOTORESIST
seq_0122,INSPECT PATTERN LEVEL 1
seq_0122,HARD BAKE
seq_0122,OXIDE ETCH DRY
seq_0122,STRIP PHOTORESIST
seq_0122,CLEAN AFTER ETCH
seq_0122,MEASURE CD LEVEL 1
seq_0122,DEPOSIT POLYSILICON
seq_0122,ANNEAL POLYSILICON
seq_0122,SPIN COAT PHOTORESIST
seq_0122,SOFT BAKE
seq_0122,ALIGN MASK LEVEL 2
seq_0122,EXPOSE LITHO LEVEL 2
seq_0122,POST EXPOSE BAKE
seq_0122,DEVELOP PHOTORESIST
seq_0122,PATTERN INSPECTION LEVEL 2
seq_0122,POLYSILICON ETCH DRY
seq_0122,STRIP RESIST LEVEL 2
seq_0122,CLEAN AFTER POLY ETCH
seq_0122,IMPLANT N-TYPE
seq_0122,RAPID THERMAL ANNEAL
seq_0122,MEASURE SHEET RESISTANCE
seq_0122,DEPOSIT INTERLAYER DIELECTRIC
seq_0122,DENSIFY OXIDE
seq_0122,MEASURE DIELECTRIC THICKNESS
seq_0122,CMP INTERLAYER DIELECTRIC
seq_0122,MEASURE SURFACE PLANARITY
seq_0122,SPIN COAT PHOTORESIST
seq_0122,SOFT BAKE
seq_0122,ALIGN MASK LEVEL 3
seq_0122,EXPOSE LITHO LEVEL 3
seq_0122,DEVELOP PHOTORESIST
seq_0122,VIA OPENING INSPECTION
seq_0122,HARD BAKE
seq_0122,VIA ETCH THROUGH DIELECTRIC
seq_0122,STRIP PHOTORESIST
seq_0122,CLEAN AFTER VIA ETCH
seq_0122,MEASURE VIA CD
seq_0122,DEPOSIT BARRIER METAL
seq_0122,DEPOSIT TUNGSTEN SEED
seq_0122,FILL VIA TUNGSTEN
seq_0122,CMP METAL
seq_0122,MEASURE CONTACT RESISTANCE
seq_0122,DEPOSIT TOP METAL
seq_0122,ANNEAL METAL
seq_0122,MEASURE METAL THICKNESS
seq_0122,SPIN COAT PHOTORESIST
seq_0122,SOFT BAKE
seq_0122,ALIGN MASK LEVEL 4
seq_0122,EXPOSE LITHO LEVEL 4
seq_0122,DEVELOP PHOTORESIST
seq_0122,METAL PATTERN INSPECTION
seq_0122,METAL ETCH DRY
seq_0122,STRIP PHOTORESIST
seq_0122,CLEAN AFTER METAL ETCH
seq_0122,MEASURE LINE WIDTH
seq_0122,DEPOSIT PASSIVATION LAYER
seq_0122,CURE PASSIVATION
seq_0122,MEASURE PASSIVATION THICKNESS
seq_0122,OPEN PAD WINDOW
seq_0122,OPEN PAD WINDOW LITHO
seq_0122,DEVELOP PAD WINDOW
seq_0122,PASSIVATION ETCH PAD OPENING
seq_0122,STRIP RESIST
seq_0122,CLEAN PAD OPENING
seq_0122,MEASURE PAD OPENING
seq_0122,BACKSIDE CLEAN FINAL
seq_0122,DEPOSIT BACKSIDE PROTECTION
seq_0122,BACKSIDE ANNEAL
seq_0122,FRONTSIDE CLEAN FINAL
seq_0122,FINAL CLEAN
seq_0122,FINAL THICKNESS MEASURE
seq_0122,FINAL GEOMETRY CHECK
seq_0122,FINAL OXIDE CHECK
seq_0122,PARAMETRIC TEST
seq_0122,LEAKAGE TEST
seq_0122,THRESHOLD VOLTAGE TEST
seq_0122,SWITCHING TEST
seq_0122,WAFER SORT TEST
seq_0122,YIELD ANALYSIS
seq_0122,LOT RELEASE
seq_0122,SHIP LOT
seq_0123,RECEIVE WAFER LOT
seq_0123,LOT IDENTIFICATION
seq_0123,INITIAL WAFER INSPECTION
seq_0123,MEASURE INITIAL GEOMETRY
seq_0123,MEASURE SURFACE PARTICLES
seq_0123,WAFER CLEAN PRE PROCESS
seq_0123,BACKSIDE CLEAN
seq_0123,RCA CLEAN 1
seq_0123,RCA CLEAN 2
seq_0123,HF DIP
seq_0123,DRY WAFER
seq_0123,WAFER CLEAN PRE-GRIND
seq_0123,GRINDING WAFER BACKSIDE
seq_0123,MEASURE INITIAL GEOMETRY
seq_0123,ETCH WET BACKSIDE
seq_0123,RINSE WET WAFER_EDGE
seq_0123,DRY WAFER BACKSIDE
seq_0123,BACKSIDE CLEAN
seq_0123,MEASURE BACKSIDE ROUGHNESS
seq_0123,THERMAL OXIDATION
seq_0123,MEASURE OXIDE THICKNESS
seq_0123,WET CLEAN RCA1
seq_0123,RCA CLEAN 2
seq_0123,HF DIP
seq_0123,OXIDE STRIP
seq_0123,SURFACE PREP FOR DEPOSITION
seq_0123,DEPOSIT PAD OXIDE
seq_0123,ANNEAL OXIDE
seq_0123,MEASURE FILM THICKNESS
seq_0123,SPIN COAT PHOTORESIST
seq_0123,SOFT BAKE
seq_0123,ALIGN MASK LEVEL 1
seq_0123,EXPOSE LITHO LEVEL 1
seq_0123,DEVELOP PHOTORESIST
seq_0123,INSPECT PATTERN LEVEL 1
seq_0123,HARD BAKE
seq_0123,OXIDE ETCH DRY
seq_0123,STRIP RESIST
seq_0123,CLEAN AFTER ETCH
seq_0123,MEASURE CD LEVEL 1
seq_0123,DEPOSIT POLYSILICON
seq_0123,ANNEAL POLYSILICON
seq_0123,SPIN COAT PHOTORESIST
seq_0123,SOFT BAKE
seq_0123,ALIGN MASK LEVEL 2
seq_0123,EXPOSE LITHO LEVEL 2
seq_0123,DEVELOP PHOTORESIST
seq_0123,PATTERN INSPECTION LEVEL 2
seq_0123,POLYSILICON ETCH DRY
seq_0123,STRIP RESIST
seq_0123,CLEAN AFTER POLY ETCH
seq_0123,IMPLANT N-TYPE
seq_0123,PRE ANNEAL CHECK
seq_0123,RAPID THERMAL ANNEAL
seq_0123,MEASURE SHEET RESISTANCE
seq_0123,DEPOSIT INTERLEVEL DIELECTRIC
seq_0123,DENSIFY OXIDE
seq_0123,MEASURE FILM THICKNESS
seq_0123,CMP INTERLAYER DIELECTRIC
seq_0123,MEASURE SURFACE PLANARITY
seq_0123,SPIN COAT PHOTORESIST
seq_0123,SOFT BAKE
seq_0123,ALIGN MASK LEVEL 3
seq_0123,EXPOSE LITHO LEVEL 3
seq_0123,DEVELOP PHOTORESIST
seq_0123,VIA INSPECTION
seq_0123,VIA ETCH THROUGH DIELECTRIC
seq_0123,STRIP PHOTORESIST
seq_0123,CLEAN AFTER VIA ETCH
seq_0123,DEPOSIT BARRIER METAL
seq_0123,DEPOSIT TUNGSTEN SEED
seq_0123,FILL VIA TUNGSTEN
seq_0123,CMP METAL
seq_0123,MEASURE CONTACT RESISTANCE
seq_0123,DEPOSIT METAL 1
seq_0123,ANNEAL METAL
seq_0123,SPIN COAT PHOTORESIST
seq_0123,SOFT BAKE
seq_0123,ALIGN MASK LEVEL 4
seq_0123,EXPOSE LITHO LEVEL 4
seq_0123,DEVELOP PHOTORESIST
seq_0123,METAL PATTERN INSPECTION
seq_0123,METAL ETCH DRY
seq_0123,STRIP PHOTORESIST
seq_0123,CLEAN AFTER METAL ETCH
seq_0123,MEASURE LINE WIDTH
seq_0123,DEPOSIT PASSIVATION LAYER
seq_0123,CURE PASSIVATION
seq_0123,MEASURE PASSIVATION THICKNESS
seq_0123,OPEN PAD WINDOW
seq_0123,PAD WINDOW LITHO
seq_0123,DEVELOP PAD WINDOW
seq_0123,PASSIVATION ETCH
seq_0123,STRIP RESIST
seq_0123,CLEAN PAD OPENING
seq_0123,MEASURE PAD OPENING
seq_0123,BACKSIDE THINNING CHECK
seq_0123,BACKSIDE CLEAN FINAL
seq_0123,DEPOSIT BACKSIDE PROTECTION
seq_0123,BACKSIDE ANNEAL
seq_0123,FRONTSIDE CLEAN FINAL
seq_0123,FINAL CLEAN
seq_0123,FINAL THICKNESS MEASURE
seq_0123,FINAL GEOMETRY CHECK
seq_0123,FINAL OXIDE CHECK
seq_0123,ELECTRICAL PARAMETRIC TEST
seq_0123,LEAKAGE TEST
seq_0123,THRESHOLD VOLTAGE TEST
seq_0123,SWITCHING TEST
seq_0123,WAFER SORT TEST
seq_0123,YIELD ANALYSIS
seq_0123,LOT RELEASE
seq_0123,PACKAGE PREPARATION
seq_0123,SHIP LOT
seq_0124,RECEIVE WAFER LOT
seq_0124,LOT IDENTIFICATION
seq_0124,INITIAL WAFER INSPECTION
seq_0124,MEASURE INITIAL GEOMETRY
seq_0124,MEASURE SURFACE DEFECTS
seq_0124,WAFER CLEAN PRE PROCESS
seq_0124,BACKSIDE CLEAN
seq_0124,WET CLEAN RCA1
seq_0124,WET CLEAN RCA2
seq_0124,HF DIP
seq_0124,DRY WAFER
seq_0124,WAFER CLEAN PRE-GRIND
seq_0124,GRINDING WAFER BACKSIDE
seq_0124,MEASURE INITIAL GEOMETRY
seq_0124,ETCH WET BACKSIDE
seq_0124,RINSE WET WAFER_EDGE
seq_0124,DRY WAFER BACKSIDE
seq_0124,BACKSIDE CLEAN
seq_0124,MEASURE BACKSIDE ROUGHNESS
seq_0124,THERMAL OXIDATION
seq_0124,MEASURE OXIDE THICKNESS
seq_0124,WET CLEAN RCA1
seq_0124,WET CLEAN RCA2
seq_0124,HF DIP
seq_0124,OXIDE STRIP
seq_0124,SURFACE PREP FOR DEPOSITION
seq_0124,DEPOSIT PAD OXIDE
seq_0124,ANNEAL OXIDE
seq_0124,MEASURE FILM THICKNESS
seq_0124,SPIN COAT PHOTORESIST
seq_0124,SOFT BAKE
seq_0124,ALIGN MASK LEVEL 1
seq_0124,EXPOSE LITHO LEVEL 1
seq_0124,DEVELOP PHOTORESIST
seq_0124,INSPECT PATTERN LEVEL 1
seq_0124,HARD BAKE
seq_0124,OXIDE ETCH DRY
seq_0124,STRIP RESIST
seq_0124,CLEAN AFTER ETCH
seq_0124,MEASURE CD LEVEL 1
seq_0124,DEPOSIT POLYSILICON
seq_0124,ANNEAL POLYSILICON
seq_0124,SPIN COAT PHOTORESIST
seq_0124,SOFT BAKE
seq_0124,ALIGN MASK LEVEL 2
seq_0124,EXPOSE LITHO LEVEL 2
seq_0124,POST EXPOSE BAKE
seq_0124,DEVELOP PHOTORESIST
seq_0124,PATTERN INSPECTION LEVEL 2
seq_0124,HARD BAKE
seq_0124,POLYSILICON ETCH DRY
seq_0124,STRIP RESIST
seq_0124,CLEAN AFTER POLY ETCH
seq_0124,IMPLANT N-TYPE
seq_0124,PRE ANNEAL CHECK
seq_0124,RAPID THERMAL ANNEAL
seq_0124,MEASURE SHEET RESISTANCE
seq_0124,DEPOSIT INTERLAYER DIELECTRIC
seq_0124,DENSIFY OXIDE
seq_0124,MEASURE DIELECTRIC THICKNESS
seq_0124,CMP DIELECTRIC
seq_0124,MEASURE PLANARITY
seq_0124,SPIN COAT PHOTORESIST
seq_0124,SOFT BAKE
seq_0124,ALIGN MASK LEVEL 3
seq_0124,EXPOSE LITHO LEVEL 3
seq_0124,DEVELOP PHOTORESIST
seq_0124,VIA INSPECTION
seq_0124,VIA ETCH
seq_0124,STRIP RESIST
seq_0124,CLEAN AFTER VIA ETCH
seq_0124,MEASURE VIA CD
seq_0124,DEPOSIT BARRIER METAL
seq_0124,DEPOSIT TUNGSTEN SEED
seq_0124,FILL VIA TUNGSTEN
seq_0124,CMP METAL
seq_0124,MEASURE CONTACT RESISTANCE
seq_0124,DEPOSIT METAL 1
seq_0124,ANNEAL METAL
seq_0124,SPIN COAT PHOTORESIST
seq_0124,SOFT BAKE
seq_0124,ALIGN MASK LEVEL 4
seq_0124,EXPOSE LITHO LEVEL 4
seq_0124,POST EXPOSE BAKE
seq_0124,DEVELOP PHOTORESIST
seq_0124,METAL PATTERN INSPECTION
seq_0124,METAL ETCH DRY
seq_0124,STRIP PHOTORESIST
seq_0124,CLEAN AFTER METAL ETCH
seq_0124,MEASURE LINE WIDTH
seq_0124,DEPOSIT PASSIVATION LAYER
seq_0124,CURE PASSIVATION
seq_0124,MEASURE PASSIVATION QUALITY
seq_0124,OPEN PAD WINDOW
seq_0124,OPEN PAD WINDOW LITHO
seq_0124,DEVELOP PHOTORESIST
seq_0124,PASSIVATION ETCH PAD OPENING
seq_0124,STRIP RESIST
seq_0124,CLEAN PAD OPENING
seq_0124,MEASURE PAD OPENING
seq_0124,BACKSIDE THINNING CHECK
seq_0124,BACKSIDE CLEAN FINAL
seq_0124,DEPOSIT BACKSIDE PROTECTION
seq_0124,BACKSIDE ANNEAL
seq_0124,FINAL CLEAN
seq_0124,FINAL THICKNESS MEASURE
seq_0124,FINAL GEOMETRY CHECK
seq_0124,FINAL CD INSPECTION
seq_0124,FINAL PARTICLE INSPECTION
seq_0124,FINAL ELECTRICAL TEST PREP
seq_0124,ELECTRICAL PARAMETRIC TEST
seq_0124,LEAKAGE TEST
seq_0124,THRESHOLD VOLTAGE TEST
seq_0124,SWITCHING TEST
seq_0124,WAFER SORT TEST
seq_0124,YIELD ANALYSIS
seq_0124,LOT RELEASE
seq_0124,SHIP LOT
seq_0125,RECEIVE WAFER LOT
seq_0125,LOT IDENTIFICATION
seq_0125,PRE CLEAN INSPECTION
seq_0125,MEASURE INITIAL THICKNESS
seq_0125,MEASURE SURFACE PARTICLES
seq_0125,WAFER CLEAN PRE PROCESS
seq_0125,BACKSIDE CLEAN
seq_0125,FRONTSIDE CLEAN
seq_0125,WET CLEAN RCA1
seq_0125,RCA CLEAN 2
seq_0125,HF DIP
seq_0125,WAFER CLEAN PRE-GRIND
seq_0125,GRINDING WAFER BACKSIDE
seq_0125,MEASURE INITIAL GEOMETRY
seq_0125,ETCH WET BACKSIDE
seq_0125,RINSE WET WAFER_EDGE
seq_0125,DRY WAFER BACKSIDE
seq_0125,BACKSIDE CLEAN
seq_0125,MEASURE BACKSIDE ROUGHNESS
seq_0125,THERMAL OXIDATION
seq_0125,MEASURE OXIDE THICKNESS
seq_0125,RCA CLEAN 1
seq_0125,WET CLEAN RCA2
seq_0125,HF DIP
seq_0125,OXIDE STRIP
seq_0125,SURFACE PREP FOR DEPOSITION
seq_0125,DEPOSIT PAD OXIDE
seq_0125,ANNEAL OXIDE
seq_0125,MEASURE FILM THICKNESS
seq_0125,SPIN COAT PHOTORESIST
seq_0125,SOFT BAKE
seq_0125,ALIGN MASK LEVEL 1
seq_0125,EXPOSE LITHO LEVEL 1
seq_0125,DEVELOP PHOTORESIST
seq_0125,INSPECT PATTERN LEVEL 1
seq_0125,HARD BAKE
seq_0125,OXIDE ETCH DRY
seq_0125,STRIP PHOTORESIST
seq_0125,CLEAN AFTER ETCH
seq_0125,MEASURE CD LEVEL 1
seq_0125,DEPOSIT POLYSILICON
seq_0125,ANNEAL POLYSILICON
seq_0125,SPIN COAT PHOTORESIST
seq_0125,SOFT BAKE
seq_0125,ALIGN MASK LEVEL 2
seq_0125,EXPOSE LITHO LEVEL 2
seq_0125,DEVELOP PHOTORESIST
seq_0125,PATTERN INSPECTION LEVEL 2
seq_0125,POLYSILICON ETCH DRY
seq_0125,STRIP RESIST LEVEL 2
seq_0125,CLEAN AFTER POLY ETCH
seq_0125,MEASURE CD LEVEL 2
seq_0125,IMPLANT N-TYPE
seq_0125,PRE ANNEAL CHECK
seq_0125,RAPID THERMAL ANNEAL
seq_0125,MEASURE SHEET RESISTANCE
seq_0125,DEPOSIT INTERLAYER DIELECTRIC
seq_0125,DENSIFY OXIDE
seq_0125,MEASURE FILM THICKNESS
seq_0125,CMP DIELECTRIC
seq_0125,MEASURE SURFACE PLANARITY
seq_0125,SPIN COAT PHOTORESIST
seq_0125,SOFT BAKE
seq_0125,ALIGN MASK LEVEL 3
seq_0125,EXPOSE LITHO LEVEL 3
seq_0125,DEVELOP PHOTORESIST
seq_0125,VIA OPENING INSPECTION
seq_0125,HARD BAKE
seq_0125,DIELECTRIC ETCH VIA
seq_0125,STRIP PHOTORESIST
seq_0125,CLEAN AFTER VIA ETCH
seq_0125,MEASURE VIA CD
seq_0125,DEPOSIT BARRIER METAL
seq_0125,DEPOSIT TUNGSTEN SEED
seq_0125,FILL VIA TUNGSTEN
seq_0125,CMP METAL
seq_0125,MEASURE CONTACT RESISTANCE
seq_0125,DEPOSIT METAL 1
seq_0125,ANNEAL METAL
seq_0125,SPIN COAT PHOTORESIST
seq_0125,SOFT BAKE
seq_0125,ALIGN MASK LEVEL 4
seq_0125,EXPOSE LITHO LEVEL 4
seq_0125,DEVELOP PHOTORESIST
seq_0125,METAL PATTERN INSPECTION
seq_0125,METAL ETCH DRY
seq_0125,STRIP RESIST
seq_0125,CLEAN AFTER METAL ETCH
seq_0125,MEASURE LINE WIDTH
seq_0125,DEPOSIT PASSIVATION LAYER
seq_0125,CURE PASSIVATION
seq_0125,MEASURE PASSIVATION QUALITY
seq_0125,OPEN PAD WINDOW
seq_0125,OPEN PAD WINDOW LITHO
seq_0125,DEVELOP PAD WINDOW
seq_0125,PASSIVATION ETCH PAD OPENING
seq_0125,STRIP RESIST
seq_0125,CLEAN PAD OPENING
seq_0125,MEASURE PAD OPENING
seq_0125,BACKSIDE THINNING CHECK
seq_0125,BACKSIDE CLEAN FINAL
seq_0125,DEPOSIT BACKSIDE PROTECTION
seq_0125,BACKSIDE ANNEAL
seq_0125,FRONTSIDE CLEAN FINAL
seq_0125,FINAL CLEAN
seq_0125,FINAL THICKNESS MEASURE
seq_0125,FINAL GEOMETRY CHECK
seq_0125,FINAL CD INSPECTION
seq_0125,FINAL PARTICLE INSPECTION
seq_0125,FINAL ELECTRICAL TEST PREP
seq_0125,PARAMETRIC TEST
seq_0125,LEAKAGE TEST
seq_0125,THRESHOLD VOLTAGE TEST
seq_0125,SWITCHING TEST
seq_0125,WAFER SORT TEST
seq_0125,YIELD ANALYSIS
seq_0125,LOT RELEASE
seq_0125,PACKAGE PREPARATION
seq_0125,SHIP LOT
seq_0126,RECEIVE WAFER LOT
seq_0126,LOT IDENTIFICATION
seq_0126,INITIAL WAFER INSPECTION
seq_0126,MEASURE INITIAL GEOMETRY
seq_0126,MEASURE SURFACE PARTICLES
seq_0126,WAFER CLEAN PRE PROCESS
seq_0126,BACKSIDE CLEAN
seq_0126,WET CLEAN RCA1
seq_0126,RCA CLEAN 2
seq_0126,HF DIP
seq_0126,WAFER CLEAN PRE-GRIND
seq_0126,GRINDING WAFER BACKSIDE
seq_0126,MEASURE GEOMETRY
seq_0126,ETCH WET BACKSIDE
seq_0126,RINSE WET WAFER_EDGE
seq_0126,DRY WAFER BACKSIDE
seq_0126,BACKSIDE CLEAN
seq_0126,MEASURE BACKSIDE ROUGHNESS
seq_0126,THERMAL OXIDATION
seq_0126,MEASURE OXIDE THICKNESS
seq_0126,WET CLEAN RCA1
seq_0126,RCA CLEAN 2
seq_0126,HF DIP
seq_0126,OXIDE STRIP
seq_0126,SURFACE PREP FOR DEPOSITION
seq_0126,DEPOSIT PAD OXIDE
seq_0126,ANNEAL OXIDE
seq_0126,MEASURE FILM THICKNESS
seq_0126,SPIN COAT PHOTORESIST
seq_0126,SOFT BAKE
seq_0126,ALIGN MASK LEVEL 1
seq_0126,EXPOSE LITHO LEVEL 1
seq_0126,DEVELOP PHOTORESIST
seq_0126,INSPECT PATTERN LEVEL 1
seq_0126,HARD BAKE
seq_0126,OXIDE ETCH DRY
seq_0126,STRIP RESIST
seq_0126,CLEAN AFTER ETCH
seq_0126,MEASURE CD LEVEL 1
seq_0126,DEPOSIT POLYSILICON
seq_0126,ANNEAL POLYSILICON
seq_0126,SPIN COAT PHOTORESIST
seq_0126,SOFT BAKE
seq_0126,ALIGN MASK LEVEL 2
seq_0126,EXPOSE LITHO LEVEL 2
seq_0126,DEVELOP PHOTORESIST
seq_0126,PATTERN INSPECTION LEVEL 2
seq_0126,POLYSILICON ETCH DRY
seq_0126,STRIP RESIST
seq_0126,CLEAN AFTER POLY ETCH
seq_0126,MEASURE CD LEVEL 2
seq_0126,IMPLANT N-TYPE
seq_0126,RAPID THERMAL ANNEAL
seq_0126,MEASURE SHEET RESISTANCE
seq_0126,DEPOSIT INTERLAYER DIELECTRIC
seq_0126,DENSIFY DIELECTRIC
seq_0126,MEASURE DIELECTRIC THICKNESS
seq_0126,CMP INTERLAYER DIELECTRIC
seq_0126,MEASURE PLANARITY
seq_0126,SPIN COAT PHOTORESIST
seq_0126,SOFT BAKE
seq_0126,ALIGN MASK LEVEL 3
seq_0126,EXPOSE LITHO LEVEL 3
seq_0126,POST EXPOSE BAKE
seq_0126,DEVELOP PHOTORESIST
seq_0126,VIA OPENING INSPECTION
seq_0126,VIA ETCH THROUGH DIELECTRIC
seq_0126,STRIP PHOTORESIST
seq_0126,CLEAN AFTER VIA ETCH
seq_0126,MEASURE VIA CD
seq_0126,DEPOSIT BARRIER METAL
seq_0126,DEPOSIT TUNGSTEN SEED
seq_0126,FILL VIA TUNGSTEN
seq_0126,CMP METAL
seq_0126,DEPOSIT METAL 1
seq_0126,ANNEAL METAL
seq_0126,MEASURE METAL THICKNESS
seq_0126,SPIN COAT PHOTORESIST
seq_0126,SOFT BAKE
seq_0126,ALIGN MASK LEVEL 4
seq_0126,EXPOSE LITHO LEVEL 4
seq_0126,POST EXPOSE BAKE
seq_0126,DEVELOP PHOTORESIST
seq_0126,METAL PATTERN INSPECTION
seq_0126,METAL ETCH DRY
seq_0126,STRIP RESIST
seq_0126,CLEAN AFTER METAL ETCH
seq_0126,DEPOSIT PASSIVATION
seq_0126,CURE PASSIVATION
seq_0126,MEASURE PASSIVATION QUALITY
seq_0126,OPEN BOND PAD WINDOW
seq_0126,PAD WINDOW LITHO
seq_0126,DEVELOP PHOTORESIST
seq_0126,PASSIVATION ETCH PAD OPENING
seq_0126,STRIP RESIST
seq_0126,CLEAN PAD OPENING
seq_0126,MEASURE PAD OPENING
seq_0126,BACKSIDE CLEAN FINAL
seq_0126,DEPOSIT BACKSIDE PROTECTION
seq_0126,BACKSIDE ANNEAL
seq_0126,FINAL CLEAN
seq_0126,FINAL THICKNESS MEASURE
seq_0126,FINAL GEOMETRY CHECK
seq_0126,FINAL OXIDE CHECK
seq_0126,FINAL CD INSPECTION
seq_0126,FINAL PARTICLE INSPECTION
seq_0126,FINAL ELECTRICAL TEST PREP
seq_0126,ELECTRICAL PARAMETRIC TEST
seq_0126,LEAKAGE TEST
seq_0126,THRESHOLD VOLTAGE TEST
seq_0126,SWITCHING TEST
seq_0126,WAFER SORT TEST
seq_0126,YIELD ANALYSIS
seq_0126,LOT RELEASE
seq_0126,SHIP LOT
seq_0127,RECEIVE WAFER LOT
seq_0127,LOT IDENTIFICATION
seq_0127,INITIAL WAFER INSPECTION
seq_0127,MEASURE SURFACE PARTICLES
seq_0127,WAFER CLEAN PRE PROCESS
seq_0127,BACKSIDE CLEAN
seq_0127,RCA CLEAN 1
seq_0127,RCA CLEAN 2
seq_0127,HF DIP
seq_0127,WAFER CLEAN PRE-GRIND
seq_0127,GRINDING WAFER BACKSIDE
seq_0127,MEASURE GEOMETRY
seq_0127,ETCH WET BACKSIDE
seq_0127,RINSE WET WAFER_EDGE
seq_0127,DRY WAFER BACKSIDE
seq_0127,BACKSIDE CLEAN
seq_0127,MEASURE BACKSIDE ROUGHNESS
seq_0127,THERMAL OXIDATION
seq_0127,MEASURE OXIDE THICKNESS
seq_0127,RCA CLEAN 1
seq_0127,WET CLEAN RCA2
seq_0127,HF DIP
seq_0127,OXIDE STRIP
seq_0127,SURFACE PREP FOR DEPOSITION
seq_0127,DEPOSIT PAD OXIDE
seq_0127,ANNEAL OXIDE
seq_0127,MEASURE OXIDE THICKNESS
seq_0127,SPIN COAT PHOTORESIST
seq_0127,SOFT BAKE
seq_0127,ALIGN MASK LEVEL 1
seq_0127,EXPOSE LITHO LEVEL 1
seq_0127,DEVELOP PHOTORESIST
seq_0127,INSPECT PATTERN LEVEL 1
seq_0127,HARD BAKE
seq_0127,OXIDE ETCH DRY
seq_0127,STRIP PHOTORESIST
seq_0127,CLEAN AFTER ETCH
seq_0127,MEASURE CD LEVEL 1
seq_0127,DEPOSIT POLYSILICON
seq_0127,ANNEAL POLYSILICON
seq_0127,SPIN COAT PHOTORESIST
seq_0127,SOFT BAKE
seq_0127,ALIGN MASK LEVEL 2
seq_0127,EXPOSE LITHO LEVEL 2
seq_0127,POST EXPOSE BAKE
seq_0127,DEVELOP PHOTORESIST
seq_0127,PATTERN INSPECTION LEVEL 2
seq_0127,POLYSILICON ETCH DRY
seq_0127,STRIP RESIST
seq_0127,CLEAN AFTER POLY ETCH
seq_0127,IMPLANT N-TYPE
seq_0127,RAPID THERMAL ANNEAL
seq_0127,DEPOSIT INTERLAYER DIELECTRIC
seq_0127,DENSIFY OXIDE
seq_0127,MEASURE FILM THICKNESS
seq_0127,CMP INTERLAYER DIELECTRIC
seq_0127,MEASURE SURFACE PLANARITY
seq_0127,SPIN COAT PHOTORESIST
seq_0127,SOFT BAKE
seq_0127,ALIGN MASK LEVEL 3
seq_0127,EXPOSE LITHO LEVEL 3
seq_0127,POST EXPOSE BAKE
seq_0127,DEVELOP PHOTORESIST
seq_0127,VIA INSPECTION
seq_0127,VIA ETCH
seq_0127,STRIP RESIST
seq_0127,CLEAN AFTER VIA ETCH
seq_0127,DEPOSIT BARRIER METAL
seq_0127,DEPOSIT TUNGSTEN SEED
seq_0127,FILL VIA TUNGSTEN
seq_0127,CMP VIA FILL
seq_0127,MEASURE CONTACT RESISTANCE
seq_0127,DEPOSIT TOP METAL
seq_0127,ANNEAL METAL
seq_0127,SPIN COAT PHOTORESIST
seq_0127,SOFT BAKE
seq_0127,ALIGN MASK LEVEL 4
seq_0127,EXPOSE LITHO LEVEL 4
seq_0127,DEVELOP PHOTORESIST
seq_0127,METAL PATTERN INSPECTION
seq_0127,METAL ETCH DRY
seq_0127,STRIP RESIST
seq_0127,CLEAN AFTER METAL ETCH
seq_0127,MEASURE LINE WIDTH
seq_0127,DEPOSIT PASSIVATION
seq_0127,CURE PASSIVATION
seq_0127,MEASURE PASSIVATION QUALITY
seq_0127,OPEN PAD WINDOW
seq_0127,PAD WINDOW LITHO
seq_0127,DEVELOP PAD WINDOW
seq_0127,PASSIVATION ETCH
seq_0127,STRIP PHOTORESIST
seq_0127,CLEAN PAD OPENING
seq_0127,MEASURE PAD OPENING
seq_0127,BACKSIDE THINNING CHECK
seq_0127,BACKSIDE CLEAN
seq_0127,DEPOSIT BACKSIDE PROTECTION
seq_0127,BACKSIDE ANNEAL
seq_0127,FINAL CLEAN
seq_0127,FINAL THICKNESS MEASURE
seq_0127,FINAL GEOMETRY CHECK
seq_0127,FINAL CD INSPECTION
seq_0127,FINAL PARTICLE INSPECTION
seq_0127,FINAL ELECTRICAL TEST PREP
seq_0127,ELECTRICAL PARAMETRIC TEST
seq_0127,LEAKAGE TEST
seq_0127,THRESHOLD VOLTAGE TEST
seq_0127,SWITCHING TEST
seq_0127,WAFER SORT TEST
seq_0127,YIELD ANALYSIS
seq_0127,LOT RELEASE
seq_0127,SHIP LOT
seq_0128,RECEIVE WAFER LOT
seq_0128,LOT IDENTIFICATION
seq_0128,PRE CLEAN INSPECTION
seq_0128,MEASURE SURFACE DEFECTS
seq_0128,WAFER CLEAN PRE PROCESS
seq_0128,FRONTSIDE CLEAN
seq_0128,WET CLEAN RCA1
seq_0128,WET CLEAN RCA2
seq_0128,HF DIP
seq_0128,DRY WAFER
seq_0128,WAFER CLEAN PRE-GRIND
seq_0128,GRINDING WAFER BACKSIDE
seq_0128,MEASURE INITIAL GEOMETRY
seq_0128,ETCH WET BACKSIDE
seq_0128,RINSE WET WAFER_EDGE
seq_0128,DRY WAFER BACKSIDE
seq_0128,BACKSIDE CLEAN
seq_0128,MEASURE BACKSIDE ROUGHNESS
seq_0128,THERMAL OXIDATION
seq_0128,MEASURE OXIDE THICKNESS
seq_0128,WET CLEAN RCA1
seq_0128,WET CLEAN RCA2
seq_0128,HF DIP
seq_0128,OXIDE STRIP
seq_0128,SURFACE PREP FOR DEPOSITION
seq_0128,DEPOSIT PAD OXIDE
seq_0128,ANNEAL OXIDE
seq_0128,MEASURE FILM THICKNESS
seq_0128,SPIN COAT PHOTORESIST
seq_0128,SOFT BAKE
seq_0128,ALIGN MASK LEVEL 1
seq_0128,EXPOSE LITHO LEVEL 1
seq_0128,DEVELOP PHOTORESIST
seq_0128,INSPECT PATTERN LEVEL 1
seq_0128,HARD BAKE
seq_0128,OXIDE ETCH DRY
seq_0128,STRIP RESIST
seq_0128,CLEAN AFTER ETCH
seq_0128,MEASURE CD LEVEL 1
seq_0128,DEPOSIT POLYSILICON
seq_0128,ANNEAL POLYSILICON
seq_0128,SPIN COAT PHOTORESIST
seq_0128,SOFT BAKE
seq_0128,ALIGN MASK LEVEL 2
seq_0128,EXPOSE LITHO LEVEL 2
seq_0128,DEVELOP PHOTORESIST
seq_0128,PATTERN INSPECTION LEVEL 2
seq_0128,POLYSILICON ETCH DRY
seq_0128,STRIP RESIST LEVEL 2
seq_0128,CLEAN AFTER POLY ETCH
seq_0128,IMPLANT N-TYPE
seq_0128,PRE ANNEAL CHECK
seq_0128,RAPID THERMAL ANNEAL
seq_0128,DEPOSIT INTERLAYER DIELECTRIC
seq_0128,DENSIFY DIELECTRIC
seq_0128,MEASURE DIELECTRIC THICKNESS
seq_0128,CMP DIELECTRIC
seq_0128,MEASURE PLANARITY
seq_0128,SPIN COAT PHOTORESIST
seq_0128,SOFT BAKE
seq_0128,ALIGN MASK LEVEL 3
seq_0128,EXPOSE LITHO LEVEL 3
seq_0128,POST EXPOSE BAKE
seq_0128,DEVELOP PHOTORESIST
seq_0128,VIA OPENING INSPECTION
seq_0128,HARD BAKE
seq_0128,VIA ETCH THROUGH DIELECTRIC
seq_0128,STRIP RESIST
seq_0128,CLEAN AFTER VIA ETCH
seq_0128,DEPOSIT BARRIER METAL
seq_0128,DEPOSIT TUNGSTEN SEED
seq_0128,FILL VIA TUNGSTEN
seq_0128,CMP VIA FILL
seq_0128,MEASURE VIA RESISTANCE
seq_0128,DEPOSIT TOP METAL
seq_0128,ANNEAL METAL
seq_0128,MEASURE METAL THICKNESS
seq_0128,SPIN COAT PHOTORESIST
seq_0128,SOFT BAKE
seq_0128,ALIGN MASK LEVEL 4
seq_0128,EXPOSE LITHO LEVEL 4
seq_0128,DEVELOP PHOTORESIST
seq_0128,METAL PATTERN INSPECTION
seq_0128,METAL ETCH DRY
seq_0128,STRIP RESIST
seq_0128,CLEAN AFTER METAL ETCH
seq_0128,MEASURE LINE WIDTH
seq_0128,DEPOSIT PASSIVATION
seq_0128,CURE PASSIVATION
seq_0128,MEASURE PASSIVATION THICKNESS
seq_0128,OPEN BOND PAD WINDOW
seq_0128,PAD WINDOW LITHO
seq_0128,DEVELOP PHOTORESIST
seq_0128,PASSIVATION ETCH PAD OPENING
seq_0128,STRIP PHOTORESIST
seq_0128,CLEAN PAD OPENING
seq_0128,MEASURE PAD OPENING
seq_0128,BACKSIDE CLEAN
seq_0128,DEPOSIT BACKSIDE PROTECTION
seq_0128,BACKSIDE ANNEAL
seq_0128,FINAL CLEAN
seq_0128,FINAL THICKNESS MEASURE
seq_0128,FINAL GEOMETRY CHECK
seq_0128,FINAL OXIDE CHECK
seq_0128,FINAL PARTICLE INSPECTION
seq_0128,FINAL ELECTRICAL TEST PREP
seq_0128,ELECTRICAL PARAMETRIC TEST
seq_0128,LEAKAGE TEST
seq_0128,THRESHOLD VOLTAGE TEST
seq_0128,SWITCHING TEST
seq_0128,WAFER SORT TEST
seq_0128,YIELD ANALYSIS
seq_0128,FINAL LOT RELEASE
seq_0128,SHIP LOT
seq_0129,RECEIVE WAFER LOT
seq_0129,LOT IDENTIFICATION
seq_0129,INITIAL WAFER INSPECTION
seq_0129,MEASURE INITIAL GEOMETRY
seq_0129,MEASURE SURFACE DEFECTS
seq_0129,WAFER CLEAN PRE PROCESS
seq_0129,WET CLEAN RCA1
seq_0129,RCA CLEAN 2
seq_0129,HF DIP
seq_0129,WAFER CLEAN PRE-GRIND
seq_0129,GRINDING WAFER BACKSIDE
seq_0129,MEASURE INITIAL GEOMETRY
seq_0129,ETCH WET BACKSIDE
seq_0129,RINSE WET WAFER_EDGE
seq_0129,DRY WAFER BACKSIDE
seq_0129,BACKSIDE CLEAN
seq_0129,MEASURE BACKSIDE ROUGHNESS
seq_0129,THERMAL OXIDATION
seq_0129,MEASURE OXIDE THICKNESS
seq_0129,RCA CLEAN 1
seq_0129,WET CLEAN RCA2
seq_0129,HF DIP
seq_0129,OXIDE STRIP
seq_0129,SURFACE PREP FOR DEPOSITION
seq_0129,DEPOSIT PAD OXIDE
seq_0129,ANNEAL OXIDE
seq_0129,MEASURE OXIDE THICKNESS
seq_0129,SPIN COAT PHOTORESIST
seq_0129,SOFT BAKE
seq_0129,ALIGN MASK LEVEL 1
seq_0129,EXPOSE LITHO LEVEL 1
seq_0129,POST EXPOSE BAKE
seq_0129,DEVELOP PHOTORESIST
seq_0129,INSPECT PATTERN LEVEL 1
seq_0129,HARD BAKE
seq_0129,OXIDE ETCH DRY
seq_0129,STRIP PHOTORESIST
seq_0129,CLEAN AFTER ETCH
seq_0129,DEPOSIT POLYSILICON
seq_0129,ANNEAL POLYSILICON
seq_0129,SPIN COAT PHOTORESIST
seq_0129,SOFT BAKE
seq_0129,ALIGN MASK LEVEL 2
seq_0129,EXPOSE LITHO LEVEL 2
seq_0129,DEVELOP PHOTORESIST
seq_0129,PATTERN INSPECTION LEVEL 2
seq_0129,POLYSILICON ETCH DRY
seq_0129,STRIP RESIST
seq_0129,CLEAN AFTER POLY ETCH
seq_0129,MEASURE CD LEVEL 2
seq_0129,IMPLANT N-TYPE
seq_0129,PRE ANNEAL CHECK
seq_0129,RAPID THERMAL ANNEAL
seq_0129,DEPOSIT INTERLEVEL DIELECTRIC
seq_0129,DENSIFY OXIDE
seq_0129,MEASURE DIELECTRIC THICKNESS
seq_0129,CMP INTERLAYER DIELECTRIC
seq_0129,MEASURE SURFACE PLANARITY
seq_0129,SPIN COAT PHOTORESIST
seq_0129,SOFT BAKE
seq_0129,ALIGN MASK LEVEL 3
seq_0129,EXPOSE LITHO LEVEL 3
seq_0129,DEVELOP PHOTORESIST
seq_0129,VIA INSPECTION
seq_0129,HARD BAKE
seq_0129,VIA ETCH
seq_0129,STRIP RESIST
seq_0129,CLEAN AFTER VIA ETCH
seq_0129,MEASURE VIA CD
seq_0129,DEPOSIT BARRIER METAL
seq_0129,DEPOSIT TUNGSTEN SEED
seq_0129,FILL VIA TUNGSTEN
seq_0129,CMP METAL
seq_0129,MEASURE CONTACT RESISTANCE
seq_0129,DEPOSIT METAL 1
seq_0129,ANNEAL METAL 1
seq_0129,SPIN COAT PHOTORESIST
seq_0129,SOFT BAKE
seq_0129,ALIGN MASK LEVEL 4
seq_0129,EXPOSE LITHO LEVEL 4
seq_0129,DEVELOP PHOTORESIST
seq_0129,METAL PATTERN INSPECTION
seq_0129,HARD BAKE
seq_0129,METAL ETCH DRY
seq_0129,STRIP RESIST
seq_0129,CLEAN AFTER METAL ETCH
seq_0129,MEASURE LINE WIDTH
seq_0129,DEPOSIT PASSIVATION
seq_0129,CURE PASSIVATION
seq_0129,MEASURE PASSIVATION QUALITY
seq_0129,OPEN BOND PAD WINDOW
seq_0129,PAD WINDOW LITHO
seq_0129,DEVELOP PHOTORESIST
seq_0129,PASSIVATION ETCH
seq_0129,STRIP RESIST
seq_0129,CLEAN PAD OPENING
seq_0129,MEASURE PAD OPENING
seq_0129,BACKSIDE THINNING CHECK
seq_0129,BACKSIDE CLEAN FINAL
seq_0129,DEPOSIT BACKSIDE PROTECTION
seq_0129,BACKSIDE ANNEAL
seq_0129,FRONTSIDE CLEAN FINAL
seq_0129,FINAL CLEAN
seq_0129,FINAL THICKNESS MEASURE
seq_0129,FINAL GEOMETRY CHECK
seq_0129,FINAL OXIDE CHECK
seq_0129,FINAL PARTICLE INSPECTION
seq_0129,FINAL ELECTRICAL TEST PREP
seq_0129,PARAMETRIC TEST
seq_0129,LEAKAGE TEST
seq_0129,SWITCHING TEST
seq_0129,WAFER SORT TEST
seq_0129,YIELD ANALYSIS
seq_0129,FINAL LOT RELEASE
seq_0129,PACKAGE PREPARATION
seq_0129,SHIP LOT
seq_0130,RECEIVE WAFER LOT
seq_0130,LOT IDENTIFICATION
seq_0130,PRE CLEAN INSPECTION
seq_0130,MEASURE INITIAL GEOMETRY
seq_0130,MEASURE SURFACE DEFECTS
seq_0130,WAFER CLEAN PRE PROCESS
seq_0130,RCA CLEAN 1
seq_0130,RCA CLEAN 2
seq_0130,HF DIP
seq_0130,DRY WAFER
seq_0130,WAFER CLEAN PRE-GRIND
seq_0130,GRINDING WAFER BACKSIDE
seq_0130,MEASURE INITIAL GEOMETRY
seq_0130,ETCH WET BACKSIDE
seq_0130,RINSE WET WAFER_EDGE
seq_0130,DRY WAFER BACKSIDE
seq_0130,BACKSIDE CLEAN
seq_0130,MEASURE BACKSIDE ROUGHNESS
seq_0130,THERMAL OXIDATION
seq_0130,MEASURE OXIDE THICKNESS
seq_0130,WET CLEAN RCA1
seq_0130,RCA CLEAN 2
seq_0130,HF DIP
seq_0130,OXIDE STRIP
seq_0130,SURFACE PREP FOR DEPOSITION
seq_0130,DEPOSIT PAD OXIDE
seq_0130,ANNEAL OXIDE
seq_0130,MEASURE OXIDE THICKNESS
seq_0130,SPIN COAT PHOTORESIST
seq_0130,SOFT BAKE
seq_0130,ALIGN MASK LEVEL 1
seq_0130,EXPOSE LITHO LEVEL 1
seq_0130,POST EXPOSE BAKE
seq_0130,DEVELOP PHOTORESIST
seq_0130,INSPECT PATTERN LEVEL 1
seq_0130,HARD BAKE
seq_0130,OXIDE ETCH DRY
seq_0130,STRIP PHOTORESIST
seq_0130,CLEAN AFTER ETCH
seq_0130,MEASURE CD LEVEL 1
seq_0130,DEPOSIT POLYSILICON
seq_0130,ANNEAL POLYSILICON
seq_0130,SPIN COAT PHOTORESIST
seq_0130,SOFT BAKE
seq_0130,ALIGN MASK LEVEL 2
seq_0130,EXPOSE LITHO LEVEL 2
seq_0130,DEVELOP PHOTORESIST
seq_0130,PATTERN INSPECTION LEVEL 2
seq_0130,POLYSILICON ETCH DRY
seq_0130,STRIP RESIST
seq_0130,CLEAN AFTER POLY ETCH
seq_0130,IMPLANT N-TYPE
seq_0130,PRE ANNEAL CHECK
seq_0130,RAPID THERMAL ANNEAL
seq_0130,MEASURE SHEET RESISTANCE
seq_0130,DEPOSIT INTERLEVEL DIELECTRIC
seq_0130,DENSIFY DIELECTRIC
seq_0130,MEASURE DIELECTRIC THICKNESS
seq_0130,CMP INTERLAYER DIELECTRIC
seq_0130,MEASURE SURFACE PLANARITY
seq_0130,SPIN COAT PHOTORESIST
seq_0130,SOFT BAKE
seq_0130,ALIGN MASK LEVEL 3
seq_0130,EXPOSE LITHO LEVEL 3
seq_0130,POST EXPOSE BAKE
seq_0130,DEVELOP PHOTORESIST
seq_0130,VIA INSPECTION
seq_0130,HARD BAKE
seq_0130,VIA ETCH THROUGH DIELECTRIC
seq_0130,STRIP PHOTORESIST
seq_0130,CLEAN AFTER VIA ETCH
seq_0130,MEASURE VIA CD
seq_0130,DEPOSIT BARRIER METAL
seq_0130,DEPOSIT TUNGSTEN SEED
seq_0130,FILL VIA TUNGSTEN
seq_0130,CMP VIA FILL
seq_0130,MEASURE CONTACT RESISTANCE
seq_0130,DEPOSIT TOP METAL
seq_0130,ANNEAL METAL
seq_0130,SPIN COAT PHOTORESIST
seq_0130,SOFT BAKE
seq_0130,ALIGN MASK LEVEL 4
seq_0130,EXPOSE LITHO LEVEL 4
seq_0130,POST EXPOSE BAKE
seq_0130,DEVELOP PHOTORESIST
seq_0130,METAL PATTERN INSPECTION
seq_0130,HARD BAKE
seq_0130,METAL ETCH DRY
seq_0130,STRIP RESIST
seq_0130,CLEAN AFTER METAL ETCH
seq_0130,MEASURE LINE WIDTH
seq_0130,DEPOSIT PASSIVATION
seq_0130,CURE PASSIVATION
seq_0130,MEASURE PASSIVATION QUALITY
seq_0130,OPEN BOND PAD WINDOW
seq_0130,OPEN PAD WINDOW LITHO
seq_0130,DEVELOP PHOTORESIST
seq_0130,PASSIVATION ETCH
seq_0130,STRIP RESIST
seq_0130,CLEAN PAD OPENING
seq_0130,MEASURE PAD OPENING
seq_0130,BACKSIDE THINNING CHECK
seq_0130,BACKSIDE CLEAN
seq_0130,DEPOSIT BACKSIDE PROTECTION
seq_0130,BACKSIDE ANNEAL
seq_0130,FINAL CLEAN
seq_0130,FINAL THICKNESS MEASURE
seq_0130,FINAL GEOMETRY CHECK
seq_0130,FINAL PARTICLE INSPECTION
seq_0130,PARAMETRIC TEST
seq_0130,LEAKAGE TEST
seq_0130,THRESHOLD VOLTAGE TEST
seq_0130,SWITCHING TEST
seq_0130,WAFER SORT TEST
seq_0130,YIELD ANALYSIS
seq_0130,FINAL LOT RELEASE
seq_0130,SHIP LOT
seq_0131,RECEIVE WAFER LOT
seq_0131,LOT IDENTIFICATION
seq_0131,INITIAL WAFER INSPECTION
seq_0131,MEASURE INITIAL THICKNESS
seq_0131,MEASURE SURFACE PARTICLES
seq_0131,WAFER CLEAN PRE PROCESS
seq_0131,BACKSIDE CLEAN
seq_0131,FRONTSIDE CLEAN
seq_0131,WET CLEAN RCA1
seq_0131,WET CLEAN RCA2
seq_0131,HF DIP
seq_0131,DRY WAFER
seq_0131,WAFER CLEAN PRE-GRIND
seq_0131,GRINDING WAFER BACKSIDE
seq_0131,MEASURE INITIAL GEOMETRY
seq_0131,ETCH WET BACKSIDE
seq_0131,RINSE WET WAFER_EDGE
seq_0131,DRY WAFER BACKSIDE
seq_0131,BACKSIDE CLEAN
seq_0131,MEASURE BACKSIDE ROUGHNESS
seq_0131,THERMAL OXIDATION
seq_0131,MEASURE OXIDE THICKNESS
seq_0131,RCA CLEAN 1
seq_0131,WET CLEAN RCA2
seq_0131,HF DIP
seq_0131,OXIDE STRIP
seq_0131,SURFACE PREP FOR DEPOSITION
seq_0131,DEPOSIT PAD OXIDE
seq_0131,ANNEAL OXIDE
seq_0131,MEASURE FILM THICKNESS
seq_0131,SPIN COAT PHOTORESIST
seq_0131,SOFT BAKE
seq_0131,ALIGN MASK LEVEL 1
seq_0131,EXPOSE LITHO LEVEL 1
seq_0131,POST EXPOSE BAKE
seq_0131,DEVELOP PHOTORESIST
seq_0131,INSPECT PATTERN LEVEL 1
seq_0131,HARD BAKE
seq_0131,OXIDE ETCH DRY
seq_0131,STRIP PHOTORESIST
seq_0131,CLEAN AFTER ETCH
seq_0131,DEPOSIT POLYSILICON
seq_0131,ANNEAL POLYSILICON
seq_0131,SPIN COAT PHOTORESIST
seq_0131,SOFT BAKE
seq_0131,ALIGN MASK LEVEL 2
seq_0131,EXPOSE LITHO LEVEL 2
seq_0131,POST EXPOSE BAKE
seq_0131,DEVELOP PHOTORESIST
seq_0131,PATTERN INSPECTION LEVEL 2
seq_0131,POLYSILICON ETCH DRY
seq_0131,STRIP RESIST LEVEL 2
seq_0131,CLEAN AFTER POLY ETCH
seq_0131,MEASURE CD LEVEL 2
seq_0131,IMPLANT N-TYPE
seq_0131,PRE ANNEAL CHECK
seq_0131,RAPID THERMAL ANNEAL
seq_0131,MEASURE SHEET RESISTANCE
seq_0131,DEPOSIT INTERLEVEL DIELECTRIC
seq_0131,DENSIFY DIELECTRIC
seq_0131,MEASURE FILM THICKNESS
seq_0131,CMP INTERLAYER DIELECTRIC
seq_0131,MEASURE PLANARITY
seq_0131,SPIN COAT PHOTORESIST
seq_0131,SOFT BAKE
seq_0131,ALIGN MASK LEVEL 3
seq_0131,EXPOSE LITHO LEVEL 3
seq_0131,DEVELOP PHOTORESIST
seq_0131,VIA OPENING INSPECTION
seq_0131,HARD BAKE
seq_0131,VIA ETCH
seq_0131,STRIP RESIST
seq_0131,CLEAN AFTER VIA ETCH
seq_0131,MEASURE VIA CD
seq_0131,DEPOSIT BARRIER METAL
seq_0131,DEPOSIT TUNGSTEN SEED
seq_0131,FILL VIA TUNGSTEN
seq_0131,CMP METAL
seq_0131,MEASURE CONTACT RESISTANCE
seq_0131,DEPOSIT METAL 1
seq_0131,ANNEAL METAL 1
seq_0131,SPIN COAT PHOTORESIST
seq_0131,SOFT BAKE
seq_0131,ALIGN MASK LEVEL 4
seq_0131,EXPOSE LITHO LEVEL 4
seq_0131,DEVELOP PHOTORESIST
seq_0131,METAL PATTERN INSPECTION
seq_0131,METAL ETCH DRY
seq_0131,STRIP PHOTORESIST
seq_0131,CLEAN AFTER METAL ETCH
seq_0131,MEASURE LINE WIDTH
seq_0131,DEPOSIT PASSIVATION LAYER
seq_0131,CURE PASSIVATION
seq_0131,MEASURE PASSIVATION QUALITY
seq_0131,OPEN BOND PAD WINDOW
seq_0131,OPEN PAD WINDOW LITHO
seq_0131,DEVELOP PAD WINDOW
seq_0131,PASSIVATION ETCH PAD OPENING
seq_0131,STRIP PHOTORESIST
seq_0131,CLEAN PAD OPENING
seq_0131,MEASURE PAD OPENING
seq_0131,BACKSIDE THINNING CHECK
seq_0131,BACKSIDE CLEAN FINAL
seq_0131,DEPOSIT BACKSIDE PROTECTION
seq_0131,BACKSIDE ANNEAL
seq_0131,FRONTSIDE CLEAN FINAL
seq_0131,FINAL CLEAN
seq_0131,FINAL THICKNESS MEASURE
seq_0131,FINAL GEOMETRY CHECK
seq_0131,FINAL OXIDE CHECK
seq_0131,FINAL CD INSPECTION
seq_0131,ELECTRICAL PARAMETRIC TEST
seq_0131,LEAKAGE TEST
seq_0131,THRESHOLD VOLTAGE TEST
seq_0131,SWITCHING TEST
seq_0131,WAFER SORT TEST
seq_0131,YIELD ANALYSIS
seq_0131,FINAL LOT RELEASE
seq_0131,PACKAGE PREPARATION
seq_0131,SHIP LOT
seq_0132,RECEIVE WAFER LOT
seq_0132,LOT IDENTIFICATION
seq_0132,PRE CLEAN INSPECTION
seq_0132,MEASURE INITIAL THICKNESS
seq_0132,MEASURE SURFACE PARTICLES
seq_0132,WAFER CLEAN PRE PROCESS
seq_0132,WET CLEAN RCA1
seq_0132,RCA CLEAN 2
seq_0132,HF DIP
seq_0132,DRY WAFER
seq_0132,WAFER CLEAN PRE-GRIND
seq_0132,GRINDING WAFER BACKSIDE
seq_0132,MEASURE INITIAL GEOMETRY
seq_0132,ETCH WET BACKSIDE
seq_0132,RINSE WET WAFER_EDGE
seq_0132,DRY WAFER BACKSIDE
seq_0132,BACKSIDE CLEAN
seq_0132,MEASURE BACKSIDE ROUGHNESS
seq_0132,THERMAL OXIDATION
seq_0132,MEASURE OXIDE THICKNESS
seq_0132,WET CLEAN RCA1
seq_0132,WET CLEAN RCA2
seq_0132,HF DIP
seq_0132,OXIDE STRIP
seq_0132,SURFACE PREP FOR DEPOSITION
seq_0132,DEPOSIT PAD OXIDE
seq_0132,ANNEAL OXIDE
seq_0132,MEASURE FILM THICKNESS
seq_0132,SPIN COAT PHOTORESIST
seq_0132,SOFT BAKE
seq_0132,ALIGN MASK LEVEL 1
seq_0132,EXPOSE LITHO LEVEL 1
seq_0132,DEVELOP PHOTORESIST
seq_0132,INSPECT PATTERN LEVEL 1
seq_0132,HARD BAKE
seq_0132,OXIDE ETCH DRY
seq_0132,STRIP PHOTORESIST
seq_0132,CLEAN AFTER ETCH
seq_0132,MEASURE CD LEVEL 1
seq_0132,DEPOSIT POLYSILICON
seq_0132,ANNEAL POLYSILICON
seq_0132,SPIN COAT PHOTORESIST
seq_0132,SOFT BAKE
seq_0132,ALIGN MASK LEVEL 2
seq_0132,EXPOSE LITHO LEVEL 2
seq_0132,POST EXPOSE BAKE
seq_0132,DEVELOP PHOTORESIST
seq_0132,PATTERN INSPECTION LEVEL 2
seq_0132,POLYSILICON ETCH DRY
seq_0132,STRIP RESIST
seq_0132,CLEAN AFTER POLY ETCH
seq_0132,MEASURE CD LEVEL 2
seq_0132,IMPLANT N-TYPE
seq_0132,PRE ANNEAL CHECK
seq_0132,RAPID THERMAL ANNEAL
seq_0132,MEASURE SHEET RESISTANCE
seq_0132,DEPOSIT INTERLEVEL DIELECTRIC
seq_0132,DENSIFY DIELECTRIC
seq_0132,MEASURE FILM THICKNESS
seq_0132,CMP INTERLAYER DIELECTRIC
seq_0132,MEASURE PLANARITY
seq_0132,SPIN COAT PHOTORESIST
seq_0132,SOFT BAKE
seq_0132,ALIGN MASK LEVEL 3
seq_0132,EXPOSE LITHO LEVEL 3
seq_0132,POST EXPOSE BAKE
seq_0132,DEVELOP PHOTORESIST
seq_0132,VIA OPENING INSPECTION
seq_0132,VIA ETCH THROUGH DIELECTRIC
seq_0132,STRIP RESIST
seq_0132,CLEAN AFTER VIA ETCH
seq_0132,DEPOSIT BARRIER METAL
seq_0132,DEPOSIT TUNGSTEN SEED
seq_0132,FILL VIA TUNGSTEN
seq_0132,CMP METAL
seq_0132,MEASURE CONTACT RESISTANCE
seq_0132,DEPOSIT METAL 1
seq_0132,ANNEAL METAL 1
seq_0132,SPIN COAT PHOTORESIST
seq_0132,SOFT BAKE
seq_0132,ALIGN MASK LEVEL 4
seq_0132,EXPOSE LITHO LEVEL 4
seq_0132,DEVELOP PHOTORESIST
seq_0132,METAL PATTERN INSPECTION
seq_0132,HARD BAKE
seq_0132,METAL ETCH DRY
seq_0132,STRIP PHOTORESIST
seq_0132,CLEAN AFTER METAL ETCH
seq_0132,MEASURE LINE WIDTH
seq_0132,DEPOSIT PASSIVATION LAYER
seq_0132,CURE PASSIVATION
seq_0132,MEASURE PASSIVATION QUALITY
seq_0132,OPEN BOND PAD WINDOW
seq_0132,OPEN PAD WINDOW LITHO
seq_0132,DEVELOP PHOTORESIST
seq_0132,PASSIVATION ETCH
seq_0132,STRIP PHOTORESIST
seq_0132,CLEAN PAD OPENING
seq_0132,MEASURE PAD OPENING
seq_0132,BACKSIDE CLEAN FINAL
seq_0132,DEPOSIT BACKSIDE PROTECTION
seq_0132,BACKSIDE ANNEAL
seq_0132,FRONTSIDE CLEAN FINAL
seq_0132,FINAL CLEAN
seq_0132,FINAL THICKNESS MEASURE
seq_0132,FINAL GEOMETRY CHECK
seq_0132,PARAMETRIC TEST
seq_0132,LEAKAGE TEST
seq_0132,SWITCHING TEST
seq_0132,WAFER SORT TEST
seq_0132,YIELD ANALYSIS
seq_0132,FINAL LOT RELEASE
seq_0132,PACKAGE PREPARATION
seq_0132,SHIP LOT
seq_0133,RECEIVE WAFER LOT
seq_0133,LOT IDENTIFICATION
seq_0133,PRE CLEAN INSPECTION
seq_0133,MEASURE INITIAL GEOMETRY
seq_0133,MEASURE SURFACE PARTICLES
seq_0133,WAFER CLEAN PRE PROCESS
seq_0133,WET CLEAN RCA1
seq_0133,WET CLEAN RCA2
seq_0133,HF DIP
seq_0133,WAFER CLEAN PRE-GRIND
seq_0133,GRINDING WAFER BACKSIDE
seq_0133,MEASURE GEOMETRY
seq_0133,ETCH WET BACKSIDE
seq_0133,RINSE WET WAFER_EDGE
seq_0133,DRY WAFER BACKSIDE
seq_0133,BACKSIDE CLEAN
seq_0133,MEASURE BACKSIDE ROUGHNESS
seq_0133,THERMAL OXIDATION
seq_0133,MEASURE OXIDE THICKNESS
seq_0133,WET CLEAN RCA1
seq_0133,WET CLEAN RCA2
seq_0133,HF DIP
seq_0133,OXIDE STRIP
seq_0133,SURFACE PREP FOR DEPOSITION
seq_0133,DEPOSIT PAD OXIDE
seq_0133,ANNEAL OXIDE
seq_0133,MEASURE OXIDE THICKNESS
seq_0133,SPIN COAT PHOTORESIST
seq_0133,SOFT BAKE
seq_0133,ALIGN MASK LEVEL 1
seq_0133,EXPOSE LITHO LEVEL 1
seq_0133,DEVELOP PHOTORESIST
seq_0133,INSPECT PATTERN LEVEL 1
seq_0133,HARD BAKE
seq_0133,OXIDE ETCH DRY
seq_0133,STRIP RESIST
seq_0133,CLEAN AFTER ETCH
seq_0133,MEASURE CD LEVEL 1
seq_0133,DEPOSIT POLYSILICON
seq_0133,ANNEAL POLYSILICON
seq_0133,SPIN COAT PHOTORESIST
seq_0133,SOFT BAKE
seq_0133,ALIGN MASK LEVEL 2
seq_0133,EXPOSE LITHO LEVEL 2
seq_0133,DEVELOP PHOTORESIST
seq_0133,PATTERN INSPECTION LEVEL 2
seq_0133,POLYSILICON ETCH DRY
seq_0133,STRIP RESIST LEVEL 2
seq_0133,CLEAN AFTER POLY ETCH
seq_0133,MEASURE CD LEVEL 2
seq_0133,IMPLANT N-TYPE
seq_0133,PRE ANNEAL CHECK
seq_0133,RAPID THERMAL ANNEAL
seq_0133,MEASURE SHEET RESISTANCE
seq_0133,DEPOSIT INTERLEVEL DIELECTRIC
seq_0133,DENSIFY DIELECTRIC
seq_0133,MEASURE DIELECTRIC THICKNESS
seq_0133,CMP INTERLAYER DIELECTRIC
seq_0133,MEASURE PLANARITY
seq_0133,SPIN COAT PHOTORESIST
seq_0133,SOFT BAKE
seq_0133,ALIGN MASK LEVEL 3
seq_0133,EXPOSE LITHO LEVEL 3
seq_0133,DEVELOP PHOTORESIST
seq_0133,VIA OPENING INSPECTION
seq_0133,VIA ETCH THROUGH DIELECTRIC
seq_0133,STRIP PHOTORESIST
seq_0133,CLEAN AFTER VIA ETCH
seq_0133,MEASURE VIA CD
seq_0133,DEPOSIT BARRIER METAL
seq_0133,DEPOSIT TUNGSTEN SEED
seq_0133,FILL VIA TUNGSTEN
seq_0133,CMP METAL
seq_0133,MEASURE VIA RESISTANCE
seq_0133,DEPOSIT METAL 1
seq_0133,ANNEAL METAL 1
seq_0133,SPIN COAT PHOTORESIST
seq_0133,SOFT BAKE
seq_0133,ALIGN MASK LEVEL 4
seq_0133,EXPOSE LITHO LEVEL 4
seq_0133,POST EXPOSE BAKE
seq_0133,DEVELOP PHOTORESIST
seq_0133,METAL PATTERN INSPECTION
seq_0133,METAL ETCH DRY
seq_0133,STRIP RESIST
seq_0133,CLEAN AFTER METAL ETCH
seq_0133,MEASURE LINE WIDTH
seq_0133,DEPOSIT PASSIVATION
seq_0133,CURE PASSIVATION
seq_0133,MEASURE PASSIVATION THICKNESS
seq_0133,OPEN BOND PAD WINDOW
seq_0133,OPEN PAD WINDOW LITHO
seq_0133,DEVELOP PAD WINDOW
seq_0133,PASSIVATION ETCH
seq_0133,STRIP RESIST
seq_0133,CLEAN PAD OPENING
seq_0133,MEASURE PAD OPENING
seq_0133,BACKSIDE THINNING CHECK
seq_0133,BACKSIDE CLEAN
seq_0133,DEPOSIT BACKSIDE PROTECTION
seq_0133,BACKSIDE ANNEAL
seq_0133,FRONTSIDE CLEAN FINAL
seq_0133,FINAL CLEAN
seq_0133,FINAL THICKNESS MEASURE
seq_0133,FINAL GEOMETRY CHECK
seq_0133,FINAL PARTICLE INSPECTION
seq_0133,PARAMETRIC TEST
seq_0133,LEAKAGE TEST
seq_0133,SWITCHING TEST
seq_0133,WAFER SORT TEST
seq_0133,YIELD ANALYSIS
seq_0133,LOT RELEASE
seq_0133,PACKAGE PREPARATION
seq_0133,SHIP LOT
seq_0134,RECEIVE WAFER LOT
seq_0134,LOT IDENTIFICATION
seq_0134,PRE CLEAN INSPECTION
seq_0134,MEASURE INITIAL THICKNESS
seq_0134,WAFER CLEAN PRE PROCESS
seq_0134,BACKSIDE CLEAN
seq_0134,FRONTSIDE CLEAN
seq_0134,RCA CLEAN 1
seq_0134,RCA CLEAN 2
seq_0134,HF DIP
seq_0134,DRY WAFER
seq_0134,WAFER CLEAN PRE-GRIND
seq_0134,GRINDING WAFER BACKSIDE
seq_0134,MEASURE INITIAL GEOMETRY
seq_0134,ETCH WET BACKSIDE
seq_0134,RINSE WET WAFER_EDGE
seq_0134,DRY WAFER BACKSIDE
seq_0134,BACKSIDE CLEAN
seq_0134,MEASURE BACKSIDE ROUGHNESS
seq_0134,THERMAL OXIDATION
seq_0134,MEASURE OXIDE THICKNESS
seq_0134,WET CLEAN RCA1
seq_0134,RCA CLEAN 2
seq_0134,HF DIP
seq_0134,OXIDE STRIP
seq_0134,SURFACE PREP FOR DEPOSITION
seq_0134,DEPOSIT PAD OXIDE
seq_0134,ANNEAL OXIDE
seq_0134,MEASURE OXIDE THICKNESS
seq_0134,SPIN COAT PHOTORESIST
seq_0134,SOFT BAKE
seq_0134,ALIGN MASK LEVEL 1
seq_0134,EXPOSE LITHO LEVEL 1
seq_0134,DEVELOP PHOTORESIST
seq_0134,INSPECT PATTERN LEVEL 1
seq_0134,HARD BAKE
seq_0134,OXIDE ETCH DRY
seq_0134,STRIP RESIST
seq_0134,CLEAN AFTER ETCH
seq_0134,DEPOSIT POLYSILICON
seq_0134,ANNEAL POLYSILICON
seq_0134,SPIN COAT PHOTORESIST
seq_0134,SOFT BAKE
seq_0134,ALIGN MASK LEVEL 2
seq_0134,EXPOSE LITHO LEVEL 2
seq_0134,DEVELOP PHOTORESIST
seq_0134,PATTERN INSPECTION LEVEL 2
seq_0134,POLYSILICON ETCH DRY
seq_0134,STRIP RESIST LEVEL 2
seq_0134,CLEAN AFTER POLY ETCH
seq_0134,MEASURE CD LEVEL 2
seq_0134,IMPLANT N-TYPE
seq_0134,PRE ANNEAL CHECK
seq_0134,RAPID THERMAL ANNEAL
seq_0134,MEASURE SHEET RESISTANCE
seq_0134,DEPOSIT INTERLAYER DIELECTRIC
seq_0134,DENSIFY OXIDE
seq_0134,MEASURE FILM THICKNESS
seq_0134,CMP DIELECTRIC
seq_0134,MEASURE SURFACE PLANARITY
seq_0134,SPIN COAT PHOTORESIST
seq_0134,SOFT BAKE
seq_0134,ALIGN MASK LEVEL 3
seq_0134,EXPOSE LITHO LEVEL 3
seq_0134,DEVELOP PHOTORESIST
seq_0134,VIA OPENING INSPECTION
seq_0134,VIA ETCH THROUGH DIELECTRIC
seq_0134,STRIP RESIST
seq_0134,CLEAN AFTER VIA ETCH
seq_0134,DEPOSIT BARRIER METAL
seq_0134,DEPOSIT TUNGSTEN SEED
seq_0134,FILL VIA TUNGSTEN
seq_0134,CMP METAL
seq_0134,MEASURE CONTACT RESISTANCE
seq_0134,DEPOSIT METAL 1
seq_0134,ANNEAL METAL
seq_0134,SPIN COAT PHOTORESIST
seq_0134,SOFT BAKE
seq_0134,ALIGN MASK LEVEL 4
seq_0134,EXPOSE LITHO LEVEL 4
seq_0134,DEVELOP PHOTORESIST
seq_0134,METAL PATTERN INSPECTION
seq_0134,METAL ETCH DRY
seq_0134,STRIP PHOTORESIST
seq_0134,CLEAN AFTER METAL ETCH
seq_0134,MEASURE LINE WIDTH
seq_0134,DEPOSIT PASSIVATION
seq_0134,CURE PASSIVATION
seq_0134,MEASURE PASSIVATION QUALITY
seq_0134,OPEN BOND PAD WINDOW
seq_0134,PAD WINDOW LITHO
seq_0134,DEVELOP PHOTORESIST
seq_0134,PASSIVATION ETCH
seq_0134,STRIP RESIST
seq_0134,CLEAN PAD OPENING
seq_0134,MEASURE PAD OPENING
seq_0134,BACKSIDE THINNING CHECK
seq_0134,BACKSIDE CLEAN
seq_0134,DEPOSIT BACKSIDE PROTECTION
seq_0134,BACKSIDE ANNEAL
seq_0134,FINAL CLEAN
seq_0134,FINAL THICKNESS MEASURE
seq_0134,FINAL PARTICLE INSPECTION
seq_0134,FINAL ELECTRICAL TEST PREP
seq_0134,PARAMETRIC TEST
seq_0134,LEAKAGE TEST
seq_0134,SWITCHING TEST
seq_0134,WAFER SORT TEST
seq_0134,YIELD ANALYSIS
seq_0134,LOT RELEASE
seq_0134,SHIP LOT
seq_0135,RECEIVE WAFER LOT
seq_0135,LOT IDENTIFICATION
seq_0135,PRE CLEAN INSPECTION
seq_0135,MEASURE INITIAL THICKNESS
seq_0135,MEASURE SURFACE DEFECTS
seq_0135,WAFER CLEAN PRE PROCESS
seq_0135,BACKSIDE CLEAN
seq_0135,FRONTSIDE CLEAN
seq_0135,RCA CLEAN 1
seq_0135,WET CLEAN RCA2
seq_0135,HF DIP
seq_0135,WAFER CLEAN PRE-GRIND
seq_0135,GRINDING WAFER BACKSIDE
seq_0135,MEASURE GEOMETRY
seq_0135,ETCH WET BACKSIDE
seq_0135,RINSE WET WAFER_EDGE
seq_0135,DRY WAFER BACKSIDE
seq_0135,BACKSIDE CLEAN
seq_0135,MEASURE BACKSIDE ROUGHNESS
seq_0135,THERMAL OXIDATION
seq_0135,MEASURE OXIDE THICKNESS
seq_0135,RCA CLEAN 1
seq_0135,RCA CLEAN 2
seq_0135,HF DIP
seq_0135,OXIDE STRIP
seq_0135,SURFACE PREP FOR DEPOSITION
seq_0135,DEPOSIT PAD OXIDE
seq_0135,ANNEAL OXIDE
seq_0135,MEASURE FILM THICKNESS
seq_0135,SPIN COAT PHOTORESIST
seq_0135,SOFT BAKE
seq_0135,ALIGN MASK LEVEL 1
seq_0135,EXPOSE LITHO LEVEL 1
seq_0135,DEVELOP PHOTORESIST
seq_0135,INSPECT PATTERN LEVEL 1
seq_0135,HARD BAKE
seq_0135,OXIDE ETCH DRY
seq_0135,STRIP RESIST
seq_0135,CLEAN AFTER ETCH
seq_0135,DEPOSIT POLYSILICON
seq_0135,ANNEAL POLYSILICON
seq_0135,SPIN COAT PHOTORESIST
seq_0135,SOFT BAKE
seq_0135,ALIGN MASK LEVEL 2
seq_0135,EXPOSE LITHO LEVEL 2
seq_0135,POST EXPOSE BAKE
seq_0135,DEVELOP PHOTORESIST
seq_0135,PATTERN INSPECTION LEVEL 2
seq_0135,HARD BAKE
seq_0135,POLYSILICON ETCH DRY
seq_0135,STRIP RESIST
seq_0135,CLEAN AFTER POLY ETCH
seq_0135,IMPLANT N-TYPE
seq_0135,PRE ANNEAL CHECK
seq_0135,RAPID THERMAL ANNEAL
seq_0135,MEASURE SHEET RESISTANCE
seq_0135,DEPOSIT INTERLEVEL DIELECTRIC
seq_0135,DENSIFY OXIDE
seq_0135,MEASURE DIELECTRIC THICKNESS
seq_0135,CMP INTERLAYER DIELECTRIC
seq_0135,MEASURE SURFACE PLANARITY
seq_0135,SPIN COAT PHOTORESIST
seq_0135,SOFT BAKE
seq_0135,ALIGN MASK LEVEL 3
seq_0135,EXPOSE LITHO LEVEL 3
seq_0135,DEVELOP PHOTORESIST
seq_0135,VIA INSPECTION
seq_0135,VIA ETCH
seq_0135,STRIP PHOTORESIST
seq_0135,CLEAN AFTER VIA ETCH
seq_0135,MEASURE VIA CD
seq_0135,DEPOSIT BARRIER METAL
seq_0135,DEPOSIT TUNGSTEN SEED
seq_0135,FILL VIA TUNGSTEN
seq_0135,CMP METAL
seq_0135,MEASURE VIA RESISTANCE
seq_0135,DEPOSIT METAL 1
seq_0135,ANNEAL METAL 1
seq_0135,MEASURE METAL THICKNESS
seq_0135,SPIN COAT PHOTORESIST
seq_0135,SOFT BAKE
seq_0135,ALIGN MASK LEVEL 4
seq_0135,EXPOSE LITHO LEVEL 4
seq_0135,DEVELOP PHOTORESIST
seq_0135,METAL PATTERN INSPECTION
seq_0135,HARD BAKE
seq_0135,METAL ETCH DRY
seq_0135,STRIP PHOTORESIST
seq_0135,CLEAN AFTER METAL ETCH
seq_0135,MEASURE LINE WIDTH
seq_0135,DEPOSIT PASSIVATION
seq_0135,CURE PASSIVATION
seq_0135,MEASURE PASSIVATION QUALITY
seq_0135,OPEN BOND PAD WINDOW
seq_0135,PAD WINDOW LITHO
seq_0135,DEVELOP PHOTORESIST
seq_0135,PASSIVATION ETCH PAD OPENING
seq_0135,STRIP PHOTORESIST
seq_0135,CLEAN PAD OPENING
seq_0135,MEASURE PAD OPENING
seq_0135,BACKSIDE CLEAN FINAL
seq_0135,DEPOSIT BACKSIDE PROTECTION
seq_0135,BACKSIDE ANNEAL
seq_0135,FRONTSIDE CLEAN FINAL
seq_0135,FINAL CLEAN
seq_0135,FINAL GEOMETRY CHECK
seq_0135,FINAL PARTICLE INSPECTION
seq_0135,ELECTRICAL PARAMETRIC TEST
seq_0135,LEAKAGE TEST
seq_0135,PARAMETRIC TEST
seq_0135,SWITCHING TEST
seq_0135,WAFER SORT TEST
seq_0135,YIELD ANALYSIS
seq_0135,LOT RELEASE
seq_0135,PACKAGE PREPARATION
seq_0135,SHIP LOT
seq_0136,RECEIVE WAFER LOT
seq_0136,LOT IDENTIFICATION
seq_0136,INITIAL WAFER INSPECTION
seq_0136,MEASURE INITIAL THICKNESS
seq_0136,MEASURE SURFACE PARTICLES
seq_0136,WAFER CLEAN PRE PROCESS
seq_0136,BACKSIDE CLEAN
seq_0136,WET CLEAN RCA1
seq_0136,WET CLEAN RCA2
seq_0136,HF DIP
seq_0136,DRY WAFER
seq_0136,WAFER CLEAN PRE-GRIND
seq_0136,GRINDING WAFER BACKSIDE
seq_0136,MEASURE INITIAL GEOMETRY
seq_0136,ETCH WET BACKSIDE
seq_0136,RINSE WET WAFER_EDGE
seq_0136,DRY WAFER BACKSIDE
seq_0136,BACKSIDE CLEAN
seq_0136,MEASURE BACKSIDE ROUGHNESS
seq_0136,THERMAL OXIDATION
seq_0136,MEASURE OXIDE THICKNESS
seq_0136,RCA CLEAN 1
seq_0136,WET CLEAN RCA2
seq_0136,HF DIP
seq_0136,OXIDE STRIP
seq_0136,SURFACE PREP FOR DEPOSITION
seq_0136,DEPOSIT PAD OXIDE
seq_0136,ANNEAL OXIDE
seq_0136,MEASURE FILM THICKNESS
seq_0136,SPIN COAT PHOTORESIST
seq_0136,SOFT BAKE
seq_0136,ALIGN MASK LEVEL 1
seq_0136,EXPOSE LITHO LEVEL 1
seq_0136,POST EXPOSE BAKE
seq_0136,DEVELOP PHOTORESIST
seq_0136,INSPECT PATTERN LEVEL 1
seq_0136,HARD BAKE
seq_0136,OXIDE ETCH DRY
seq_0136,STRIP RESIST
seq_0136,CLEAN AFTER ETCH
seq_0136,MEASURE CD LEVEL 1
seq_0136,DEPOSIT POLYSILICON
seq_0136,ANNEAL POLYSILICON
seq_0136,SPIN COAT PHOTORESIST
seq_0136,SOFT BAKE
seq_0136,ALIGN MASK LEVEL 2
seq_0136,EXPOSE LITHO LEVEL 2
seq_0136,DEVELOP PHOTORESIST
seq_0136,PATTERN INSPECTION LEVEL 2
seq_0136,HARD BAKE
seq_0136,POLYSILICON ETCH DRY
seq_0136,STRIP RESIST LEVEL 2
seq_0136,CLEAN AFTER POLY ETCH
seq_0136,MEASURE CD LEVEL 2
seq_0136,IMPLANT N-TYPE
seq_0136,RAPID THERMAL ANNEAL
seq_0136,MEASURE SHEET RESISTANCE
seq_0136,DEPOSIT INTERLAYER DIELECTRIC
seq_0136,DENSIFY DIELECTRIC
seq_0136,MEASURE FILM THICKNESS
seq_0136,CMP INTERLAYER DIELECTRIC
seq_0136,MEASURE SURFACE PLANARITY
seq_0136,SPIN COAT PHOTORESIST
seq_0136,SOFT BAKE
seq_0136,ALIGN MASK LEVEL 3
seq_0136,EXPOSE LITHO LEVEL 3
seq_0136,POST EXPOSE BAKE
seq_0136,DEVELOP PHOTORESIST
seq_0136,VIA OPENING INSPECTION
seq_0136,HARD BAKE
seq_0136,VIA ETCH THROUGH DIELECTRIC
seq_0136,STRIP PHOTORESIST
seq_0136,CLEAN AFTER VIA ETCH
seq_0136,MEASURE VIA CD
seq_0136,DEPOSIT BARRIER METAL
seq_0136,DEPOSIT TUNGSTEN SEED
seq_0136,FILL VIA TUNGSTEN
seq_0136,CMP METAL
seq_0136,MEASURE CONTACT RESISTANCE
seq_0136,DEPOSIT METAL 1
seq_0136,ANNEAL METAL 1
seq_0136,SPIN COAT PHOTORESIST
seq_0136,SOFT BAKE
seq_0136,ALIGN MASK LEVEL 4
seq_0136,EXPOSE LITHO LEVEL 4
seq_0136,DEVELOP PHOTORESIST
seq_0136,METAL PATTERN INSPECTION
seq_0136,METAL ETCH DRY
seq_0136,STRIP RESIST
seq_0136,CLEAN AFTER METAL ETCH
seq_0136,DEPOSIT PASSIVATION
seq_0136,CURE PASSIVATION
seq_0136,MEASURE PASSIVATION QUALITY
seq_0136,OPEN BOND PAD WINDOW
seq_0136,OPEN PAD WINDOW LITHO
seq_0136,DEVELOP PAD WINDOW
seq_0136,PASSIVATION ETCH PAD OPENING
seq_0136,STRIP PHOTORESIST
seq_0136,CLEAN PAD OPENING
seq_0136,MEASURE PAD OPENING
seq_0136,BACKSIDE CLEAN FINAL
seq_0136,DEPOSIT BACKSIDE PROTECTION
seq_0136,BACKSIDE ANNEAL
seq_0136,FINAL CLEAN
seq_0136,FINAL THICKNESS MEASURE
seq_0136,FINAL GEOMETRY CHECK
seq_0136,FINAL OXIDE CHECK
seq_0136,FINAL PARTICLE INSPECTION
seq_0136,FINAL ELECTRICAL TEST PREP
seq_0136,PARAMETRIC TEST
seq_0136,LEAKAGE TEST
seq_0136,SWITCHING TEST
seq_0136,WAFER SORT TEST
seq_0136,YIELD ANALYSIS
seq_0136,FINAL LOT RELEASE
seq_0136,SHIP LOT
seq_0137,RECEIVE WAFER LOT
seq_0137,LOT IDENTIFICATION
seq_0137,PRE CLEAN INSPECTION
seq_0137,MEASURE INITIAL THICKNESS
seq_0137,MEASURE SURFACE DEFECTS
seq_0137,WAFER CLEAN PRE PROCESS
seq_0137,FRONTSIDE CLEAN
seq_0137,WET CLEAN RCA1
seq_0137,WET CLEAN RCA2
seq_0137,HF DIP
seq_0137,DRY WAFER
seq_0137,WAFER CLEAN PRE-GRIND
seq_0137,GRINDING WAFER BACKSIDE
seq_0137,MEASURE INITIAL GEOMETRY
seq_0137,ETCH WET BACKSIDE
seq_0137,RINSE WET WAFER_EDGE
seq_0137,DRY WAFER BACKSIDE
seq_0137,BACKSIDE CLEAN
seq_0137,MEASURE BACKSIDE ROUGHNESS
seq_0137,THERMAL OXIDATION
seq_0137,MEASURE OXIDE THICKNESS
seq_0137,RCA CLEAN 1
seq_0137,WET CLEAN RCA2
seq_0137,HF DIP
seq_0137,OXIDE STRIP
seq_0137,SURFACE PREP FOR DEPOSITION
seq_0137,DEPOSIT PAD OXIDE
seq_0137,ANNEAL OXIDE
seq_0137,MEASURE FILM THICKNESS
seq_0137,SPIN COAT PHOTORESIST
seq_0137,SOFT BAKE
seq_0137,ALIGN MASK LEVEL 1
seq_0137,EXPOSE LITHO LEVEL 1
seq_0137,DEVELOP PHOTORESIST
seq_0137,INSPECT PATTERN LEVEL 1
seq_0137,HARD BAKE
seq_0137,OXIDE ETCH DRY
seq_0137,STRIP PHOTORESIST
seq_0137,CLEAN AFTER ETCH
seq_0137,DEPOSIT POLYSILICON
seq_0137,ANNEAL POLYSILICON
seq_0137,SPIN COAT PHOTORESIST
seq_0137,SOFT BAKE
seq_0137,ALIGN MASK LEVEL 2
seq_0137,EXPOSE LITHO LEVEL 2
seq_0137,POST EXPOSE BAKE
seq_0137,DEVELOP PHOTORESIST
seq_0137,PATTERN INSPECTION LEVEL 2
seq_0137,HARD BAKE
seq_0137,POLYSILICON ETCH DRY
seq_0137,STRIP RESIST
seq_0137,CLEAN AFTER POLY ETCH
seq_0137,MEASURE CD LEVEL 2
seq_0137,IMPLANT N-TYPE
seq_0137,PRE ANNEAL CHECK
seq_0137,RAPID THERMAL ANNEAL
seq_0137,DEPOSIT INTERLAYER DIELECTRIC
seq_0137,DENSIFY OXIDE
seq_0137,MEASURE DIELECTRIC THICKNESS
seq_0137,CMP DIELECTRIC
seq_0137,MEASURE PLANARITY
seq_0137,SPIN COAT PHOTORESIST
seq_0137,SOFT BAKE
seq_0137,ALIGN MASK LEVEL 3
seq_0137,EXPOSE LITHO LEVEL 3
seq_0137,POST EXPOSE BAKE
seq_0137,DEVELOP PHOTORESIST
seq_0137,VIA INSPECTION
seq_0137,DIELECTRIC ETCH VIA
seq_0137,STRIP RESIST
seq_0137,CLEAN AFTER VIA ETCH
seq_0137,DEPOSIT BARRIER METAL
seq_0137,DEPOSIT TUNGSTEN SEED
seq_0137,FILL VIA TUNGSTEN
seq_0137,CMP VIA FILL
seq_0137,DEPOSIT TOP METAL
seq_0137,ANNEAL METAL 1
seq_0137,SPIN COAT PHOTORESIST
seq_0137,SOFT BAKE
seq_0137,ALIGN MASK LEVEL 4
seq_0137,EXPOSE LITHO LEVEL 4
seq_0137,DEVELOP PHOTORESIST
seq_0137,METAL PATTERN INSPECTION
seq_0137,HARD BAKE
seq_0137,METAL ETCH DRY
seq_0137,STRIP RESIST
seq_0137,CLEAN AFTER METAL ETCH
seq_0137,DEPOSIT PASSIVATION
seq_0137,CURE PASSIVATION
seq_0137,MEASURE PASSIVATION QUALITY
seq_0137,OPEN BOND PAD WINDOW
seq_0137,OPEN PAD WINDOW LITHO
seq_0137,DEVELOP PHOTORESIST
seq_0137,PASSIVATION ETCH
seq_0137,STRIP PHOTORESIST
seq_0137,CLEAN PAD OPENING
seq_0137,MEASURE PAD OPENING
seq_0137,BACKSIDE THINNING CHECK
seq_0137,BACKSIDE CLEAN FINAL
seq_0137,DEPOSIT BACKSIDE PROTECTION
seq_0137,BACKSIDE ANNEAL
seq_0137,FINAL CLEAN
seq_0137,FINAL THICKNESS MEASURE
seq_0137,FINAL GEOMETRY CHECK
seq_0137,FINAL CD INSPECTION
seq_0137,FINAL PARTICLE INSPECTION
seq_0137,PARAMETRIC TEST
seq_0137,LEAKAGE TEST
seq_0137,THRESHOLD VOLTAGE TEST
seq_0137,SWITCHING TEST
seq_0137,WAFER SORT TEST
seq_0137,YIELD ANALYSIS
seq_0137,FINAL LOT RELEASE
seq_0137,SHIP LOT
seq_0138,RECEIVE WAFER LOT
seq_0138,LOT IDENTIFICATION
seq_0138,INITIAL WAFER INSPECTION
seq_0138,MEASURE SURFACE PARTICLES
seq_0138,WAFER CLEAN PRE PROCESS
seq_0138,BACKSIDE CLEAN
seq_0138,RCA CLEAN 1
seq_0138,RCA CLEAN 2
seq_0138,HF DIP
seq_0138,DRY WAFER
seq_0138,WAFER CLEAN PRE-GRIND
seq_0138,GRINDING WAFER BACKSIDE
seq_0138,MEASURE INITIAL GEOMETRY
seq_0138,ETCH WET BACKSIDE
seq_0138,RINSE WET WAFER_EDGE
seq_0138,DRY WAFER BACKSIDE
seq_0138,BACKSIDE CLEAN
seq_0138,MEASURE BACKSIDE ROUGHNESS
seq_0138,THERMAL OXIDATION
seq_0138,MEASURE OXIDE THICKNESS
seq_0138,RCA CLEAN 1
seq_0138,WET CLEAN RCA2
seq_0138,HF DIP
seq_0138,OXIDE STRIP
seq_0138,SURFACE PREP FOR DEPOSITION
seq_0138,DEPOSIT PAD OXIDE
seq_0138,ANNEAL OXIDE
seq_0138,MEASURE OXIDE THICKNESS
seq_0138,SPIN COAT PHOTORESIST
seq_0138,SOFT BAKE
seq_0138,ALIGN MASK LEVEL 1
seq_0138,EXPOSE LITHO LEVEL 1
seq_0138,DEVELOP PHOTORESIST
seq_0138,INSPECT PATTERN LEVEL 1
seq_0138,HARD BAKE
seq_0138,OXIDE ETCH DRY
seq_0138,STRIP RESIST
seq_0138,CLEAN AFTER ETCH
seq_0138,MEASURE CD LEVEL 1
seq_0138,DEPOSIT POLYSILICON
seq_0138,ANNEAL POLYSILICON
seq_0138,SPIN COAT PHOTORESIST
seq_0138,SOFT BAKE
seq_0138,ALIGN MASK LEVEL 2
seq_0138,EXPOSE LITHO LEVEL 2
seq_0138,POST EXPOSE BAKE
seq_0138,DEVELOP PHOTORESIST
seq_0138,PATTERN INSPECTION LEVEL 2
seq_0138,POLYSILICON ETCH DRY
seq_0138,STRIP RESIST LEVEL 2
seq_0138,CLEAN AFTER POLY ETCH
seq_0138,MEASURE CD LEVEL 2
seq_0138,IMPLANT N-TYPE
seq_0138,PRE ANNEAL CHECK
seq_0138,RAPID THERMAL ANNEAL
seq_0138,MEASURE SHEET RESISTANCE
seq_0138,DEPOSIT INTERLAYER DIELECTRIC
seq_0138,DENSIFY OXIDE
seq_0138,MEASURE DIELECTRIC THICKNESS
seq_0138,CMP DIELECTRIC
seq_0138,MEASURE PLANARITY
seq_0138,SPIN COAT PHOTORESIST
seq_0138,SOFT BAKE
seq_0138,ALIGN MASK LEVEL 3
seq_0138,EXPOSE LITHO LEVEL 3
seq_0138,DEVELOP PHOTORESIST
seq_0138,VIA INSPECTION
seq_0138,VIA ETCH
seq_0138,STRIP PHOTORESIST
seq_0138,CLEAN AFTER VIA ETCH
seq_0138,DEPOSIT BARRIER METAL
seq_0138,DEPOSIT TUNGSTEN SEED
seq_0138,FILL VIA TUNGSTEN
seq_0138,CMP METAL
seq_0138,MEASURE CONTACT RESISTANCE
seq_0138,DEPOSIT TOP METAL
seq_0138,ANNEAL METAL
seq_0138,MEASURE METAL THICKNESS
seq_0138,SPIN COAT PHOTORESIST
seq_0138,SOFT BAKE
seq_0138,ALIGN MASK LEVEL 4
seq_0138,EXPOSE LITHO LEVEL 4
seq_0138,POST EXPOSE BAKE
seq_0138,DEVELOP PHOTORESIST
seq_0138,METAL PATTERN INSPECTION
seq_0138,METAL ETCH DRY
seq_0138,STRIP RESIST
seq_0138,CLEAN AFTER METAL ETCH
seq_0138,MEASURE LINE WIDTH
seq_0138,DEPOSIT PASSIVATION LAYER
seq_0138,CURE PASSIVATION
seq_0138,MEASURE PASSIVATION THICKNESS
seq_0138,OPEN PAD WINDOW
seq_0138,PAD WINDOW LITHO
seq_0138,DEVELOP PHOTORESIST
seq_0138,PASSIVATION ETCH PAD OPENING
seq_0138,STRIP PHOTORESIST
seq_0138,CLEAN PAD OPENING
seq_0138,MEASURE PAD OPENING
seq_0138,BACKSIDE THINNING CHECK
seq_0138,BACKSIDE CLEAN FINAL
seq_0138,DEPOSIT BACKSIDE PROTECTION
seq_0138,BACKSIDE ANNEAL
seq_0138,FINAL CLEAN
seq_0138,FINAL GEOMETRY CHECK
seq_0138,FINAL OXIDE CHECK
seq_0138,FINAL CD INSPECTION
seq_0138,FINAL PARTICLE INSPECTION
seq_0138,ELECTRICAL PARAMETRIC TEST
seq_0138,LEAKAGE TEST
seq_0138,PARAMETRIC TEST
seq_0138,SWITCHING TEST
seq_0138,WAFER SORT TEST
seq_0138,YIELD ANALYSIS
seq_0138,FINAL LOT RELEASE
seq_0138,PACKAGE PREPARATION
seq_0138,SHIP LOT
seq_0139,RECEIVE WAFER LOT
seq_0139,LOT IDENTIFICATION
seq_0139,INITIAL WAFER INSPECTION
seq_0139,MEASURE INITIAL THICKNESS
seq_0139,MEASURE SURFACE DEFECTS
seq_0139,WAFER CLEAN PRE PROCESS
seq_0139,BACKSIDE CLEAN
seq_0139,RCA CLEAN 1
seq_0139,RCA CLEAN 2
seq_0139,HF DIP
seq_0139,DRY WAFER
seq_0139,WAFER CLEAN PRE-GRIND
seq_0139,GRINDING WAFER BACKSIDE
seq_0139,MEASURE GEOMETRY
seq_0139,ETCH WET BACKSIDE
seq_0139,RINSE WET WAFER_EDGE
seq_0139,DRY WAFER BACKSIDE
seq_0139,BACKSIDE CLEAN
seq_0139,MEASURE BACKSIDE ROUGHNESS
seq_0139,THERMAL OXIDATION
seq_0139,MEASURE OXIDE THICKNESS
seq_0139,RCA CLEAN 1
seq_0139,RCA CLEAN 2
seq_0139,HF DIP
seq_0139,OXIDE STRIP
seq_0139,SURFACE PREP FOR DEPOSITION
seq_0139,DEPOSIT PAD OXIDE
seq_0139,ANNEAL OXIDE
seq_0139,MEASURE FILM THICKNESS
seq_0139,SPIN COAT PHOTORESIST
seq_0139,SOFT BAKE
seq_0139,ALIGN MASK LEVEL 1
seq_0139,EXPOSE LITHO LEVEL 1
seq_0139,DEVELOP PHOTORESIST
seq_0139,INSPECT PATTERN LEVEL 1
seq_0139,HARD BAKE
seq_0139,OXIDE ETCH DRY
seq_0139,STRIP PHOTORESIST
seq_0139,CLEAN AFTER ETCH
seq_0139,MEASURE CD LEVEL 1
seq_0139,DEPOSIT POLYSILICON
seq_0139,ANNEAL POLYSILICON
seq_0139,SPIN COAT PHOTORESIST
seq_0139,SOFT BAKE
seq_0139,ALIGN MASK LEVEL 2
seq_0139,EXPOSE LITHO LEVEL 2
seq_0139,DEVELOP PHOTORESIST
seq_0139,PATTERN INSPECTION LEVEL 2
seq_0139,POLYSILICON ETCH DRY
seq_0139,STRIP RESIST LEVEL 2
seq_0139,CLEAN AFTER POLY ETCH
seq_0139,MEASURE CD LEVEL 2
seq_0139,IMPLANT N-TYPE
seq_0139,PRE ANNEAL CHECK
seq_0139,RAPID THERMAL ANNEAL
seq_0139,DEPOSIT INTERLEVEL DIELECTRIC
seq_0139,DENSIFY DIELECTRIC
seq_0139,MEASURE FILM THICKNESS
seq_0139,CMP INTERLAYER DIELECTRIC
seq_0139,MEASURE PLANARITY
seq_0139,SPIN COAT PHOTORESIST
seq_0139,SOFT BAKE
seq_0139,ALIGN MASK LEVEL 3
seq_0139,EXPOSE LITHO LEVEL 3
seq_0139,DEVELOP PHOTORESIST
seq_0139,VIA INSPECTION
seq_0139,VIA ETCH THROUGH DIELECTRIC
seq_0139,STRIP RESIST
seq_0139,CLEAN AFTER VIA ETCH
seq_0139,MEASURE VIA CD
seq_0139,DEPOSIT BARRIER METAL
seq_0139,DEPOSIT TUNGSTEN SEED
seq_0139,FILL VIA TUNGSTEN
seq_0139,CMP METAL
seq_0139,MEASURE VIA RESISTANCE
seq_0139,DEPOSIT TOP METAL
seq_0139,ANNEAL METAL 1
seq_0139,SPIN COAT PHOTORESIST
seq_0139,SOFT BAKE
seq_0139,ALIGN MASK LEVEL 4
seq_0139,EXPOSE LITHO LEVEL 4
seq_0139,POST EXPOSE BAKE
seq_0139,DEVELOP PHOTORESIST
seq_0139,METAL PATTERN INSPECTION
seq_0139,HARD BAKE
seq_0139,METAL ETCH DRY
seq_0139,STRIP PHOTORESIST
seq_0139,CLEAN AFTER METAL ETCH
seq_0139,MEASURE LINE WIDTH
seq_0139,DEPOSIT PASSIVATION
seq_0139,CURE PASSIVATION
seq_0139,MEASURE PASSIVATION QUALITY
seq_0139,OPEN BOND PAD WINDOW
seq_0139,PAD WINDOW LITHO
seq_0139,DEVELOP PHOTORESIST
seq_0139,PASSIVATION ETCH
seq_0139,STRIP RESIST
seq_0139,CLEAN PAD OPENING
seq_0139,MEASURE PAD OPENING
seq_0139,BACKSIDE CLEAN
seq_0139,DEPOSIT BACKSIDE PROTECTION
seq_0139,BACKSIDE ANNEAL
seq_0139,FRONTSIDE CLEAN FINAL
seq_0139,FINAL CLEAN
seq_0139,FINAL THICKNESS MEASURE
seq_0139,FINAL OXIDE CHECK
seq_0139,FINAL PARTICLE INSPECTION
seq_0139,FINAL ELECTRICAL TEST PREP
seq_0139,ELECTRICAL PARAMETRIC TEST
seq_0139,LEAKAGE TEST
seq_0139,THRESHOLD VOLTAGE TEST
seq_0139,SWITCHING TEST
seq_0139,WAFER SORT TEST
seq_0139,YIELD ANALYSIS
seq_0139,FINAL LOT RELEASE
seq_0139,PACKAGE PREPARATION
seq_0139,SHIP LOT
seq_0140,RECEIVE WAFER LOT
seq_0140,LOT IDENTIFICATION
seq_0140,PRE CLEAN INSPECTION
seq_0140,MEASURE INITIAL GEOMETRY
seq_0140,MEASURE SURFACE DEFECTS
seq_0140,WAFER CLEAN PRE PROCESS
seq_0140,FRONTSIDE CLEAN
seq_0140,RCA CLEAN 1
seq_0140,WET CLEAN RCA2
seq_0140,HF DIP
seq_0140,DRY WAFER
seq_0140,WAFER CLEAN PRE-GRIND
seq_0140,GRINDING WAFER BACKSIDE
seq_0140,MEASURE INITIAL GEOMETRY
seq_0140,ETCH WET BACKSIDE
seq_0140,RINSE WET WAFER_EDGE
seq_0140,DRY WAFER BACKSIDE
seq_0140,BACKSIDE CLEAN
seq_0140,MEASURE BACKSIDE ROUGHNESS
seq_0140,THERMAL OXIDATION
seq_0140,MEASURE OXIDE THICKNESS
seq_0140,RCA CLEAN 1
seq_0140,RCA CLEAN 2
seq_0140,HF DIP
seq_0140,OXIDE STRIP
seq_0140,SURFACE PREP FOR DEPOSITION
seq_0140,DEPOSIT PAD OXIDE
seq_0140,ANNEAL OXIDE
seq_0140,MEASURE OXIDE THICKNESS
seq_0140,SPIN COAT PHOTORESIST
seq_0140,SOFT BAKE
seq_0140,ALIGN MASK LEVEL 1
seq_0140,EXPOSE LITHO LEVEL 1
seq_0140,DEVELOP PHOTORESIST
seq_0140,INSPECT PATTERN LEVEL 1
seq_0140,HARD BAKE
seq_0140,OXIDE ETCH DRY
seq_0140,STRIP PHOTORESIST
seq_0140,CLEAN AFTER ETCH
seq_0140,DEPOSIT POLYSILICON
seq_0140,ANNEAL POLYSILICON
seq_0140,SPIN COAT PHOTORESIST
seq_0140,SOFT BAKE
seq_0140,ALIGN MASK LEVEL 2
seq_0140,EXPOSE LITHO LEVEL 2
seq_0140,POST EXPOSE BAKE
seq_0140,DEVELOP PHOTORESIST
seq_0140,PATTERN INSPECTION LEVEL 2
seq_0140,POLYSILICON ETCH DRY
seq_0140,STRIP RESIST
seq_0140,CLEAN AFTER POLY ETCH
seq_0140,MEASURE CD LEVEL 2
seq_0140,IMPLANT N-TYPE
seq_0140,PRE ANNEAL CHECK
seq_0140,RAPID THERMAL ANNEAL
seq_0140,MEASURE SHEET RESISTANCE
seq_0140,DEPOSIT INTERLEVEL DIELECTRIC
seq_0140,DENSIFY OXIDE
seq_0140,MEASURE FILM THICKNESS
seq_0140,CMP DIELECTRIC
seq_0140,MEASURE PLANARITY
seq_0140,SPIN COAT PHOTORESIST
seq_0140,SOFT BAKE
seq_0140,ALIGN MASK LEVEL 3
seq_0140,EXPOSE LITHO LEVEL 3
seq_0140,DEVELOP PHOTORESIST
seq_0140,VIA OPENING INSPECTION
seq_0140,VIA ETCH
seq_0140,STRIP PHOTORESIST
seq_0140,CLEAN AFTER VIA ETCH
seq_0140,MEASURE VIA CD
seq_0140,DEPOSIT BARRIER METAL
seq_0140,DEPOSIT TUNGSTEN SEED
seq_0140,FILL VIA TUNGSTEN
seq_0140,CMP VIA FILL
seq_0140,DEPOSIT METAL 1
seq_0140,ANNEAL METAL
seq_0140,MEASURE METAL THICKNESS
seq_0140,SPIN COAT PHOTORESIST
seq_0140,SOFT BAKE
seq_0140,ALIGN MASK LEVEL 4
seq_0140,EXPOSE LITHO LEVEL 4
seq_0140,DEVELOP PHOTORESIST
seq_0140,METAL PATTERN INSPECTION
seq_0140,HARD BAKE
seq_0140,METAL ETCH DRY
seq_0140,STRIP RESIST
seq_0140,CLEAN AFTER METAL ETCH
seq_0140,MEASURE LINE WIDTH
seq_0140,DEPOSIT PASSIVATION LAYER
seq_0140,CURE PASSIVATION
seq_0140,MEASURE PASSIVATION QUALITY
seq_0140,OPEN PAD WINDOW
seq_0140,OPEN PAD WINDOW LITHO
seq_0140,DEVELOP PHOTORESIST
seq_0140,PASSIVATION ETCH PAD OPENING
seq_0140,STRIP RESIST
seq_0140,CLEAN PAD OPENING
seq_0140,MEASURE PAD OPENING
seq_0140,BACKSIDE CLEAN FINAL
seq_0140,DEPOSIT BACKSIDE PROTECTION
seq_0140,BACKSIDE ANNEAL
seq_0140,FINAL CLEAN
seq_0140,FINAL GEOMETRY CHECK
seq_0140,FINAL OXIDE CHECK
seq_0140,FINAL PARTICLE INSPECTION
seq_0140,FINAL ELECTRICAL TEST PREP
seq_0140,ELECTRICAL PARAMETRIC TEST
seq_0140,LEAKAGE TEST
seq_0140,PARAMETRIC TEST
seq_0140,SWITCHING TEST
seq_0140,WAFER SORT TEST
seq_0140,YIELD ANALYSIS
seq_0140,FINAL LOT RELEASE
seq_0140,SHIP LOT
seq_0141,RECEIVE WAFER LOT
seq_0141,LOT IDENTIFICATION
seq_0141,PRE CLEAN INSPECTION
seq_0141,MEASURE SURFACE DEFECTS
seq_0141,WAFER CLEAN PRE PROCESS
seq_0141,BACKSIDE CLEAN
seq_0141,FRONTSIDE CLEAN
seq_0141,WET CLEAN RCA1
seq_0141,WET CLEAN RCA2
seq_0141,HF DIP
seq_0141,DRY WAFER
seq_0141,WAFER CLEAN PRE-GRIND
seq_0141,GRINDING WAFER BACKSIDE
seq_0141,MEASURE INITIAL GEOMETRY
seq_0141,ETCH WET BACKSIDE
seq_0141,RINSE WET WAFER_EDGE
seq_0141,DRY WAFER BACKSIDE
seq_0141,BACKSIDE CLEAN
seq_0141,MEASURE BACKSIDE ROUGHNESS
seq_0141,THERMAL OXIDATION
seq_0141,MEASURE OXIDE THICKNESS
seq_0141,WET CLEAN RCA1
seq_0141,WET CLEAN RCA2
seq_0141,HF DIP
seq_0141,OXIDE STRIP
seq_0141,SURFACE PREP FOR DEPOSITION
seq_0141,DEPOSIT PAD OXIDE
seq_0141,ANNEAL OXIDE
seq_0141,MEASURE FILM THICKNESS
seq_0141,SPIN COAT PHOTORESIST
seq_0141,SOFT BAKE
seq_0141,ALIGN MASK LEVEL 1
seq_0141,EXPOSE LITHO LEVEL 1
seq_0141,DEVELOP PHOTORESIST
seq_0141,INSPECT PATTERN LEVEL 1
seq_0141,HARD BAKE
seq_0141,OXIDE ETCH DRY
seq_0141,STRIP RESIST
seq_0141,CLEAN AFTER ETCH
seq_0141,MEASURE CD LEVEL 1
seq_0141,DEPOSIT POLYSILICON
seq_0141,ANNEAL POLYSILICON
seq_0141,SPIN COAT PHOTORESIST
seq_0141,SOFT BAKE
seq_0141,ALIGN MASK LEVEL 2
seq_0141,EXPOSE LITHO LEVEL 2
seq_0141,DEVELOP PHOTORESIST
seq_0141,PATTERN INSPECTION LEVEL 2
seq_0141,HARD BAKE
seq_0141,POLYSILICON ETCH DRY
seq_0141,STRIP RESIST
seq_0141,CLEAN AFTER POLY ETCH
seq_0141,MEASURE CD LEVEL 2
seq_0141,IMPLANT N-TYPE
seq_0141,PRE ANNEAL CHECK
seq_0141,RAPID THERMAL ANNEAL
seq_0141,MEASURE SHEET RESISTANCE
seq_0141,DEPOSIT INTERLEVEL DIELECTRIC
seq_0141,DENSIFY OXIDE
seq_0141,MEASURE DIELECTRIC THICKNESS
seq_0141,CMP INTERLAYER DIELECTRIC
seq_0141,MEASURE SURFACE PLANARITY
seq_0141,SPIN COAT PHOTORESIST
seq_0141,SOFT BAKE
seq_0141,ALIGN MASK LEVEL 3
seq_0141,EXPOSE LITHO LEVEL 3
seq_0141,DEVELOP PHOTORESIST
seq_0141,VIA INSPECTION
seq_0141,VIA ETCH THROUGH DIELECTRIC
seq_0141,STRIP PHOTORESIST
seq_0141,CLEAN AFTER VIA ETCH
seq_0141,MEASURE VIA CD
seq_0141,DEPOSIT BARRIER METAL
seq_0141,DEPOSIT TUNGSTEN SEED
seq_0141,FILL VIA TUNGSTEN
seq_0141,CMP METAL
seq_0141,DEPOSIT METAL 1
seq_0141,ANNEAL METAL 1
seq_0141,MEASURE METAL THICKNESS
seq_0141,SPIN COAT PHOTORESIST
seq_0141,SOFT BAKE
seq_0141,ALIGN MASK LEVEL 4
seq_0141,EXPOSE LITHO LEVEL 4
seq_0141,DEVELOP PHOTORESIST
seq_0141,METAL PATTERN INSPECTION
seq_0141,HARD BAKE
seq_0141,METAL ETCH DRY
seq_0141,STRIP RESIST
seq_0141,CLEAN AFTER METAL ETCH
seq_0141,MEASURE LINE WIDTH
seq_0141,DEPOSIT PASSIVATION
seq_0141,CURE PASSIVATION
seq_0141,MEASURE PASSIVATION QUALITY
seq_0141,OPEN BOND PAD WINDOW
seq_0141,PAD WINDOW LITHO
seq_0141,DEVELOP PHOTORESIST
seq_0141,PASSIVATION ETCH PAD OPENING
seq_0141,STRIP RESIST
seq_0141,CLEAN PAD OPENING
seq_0141,MEASURE PAD OPENING
seq_0141,BACKSIDE CLEAN
seq_0141,DEPOSIT BACKSIDE PROTECTION
seq_0141,BACKSIDE ANNEAL
seq_0141,FINAL CLEAN
seq_0141,FINAL THICKNESS MEASURE
seq_0141,FINAL PARTICLE INSPECTION
seq_0141,FINAL ELECTRICAL TEST PREP
seq_0141,ELECTRICAL PARAMETRIC TEST
seq_0141,LEAKAGE TEST
seq_0141,THRESHOLD VOLTAGE TEST
seq_0141,SWITCHING TEST
seq_0141,WAFER SORT TEST
seq_0141,YIELD ANALYSIS
seq_0141,FINAL LOT RELEASE
seq_0141,SHIP LOT
seq_0142,RECEIVE WAFER LOT
seq_0142,LOT IDENTIFICATION
seq_0142,INITIAL WAFER INSPECTION
seq_0142,MEASURE INITIAL GEOMETRY
seq_0142,MEASURE SURFACE PARTICLES
seq_0142,WAFER CLEAN PRE PROCESS
seq_0142,FRONTSIDE CLEAN
seq_0142,WET CLEAN RCA1
seq_0142,RCA CLEAN 2
seq_0142,HF DIP
seq_0142,WAFER CLEAN PRE-GRIND
seq_0142,GRINDING WAFER BACKSIDE
seq_0142,MEASURE GEOMETRY
seq_0142,ETCH WET BACKSIDE
seq_0142,RINSE WET WAFER_EDGE
seq_0142,DRY WAFER BACKSIDE
seq_0142,BACKSIDE CLEAN
seq_0142,MEASURE BACKSIDE ROUGHNESS
seq_0142,THERMAL OXIDATION
seq_0142,MEASURE OXIDE THICKNESS
seq_0142,RCA CLEAN 1
seq_0142,RCA CLEAN 2
seq_0142,HF DIP
seq_0142,OXIDE STRIP
seq_0142,SURFACE PREP FOR DEPOSITION
seq_0142,DEPOSIT PAD OXIDE
seq_0142,ANNEAL OXIDE
seq_0142,MEASURE OXIDE THICKNESS
seq_0142,SPIN COAT PHOTORESIST
seq_0142,SOFT BAKE
seq_0142,ALIGN MASK LEVEL 1
seq_0142,EXPOSE LITHO LEVEL 1
seq_0142,POST EXPOSE BAKE
seq_0142,DEVELOP PHOTORESIST
seq_0142,INSPECT PATTERN LEVEL 1
seq_0142,HARD BAKE
seq_0142,OXIDE ETCH DRY
seq_0142,STRIP PHOTORESIST
seq_0142,CLEAN AFTER ETCH
seq_0142,DEPOSIT POLYSILICON
seq_0142,ANNEAL POLYSILICON
seq_0142,SPIN COAT PHOTORESIST
seq_0142,SOFT BAKE
seq_0142,ALIGN MASK LEVEL 2
seq_0142,EXPOSE LITHO LEVEL 2
seq_0142,DEVELOP PHOTORESIST
seq_0142,PATTERN INSPECTION LEVEL 2
seq_0142,POLYSILICON ETCH DRY
seq_0142,STRIP RESIST LEVEL 2
seq_0142,CLEAN AFTER POLY ETCH
seq_0142,IMPLANT N-TYPE
seq_0142,RAPID THERMAL ANNEAL
seq_0142,MEASURE SHEET RESISTANCE
seq_0142,DEPOSIT INTERLAYER DIELECTRIC
seq_0142,DENSIFY OXIDE
seq_0142,MEASURE DIELECTRIC THICKNESS
seq_0142,CMP DIELECTRIC
seq_0142,MEASURE PLANARITY
seq_0142,SPIN COAT PHOTORESIST
seq_0142,SOFT BAKE
seq_0142,ALIGN MASK LEVEL 3
seq_0142,EXPOSE LITHO LEVEL 3
seq_0142,DEVELOP PHOTORESIST
seq_0142,VIA OPENING INSPECTION
seq_0142,VIA ETCH
seq_0142,STRIP PHOTORESIST
seq_0142,CLEAN AFTER VIA ETCH
seq_0142,MEASURE VIA CD
seq_0142,DEPOSIT BARRIER METAL
seq_0142,DEPOSIT TUNGSTEN SEED
seq_0142,FILL VIA TUNGSTEN
seq_0142,CMP VIA FILL
seq_0142,MEASURE VIA RESISTANCE
seq_0142,DEPOSIT METAL 1
seq_0142,ANNEAL METAL
seq_0142,MEASURE METAL THICKNESS
seq_0142,SPIN COAT PHOTORESIST
seq_0142,SOFT BAKE
seq_0142,ALIGN MASK LEVEL 4
seq_0142,EXPOSE LITHO LEVEL 4
seq_0142,DEVELOP PHOTORESIST
seq_0142,METAL PATTERN INSPECTION
seq_0142,METAL ETCH DRY
seq_0142,STRIP PHOTORESIST
seq_0142,CLEAN AFTER METAL ETCH
seq_0142,DEPOSIT PASSIVATION
seq_0142,CURE PASSIVATION
seq_0142,MEASURE PASSIVATION THICKNESS
seq_0142,OPEN BOND PAD WINDOW
seq_0142,OPEN PAD WINDOW LITHO
seq_0142,DEVELOP PHOTORESIST
seq_0142,PASSIVATION ETCH
seq_0142,STRIP PHOTORESIST
seq_0142,CLEAN PAD OPENING
seq_0142,MEASURE PAD OPENING
seq_0142,BACKSIDE THINNING CHECK
seq_0142,BACKSIDE CLEAN FINAL
seq_0142,DEPOSIT BACKSIDE PROTECTION
seq_0142,BACKSIDE ANNEAL
seq_0142,FINAL CLEAN
seq_0142,FINAL THICKNESS MEASURE
seq_0142,FINAL GEOMETRY CHECK
seq_0142,FINAL PARTICLE INSPECTION
seq_0142,FINAL ELECTRICAL TEST PREP
seq_0142,PARAMETRIC TEST
seq_0142,LEAKAGE TEST
seq_0142,THRESHOLD VOLTAGE TEST
seq_0142,SWITCHING TEST
seq_0142,WAFER SORT TEST
seq_0142,YIELD ANALYSIS
seq_0142,FINAL LOT RELEASE
seq_0142,SHIP LOT
seq_0143,RECEIVE WAFER LOT
seq_0143,LOT IDENTIFICATION
seq_0143,PRE CLEAN INSPECTION
seq_0143,MEASURE INITIAL GEOMETRY
seq_0143,MEASURE SURFACE DEFECTS
seq_0143,WAFER CLEAN PRE PROCESS
seq_0143,RCA CLEAN 1
seq_0143,RCA CLEAN 2
seq_0143,HF DIP
seq_0143,DRY WAFER
seq_0143,WAFER CLEAN PRE-GRIND
seq_0143,GRINDING WAFER BACKSIDE
seq_0143,MEASURE GEOMETRY
seq_0143,ETCH WET BACKSIDE
seq_0143,RINSE WET WAFER_EDGE
seq_0143,DRY WAFER BACKSIDE
seq_0143,BACKSIDE CLEAN
seq_0143,MEASURE BACKSIDE ROUGHNESS
seq_0143,THERMAL OXIDATION
seq_0143,MEASURE OXIDE THICKNESS
seq_0143,RCA CLEAN 1
seq_0143,RCA CLEAN 2
seq_0143,HF DIP
seq_0143,OXIDE STRIP
seq_0143,SURFACE PREP FOR DEPOSITION
seq_0143,DEPOSIT PAD OXIDE
seq_0143,ANNEAL OXIDE
seq_0143,MEASURE FILM THICKNESS
seq_0143,SPIN COAT PHOTORESIST
seq_0143,SOFT BAKE
seq_0143,ALIGN MASK LEVEL 1
seq_0143,EXPOSE LITHO LEVEL 1
seq_0143,DEVELOP PHOTORESIST
seq_0143,INSPECT PATTERN LEVEL 1
seq_0143,HARD BAKE
seq_0143,OXIDE ETCH DRY
seq_0143,STRIP PHOTORESIST
seq_0143,CLEAN AFTER ETCH
seq_0143,MEASURE CD LEVEL 1
seq_0143,DEPOSIT POLYSILICON
seq_0143,ANNEAL POLYSILICON
seq_0143,SPIN COAT PHOTORESIST
seq_0143,SOFT BAKE
seq_0143,ALIGN MASK LEVEL 2
seq_0143,EXPOSE LITHO LEVEL 2
seq_0143,POST EXPOSE BAKE
seq_0143,DEVELOP PHOTORESIST
seq_0143,PATTERN INSPECTION LEVEL 2
seq_0143,POLYSILICON ETCH DRY
seq_0143,STRIP RESIST
seq_0143,CLEAN AFTER POLY ETCH
seq_0143,IMPLANT N-TYPE
seq_0143,RAPID THERMAL ANNEAL
seq_0143,MEASURE SHEET RESISTANCE
seq_0143,DEPOSIT INTERLEVEL DIELECTRIC
seq_0143,DENSIFY DIELECTRIC
seq_0143,MEASURE DIELECTRIC THICKNESS
seq_0143,CMP DIELECTRIC
seq_0143,MEASURE PLANARITY
seq_0143,SPIN COAT PHOTORESIST
seq_0143,SOFT BAKE
seq_0143,ALIGN MASK LEVEL 3
seq_0143,EXPOSE LITHO LEVEL 3
seq_0143,POST EXPOSE BAKE
seq_0143,DEVELOP PHOTORESIST
seq_0143,VIA INSPECTION
seq_0143,VIA ETCH THROUGH DIELECTRIC
seq_0143,STRIP RESIST
seq_0143,CLEAN AFTER VIA ETCH
seq_0143,DEPOSIT BARRIER METAL
seq_0143,DEPOSIT TUNGSTEN SEED
seq_0143,FILL VIA TUNGSTEN
seq_0143,CMP METAL
seq_0143,DEPOSIT TOP METAL
seq_0143,ANNEAL METAL
seq_0143,SPIN COAT PHOTORESIST
seq_0143,SOFT BAKE
seq_0143,ALIGN MASK LEVEL 4
seq_0143,EXPOSE LITHO LEVEL 4
seq_0143,POST EXPOSE BAKE
seq_0143,DEVELOP PHOTORESIST
seq_0143,METAL PATTERN INSPECTION
seq_0143,METAL ETCH DRY
seq_0143,STRIP PHOTORESIST
seq_0143,CLEAN AFTER METAL ETCH
seq_0143,MEASURE LINE WIDTH
seq_0143,DEPOSIT PASSIVATION
seq_0143,CURE PASSIVATION
seq_0143,MEASURE PASSIVATION QUALITY
seq_0143,OPEN PAD WINDOW
seq_0143,OPEN PAD WINDOW LITHO
seq_0143,DEVELOP PHOTORESIST
seq_0143,PASSIVATION ETCH
seq_0143,STRIP PHOTORESIST
seq_0143,CLEAN PAD OPENING
seq_0143,MEASURE PAD OPENING
seq_0143,BACKSIDE THINNING CHECK
seq_0143,BACKSIDE CLEAN FINAL
seq_0143,DEPOSIT BACKSIDE PROTECTION
seq_0143,BACKSIDE ANNEAL
seq_0143,FRONTSIDE CLEAN FINAL
seq_0143,FINAL CLEAN
seq_0143,FINAL THICKNESS MEASURE
seq_0143,FINAL GEOMETRY CHECK
seq_0143,FINAL OXIDE CHECK
seq_0143,FINAL PARTICLE INSPECTION
seq_0143,ELECTRICAL PARAMETRIC TEST
seq_0143,LEAKAGE TEST
seq_0143,THRESHOLD VOLTAGE TEST
seq_0143,SWITCHING TEST
seq_0143,WAFER SORT TEST
seq_0143,YIELD ANALYSIS
seq_0143,FINAL LOT RELEASE
seq_0143,SHIP LOT
seq_0144,RECEIVE WAFER LOT
seq_0144,LOT IDENTIFICATION
seq_0144,PRE CLEAN INSPECTION
seq_0144,MEASURE INITIAL THICKNESS
seq_0144,WAFER CLEAN PRE PROCESS
seq_0144,RCA CLEAN 1
seq_0144,RCA CLEAN 2
seq_0144,HF DIP
seq_0144,WAFER CLEAN PRE-GRIND
seq_0144,GRINDING WAFER BACKSIDE
seq_0144,MEASURE GEOMETRY
seq_0144,ETCH WET BACKSIDE
seq_0144,RINSE WET WAFER_EDGE
seq_0144,DRY WAFER BACKSIDE
seq_0144,BACKSIDE CLEAN
seq_0144,MEASURE BACKSIDE ROUGHNESS
seq_0144,THERMAL OXIDATION
seq_0144,MEASURE OXIDE THICKNESS
seq_0144,RCA CLEAN 1
seq_0144,RCA CLEAN 2
seq_0144,HF DIP
seq_0144,OXIDE STRIP
seq_0144,SURFACE PREP FOR DEPOSITION
seq_0144,DEPOSIT PAD OXIDE
seq_0144,ANNEAL OXIDE
seq_0144,MEASURE FILM THICKNESS
seq_0144,SPIN COAT PHOTORESIST
seq_0144,SOFT BAKE
seq_0144,ALIGN MASK LEVEL 1
seq_0144,EXPOSE LITHO LEVEL 1
seq_0144,DEVELOP PHOTORESIST
seq_0144,INSPECT PATTERN LEVEL 1
seq_0144,HARD BAKE
seq_0144,OXIDE ETCH DRY
seq_0144,STRIP RESIST
seq_0144,CLEAN AFTER ETCH
seq_0144,MEASURE CD LEVEL 1
seq_0144,DEPOSIT POLYSILICON
seq_0144,ANNEAL POLYSILICON
seq_0144,SPIN COAT PHOTORESIST
seq_0144,SOFT BAKE
seq_0144,ALIGN MASK LEVEL 2
seq_0144,EXPOSE LITHO LEVEL 2
seq_0144,DEVELOP PHOTORESIST
seq_0144,PATTERN INSPECTION LEVEL 2
seq_0144,POLYSILICON ETCH DRY
seq_0144,STRIP RESIST LEVEL 2
seq_0144,CLEAN AFTER POLY ETCH
seq_0144,MEASURE CD LEVEL 2
seq_0144,IMPLANT N-TYPE
seq_0144,RAPID THERMAL ANNEAL
seq_0144,DEPOSIT INTERLEVEL DIELECTRIC
seq_0144,DENSIFY OXIDE
seq_0144,MEASURE DIELECTRIC THICKNESS
seq_0144,CMP INTERLAYER DIELECTRIC
seq_0144,MEASURE PLANARITY
seq_0144,SPIN COAT PHOTORESIST
seq_0144,SOFT BAKE
seq_0144,ALIGN MASK LEVEL 3
seq_0144,EXPOSE LITHO LEVEL 3
seq_0144,DEVELOP PHOTORESIST
seq_0144,VIA OPENING INSPECTION
seq_0144,HARD BAKE
seq_0144,VIA ETCH
seq_0144,STRIP PHOTORESIST
seq_0144,CLEAN AFTER VIA ETCH
seq_0144,MEASURE VIA CD
seq_0144,DEPOSIT BARRIER METAL
seq_0144,DEPOSIT TUNGSTEN SEED
seq_0144,FILL VIA TUNGSTEN
seq_0144,CMP VIA FILL
seq_0144,MEASURE CONTACT RESISTANCE
seq_0144,DEPOSIT METAL 1
seq_0144,ANNEAL METAL
seq_0144,MEASURE METAL THICKNESS
seq_0144,SPIN COAT PHOTORESIST
seq_0144,SOFT BAKE
seq_0144,ALIGN MASK LEVEL 4
seq_0144,EXPOSE LITHO LEVEL 4
seq_0144,DEVELOP PHOTORESIST
seq_0144,METAL PATTERN INSPECTION
seq_0144,HARD BAKE
seq_0144,METAL ETCH DRY
seq_0144,STRIP PHOTORESIST
seq_0144,CLEAN AFTER METAL ETCH
seq_0144,MEASURE LINE WIDTH
seq_0144,DEPOSIT PASSIVATION LAYER
seq_0144,CURE PASSIVATION
seq_0144,MEASURE PASSIVATION THICKNESS
seq_0144,OPEN PAD WINDOW
seq_0144,OPEN PAD WINDOW LITHO
seq_0144,DEVELOP PAD WINDOW
seq_0144,PASSIVATION ETCH PAD OPENING
seq_0144,STRIP PHOTORESIST
seq_0144,CLEAN PAD OPENING
seq_0144,MEASURE PAD OPENING
seq_0144,BACKSIDE THINNING CHECK
seq_0144,BACKSIDE CLEAN FINAL
seq_0144,DEPOSIT BACKSIDE PROTECTION
seq_0144,BACKSIDE ANNEAL
seq_0144,FRONTSIDE CLEAN FINAL
seq_0144,FINAL CLEAN
seq_0144,FINAL THICKNESS MEASURE
seq_0144,FINAL GEOMETRY CHECK
seq_0144,FINAL OXIDE CHECK
seq_0144,FINAL PARTICLE INSPECTION
seq_0144,FINAL ELECTRICAL TEST PREP
seq_0144,ELECTRICAL PARAMETRIC TEST
seq_0144,LEAKAGE TEST
seq_0144,PARAMETRIC TEST
seq_0144,SWITCHING TEST
seq_0144,WAFER SORT TEST
seq_0144,YIELD ANALYSIS
seq_0144,FINAL LOT RELEASE
seq_0144,PACKAGE PREPARATION
seq_0144,SHIP LOT
seq_0145,RECEIVE WAFER LOT
seq_0145,LOT IDENTIFICATION
seq_0145,PRE CLEAN INSPECTION
seq_0145,MEASURE INITIAL GEOMETRY
seq_0145,MEASURE SURFACE DEFECTS
seq_0145,WAFER CLEAN PRE PROCESS
seq_0145,WET CLEAN RCA1
seq_0145,RCA CLEAN 2
seq_0145,HF DIP
seq_0145,DRY WAFER
seq_0145,WAFER CLEAN PRE-GRIND
seq_0145,GRINDING WAFER BACKSIDE
seq_0145,MEASURE GEOMETRY
seq_0145,ETCH WET BACKSIDE
seq_0145,RINSE WET WAFER_EDGE
seq_0145,DRY WAFER BACKSIDE
seq_0145,BACKSIDE CLEAN
seq_0145,MEASURE BACKSIDE ROUGHNESS
seq_0145,THERMAL OXIDATION
seq_0145,MEASURE OXIDE THICKNESS
seq_0145,RCA CLEAN 1
seq_0145,RCA CLEAN 2
seq_0145,HF DIP
seq_0145,OXIDE STRIP
seq_0145,SURFACE PREP FOR DEPOSITION
seq_0145,DEPOSIT PAD OXIDE
seq_0145,ANNEAL OXIDE
seq_0145,MEASURE OXIDE THICKNESS
seq_0145,SPIN COAT PHOTORESIST
seq_0145,SOFT BAKE
seq_0145,ALIGN MASK LEVEL 1
seq_0145,EXPOSE LITHO LEVEL 1
seq_0145,DEVELOP PHOTORESIST
seq_0145,INSPECT PATTERN LEVEL 1
seq_0145,HARD BAKE
seq_0145,OXIDE ETCH DRY
seq_0145,STRIP RESIST
seq_0145,CLEAN AFTER ETCH
seq_0145,MEASURE CD LEVEL 1
seq_0145,DEPOSIT POLYSILICON
seq_0145,ANNEAL POLYSILICON
seq_0145,SPIN COAT PHOTORESIST
seq_0145,SOFT BAKE
seq_0145,ALIGN MASK LEVEL 2
seq_0145,EXPOSE LITHO LEVEL 2
seq_0145,DEVELOP PHOTORESIST
seq_0145,PATTERN INSPECTION LEVEL 2
seq_0145,POLYSILICON ETCH DRY
seq_0145,STRIP RESIST LEVEL 2
seq_0145,CLEAN AFTER POLY ETCH
seq_0145,MEASURE CD LEVEL 2
seq_0145,IMPLANT N-TYPE
seq_0145,PRE ANNEAL CHECK
seq_0145,RAPID THERMAL ANNEAL
seq_0145,MEASURE SHEET RESISTANCE
seq_0145,DEPOSIT INTERLEVEL DIELECTRIC
seq_0145,DENSIFY DIELECTRIC
seq_0145,MEASURE DIELECTRIC THICKNESS
seq_0145,CMP INTERLAYER DIELECTRIC
seq_0145,MEASURE PLANARITY
seq_0145,SPIN COAT PHOTORESIST
seq_0145,SOFT BAKE
seq_0145,ALIGN MASK LEVEL 3
seq_0145,EXPOSE LITHO LEVEL 3
seq_0145,DEVELOP PHOTORESIST
seq_0145,VIA OPENING INSPECTION
seq_0145,VIA ETCH
seq_0145,STRIP PHOTORESIST
seq_0145,CLEAN AFTER VIA ETCH
seq_0145,MEASURE VIA CD
seq_0145,DEPOSIT BARRIER METAL
seq_0145,DEPOSIT TUNGSTEN SEED
seq_0145,FILL VIA TUNGSTEN
seq_0145,CMP METAL
seq_0145,MEASURE VIA RESISTANCE
seq_0145,DEPOSIT TOP METAL
seq_0145,ANNEAL METAL 1
seq_0145,SPIN COAT PHOTORESIST
seq_0145,SOFT BAKE
seq_0145,ALIGN MASK LEVEL 4
seq_0145,EXPOSE LITHO LEVEL 4
seq_0145,DEVELOP PHOTORESIST
seq_0145,METAL PATTERN INSPECTION
seq_0145,METAL ETCH DRY
seq_0145,STRIP PHOTORESIST
seq_0145,CLEAN AFTER METAL ETCH
seq_0145,DEPOSIT PASSIVATION LAYER
seq_0145,CURE PASSIVATION
seq_0145,MEASURE PASSIVATION QUALITY
seq_0145,OPEN BOND PAD WINDOW
seq_0145,PAD WINDOW LITHO
seq_0145,DEVELOP PHOTORESIST
seq_0145,PASSIVATION ETCH
seq_0145,STRIP PHOTORESIST
seq_0145,CLEAN PAD OPENING
seq_0145,MEASURE PAD OPENING
seq_0145,BACKSIDE THINNING CHECK
seq_0145,BACKSIDE CLEAN FINAL
seq_0145,DEPOSIT BACKSIDE PROTECTION
seq_0145,BACKSIDE ANNEAL
seq_0145,FRONTSIDE CLEAN FINAL
seq_0145,FINAL CLEAN
seq_0145,FINAL THICKNESS MEASURE
seq_0145,FINAL GEOMETRY CHECK
seq_0145,FINAL PARTICLE INSPECTION
seq_0145,ELECTRICAL PARAMETRIC TEST
seq_0145,LEAKAGE TEST
seq_0145,THRESHOLD VOLTAGE TEST
seq_0145,SWITCHING TEST
seq_0145,WAFER SORT TEST
seq_0145,YIELD ANALYSIS
seq_0145,LOT RELEASE
seq_0145,PACKAGE PREPARATION
seq_0145,SHIP LOT
seq_0146,RECEIVE WAFER LOT
seq_0146,LOT IDENTIFICATION
seq_0146,INITIAL WAFER INSPECTION
seq_0146,MEASURE INITIAL THICKNESS
seq_0146,MEASURE SURFACE DEFECTS
seq_0146,WAFER CLEAN PRE PROCESS
seq_0146,BACKSIDE CLEAN
seq_0146,RCA CLEAN 1
seq_0146,RCA CLEAN 2
seq_0146,HF DIP
seq_0146,DRY WAFER
seq_0146,WAFER CLEAN PRE-GRIND
seq_0146,GRINDING WAFER BACKSIDE
seq_0146,MEASURE GEOMETRY
seq_0146,ETCH WET BACKSIDE
seq_0146,RINSE WET WAFER_EDGE
seq_0146,DRY WAFER BACKSIDE
seq_0146,BACKSIDE CLEAN
seq_0146,MEASURE BACKSIDE ROUGHNESS
seq_0146,THERMAL OXIDATION
seq_0146,MEASURE OXIDE THICKNESS
seq_0146,RCA CLEAN 1
seq_0146,WET CLEAN RCA2
seq_0146,HF DIP
seq_0146,OXIDE STRIP
seq_0146,SURFACE PREP FOR DEPOSITION
seq_0146,DEPOSIT PAD OXIDE
seq_0146,ANNEAL OXIDE
seq_0146,MEASURE FILM THICKNESS
seq_0146,SPIN COAT PHOTORESIST
seq_0146,SOFT BAKE
seq_0146,ALIGN MASK LEVEL 1
seq_0146,EXPOSE LITHO LEVEL 1
seq_0146,DEVELOP PHOTORESIST
seq_0146,INSPECT PATTERN LEVEL 1
seq_0146,HARD BAKE
seq_0146,OXIDE ETCH DRY
seq_0146,STRIP PHOTORESIST
seq_0146,CLEAN AFTER ETCH
seq_0146,MEASURE CD LEVEL 1
seq_0146,DEPOSIT POLYSILICON
seq_0146,ANNEAL POLYSILICON
seq_0146,SPIN COAT PHOTORESIST
seq_0146,SOFT BAKE
seq_0146,ALIGN MASK LEVEL 2
seq_0146,EXPOSE LITHO LEVEL 2
seq_0146,POST EXPOSE BAKE
seq_0146,DEVELOP PHOTORESIST
seq_0146,PATTERN INSPECTION LEVEL 2
seq_0146,HARD BAKE
seq_0146,POLYSILICON ETCH DRY
seq_0146,STRIP RESIST LEVEL 2
seq_0146,CLEAN AFTER POLY ETCH
seq_0146,MEASURE CD LEVEL 2
seq_0146,IMPLANT N-TYPE
seq_0146,RAPID THERMAL ANNEAL
seq_0146,MEASURE SHEET RESISTANCE
seq_0146,DEPOSIT INTERLEVEL DIELECTRIC
seq_0146,DENSIFY DIELECTRIC
seq_0146,MEASURE FILM THICKNESS
seq_0146,CMP INTERLAYER DIELECTRIC
seq_0146,MEASURE SURFACE PLANARITY
seq_0146,SPIN COAT PHOTORESIST
seq_0146,SOFT BAKE
seq_0146,ALIGN MASK LEVEL 3
seq_0146,EXPOSE LITHO LEVEL 3
seq_0146,DEVELOP PHOTORESIST
seq_0146,VIA INSPECTION
seq_0146,VIA ETCH THROUGH DIELECTRIC
seq_0146,STRIP PHOTORESIST
seq_0146,CLEAN AFTER VIA ETCH
seq_0146,MEASURE VIA CD
seq_0146,DEPOSIT BARRIER METAL
seq_0146,DEPOSIT TUNGSTEN SEED
seq_0146,FILL VIA TUNGSTEN
seq_0146,CMP METAL
seq_0146,MEASURE CONTACT RESISTANCE
seq_0146,DEPOSIT METAL 1
seq_0146,ANNEAL METAL 1
seq_0146,MEASURE METAL THICKNESS
seq_0146,SPIN COAT PHOTORESIST
seq_0146,SOFT BAKE
seq_0146,ALIGN MASK LEVEL 4
seq_0146,EXPOSE LITHO LEVEL 4
seq_0146,DEVELOP PHOTORESIST
seq_0146,METAL PATTERN INSPECTION
seq_0146,METAL ETCH DRY
seq_0146,STRIP RESIST
seq_0146,CLEAN AFTER METAL ETCH
seq_0146,MEASURE LINE WIDTH
seq_0146,DEPOSIT PASSIVATION LAYER
seq_0146,CURE PASSIVATION
seq_0146,MEASURE PASSIVATION QUALITY
seq_0146,OPEN BOND PAD WINDOW
seq_0146,PAD WINDOW LITHO
seq_0146,DEVELOP PHOTORESIST
seq_0146,PASSIVATION ETCH
seq_0146,STRIP RESIST
seq_0146,CLEAN PAD OPENING
seq_0146,MEASURE PAD OPENING
seq_0146,BACKSIDE CLEAN
seq_0146,DEPOSIT BACKSIDE PROTECTION
seq_0146,BACKSIDE ANNEAL
seq_0146,FRONTSIDE CLEAN FINAL
seq_0146,FINAL CLEAN
seq_0146,FINAL THICKNESS MEASURE
seq_0146,FINAL OXIDE CHECK
seq_0146,PARAMETRIC TEST
seq_0146,LEAKAGE TEST
seq_0146,THRESHOLD VOLTAGE TEST
seq_0146,SWITCHING TEST
seq_0146,WAFER SORT TEST
seq_0146,YIELD ANALYSIS
seq_0146,LOT RELEASE
seq_0146,PACKAGE PREPARATION
seq_0146,SHIP LOT
seq_0147,RECEIVE WAFER LOT
seq_0147,LOT IDENTIFICATION
seq_0147,INITIAL WAFER INSPECTION
seq_0147,MEASURE INITIAL THICKNESS
seq_0147,MEASURE SURFACE DEFECTS
seq_0147,WAFER CLEAN PRE PROCESS
seq_0147,BACKSIDE CLEAN
seq_0147,WET CLEAN RCA1
seq_0147,WET CLEAN RCA2
seq_0147,HF DIP
seq_0147,DRY WAFER
seq_0147,WAFER CLEAN PRE-GRIND
seq_0147,GRINDING WAFER BACKSIDE
seq_0147,MEASURE INITIAL GEOMETRY
seq_0147,ETCH WET BACKSIDE
seq_0147,RINSE WET WAFER_EDGE
seq_0147,DRY WAFER BACKSIDE
seq_0147,BACKSIDE CLEAN
seq_0147,MEASURE BACKSIDE ROUGHNESS
seq_0147,THERMAL OXIDATION
seq_0147,MEASURE OXIDE THICKNESS
seq_0147,RCA CLEAN 1
seq_0147,WET CLEAN RCA2
seq_0147,HF DIP
seq_0147,OXIDE STRIP
seq_0147,SURFACE PREP FOR DEPOSITION
seq_0147,DEPOSIT PAD OXIDE
seq_0147,ANNEAL OXIDE
seq_0147,MEASURE OXIDE THICKNESS
seq_0147,SPIN COAT PHOTORESIST
seq_0147,SOFT BAKE
seq_0147,ALIGN MASK LEVEL 1
seq_0147,EXPOSE LITHO LEVEL 1
seq_0147,DEVELOP PHOTORESIST
seq_0147,INSPECT PATTERN LEVEL 1
seq_0147,HARD BAKE
seq_0147,OXIDE ETCH DRY
seq_0147,STRIP PHOTORESIST
seq_0147,CLEAN AFTER ETCH
seq_0147,DEPOSIT POLYSILICON
seq_0147,ANNEAL POLYSILICON
seq_0147,SPIN COAT PHOTORESIST
seq_0147,SOFT BAKE
seq_0147,ALIGN MASK LEVEL 2
seq_0147,EXPOSE LITHO LEVEL 2
seq_0147,DEVELOP PHOTORESIST
seq_0147,PATTERN INSPECTION LEVEL 2
seq_0147,POLYSILICON ETCH DRY
seq_0147,STRIP RESIST
seq_0147,CLEAN AFTER POLY ETCH
seq_0147,MEASURE CD LEVEL 2
seq_0147,IMPLANT N-TYPE
seq_0147,RAPID THERMAL ANNEAL
seq_0147,MEASURE SHEET RESISTANCE
seq_0147,DEPOSIT INTERLEVEL DIELECTRIC
seq_0147,DENSIFY OXIDE
seq_0147,MEASURE DIELECTRIC THICKNESS
seq_0147,CMP INTERLAYER DIELECTRIC
seq_0147,MEASURE SURFACE PLANARITY
seq_0147,SPIN COAT PHOTORESIST
seq_0147,SOFT BAKE
seq_0147,ALIGN MASK LEVEL 3
seq_0147,EXPOSE LITHO LEVEL 3
seq_0147,DEVELOP PHOTORESIST
seq_0147,VIA INSPECTION
seq_0147,VIA ETCH
seq_0147,STRIP RESIST
seq_0147,CLEAN AFTER VIA ETCH
seq_0147,MEASURE VIA CD
seq_0147,DEPOSIT BARRIER METAL
seq_0147,DEPOSIT TUNGSTEN SEED
seq_0147,FILL VIA TUNGSTEN
seq_0147,CMP METAL
seq_0147,MEASURE CONTACT RESISTANCE
seq_0147,DEPOSIT METAL 1
seq_0147,ANNEAL METAL 1
seq_0147,MEASURE METAL THICKNESS
seq_0147,SPIN COAT PHOTORESIST
seq_0147,SOFT BAKE
seq_0147,ALIGN MASK LEVEL 4
seq_0147,EXPOSE LITHO LEVEL 4
seq_0147,DEVELOP PHOTORESIST
seq_0147,METAL PATTERN INSPECTION
seq_0147,METAL ETCH DRY
seq_0147,STRIP PHOTORESIST
seq_0147,CLEAN AFTER METAL ETCH
seq_0147,MEASURE LINE WIDTH
seq_0147,DEPOSIT PASSIVATION LAYER
seq_0147,CURE PASSIVATION
seq_0147,MEASURE PASSIVATION THICKNESS
seq_0147,OPEN PAD WINDOW
seq_0147,OPEN PAD WINDOW LITHO
seq_0147,DEVELOP PHOTORESIST
seq_0147,PASSIVATION ETCH
seq_0147,STRIP PHOTORESIST
seq_0147,CLEAN PAD OPENING
seq_0147,MEASURE PAD OPENING
seq_0147,BACKSIDE THINNING CHECK
seq_0147,BACKSIDE CLEAN FINAL
seq_0147,DEPOSIT BACKSIDE PROTECTION
seq_0147,BACKSIDE ANNEAL
seq_0147,FRONTSIDE CLEAN FINAL
seq_0147,FINAL CLEAN
seq_0147,FINAL THICKNESS MEASURE
seq_0147,FINAL PARTICLE INSPECTION
seq_0147,PARAMETRIC TEST
seq_0147,LEAKAGE TEST
seq_0147,THRESHOLD VOLTAGE TEST
seq_0147,SWITCHING TEST
seq_0147,WAFER SORT TEST
seq_0147,YIELD ANALYSIS
seq_0147,FINAL LOT RELEASE
seq_0147,PACKAGE PREPARATION
seq_0147,SHIP LOT
seq_0148,RECEIVE WAFER LOT
seq_0148,LOT IDENTIFICATION
seq_0148,INITIAL WAFER INSPECTION
seq_0148,MEASURE INITIAL THICKNESS
seq_0148,MEASURE SURFACE PARTICLES
seq_0148,WAFER CLEAN PRE PROCESS
seq_0148,BACKSIDE CLEAN
seq_0148,WET CLEAN RCA1
seq_0148,WET CLEAN RCA2
seq_0148,HF DIP
seq_0148,WAFER CLEAN PRE-GRIND
seq_0148,GRINDING WAFER BACKSIDE
seq_0148,MEASURE INITIAL GEOMETRY
seq_0148,ETCH WET BACKSIDE
seq_0148,RINSE WET WAFER_EDGE
seq_0148,DRY WAFER BACKSIDE
seq_0148,BACKSIDE CLEAN
seq_0148,MEASURE BACKSIDE ROUGHNESS
seq_0148,THERMAL OXIDATION
seq_0148,MEASURE OXIDE THICKNESS
seq_0148,WET CLEAN RCA1
seq_0148,WET CLEAN RCA2
seq_0148,HF DIP
seq_0148,OXIDE STRIP
seq_0148,SURFACE PREP FOR DEPOSITION
seq_0148,DEPOSIT PAD OXIDE
seq_0148,ANNEAL OXIDE
seq_0148,MEASURE FILM THICKNESS
seq_0148,SPIN COAT PHOTORESIST
seq_0148,SOFT BAKE
seq_0148,ALIGN MASK LEVEL 1
seq_0148,EXPOSE LITHO LEVEL 1
seq_0148,POST EXPOSE BAKE
seq_0148,DEVELOP PHOTORESIST
seq_0148,INSPECT PATTERN LEVEL 1
seq_0148,HARD BAKE
seq_0148,OXIDE ETCH DRY
seq_0148,STRIP PHOTORESIST
seq_0148,CLEAN AFTER ETCH
seq_0148,MEASURE CD LEVEL 1
seq_0148,DEPOSIT POLYSILICON
seq_0148,ANNEAL POLYSILICON
seq_0148,SPIN COAT PHOTORESIST
seq_0148,SOFT BAKE
seq_0148,ALIGN MASK LEVEL 2
seq_0148,EXPOSE LITHO LEVEL 2
seq_0148,DEVELOP PHOTORESIST
seq_0148,PATTERN INSPECTION LEVEL 2
seq_0148,POLYSILICON ETCH DRY
seq_0148,STRIP RESIST LEVEL 2
seq_0148,CLEAN AFTER POLY ETCH
seq_0148,IMPLANT N-TYPE
seq_0148,PRE ANNEAL CHECK
seq_0148,RAPID THERMAL ANNEAL
seq_0148,MEASURE SHEET RESISTANCE
seq_0148,DEPOSIT INTERLAYER DIELECTRIC
seq_0148,DENSIFY OXIDE
seq_0148,MEASURE DIELECTRIC THICKNESS
seq_0148,CMP DIELECTRIC
seq_0148,MEASURE PLANARITY
seq_0148,SPIN COAT PHOTORESIST
seq_0148,SOFT BAKE
seq_0148,ALIGN MASK LEVEL 3
seq_0148,EXPOSE LITHO LEVEL 3
seq_0148,DEVELOP PHOTORESIST
seq_0148,VIA OPENING INSPECTION
seq_0148,VIA ETCH THROUGH DIELECTRIC
seq_0148,STRIP RESIST
seq_0148,CLEAN AFTER VIA ETCH
seq_0148,MEASURE VIA CD
seq_0148,DEPOSIT BARRIER METAL
seq_0148,DEPOSIT TUNGSTEN SEED
seq_0148,FILL VIA TUNGSTEN
seq_0148,CMP VIA FILL
seq_0148,MEASURE VIA RESISTANCE
seq_0148,DEPOSIT TOP METAL
seq_0148,ANNEAL METAL
seq_0148,SPIN COAT PHOTORESIST
seq_0148,SOFT BAKE
seq_0148,ALIGN MASK LEVEL 4
seq_0148,EXPOSE LITHO LEVEL 4
seq_0148,DEVELOP PHOTORESIST
seq_0148,METAL PATTERN INSPECTION
seq_0148,HARD BAKE
seq_0148,METAL ETCH DRY
seq_0148,STRIP RESIST
seq_0148,CLEAN AFTER METAL ETCH
seq_0148,MEASURE LINE WIDTH
seq_0148,DEPOSIT PASSIVATION LAYER
seq_0148,CURE PASSIVATION
seq_0148,MEASURE PASSIVATION THICKNESS
seq_0148,OPEN BOND PAD WINDOW
seq_0148,PAD WINDOW LITHO
seq_0148,DEVELOP PHOTORESIST
seq_0148,PASSIVATION ETCH PAD OPENING
seq_0148,STRIP PHOTORESIST
seq_0148,CLEAN PAD OPENING
seq_0148,MEASURE PAD OPENING
seq_0148,BACKSIDE THINNING CHECK
seq_0148,BACKSIDE CLEAN
seq_0148,DEPOSIT BACKSIDE PROTECTION
seq_0148,BACKSIDE ANNEAL
seq_0148,FINAL CLEAN
seq_0148,FINAL THICKNESS MEASURE
seq_0148,FINAL GEOMETRY CHECK
seq_0148,FINAL OXIDE CHECK
seq_0148,FINAL CD INSPECTION
seq_0148,FINAL ELECTRICAL TEST PREP
seq_0148,PARAMETRIC TEST
seq_0148,LEAKAGE TEST
seq_0148,THRESHOLD VOLTAGE TEST
seq_0148,SWITCHING TEST
seq_0148,WAFER SORT TEST
seq_0148,YIELD ANALYSIS
seq_0148,LOT RELEASE
seq_0148,SHIP LOT
seq_0149,RECEIVE WAFER LOT
seq_0149,LOT IDENTIFICATION
seq_0149,INITIAL WAFER INSPECTION
seq_0149,MEASURE INITIAL THICKNESS
seq_0149,MEASURE SURFACE PARTICLES
seq_0149,WAFER CLEAN PRE PROCESS
seq_0149,WET CLEAN RCA1
seq_0149,WET CLEAN RCA2
seq_0149,HF DIP
seq_0149,DRY WAFER
seq_0149,WAFER CLEAN PRE-GRIND
seq_0149,GRINDING WAFER BACKSIDE
seq_0149,MEASURE GEOMETRY
seq_0149,ETCH WET BACKSIDE
seq_0149,RINSE WET WAFER_EDGE
seq_0149,DRY WAFER BACKSIDE
seq_0149,BACKSIDE CLEAN
seq_0149,MEASURE BACKSIDE ROUGHNESS
seq_0149,THERMAL OXIDATION
seq_0149,MEASURE OXIDE THICKNESS
seq_0149,WET CLEAN RCA1
seq_0149,RCA CLEAN 2
seq_0149,HF DIP
seq_0149,OXIDE STRIP
seq_0149,SURFACE PREP FOR DEPOSITION
seq_0149,DEPOSIT PAD OXIDE
seq_0149,ANNEAL OXIDE
seq_0149,MEASURE FILM THICKNESS
seq_0149,SPIN COAT PHOTORESIST
seq_0149,SOFT BAKE
seq_0149,ALIGN MASK LEVEL 1
seq_0149,EXPOSE LITHO LEVEL 1
seq_0149,POST EXPOSE BAKE
seq_0149,DEVELOP PHOTORESIST
seq_0149,INSPECT PATTERN LEVEL 1
seq_0149,HARD BAKE
seq_0149,OXIDE ETCH DRY
seq_0149,STRIP PHOTORESIST
seq_0149,CLEAN AFTER ETCH
seq_0149,DEPOSIT POLYSILICON
seq_0149,ANNEAL POLYSILICON
seq_0149,SPIN COAT PHOTORESIST
seq_0149,SOFT BAKE
seq_0149,ALIGN MASK LEVEL 2
seq_0149,EXPOSE LITHO LEVEL 2
seq_0149,POST EXPOSE BAKE
seq_0149,DEVELOP PHOTORESIST
seq_0149,PATTERN INSPECTION LEVEL 2
seq_0149,HARD BAKE
seq_0149,POLYSILICON ETCH DRY
seq_0149,STRIP RESIST LEVEL 2
seq_0149,CLEAN AFTER POLY ETCH
seq_0149,MEASURE CD LEVEL 2
seq_0149,IMPLANT N-TYPE
seq_0149,RAPID THERMAL ANNEAL
seq_0149,MEASURE SHEET RESISTANCE
seq_0149,DEPOSIT INTERLEVEL DIELECTRIC
seq_0149,DENSIFY DIELECTRIC
seq_0149,MEASURE DIELECTRIC THICKNESS
seq_0149,CMP DIELECTRIC
seq_0149,MEASURE PLANARITY
seq_0149,SPIN COAT PHOTORESIST
seq_0149,SOFT BAKE
seq_0149,ALIGN MASK LEVEL 3
seq_0149,EXPOSE LITHO LEVEL 3
seq_0149,DEVELOP PHOTORESIST
seq_0149,VIA OPENING INSPECTION
seq_0149,HARD BAKE
seq_0149,VIA ETCH
seq_0149,STRIP PHOTORESIST
seq_0149,CLEAN AFTER VIA ETCH
seq_0149,MEASURE VIA CD
seq_0149,DEPOSIT BARRIER METAL
seq_0149,DEPOSIT TUNGSTEN SEED
seq_0149,FILL VIA TUNGSTEN
seq_0149,CMP METAL
seq_0149,MEASURE CONTACT RESISTANCE
seq_0149,DEPOSIT METAL 1
seq_0149,ANNEAL METAL
seq_0149,SPIN COAT PHOTORESIST
seq_0149,SOFT BAKE
seq_0149,ALIGN MASK LEVEL 4
seq_0149,EXPOSE LITHO LEVEL 4
seq_0149,POST EXPOSE BAKE
seq_0149,DEVELOP PHOTORESIST
seq_0149,METAL PATTERN INSPECTION
seq_0149,METAL ETCH DRY
seq_0149,STRIP RESIST
seq_0149,CLEAN AFTER METAL ETCH
seq_0149,MEASURE LINE WIDTH
seq_0149,DEPOSIT PASSIVATION LAYER
seq_0149,CURE PASSIVATION
seq_0149,MEASURE PASSIVATION THICKNESS
seq_0149,OPEN BOND PAD WINDOW
seq_0149,OPEN PAD WINDOW LITHO
seq_0149,DEVELOP PAD WINDOW
seq_0149,PASSIVATION ETCH PAD OPENING
seq_0149,STRIP RESIST
seq_0149,CLEAN PAD OPENING
seq_0149,MEASURE PAD OPENING
seq_0149,BACKSIDE THINNING CHECK
seq_0149,BACKSIDE CLEAN
seq_0149,DEPOSIT BACKSIDE PROTECTION
seq_0149,BACKSIDE ANNEAL
seq_0149,FRONTSIDE CLEAN FINAL
seq_0149,FINAL CLEAN
seq_0149,FINAL THICKNESS MEASURE
seq_0149,FINAL GEOMETRY CHECK
seq_0149,FINAL OXIDE CHECK
seq_0149,FINAL CD INSPECTION
seq_0149,FINAL PARTICLE INSPECTION
seq_0149,FINAL ELECTRICAL TEST PREP
seq_0149,ELECTRICAL PARAMETRIC TEST
seq_0149,LEAKAGE TEST
seq_0149,THRESHOLD VOLTAGE TEST
seq_0149,SWITCHING TEST
seq_0149,WAFER SORT TEST
seq_0149,YIELD ANALYSIS
seq_0149,FINAL LOT RELEASE
seq_0149,PACKAGE PREPARATION
seq_0149,SHIP LOT
seq_0150,RECEIVE WAFER LOT
seq_0150,LOT IDENTIFICATION
seq_0150,INITIAL WAFER INSPECTION
seq_0150,MEASURE INITIAL GEOMETRY
seq_0150,MEASURE SURFACE DEFECTS
seq_0150,WAFER CLEAN PRE PROCESS
seq_0150,BACKSIDE CLEAN
seq_0150,RCA CLEAN 1
seq_0150,WET CLEAN RCA2
seq_0150,HF DIP
seq_0150,DRY WAFER
seq_0150,WAFER CLEAN PRE-GRIND
seq_0150,GRINDING WAFER BACKSIDE
seq_0150,MEASURE INITIAL GEOMETRY
seq_0150,ETCH WET BACKSIDE
seq_0150,RINSE WET WAFER_EDGE
seq_0150,DRY WAFER BACKSIDE
seq_0150,BACKSIDE CLEAN
seq_0150,MEASURE BACKSIDE ROUGHNESS
seq_0150,THERMAL OXIDATION
seq_0150,MEASURE OXIDE THICKNESS
seq_0150,RCA CLEAN 1
seq_0150,WET CLEAN RCA2
seq_0150,HF DIP
seq_0150,OXIDE STRIP
seq_0150,SURFACE PREP FOR DEPOSITION
seq_0150,DEPOSIT PAD OXIDE
seq_0150,ANNEAL OXIDE
seq_0150,MEASURE OXIDE THICKNESS
seq_0150,SPIN COAT PHOTORESIST
seq_0150,SOFT BAKE
seq_0150,ALIGN MASK LEVEL 1
seq_0150,EXPOSE LITHO LEVEL 1
seq_0150,DEVELOP PHOTORESIST
seq_0150,INSPECT PATTERN LEVEL 1
seq_0150,HARD BAKE
seq_0150,OXIDE ETCH DRY
seq_0150,STRIP RESIST
seq_0150,CLEAN AFTER ETCH
seq_0150,MEASURE CD LEVEL 1
seq_0150,DEPOSIT POLYSILICON
seq_0150,ANNEAL POLYSILICON
seq_0150,SPIN COAT PHOTORESIST
seq_0150,SOFT BAKE
seq_0150,ALIGN MASK LEVEL 2
seq_0150,EXPOSE LITHO LEVEL 2
seq_0150,POST EXPOSE BAKE
seq_0150,DEVELOP PHOTORESIST
seq_0150,PATTERN INSPECTION LEVEL 2
seq_0150,POLYSILICON ETCH DRY
seq_0150,STRIP RESIST
seq_0150,CLEAN AFTER POLY ETCH
seq_0150,IMPLANT N-TYPE
seq_0150,RAPID THERMAL ANNEAL
seq_0150,MEASURE SHEET RESISTANCE
seq_0150,DEPOSIT INTERLAYER DIELECTRIC
seq_0150,DENSIFY OXIDE
seq_0150,MEASURE FILM THICKNESS
seq_0150,CMP INTERLAYER DIELECTRIC
seq_0150,MEASURE SURFACE PLANARITY
seq_0150,SPIN COAT PHOTORESIST
seq_0150,SOFT BAKE
seq_0150,ALIGN MASK LEVEL 3
seq_0150,EXPOSE LITHO LEVEL 3
seq_0150,POST EXPOSE BAKE
seq_0150,DEVELOP PHOTORESIST
seq_0150,VIA OPENING INSPECTION
seq_0150,HARD BAKE
seq_0150,VIA ETCH THROUGH DIELECTRIC
seq_0150,STRIP PHOTORESIST
seq_0150,CLEAN AFTER VIA ETCH
seq_0150,MEASURE VIA CD
seq_0150,DEPOSIT BARRIER METAL
seq_0150,DEPOSIT TUNGSTEN SEED
seq_0150,FILL VIA TUNGSTEN
seq_0150,CMP VIA FILL
seq_0150,DEPOSIT METAL 1
seq_0150,ANNEAL METAL 1
seq_0150,SPIN COAT PHOTORESIST
seq_0150,SOFT BAKE
seq_0150,ALIGN MASK LEVEL 4
seq_0150,EXPOSE LITHO LEVEL 4
seq_0150,POST EXPOSE BAKE
seq_0150,DEVELOP PHOTORESIST
seq_0150,METAL PATTERN INSPECTION
seq_0150,METAL ETCH DRY
seq_0150,STRIP PHOTORESIST
seq_0150,CLEAN AFTER METAL ETCH
seq_0150,MEASURE LINE WIDTH
seq_0150,DEPOSIT PASSIVATION
seq_0150,CURE PASSIVATION
seq_0150,MEASURE PASSIVATION QUALITY
seq_0150,OPEN BOND PAD WINDOW
seq_0150,PAD WINDOW LITHO
seq_0150,DEVELOP PAD WINDOW
seq_0150,PASSIVATION ETCH
seq_0150,STRIP PHOTORESIST
seq_0150,CLEAN PAD OPENING
seq_0150,MEASURE PAD OPENING
seq_0150,BACKSIDE THINNING CHECK
seq_0150,BACKSIDE CLEAN
seq_0150,DEPOSIT BACKSIDE PROTECTION
seq_0150,BACKSIDE ANNEAL
seq_0150,FRONTSIDE CLEAN FINAL
seq_0150,FINAL CLEAN
seq_0150,FINAL THICKNESS MEASURE
seq_0150,FINAL GEOMETRY CHECK
seq_0150,FINAL OXIDE CHECK
seq_0150,FINAL ELECTRICAL TEST PREP
seq_0150,ELECTRICAL PARAMETRIC TEST
seq_0150,LEAKAGE TEST
seq_0150,THRESHOLD VOLTAGE TEST
seq_0150,SWITCHING TEST
seq_0150,WAFER SORT TEST
seq_0150,YIELD ANALYSIS
seq_0150,LOT RELEASE
seq_0150,SHIP LOT
seq_0151,RECEIVE WAFER LOT
seq_0151,LOT IDENTIFICATION
seq_0151,INITIAL WAFER INSPECTION
seq_0151,WAFER CLEAN PRE PROCESS
seq_0151,RCA CLEAN 1
seq_0151,RCA CLEAN 2
seq_0151,HF DIP
seq_0151,DRY WAFER
seq_0151,WAFER CLEAN PRE-GRIND
seq_0151,GRINDING WAFER BACKSIDE
seq_0151,MEASURE GEOMETRY
seq_0151,ETCH WET BACKSIDE
seq_0151,RINSE WET WAFER_EDGE
seq_0151,DRY WAFER BACKSIDE
seq_0151,BACKSIDE CLEAN
seq_0151,MEASURE BACKSIDE ROUGHNESS
seq_0151,THERMAL OXIDATION
seq_0151,MEASURE OXIDE THICKNESS
seq_0151,RCA CLEAN 1
seq_0151,RCA CLEAN 2
seq_0151,HF DIP
seq_0151,OXIDE STRIP
seq_0151,SURFACE PREP FOR DEPOSITION
seq_0151,DEPOSIT PAD OXIDE
seq_0151,ANNEAL OXIDE
seq_0151,MEASURE FILM THICKNESS
seq_0151,SPIN COAT PHOTORESIST
seq_0151,SOFT BAKE
seq_0151,ALIGN MASK LEVEL 1
seq_0151,EXPOSE LITHO LEVEL 1
seq_0151,POST EXPOSE BAKE
seq_0151,DEVELOP PHOTORESIST
seq_0151,INSPECT PATTERN LEVEL 1
seq_0151,HARD BAKE
seq_0151,OXIDE ETCH DRY
seq_0151,STRIP PHOTORESIST
seq_0151,CLEAN AFTER ETCH
seq_0151,MEASURE CD LEVEL 1
seq_0151,DEPOSIT POLYSILICON
seq_0151,ANNEAL POLYSILICON
seq_0151,SPIN COAT PHOTORESIST
seq_0151,SOFT BAKE
seq_0151,ALIGN MASK LEVEL 2
seq_0151,EXPOSE LITHO LEVEL 2
seq_0151,DEVELOP PHOTORESIST
seq_0151,PATTERN INSPECTION LEVEL 2
seq_0151,HARD BAKE
seq_0151,POLYSILICON ETCH DRY
seq_0151,STRIP RESIST LEVEL 2
seq_0151,CLEAN AFTER POLY ETCH
seq_0151,MEASURE CD LEVEL 2
seq_0151,IMPLANT N-TYPE
seq_0151,RAPID THERMAL ANNEAL
seq_0151,MEASURE SHEET RESISTANCE
seq_0151,DEPOSIT INTERLAYER DIELECTRIC
seq_0151,DENSIFY OXIDE
seq_0151,MEASURE DIELECTRIC THICKNESS
seq_0151,CMP DIELECTRIC
seq_0151,MEASURE SURFACE PLANARITY
seq_0151,SPIN COAT PHOTORESIST
seq_0151,SOFT BAKE
seq_0151,ALIGN MASK LEVEL 3
seq_0151,EXPOSE LITHO LEVEL 3
seq_0151,POST EXPOSE BAKE
seq_0151,DEVELOP PHOTORESIST
seq_0151,VIA INSPECTION
seq_0151,DIELECTRIC ETCH VIA
seq_0151,STRIP PHOTORESIST
seq_0151,CLEAN AFTER VIA ETCH
seq_0151,MEASURE VIA CD
seq_0151,DEPOSIT BARRIER METAL
seq_0151,DEPOSIT TUNGSTEN SEED
seq_0151,FILL VIA TUNGSTEN
seq_0151,CMP VIA FILL
seq_0151,MEASURE CONTACT RESISTANCE
seq_0151,DEPOSIT METAL 1
seq_0151,ANNEAL METAL
seq_0151,MEASURE METAL THICKNESS
seq_0151,SPIN COAT PHOTORESIST
seq_0151,SOFT BAKE
seq_0151,ALIGN MASK LEVEL 4
seq_0151,EXPOSE LITHO LEVEL 4
seq_0151,DEVELOP PHOTORESIST
seq_0151,METAL PATTERN INSPECTION
seq_0151,METAL ETCH DRY
seq_0151,STRIP RESIST
seq_0151,CLEAN AFTER METAL ETCH
seq_0151,MEASURE LINE WIDTH
seq_0151,DEPOSIT PASSIVATION LAYER
seq_0151,CURE PASSIVATION
seq_0151,MEASURE PASSIVATION QUALITY
seq_0151,OPEN PAD WINDOW
seq_0151,PAD WINDOW LITHO
seq_0151,DEVELOP PAD WINDOW
seq_0151,PASSIVATION ETCH PAD OPENING
seq_0151,STRIP PHOTORESIST
seq_0151,CLEAN PAD OPENING
seq_0151,MEASURE PAD OPENING
seq_0151,BACKSIDE THINNING CHECK
seq_0151,BACKSIDE CLEAN
seq_0151,DEPOSIT BACKSIDE PROTECTION
seq_0151,BACKSIDE ANNEAL
seq_0151,FINAL CLEAN
seq_0151,FINAL THICKNESS MEASURE
seq_0151,FINAL OXIDE CHECK
seq_0151,FINAL PARTICLE INSPECTION
seq_0151,FINAL ELECTRICAL TEST PREP
seq_0151,ELECTRICAL PARAMETRIC TEST
seq_0151,LEAKAGE TEST
seq_0151,PARAMETRIC TEST
seq_0151,SWITCHING TEST
seq_0151,WAFER SORT TEST
seq_0151,YIELD ANALYSIS
seq_0151,LOT RELEASE
seq_0151,SHIP LOT
seq_0152,RECEIVE WAFER LOT
seq_0152,LOT IDENTIFICATION
seq_0152,INITIAL WAFER INSPECTION
seq_0152,MEASURE INITIAL THICKNESS
seq_0152,MEASURE SURFACE PARTICLES
seq_0152,WAFER CLEAN PRE PROCESS
seq_0152,FRONTSIDE CLEAN
seq_0152,WET CLEAN RCA1
seq_0152,RCA CLEAN 2
seq_0152,HF DIP
seq_0152,WAFER CLEAN PRE-GRIND
seq_0152,GRINDING WAFER BACKSIDE
seq_0152,MEASURE INITIAL GEOMETRY
seq_0152,ETCH WET BACKSIDE
seq_0152,RINSE WET WAFER_EDGE
seq_0152,DRY WAFER BACKSIDE
seq_0152,BACKSIDE CLEAN
seq_0152,MEASURE BACKSIDE ROUGHNESS
seq_0152,THERMAL OXIDATION
seq_0152,MEASURE OXIDE THICKNESS
seq_0152,RCA CLEAN 1
seq_0152,WET CLEAN RCA2
seq_0152,HF DIP
seq_0152,OXIDE STRIP
seq_0152,SURFACE PREP FOR DEPOSITION
seq_0152,DEPOSIT PAD OXIDE
seq_0152,ANNEAL OXIDE
seq_0152,MEASURE FILM THICKNESS
seq_0152,SPIN COAT PHOTORESIST
seq_0152,SOFT BAKE
seq_0152,ALIGN MASK LEVEL 1
seq_0152,EXPOSE LITHO LEVEL 1
seq_0152,DEVELOP PHOTORESIST
seq_0152,INSPECT PATTERN LEVEL 1
seq_0152,HARD BAKE
seq_0152,OXIDE ETCH DRY
seq_0152,STRIP RESIST
seq_0152,CLEAN AFTER ETCH
seq_0152,MEASURE CD LEVEL 1
seq_0152,DEPOSIT POLYSILICON
seq_0152,ANNEAL POLYSILICON
seq_0152,SPIN COAT PHOTORESIST
seq_0152,SOFT BAKE
seq_0152,ALIGN MASK LEVEL 2
seq_0152,EXPOSE LITHO LEVEL 2
seq_0152,POST EXPOSE BAKE
seq_0152,DEVELOP PHOTORESIST
seq_0152,PATTERN INSPECTION LEVEL 2
seq_0152,POLYSILICON ETCH DRY
seq_0152,STRIP RESIST
seq_0152,CLEAN AFTER POLY ETCH
seq_0152,MEASURE CD LEVEL 2
seq_0152,IMPLANT N-TYPE
seq_0152,RAPID THERMAL ANNEAL
seq_0152,MEASURE SHEET RESISTANCE
seq_0152,DEPOSIT INTERLEVEL DIELECTRIC
seq_0152,DENSIFY OXIDE
seq_0152,MEASURE DIELECTRIC THICKNESS
seq_0152,CMP DIELECTRIC
seq_0152,MEASURE SURFACE PLANARITY
seq_0152,SPIN COAT PHOTORESIST
seq_0152,SOFT BAKE
seq_0152,ALIGN MASK LEVEL 3
seq_0152,EXPOSE LITHO LEVEL 3
seq_0152,DEVELOP PHOTORESIST
seq_0152,VIA INSPECTION
seq_0152,DIELECTRIC ETCH VIA
seq_0152,STRIP RESIST
seq_0152,CLEAN AFTER VIA ETCH
seq_0152,DEPOSIT BARRIER METAL
seq_0152,DEPOSIT TUNGSTEN SEED
seq_0152,FILL VIA TUNGSTEN
seq_0152,CMP VIA FILL
seq_0152,DEPOSIT METAL 1
seq_0152,ANNEAL METAL 1
seq_0152,SPIN COAT PHOTORESIST
seq_0152,SOFT BAKE
seq_0152,ALIGN MASK LEVEL 4
seq_0152,EXPOSE LITHO LEVEL 4
seq_0152,DEVELOP PHOTORESIST
seq_0152,METAL PATTERN INSPECTION
seq_0152,METAL ETCH DRY
seq_0152,STRIP RESIST
seq_0152,CLEAN AFTER METAL ETCH
seq_0152,DEPOSIT PASSIVATION
seq_0152,CURE PASSIVATION
seq_0152,MEASURE PASSIVATION QUALITY
seq_0152,OPEN BOND PAD WINDOW
seq_0152,PAD WINDOW LITHO
seq_0152,DEVELOP PAD WINDOW
seq_0152,PASSIVATION ETCH
seq_0152,STRIP PHOTORESIST
seq_0152,CLEAN PAD OPENING
seq_0152,MEASURE PAD OPENING
seq_0152,BACKSIDE CLEAN
seq_0152,DEPOSIT BACKSIDE PROTECTION
seq_0152,BACKSIDE ANNEAL
seq_0152,FINAL CLEAN
seq_0152,FINAL THICKNESS MEASURE
seq_0152,FINAL GEOMETRY CHECK
seq_0152,FINAL OXIDE CHECK
seq_0152,ELECTRICAL PARAMETRIC TEST
seq_0152,LEAKAGE TEST
seq_0152,THRESHOLD VOLTAGE TEST
seq_0152,SWITCHING TEST
seq_0152,WAFER SORT TEST
seq_0152,YIELD ANALYSIS
seq_0152,LOT RELEASE
seq_0152,SHIP LOT
seq_0153,RECEIVE WAFER LOT
seq_0153,LOT IDENTIFICATION
seq_0153,INITIAL WAFER INSPECTION
seq_0153,MEASURE INITIAL GEOMETRY
seq_0153,MEASURE SURFACE DEFECTS
seq_0153,WAFER CLEAN PRE PROCESS
seq_0153,FRONTSIDE CLEAN
seq_0153,RCA CLEAN 1
seq_0153,RCA CLEAN 2
seq_0153,HF DIP
seq_0153,WAFER CLEAN PRE-GRIND
seq_0153,GRINDING WAFER BACKSIDE
seq_0153,MEASURE GEOMETRY
seq_0153,ETCH WET BACKSIDE
seq_0153,RINSE WET WAFER_EDGE
seq_0153,DRY WAFER BACKSIDE
seq_0153,BACKSIDE CLEAN
seq_0153,MEASURE BACKSIDE ROUGHNESS
seq_0153,THERMAL OXIDATION
seq_0153,MEASURE OXIDE THICKNESS
seq_0153,RCA CLEAN 1
seq_0153,RCA CLEAN 2
seq_0153,HF DIP
seq_0153,OXIDE STRIP
seq_0153,SURFACE PREP FOR DEPOSITION
seq_0153,DEPOSIT PAD OXIDE
seq_0153,ANNEAL OXIDE
seq_0153,MEASURE OXIDE THICKNESS
seq_0153,SPIN COAT PHOTORESIST
seq_0153,SOFT BAKE
seq_0153,ALIGN MASK LEVEL 1
seq_0153,EXPOSE LITHO LEVEL 1
seq_0153,DEVELOP PHOTORESIST
seq_0153,INSPECT PATTERN LEVEL 1
seq_0153,HARD BAKE
seq_0153,OXIDE ETCH DRY
seq_0153,STRIP RESIST
seq_0153,CLEAN AFTER ETCH
seq_0153,DEPOSIT POLYSILICON
seq_0153,ANNEAL POLYSILICON
seq_0153,SPIN COAT PHOTORESIST
seq_0153,SOFT BAKE
seq_0153,ALIGN MASK LEVEL 2
seq_0153,EXPOSE LITHO LEVEL 2
seq_0153,DEVELOP PHOTORESIST
seq_0153,PATTERN INSPECTION LEVEL 2
seq_0153,HARD BAKE
seq_0153,POLYSILICON ETCH DRY
seq_0153,STRIP RESIST LEVEL 2
seq_0153,CLEAN AFTER POLY ETCH
seq_0153,MEASURE CD LEVEL 2
seq_0153,IMPLANT N-TYPE
seq_0153,PRE ANNEAL CHECK
seq_0153,RAPID THERMAL ANNEAL
seq_0153,MEASURE SHEET RESISTANCE
seq_0153,DEPOSIT INTERLAYER DIELECTRIC
seq_0153,DENSIFY DIELECTRIC
seq_0153,MEASURE FILM THICKNESS
seq_0153,CMP DIELECTRIC
seq_0153,MEASURE PLANARITY
seq_0153,SPIN COAT PHOTORESIST
seq_0153,SOFT BAKE
seq_0153,ALIGN MASK LEVEL 3
seq_0153,EXPOSE LITHO LEVEL 3
seq_0153,POST EXPOSE BAKE
seq_0153,DEVELOP PHOTORESIST
seq_0153,VIA OPENING INSPECTION
seq_0153,HARD BAKE
seq_0153,DIELECTRIC ETCH VIA
seq_0153,STRIP PHOTORESIST
seq_0153,CLEAN AFTER VIA ETCH
seq_0153,MEASURE VIA CD
seq_0153,DEPOSIT BARRIER METAL
seq_0153,DEPOSIT TUNGSTEN SEED
seq_0153,FILL VIA TUNGSTEN
seq_0153,CMP METAL
seq_0153,MEASURE CONTACT RESISTANCE
seq_0153,DEPOSIT METAL 1
seq_0153,ANNEAL METAL 1
seq_0153,SPIN COAT PHOTORESIST
seq_0153,SOFT BAKE
seq_0153,ALIGN MASK LEVEL 4
seq_0153,EXPOSE LITHO LEVEL 4
seq_0153,DEVELOP PHOTORESIST
seq_0153,METAL PATTERN INSPECTION
seq_0153,METAL ETCH DRY
seq_0153,STRIP RESIST
seq_0153,CLEAN AFTER METAL ETCH
seq_0153,MEASURE LINE WIDTH
seq_0153,DEPOSIT PASSIVATION
seq_0153,CURE PASSIVATION
seq_0153,MEASURE PASSIVATION QUALITY
seq_0153,OPEN BOND PAD WINDOW
seq_0153,OPEN PAD WINDOW LITHO
seq_0153,DEVELOP PAD WINDOW
seq_0153,PASSIVATION ETCH PAD OPENING
seq_0153,STRIP RESIST
seq_0153,CLEAN PAD OPENING
seq_0153,MEASURE PAD OPENING
seq_0153,BACKSIDE THINNING CHECK
seq_0153,BACKSIDE CLEAN
seq_0153,DEPOSIT BACKSIDE PROTECTION
seq_0153,BACKSIDE ANNEAL
seq_0153,FRONTSIDE CLEAN FINAL
seq_0153,FINAL CLEAN
seq_0153,FINAL THICKNESS MEASURE
seq_0153,FINAL GEOMETRY CHECK
seq_0153,FINAL CD INSPECTION
seq_0153,FINAL PARTICLE INSPECTION
seq_0153,FINAL ELECTRICAL TEST PREP
seq_0153,ELECTRICAL PARAMETRIC TEST
seq_0153,LEAKAGE TEST
seq_0153,THRESHOLD VOLTAGE TEST
seq_0153,SWITCHING TEST
seq_0153,WAFER SORT TEST
seq_0153,YIELD ANALYSIS
seq_0153,FINAL LOT RELEASE
seq_0153,PACKAGE PREPARATION
seq_0153,SHIP LOT
seq_0154,RECEIVE WAFER LOT
seq_0154,LOT IDENTIFICATION
seq_0154,INITIAL WAFER INSPECTION
seq_0154,MEASURE INITIAL GEOMETRY
seq_0154,MEASURE SURFACE PARTICLES
seq_0154,WAFER CLEAN PRE PROCESS
seq_0154,FRONTSIDE CLEAN
seq_0154,RCA CLEAN 1
seq_0154,RCA CLEAN 2
seq_0154,HF DIP
seq_0154,WAFER CLEAN PRE-GRIND
seq_0154,GRINDING WAFER BACKSIDE
seq_0154,MEASURE GEOMETRY
seq_0154,ETCH WET BACKSIDE
seq_0154,RINSE WET WAFER_EDGE
seq_0154,DRY WAFER BACKSIDE
seq_0154,BACKSIDE CLEAN
seq_0154,MEASURE BACKSIDE ROUGHNESS
seq_0154,THERMAL OXIDATION
seq_0154,MEASURE OXIDE THICKNESS
seq_0154,WET CLEAN RCA1
seq_0154,WET CLEAN RCA2
seq_0154,HF DIP
seq_0154,OXIDE STRIP
seq_0154,SURFACE PREP FOR DEPOSITION
seq_0154,DEPOSIT PAD OXIDE
seq_0154,ANNEAL OXIDE
seq_0154,MEASURE FILM THICKNESS
seq_0154,SPIN COAT PHOTORESIST
seq_0154,SOFT BAKE
seq_0154,ALIGN MASK LEVEL 1
seq_0154,EXPOSE LITHO LEVEL 1
seq_0154,DEVELOP PHOTORESIST
seq_0154,INSPECT PATTERN LEVEL 1
seq_0154,HARD BAKE
seq_0154,OXIDE ETCH DRY
seq_0154,STRIP PHOTORESIST
seq_0154,CLEAN AFTER ETCH
seq_0154,MEASURE CD LEVEL 1
seq_0154,DEPOSIT POLYSILICON
seq_0154,ANNEAL POLYSILICON
seq_0154,SPIN COAT PHOTORESIST
seq_0154,SOFT BAKE
seq_0154,ALIGN MASK LEVEL 2
seq_0154,EXPOSE LITHO LEVEL 2
seq_0154,POST EXPOSE BAKE
seq_0154,DEVELOP PHOTORESIST
seq_0154,PATTERN INSPECTION LEVEL 2
seq_0154,POLYSILICON ETCH DRY
seq_0154,STRIP RESIST
seq_0154,CLEAN AFTER POLY ETCH
seq_0154,MEASURE CD LEVEL 2
seq_0154,IMPLANT N-TYPE
seq_0154,RAPID THERMAL ANNEAL
seq_0154,MEASURE SHEET RESISTANCE
seq_0154,DEPOSIT INTERLAYER DIELECTRIC
seq_0154,DENSIFY DIELECTRIC
seq_0154,MEASURE DIELECTRIC THICKNESS
seq_0154,CMP INTERLAYER DIELECTRIC
seq_0154,MEASURE PLANARITY
seq_0154,SPIN COAT PHOTORESIST
seq_0154,SOFT BAKE
seq_0154,ALIGN MASK LEVEL 3
seq_0154,EXPOSE LITHO LEVEL 3
seq_0154,DEVELOP PHOTORESIST
seq_0154,VIA INSPECTION
seq_0154,VIA ETCH
seq_0154,STRIP RESIST
seq_0154,CLEAN AFTER VIA ETCH
seq_0154,MEASURE VIA CD
seq_0154,DEPOSIT BARRIER METAL
seq_0154,DEPOSIT TUNGSTEN SEED
seq_0154,FILL VIA TUNGSTEN
seq_0154,CMP METAL
seq_0154,MEASURE CONTACT RESISTANCE
seq_0154,DEPOSIT TOP METAL
seq_0154,ANNEAL METAL 1
seq_0154,MEASURE METAL THICKNESS
seq_0154,SPIN COAT PHOTORESIST
seq_0154,SOFT BAKE
seq_0154,ALIGN MASK LEVEL 4
seq_0154,EXPOSE LITHO LEVEL 4
seq_0154,DEVELOP PHOTORESIST
seq_0154,METAL PATTERN INSPECTION
seq_0154,HARD BAKE
seq_0154,METAL ETCH DRY
seq_0154,STRIP RESIST
seq_0154,CLEAN AFTER METAL ETCH
seq_0154,MEASURE LINE WIDTH
seq_0154,DEPOSIT PASSIVATION
seq_0154,CURE PASSIVATION
seq_0154,MEASURE PASSIVATION THICKNESS
seq_0154,OPEN PAD WINDOW
seq_0154,PAD WINDOW LITHO
seq_0154,DEVELOP PAD WINDOW
seq_0154,PASSIVATION ETCH PAD OPENING
seq_0154,STRIP RESIST
seq_0154,CLEAN PAD OPENING
seq_0154,MEASURE PAD OPENING
seq_0154,BACKSIDE THINNING CHECK
seq_0154,BACKSIDE CLEAN
seq_0154,DEPOSIT BACKSIDE PROTECTION
seq_0154,BACKSIDE ANNEAL
seq_0154,FRONTSIDE CLEAN FINAL
seq_0154,FINAL CLEAN
seq_0154,FINAL GEOMETRY CHECK
seq_0154,FINAL PARTICLE INSPECTION
seq_0154,FINAL ELECTRICAL TEST PREP
seq_0154,ELECTRICAL PARAMETRIC TEST
seq_0154,LEAKAGE TEST
seq_0154,THRESHOLD VOLTAGE TEST
seq_0154,SWITCHING TEST
seq_0154,WAFER SORT TEST
seq_0154,YIELD ANALYSIS
seq_0154,LOT RELEASE
seq_0154,PACKAGE PREPARATION
seq_0154,SHIP LOT
seq_0155,RECEIVE WAFER LOT
seq_0155,LOT IDENTIFICATION
seq_0155,INITIAL WAFER INSPECTION
seq_0155,MEASURE INITIAL GEOMETRY
seq_0155,MEASURE SURFACE PARTICLES
seq_0155,WAFER CLEAN PRE PROCESS
seq_0155,BACKSIDE CLEAN
seq_0155,FRONTSIDE CLEAN
seq_0155,WET CLEAN RCA1
seq_0155,RCA CLEAN 2
seq_0155,HF DIP
seq_0155,DRY WAFER
seq_0155,WAFER CLEAN PRE-GRIND
seq_0155,GRINDING WAFER BACKSIDE
seq_0155,MEASURE INITIAL GEOMETRY
seq_0155,ETCH WET BACKSIDE
seq_0155,RINSE WET WAFER_EDGE
seq_0155,DRY WAFER BACKSIDE
seq_0155,BACKSIDE CLEAN
seq_0155,MEASURE BACKSIDE ROUGHNESS
seq_0155,THERMAL OXIDATION
seq_0155,MEASURE OXIDE THICKNESS
seq_0155,WET CLEAN RCA1
seq_0155,RCA CLEAN 2
seq_0155,HF DIP
seq_0155,OXIDE STRIP
seq_0155,SURFACE PREP FOR DEPOSITION
seq_0155,DEPOSIT PAD OXIDE
seq_0155,ANNEAL OXIDE
seq_0155,MEASURE FILM THICKNESS
seq_0155,SPIN COAT PHOTORESIST
seq_0155,SOFT BAKE
seq_0155,ALIGN MASK LEVEL 1
seq_0155,EXPOSE LITHO LEVEL 1
seq_0155,POST EXPOSE BAKE
seq_0155,DEVELOP PHOTORESIST
seq_0155,INSPECT PATTERN LEVEL 1
seq_0155,HARD BAKE
seq_0155,OXIDE ETCH DRY
seq_0155,STRIP RESIST
seq_0155,CLEAN AFTER ETCH
seq_0155,MEASURE CD LEVEL 1
seq_0155,DEPOSIT POLYSILICON
seq_0155,ANNEAL POLYSILICON
seq_0155,SPIN COAT PHOTORESIST
seq_0155,SOFT BAKE
seq_0155,ALIGN MASK LEVEL 2
seq_0155,EXPOSE LITHO LEVEL 2
seq_0155,POST EXPOSE BAKE
seq_0155,DEVELOP PHOTORESIST
seq_0155,PATTERN INSPECTION LEVEL 2
seq_0155,POLYSILICON ETCH DRY
seq_0155,STRIP RESIST LEVEL 2
seq_0155,CLEAN AFTER POLY ETCH
seq_0155,MEASURE CD LEVEL 2
seq_0155,IMPLANT N-TYPE
seq_0155,RAPID THERMAL ANNEAL
seq_0155,MEASURE SHEET RESISTANCE
seq_0155,DEPOSIT INTERLAYER DIELECTRIC
seq_0155,DENSIFY DIELECTRIC
seq_0155,MEASURE DIELECTRIC THICKNESS
seq_0155,CMP DIELECTRIC
seq_0155,MEASURE SURFACE PLANARITY
seq_0155,SPIN COAT PHOTORESIST
seq_0155,SOFT BAKE
seq_0155,ALIGN MASK LEVEL 3
seq_0155,EXPOSE LITHO LEVEL 3
seq_0155,DEVELOP PHOTORESIST
seq_0155,VIA INSPECTION
seq_0155,HARD BAKE
seq_0155,DIELECTRIC ETCH VIA
seq_0155,STRIP PHOTORESIST
seq_0155,CLEAN AFTER VIA ETCH
seq_0155,DEPOSIT BARRIER METAL
seq_0155,DEPOSIT TUNGSTEN SEED
seq_0155,FILL VIA TUNGSTEN
seq_0155,CMP METAL
seq_0155,DEPOSIT TOP METAL
seq_0155,ANNEAL METAL
seq_0155,MEASURE METAL THICKNESS
seq_0155,SPIN COAT PHOTORESIST
seq_0155,SOFT BAKE
seq_0155,ALIGN MASK LEVEL 4
seq_0155,EXPOSE LITHO LEVEL 4
seq_0155,POST EXPOSE BAKE
seq_0155,DEVELOP PHOTORESIST
seq_0155,METAL PATTERN INSPECTION
seq_0155,METAL ETCH DRY
seq_0155,STRIP PHOTORESIST
seq_0155,CLEAN AFTER METAL ETCH
seq_0155,DEPOSIT PASSIVATION LAYER
seq_0155,CURE PASSIVATION
seq_0155,MEASURE PASSIVATION THICKNESS
seq_0155,OPEN PAD WINDOW
seq_0155,OPEN PAD WINDOW LITHO
seq_0155,DEVELOP PHOTORESIST
seq_0155,PASSIVATION ETCH
seq_0155,STRIP PHOTORESIST
seq_0155,CLEAN PAD OPENING
seq_0155,MEASURE PAD OPENING
seq_0155,BACKSIDE THINNING CHECK
seq_0155,BACKSIDE CLEAN
seq_0155,DEPOSIT BACKSIDE PROTECTION
seq_0155,BACKSIDE ANNEAL
seq_0155,FINAL CLEAN
seq_0155,FINAL THICKNESS MEASURE
seq_0155,FINAL GEOMETRY CHECK
seq_0155,FINAL OXIDE CHECK
seq_0155,FINAL PARTICLE INSPECTION
seq_0155,ELECTRICAL PARAMETRIC TEST
seq_0155,LEAKAGE TEST
seq_0155,THRESHOLD VOLTAGE TEST
seq_0155,SWITCHING TEST
seq_0155,WAFER SORT TEST
seq_0155,YIELD ANALYSIS
seq_0155,FINAL LOT RELEASE
seq_0155,PACKAGE PREPARATION
seq_0155,SHIP LOT
seq_0156,RECEIVE WAFER LOT
seq_0156,LOT IDENTIFICATION
seq_0156,INITIAL WAFER INSPECTION
seq_0156,MEASURE SURFACE PARTICLES
seq_0156,WAFER CLEAN PRE PROCESS
seq_0156,FRONTSIDE CLEAN
seq_0156,WET CLEAN RCA1
seq_0156,RCA CLEAN 2
seq_0156,HF DIP
seq_0156,DRY WAFER
seq_0156,WAFER CLEAN PRE-GRIND
seq_0156,GRINDING WAFER BACKSIDE
seq_0156,MEASURE INITIAL GEOMETRY
seq_0156,ETCH WET BACKSIDE
seq_0156,RINSE WET WAFER_EDGE
seq_0156,DRY WAFER BACKSIDE
seq_0156,BACKSIDE CLEAN
seq_0156,MEASURE BACKSIDE ROUGHNESS
seq_0156,THERMAL OXIDATION
seq_0156,MEASURE OXIDE THICKNESS
seq_0156,RCA CLEAN 1
seq_0156,RCA CLEAN 2
seq_0156,HF DIP
seq_0156,OXIDE STRIP
seq_0156,SURFACE PREP FOR DEPOSITION
seq_0156,DEPOSIT PAD OXIDE
seq_0156,ANNEAL OXIDE
seq_0156,MEASURE FILM THICKNESS
seq_0156,SPIN COAT PHOTORESIST
seq_0156,SOFT BAKE
seq_0156,ALIGN MASK LEVEL 1
seq_0156,EXPOSE LITHO LEVEL 1
seq_0156,DEVELOP PHOTORESIST
seq_0156,INSPECT PATTERN LEVEL 1
seq_0156,HARD BAKE
seq_0156,OXIDE ETCH DRY
seq_0156,STRIP RESIST
seq_0156,CLEAN AFTER ETCH
seq_0156,DEPOSIT POLYSILICON
seq_0156,ANNEAL POLYSILICON
seq_0156,SPIN COAT PHOTORESIST
seq_0156,SOFT BAKE
seq_0156,ALIGN MASK LEVEL 2
seq_0156,EXPOSE LITHO LEVEL 2
seq_0156,DEVELOP PHOTORESIST
seq_0156,PATTERN INSPECTION LEVEL 2
seq_0156,POLYSILICON ETCH DRY
seq_0156,STRIP RESIST
seq_0156,CLEAN AFTER POLY ETCH
seq_0156,MEASURE CD LEVEL 2
seq_0156,IMPLANT N-TYPE
seq_0156,RAPID THERMAL ANNEAL
seq_0156,DEPOSIT INTERLAYER DIELECTRIC
seq_0156,DENSIFY OXIDE
seq_0156,MEASURE DIELECTRIC THICKNESS
seq_0156,CMP INTERLAYER DIELECTRIC
seq_0156,MEASURE PLANARITY
seq_0156,SPIN COAT PHOTORESIST
seq_0156,SOFT BAKE
seq_0156,ALIGN MASK LEVEL 3
seq_0156,EXPOSE LITHO LEVEL 3
seq_0156,DEVELOP PHOTORESIST
seq_0156,VIA INSPECTION
seq_0156,VIA ETCH THROUGH DIELECTRIC
seq_0156,STRIP PHOTORESIST
seq_0156,CLEAN AFTER VIA ETCH
seq_0156,MEASURE VIA CD
seq_0156,DEPOSIT BARRIER METAL
seq_0156,DEPOSIT TUNGSTEN SEED
seq_0156,FILL VIA TUNGSTEN
seq_0156,CMP VIA FILL
seq_0156,MEASURE VIA RESISTANCE
seq_0156,DEPOSIT TOP METAL
seq_0156,ANNEAL METAL
seq_0156,SPIN COAT PHOTORESIST
seq_0156,SOFT BAKE
seq_0156,ALIGN MASK LEVEL 4
seq_0156,EXPOSE LITHO LEVEL 4
seq_0156,DEVELOP PHOTORESIST
seq_0156,METAL PATTERN INSPECTION
seq_0156,METAL ETCH DRY
seq_0156,STRIP RESIST
seq_0156,CLEAN AFTER METAL ETCH
seq_0156,DEPOSIT PASSIVATION
seq_0156,CURE PASSIVATION
seq_0156,MEASURE PASSIVATION THICKNESS
seq_0156,OPEN PAD WINDOW
seq_0156,OPEN PAD WINDOW LITHO
seq_0156,DEVELOP PAD WINDOW
seq_0156,PASSIVATION ETCH PAD OPENING
seq_0156,STRIP PHOTORESIST
seq_0156,CLEAN PAD OPENING
seq_0156,MEASURE PAD OPENING
seq_0156,BACKSIDE CLEAN FINAL
seq_0156,DEPOSIT BACKSIDE PROTECTION
seq_0156,BACKSIDE ANNEAL
seq_0156,FRONTSIDE CLEAN FINAL
seq_0156,FINAL CLEAN
seq_0156,FINAL GEOMETRY CHECK
seq_0156,FINAL PARTICLE INSPECTION
seq_0156,FINAL ELECTRICAL TEST PREP
seq_0156,PARAMETRIC TEST
seq_0156,LEAKAGE TEST
seq_0156,THRESHOLD VOLTAGE TEST
seq_0156,SWITCHING TEST
seq_0156,WAFER SORT TEST
seq_0156,YIELD ANALYSIS
seq_0156,LOT RELEASE
seq_0156,SHIP LOT
seq_0157,RECEIVE WAFER LOT
seq_0157,LOT IDENTIFICATION
seq_0157,INITIAL WAFER INSPECTION
seq_0157,MEASURE INITIAL THICKNESS
seq_0157,MEASURE SURFACE DEFECTS
seq_0157,WAFER CLEAN PRE PROCESS
seq_0157,BACKSIDE CLEAN
seq_0157,FRONTSIDE CLEAN
seq_0157,WET CLEAN RCA1
seq_0157,RCA CLEAN 2
seq_0157,HF DIP
seq_0157,WAFER CLEAN PRE-GRIND
seq_0157,GRINDING WAFER BACKSIDE
seq_0157,MEASURE INITIAL GEOMETRY
seq_0157,ETCH WET BACKSIDE
seq_0157,RINSE WET WAFER_EDGE
seq_0157,DRY WAFER BACKSIDE
seq_0157,BACKSIDE CLEAN
seq_0157,MEASURE BACKSIDE ROUGHNESS
seq_0157,THERMAL OXIDATION
seq_0157,MEASURE OXIDE THICKNESS
seq_0157,WET CLEAN RCA1
seq_0157,RCA CLEAN 2
seq_0157,HF DIP
seq_0157,OXIDE STRIP
seq_0157,SURFACE PREP FOR DEPOSITION
seq_0157,DEPOSIT PAD OXIDE
seq_0157,ANNEAL OXIDE
seq_0157,MEASURE FILM THICKNESS
seq_0157,SPIN COAT PHOTORESIST
seq_0157,SOFT BAKE
seq_0157,ALIGN MASK LEVEL 1
seq_0157,EXPOSE LITHO LEVEL 1
seq_0157,POST EXPOSE BAKE
seq_0157,DEVELOP PHOTORESIST
seq_0157,INSPECT PATTERN LEVEL 1
seq_0157,HARD BAKE
seq_0157,OXIDE ETCH DRY
seq_0157,STRIP RESIST
seq_0157,CLEAN AFTER ETCH
seq_0157,DEPOSIT POLYSILICON
seq_0157,ANNEAL POLYSILICON
seq_0157,SPIN COAT PHOTORESIST
seq_0157,SOFT BAKE
seq_0157,ALIGN MASK LEVEL 2
seq_0157,EXPOSE LITHO LEVEL 2
seq_0157,DEVELOP PHOTORESIST
seq_0157,PATTERN INSPECTION LEVEL 2
seq_0157,POLYSILICON ETCH DRY
seq_0157,STRIP RESIST
seq_0157,CLEAN AFTER POLY ETCH
seq_0157,MEASURE CD LEVEL 2
seq_0157,IMPLANT N-TYPE
seq_0157,RAPID THERMAL ANNEAL
seq_0157,DEPOSIT INTERLAYER DIELECTRIC
seq_0157,DENSIFY DIELECTRIC
seq_0157,MEASURE FILM THICKNESS
seq_0157,CMP INTERLAYER DIELECTRIC
seq_0157,MEASURE PLANARITY
seq_0157,SPIN COAT PHOTORESIST
seq_0157,SOFT BAKE
seq_0157,ALIGN MASK LEVEL 3
seq_0157,EXPOSE LITHO LEVEL 3
seq_0157,DEVELOP PHOTORESIST
seq_0157,VIA INSPECTION
seq_0157,VIA ETCH THROUGH DIELECTRIC
seq_0157,STRIP PHOTORESIST
seq_0157,CLEAN AFTER VIA ETCH
seq_0157,MEASURE VIA CD
seq_0157,DEPOSIT BARRIER METAL
seq_0157,DEPOSIT TUNGSTEN SEED
seq_0157,FILL VIA TUNGSTEN
seq_0157,CMP METAL
seq_0157,MEASURE CONTACT RESISTANCE
seq_0157,DEPOSIT METAL 1
seq_0157,ANNEAL METAL 1
seq_0157,SPIN COAT PHOTORESIST
seq_0157,SOFT BAKE
seq_0157,ALIGN MASK LEVEL 4
seq_0157,EXPOSE LITHO LEVEL 4
seq_0157,DEVELOP PHOTORESIST
seq_0157,METAL PATTERN INSPECTION
seq_0157,HARD BAKE
seq_0157,METAL ETCH DRY
seq_0157,STRIP RESIST
seq_0157,CLEAN AFTER METAL ETCH
seq_0157,DEPOSIT PASSIVATION LAYER
seq_0157,CURE PASSIVATION
seq_0157,MEASURE PASSIVATION THICKNESS
seq_0157,OPEN BOND PAD WINDOW
seq_0157,PAD WINDOW LITHO
seq_0157,DEVELOP PHOTORESIST
seq_0157,PASSIVATION ETCH
seq_0157,STRIP PHOTORESIST
seq_0157,CLEAN PAD OPENING
seq_0157,MEASURE PAD OPENING
seq_0157,BACKSIDE CLEAN FINAL
seq_0157,DEPOSIT BACKSIDE PROTECTION
seq_0157,BACKSIDE ANNEAL
seq_0157,FRONTSIDE CLEAN FINAL
seq_0157,FINAL CLEAN
seq_0157,FINAL THICKNESS MEASURE
seq_0157,FINAL GEOMETRY CHECK
seq_0157,FINAL OXIDE CHECK
seq_0157,FINAL PARTICLE INSPECTION
seq_0157,FINAL ELECTRICAL TEST PREP
seq_0157,ELECTRICAL PARAMETRIC TEST
seq_0157,LEAKAGE TEST
seq_0157,PARAMETRIC TEST
seq_0157,SWITCHING TEST
seq_0157,WAFER SORT TEST
seq_0157,YIELD ANALYSIS
seq_0157,FINAL LOT RELEASE
seq_0157,PACKAGE PREPARATION
seq_0157,SHIP LOT
seq_0158,RECEIVE WAFER LOT
seq_0158,LOT IDENTIFICATION
seq_0158,INITIAL WAFER INSPECTION
seq_0158,MEASURE SURFACE PARTICLES
seq_0158,WAFER CLEAN PRE PROCESS
seq_0158,BACKSIDE CLEAN
seq_0158,FRONTSIDE CLEAN
seq_0158,WET CLEAN RCA1
seq_0158,WET CLEAN RCA2
seq_0158,HF DIP
seq_0158,DRY WAFER
seq_0158,WAFER CLEAN PRE-GRIND
seq_0158,GRINDING WAFER BACKSIDE
seq_0158,MEASURE INITIAL GEOMETRY
seq_0158,ETCH WET BACKSIDE
seq_0158,RINSE WET WAFER_EDGE
seq_0158,DRY WAFER BACKSIDE
seq_0158,BACKSIDE CLEAN
seq_0158,MEASURE BACKSIDE ROUGHNESS
seq_0158,THERMAL OXIDATION
seq_0158,MEASURE OXIDE THICKNESS
seq_0158,RCA CLEAN 1
seq_0158,WET CLEAN RCA2
seq_0158,HF DIP
seq_0158,OXIDE STRIP
seq_0158,SURFACE PREP FOR DEPOSITION
seq_0158,DEPOSIT PAD OXIDE
seq_0158,ANNEAL OXIDE
seq_0158,MEASURE FILM THICKNESS
seq_0158,SPIN COAT PHOTORESIST
seq_0158,SOFT BAKE
seq_0158,ALIGN MASK LEVEL 1
seq_0158,EXPOSE LITHO LEVEL 1
seq_0158,POST EXPOSE BAKE
seq_0158,DEVELOP PHOTORESIST
seq_0158,INSPECT PATTERN LEVEL 1
seq_0158,HARD BAKE
seq_0158,OXIDE ETCH DRY
seq_0158,STRIP RESIST
seq_0158,CLEAN AFTER ETCH
seq_0158,MEASURE CD LEVEL 1
seq_0158,DEPOSIT POLYSILICON
seq_0158,ANNEAL POLYSILICON
seq_0158,SPIN COAT PHOTORESIST
seq_0158,SOFT BAKE
seq_0158,ALIGN MASK LEVEL 2
seq_0158,EXPOSE LITHO LEVEL 2
seq_0158,DEVELOP PHOTORESIST
seq_0158,PATTERN INSPECTION LEVEL 2
seq_0158,POLYSILICON ETCH DRY
seq_0158,STRIP RESIST LEVEL 2
seq_0158,CLEAN AFTER POLY ETCH
seq_0158,MEASURE CD LEVEL 2
seq_0158,IMPLANT N-TYPE
seq_0158,PRE ANNEAL CHECK
seq_0158,RAPID THERMAL ANNEAL
seq_0158,MEASURE SHEET RESISTANCE
seq_0158,DEPOSIT INTERLEVEL DIELECTRIC
seq_0158,DENSIFY OXIDE
seq_0158,MEASURE DIELECTRIC THICKNESS
seq_0158,CMP INTERLAYER DIELECTRIC
seq_0158,MEASURE PLANARITY
seq_0158,SPIN COAT PHOTORESIST
seq_0158,SOFT BAKE
seq_0158,ALIGN MASK LEVEL 3
seq_0158,EXPOSE LITHO LEVEL 3
seq_0158,POST EXPOSE BAKE
seq_0158,DEVELOP PHOTORESIST
seq_0158,VIA OPENING INSPECTION
seq_0158,VIA ETCH
seq_0158,STRIP RESIST
seq_0158,CLEAN AFTER VIA ETCH
seq_0158,DEPOSIT BARRIER METAL
seq_0158,DEPOSIT TUNGSTEN SEED
seq_0158,FILL VIA TUNGSTEN
seq_0158,CMP VIA FILL
seq_0158,MEASURE CONTACT RESISTANCE
seq_0158,DEPOSIT TOP METAL
seq_0158,ANNEAL METAL
seq_0158,MEASURE METAL THICKNESS
seq_0158,SPIN COAT PHOTORESIST
seq_0158,SOFT BAKE
seq_0158,ALIGN MASK LEVEL 4
seq_0158,EXPOSE LITHO LEVEL 4
seq_0158,DEVELOP PHOTORESIST
seq_0158,METAL PATTERN INSPECTION
seq_0158,METAL ETCH DRY
seq_0158,STRIP PHOTORESIST
seq_0158,CLEAN AFTER METAL ETCH
seq_0158,DEPOSIT PASSIVATION
seq_0158,CURE PASSIVATION
seq_0158,MEASURE PASSIVATION QUALITY
seq_0158,OPEN PAD WINDOW
seq_0158,OPEN PAD WINDOW LITHO
seq_0158,DEVELOP PHOTORESIST
seq_0158,PASSIVATION ETCH
seq_0158,STRIP RESIST
seq_0158,CLEAN PAD OPENING
seq_0158,MEASURE PAD OPENING
seq_0158,BACKSIDE THINNING CHECK
seq_0158,BACKSIDE CLEAN
seq_0158,DEPOSIT BACKSIDE PROTECTION
seq_0158,BACKSIDE ANNEAL
seq_0158,FRONTSIDE CLEAN FINAL
seq_0158,FINAL CLEAN
seq_0158,FINAL THICKNESS MEASURE
seq_0158,FINAL GEOMETRY CHECK
seq_0158,FINAL PARTICLE INSPECTION
seq_0158,FINAL ELECTRICAL TEST PREP
seq_0158,PARAMETRIC TEST
seq_0158,LEAKAGE TEST
seq_0158,THRESHOLD VOLTAGE TEST
seq_0158,SWITCHING TEST
seq_0158,WAFER SORT TEST
seq_0158,YIELD ANALYSIS
seq_0158,FINAL LOT RELEASE
seq_0158,SHIP LOT
seq_0159,RECEIVE WAFER LOT
seq_0159,LOT IDENTIFICATION
seq_0159,PRE CLEAN INSPECTION
seq_0159,MEASURE INITIAL GEOMETRY
seq_0159,MEASURE SURFACE PARTICLES
seq_0159,WAFER CLEAN PRE PROCESS
seq_0159,BACKSIDE CLEAN
seq_0159,RCA CLEAN 1
seq_0159,WET CLEAN RCA2
seq_0159,HF DIP
seq_0159,DRY WAFER
seq_0159,WAFER CLEAN PRE-GRIND
seq_0159,GRINDING WAFER BACKSIDE
seq_0159,MEASURE INITIAL GEOMETRY
seq_0159,ETCH WET BACKSIDE
seq_0159,RINSE WET WAFER_EDGE
seq_0159,DRY WAFER BACKSIDE
seq_0159,BACKSIDE CLEAN
seq_0159,MEASURE BACKSIDE ROUGHNESS
seq_0159,THERMAL OXIDATION
seq_0159,MEASURE OXIDE THICKNESS
seq_0159,RCA CLEAN 1
seq_0159,WET CLEAN RCA2
seq_0159,HF DIP
seq_0159,OXIDE STRIP
seq_0159,SURFACE PREP FOR DEPOSITION
seq_0159,DEPOSIT PAD OXIDE
seq_0159,ANNEAL OXIDE
seq_0159,MEASURE OXIDE THICKNESS
seq_0159,SPIN COAT PHOTORESIST
seq_0159,SOFT BAKE
seq_0159,ALIGN MASK LEVEL 1
seq_0159,EXPOSE LITHO LEVEL 1
seq_0159,DEVELOP PHOTORESIST
seq_0159,INSPECT PATTERN LEVEL 1
seq_0159,HARD BAKE
seq_0159,OXIDE ETCH DRY
seq_0159,STRIP PHOTORESIST
seq_0159,CLEAN AFTER ETCH
seq_0159,DEPOSIT POLYSILICON
seq_0159,ANNEAL POLYSILICON
seq_0159,SPIN COAT PHOTORESIST
seq_0159,SOFT BAKE
seq_0159,ALIGN MASK LEVEL 2
seq_0159,EXPOSE LITHO LEVEL 2
seq_0159,POST EXPOSE BAKE
seq_0159,DEVELOP PHOTORESIST
seq_0159,PATTERN INSPECTION LEVEL 2
seq_0159,POLYSILICON ETCH DRY
seq_0159,STRIP RESIST LEVEL 2
seq_0159,CLEAN AFTER POLY ETCH
seq_0159,IMPLANT N-TYPE
seq_0159,RAPID THERMAL ANNEAL
seq_0159,DEPOSIT INTERLAYER DIELECTRIC
seq_0159,DENSIFY DIELECTRIC
seq_0159,MEASURE FILM THICKNESS
seq_0159,CMP INTERLAYER DIELECTRIC
seq_0159,MEASURE PLANARITY
seq_0159,SPIN COAT PHOTORESIST
seq_0159,SOFT BAKE
seq_0159,ALIGN MASK LEVEL 3
seq_0159,EXPOSE LITHO LEVEL 3
seq_0159,POST EXPOSE BAKE
seq_0159,DEVELOP PHOTORESIST
seq_0159,VIA OPENING INSPECTION
seq_0159,VIA ETCH THROUGH DIELECTRIC
seq_0159,STRIP RESIST
seq_0159,CLEAN AFTER VIA ETCH
seq_0159,MEASURE VIA CD
seq_0159,DEPOSIT BARRIER METAL
seq_0159,DEPOSIT TUNGSTEN SEED
seq_0159,FILL VIA TUNGSTEN
seq_0159,CMP VIA FILL
seq_0159,MEASURE CONTACT RESISTANCE
seq_0159,DEPOSIT TOP METAL
seq_0159,ANNEAL METAL
seq_0159,MEASURE METAL THICKNESS
seq_0159,SPIN COAT PHOTORESIST
seq_0159,SOFT BAKE
seq_0159,ALIGN MASK LEVEL 4
seq_0159,EXPOSE LITHO LEVEL 4
seq_0159,POST EXPOSE BAKE
seq_0159,DEVELOP PHOTORESIST
seq_0159,METAL PATTERN INSPECTION
seq_0159,METAL ETCH DRY
seq_0159,STRIP RESIST
seq_0159,CLEAN AFTER METAL ETCH
seq_0159,MEASURE LINE WIDTH
seq_0159,DEPOSIT PASSIVATION LAYER
seq_0159,CURE PASSIVATION
seq_0159,MEASURE PASSIVATION QUALITY
seq_0159,OPEN PAD WINDOW
seq_0159,PAD WINDOW LITHO
seq_0159,DEVELOP PAD WINDOW
seq_0159,PASSIVATION ETCH
seq_0159,STRIP RESIST
seq_0159,CLEAN PAD OPENING
seq_0159,MEASURE PAD OPENING
seq_0159,BACKSIDE THINNING CHECK
seq_0159,BACKSIDE CLEAN FINAL
seq_0159,DEPOSIT BACKSIDE PROTECTION
seq_0159,BACKSIDE ANNEAL
seq_0159,FINAL CLEAN
seq_0159,FINAL THICKNESS MEASURE
seq_0159,FINAL GEOMETRY CHECK
seq_0159,FINAL PARTICLE INSPECTION
seq_0159,PARAMETRIC TEST
seq_0159,LEAKAGE TEST
seq_0159,THRESHOLD VOLTAGE TEST
seq_0159,SWITCHING TEST
seq_0159,WAFER SORT TEST
seq_0159,YIELD ANALYSIS
seq_0159,LOT RELEASE
seq_0159,SHIP LOT
seq_0160,RECEIVE WAFER LOT
seq_0160,LOT IDENTIFICATION
seq_0160,PRE CLEAN INSPECTION
seq_0160,MEASURE INITIAL GEOMETRY
seq_0160,MEASURE SURFACE PARTICLES
seq_0160,WAFER CLEAN PRE PROCESS
seq_0160,RCA CLEAN 1
seq_0160,RCA CLEAN 2
seq_0160,HF DIP
seq_0160,WAFER CLEAN PRE-GRIND
seq_0160,GRINDING WAFER BACKSIDE
seq_0160,MEASURE INITIAL GEOMETRY
seq_0160,ETCH WET BACKSIDE
seq_0160,RINSE WET WAFER_EDGE
seq_0160,DRY WAFER BACKSIDE
seq_0160,BACKSIDE CLEAN
seq_0160,MEASURE BACKSIDE ROUGHNESS
seq_0160,THERMAL OXIDATION
seq_0160,MEASURE OXIDE THICKNESS
seq_0160,WET CLEAN RCA1
seq_0160,WET CLEAN RCA2
seq_0160,HF DIP
seq_0160,OXIDE STRIP
seq_0160,SURFACE PREP FOR DEPOSITION
seq_0160,DEPOSIT PAD OXIDE
seq_0160,ANNEAL OXIDE
seq_0160,MEASURE OXIDE THICKNESS
seq_0160,SPIN COAT PHOTORESIST
seq_0160,SOFT BAKE
seq_0160,ALIGN MASK LEVEL 1
seq_0160,EXPOSE LITHO LEVEL 1
seq_0160,POST EXPOSE BAKE
seq_0160,DEVELOP PHOTORESIST
seq_0160,INSPECT PATTERN LEVEL 1
seq_0160,HARD BAKE
seq_0160,OXIDE ETCH DRY
seq_0160,STRIP RESIST
seq_0160,CLEAN AFTER ETCH
seq_0160,DEPOSIT POLYSILICON
seq_0160,ANNEAL POLYSILICON
seq_0160,SPIN COAT PHOTORESIST
seq_0160,SOFT BAKE
seq_0160,ALIGN MASK LEVEL 2
seq_0160,EXPOSE LITHO LEVEL 2
seq_0160,DEVELOP PHOTORESIST
seq_0160,PATTERN INSPECTION LEVEL 2
seq_0160,POLYSILICON ETCH DRY
seq_0160,STRIP RESIST
seq_0160,CLEAN AFTER POLY ETCH
seq_0160,MEASURE CD LEVEL 2
seq_0160,IMPLANT N-TYPE
seq_0160,PRE ANNEAL CHECK
seq_0160,RAPID THERMAL ANNEAL
seq_0160,MEASURE SHEET RESISTANCE
seq_0160,DEPOSIT INTERLEVEL DIELECTRIC
seq_0160,DENSIFY OXIDE
seq_0160,MEASURE DIELECTRIC THICKNESS
seq_0160,CMP DIELECTRIC
seq_0160,MEASURE SURFACE PLANARITY
seq_0160,SPIN COAT PHOTORESIST
seq_0160,SOFT BAKE
seq_0160,ALIGN MASK LEVEL 3
seq_0160,EXPOSE LITHO LEVEL 3
seq_0160,DEVELOP PHOTORESIST
seq_0160,VIA INSPECTION
seq_0160,VIA ETCH
seq_0160,STRIP RESIST
seq_0160,CLEAN AFTER VIA ETCH
seq_0160,MEASURE VIA CD
seq_0160,DEPOSIT BARRIER METAL
seq_0160,DEPOSIT TUNGSTEN SEED
seq_0160,FILL VIA TUNGSTEN
seq_0160,CMP VIA FILL
seq_0160,MEASURE VIA RESISTANCE
seq_0160,DEPOSIT METAL 1
seq_0160,ANNEAL METAL 1
seq_0160,MEASURE METAL THICKNESS
seq_0160,SPIN COAT PHOTORESIST
seq_0160,SOFT BAKE
seq_0160,ALIGN MASK LEVEL 4
seq_0160,EXPOSE LITHO LEVEL 4
seq_0160,DEVELOP PHOTORESIST
seq_0160,METAL PATTERN INSPECTION
seq_0160,METAL ETCH DRY
seq_0160,STRIP RESIST
seq_0160,CLEAN AFTER METAL ETCH
seq_0160,DEPOSIT PASSIVATION
seq_0160,CURE PASSIVATION
seq_0160,MEASURE PASSIVATION QUALITY
seq_0160,OPEN BOND PAD WINDOW
seq_0160,PAD WINDOW LITHO
seq_0160,DEVELOP PAD WINDOW
seq_0160,PASSIVATION ETCH
seq_0160,STRIP PHOTORESIST
seq_0160,CLEAN PAD OPENING
seq_0160,MEASURE PAD OPENING
seq_0160,BACKSIDE CLEAN
seq_0160,DEPOSIT BACKSIDE PROTECTION
seq_0160,BACKSIDE ANNEAL
seq_0160,FRONTSIDE CLEAN FINAL
seq_0160,FINAL CLEAN
seq_0160,FINAL GEOMETRY CHECK
seq_0160,FINAL OXIDE CHECK
seq_0160,FINAL PARTICLE INSPECTION
seq_0160,FINAL ELECTRICAL TEST PREP
seq_0160,ELECTRICAL PARAMETRIC TEST
seq_0160,LEAKAGE TEST
seq_0160,THRESHOLD VOLTAGE TEST
seq_0160,SWITCHING TEST
seq_0160,WAFER SORT TEST
seq_0160,YIELD ANALYSIS
seq_0160,FINAL LOT RELEASE
seq_0160,SHIP LOT
seq_0161,RECEIVE WAFER LOT
seq_0161,LOT IDENTIFICATION
seq_0161,PRE CLEAN INSPECTION
seq_0161,MEASURE INITIAL GEOMETRY
seq_0161,MEASURE SURFACE DEFECTS
seq_0161,WAFER CLEAN PRE PROCESS
seq_0161,BACKSIDE CLEAN
seq_0161,RCA CLEAN 1
seq_0161,RCA CLEAN 2
seq_0161,HF DIP
seq_0161,DRY WAFER
seq_0161,WAFER CLEAN PRE-GRIND
seq_0161,GRINDING WAFER BACKSIDE
seq_0161,MEASURE GEOMETRY
seq_0161,ETCH WET BACKSIDE
seq_0161,RINSE WET WAFER_EDGE
seq_0161,DRY WAFER BACKSIDE
seq_0161,BACKSIDE CLEAN
seq_0161,MEASURE BACKSIDE ROUGHNESS
seq_0161,THERMAL OXIDATION
seq_0161,MEASURE OXIDE THICKNESS
seq_0161,WET CLEAN RCA1
seq_0161,RCA CLEAN 2
seq_0161,HF DIP
seq_0161,OXIDE STRIP
seq_0161,SURFACE PREP FOR DEPOSITION
seq_0161,DEPOSIT PAD OXIDE
seq_0161,ANNEAL OXIDE
seq_0161,MEASURE FILM THICKNESS
seq_0161,SPIN COAT PHOTORESIST
seq_0161,SOFT BAKE
seq_0161,ALIGN MASK LEVEL 1
seq_0161,EXPOSE LITHO LEVEL 1
seq_0161,POST EXPOSE BAKE
seq_0161,DEVELOP PHOTORESIST
seq_0161,INSPECT PATTERN LEVEL 1
seq_0161,HARD BAKE
seq_0161,OXIDE ETCH DRY
seq_0161,STRIP RESIST
seq_0161,CLEAN AFTER ETCH
seq_0161,DEPOSIT POLYSILICON
seq_0161,ANNEAL POLYSILICON
seq_0161,SPIN COAT PHOTORESIST
seq_0161,SOFT BAKE
seq_0161,ALIGN MASK LEVEL 2
seq_0161,EXPOSE LITHO LEVEL 2
seq_0161,POST EXPOSE BAKE
seq_0161,DEVELOP PHOTORESIST
seq_0161,PATTERN INSPECTION LEVEL 2
seq_0161,HARD BAKE
seq_0161,POLYSILICON ETCH DRY
seq_0161,STRIP RESIST
seq_0161,CLEAN AFTER POLY ETCH
seq_0161,MEASURE CD LEVEL 2
seq_0161,IMPLANT N-TYPE
seq_0161,RAPID THERMAL ANNEAL
seq_0161,MEASURE SHEET RESISTANCE
seq_0161,DEPOSIT INTERLAYER DIELECTRIC
seq_0161,DENSIFY OXIDE
seq_0161,MEASURE DIELECTRIC THICKNESS
seq_0161,CMP DIELECTRIC
seq_0161,MEASURE PLANARITY
seq_0161,SPIN COAT PHOTORESIST
seq_0161,SOFT BAKE
seq_0161,ALIGN MASK LEVEL 3
seq_0161,EXPOSE LITHO LEVEL 3
seq_0161,DEVELOP PHOTORESIST
seq_0161,VIA INSPECTION
seq_0161,HARD BAKE
seq_0161,DIELECTRIC ETCH VIA
seq_0161,STRIP PHOTORESIST
seq_0161,CLEAN AFTER VIA ETCH
seq_0161,MEASURE VIA CD
seq_0161,DEPOSIT BARRIER METAL
seq_0161,DEPOSIT TUNGSTEN SEED
seq_0161,FILL VIA TUNGSTEN
seq_0161,CMP METAL
seq_0161,MEASURE CONTACT RESISTANCE
seq_0161,DEPOSIT TOP METAL
seq_0161,ANNEAL METAL 1
seq_0161,MEASURE METAL THICKNESS
seq_0161,SPIN COAT PHOTORESIST
seq_0161,SOFT BAKE
seq_0161,ALIGN MASK LEVEL 4
seq_0161,EXPOSE LITHO LEVEL 4
seq_0161,POST EXPOSE BAKE
seq_0161,DEVELOP PHOTORESIST
seq_0161,METAL PATTERN INSPECTION
seq_0161,METAL ETCH DRY
seq_0161,STRIP PHOTORESIST
seq_0161,CLEAN AFTER METAL ETCH
seq_0161,MEASURE LINE WIDTH
seq_0161,DEPOSIT PASSIVATION
seq_0161,CURE PASSIVATION
seq_0161,MEASURE PASSIVATION THICKNESS
seq_0161,OPEN BOND PAD WINDOW
seq_0161,PAD WINDOW LITHO
seq_0161,DEVELOP PAD WINDOW
seq_0161,PASSIVATION ETCH
seq_0161,STRIP PHOTORESIST
seq_0161,CLEAN PAD OPENING
seq_0161,MEASURE PAD OPENING
seq_0161,BACKSIDE THINNING CHECK
seq_0161,BACKSIDE CLEAN FINAL
seq_0161,DEPOSIT BACKSIDE PROTECTION
seq_0161,BACKSIDE ANNEAL
seq_0161,FINAL CLEAN
seq_0161,FINAL THICKNESS MEASURE
seq_0161,FINAL GEOMETRY CHECK
seq_0161,FINAL OXIDE CHECK
seq_0161,FINAL PARTICLE INSPECTION
seq_0161,FINAL ELECTRICAL TEST PREP
seq_0161,ELECTRICAL PARAMETRIC TEST
seq_0161,LEAKAGE TEST
seq_0161,THRESHOLD VOLTAGE TEST
seq_0161,SWITCHING TEST
seq_0161,WAFER SORT TEST
seq_0161,YIELD ANALYSIS
seq_0161,LOT RELEASE
seq_0161,PACKAGE PREPARATION
seq_0161,SHIP LOT
seq_0162,RECEIVE WAFER LOT
seq_0162,LOT IDENTIFICATION
seq_0162,PRE CLEAN INSPECTION
seq_0162,MEASURE INITIAL THICKNESS
seq_0162,MEASURE SURFACE DEFECTS
seq_0162,WAFER CLEAN PRE PROCESS
seq_0162,RCA CLEAN 1
seq_0162,RCA CLEAN 2
seq_0162,HF DIP
seq_0162,DRY WAFER
seq_0162,WAFER CLEAN PRE-GRIND
seq_0162,GRINDING WAFER BACKSIDE
seq_0162,MEASURE GEOMETRY
seq_0162,ETCH WET BACKSIDE
seq_0162,RINSE WET WAFER_EDGE
seq_0162,DRY WAFER BACKSIDE
seq_0162,BACKSIDE CLEAN
seq_0162,MEASURE BACKSIDE ROUGHNESS
seq_0162,THERMAL OXIDATION
seq_0162,MEASURE OXIDE THICKNESS
seq_0162,WET CLEAN RCA1
seq_0162,WET CLEAN RCA2
seq_0162,HF DIP
seq_0162,OXIDE STRIP
seq_0162,SURFACE PREP FOR DEPOSITION
seq_0162,DEPOSIT PAD OXIDE
seq_0162,ANNEAL OXIDE
seq_0162,MEASURE OXIDE THICKNESS
seq_0162,SPIN COAT PHOTORESIST
seq_0162,SOFT BAKE
seq_0162,ALIGN MASK LEVEL 1
seq_0162,EXPOSE LITHO LEVEL 1
seq_0162,DEVELOP PHOTORESIST
seq_0162,INSPECT PATTERN LEVEL 1
seq_0162,HARD BAKE
seq_0162,OXIDE ETCH DRY
seq_0162,STRIP PHOTORESIST
seq_0162,CLEAN AFTER ETCH
seq_0162,MEASURE CD LEVEL 1
seq_0162,DEPOSIT POLYSILICON
seq_0162,ANNEAL POLYSILICON
seq_0162,SPIN COAT PHOTORESIST
seq_0162,SOFT BAKE
seq_0162,ALIGN MASK LEVEL 2
seq_0162,EXPOSE LITHO LEVEL 2
seq_0162,DEVELOP PHOTORESIST
seq_0162,PATTERN INSPECTION LEVEL 2
seq_0162,HARD BAKE
seq_0162,POLYSILICON ETCH DRY
seq_0162,STRIP RESIST
seq_0162,CLEAN AFTER POLY ETCH
seq_0162,MEASURE CD LEVEL 2
seq_0162,IMPLANT N-TYPE
seq_0162,PRE ANNEAL CHECK
seq_0162,RAPID THERMAL ANNEAL
seq_0162,MEASURE SHEET RESISTANCE
seq_0162,DEPOSIT INTERLEVEL DIELECTRIC
seq_0162,DENSIFY DIELECTRIC
seq_0162,MEASURE DIELECTRIC THICKNESS
seq_0162,CMP DIELECTRIC
seq_0162,MEASURE PLANARITY
seq_0162,SPIN COAT PHOTORESIST
seq_0162,SOFT BAKE
seq_0162,ALIGN MASK LEVEL 3
seq_0162,EXPOSE LITHO LEVEL 3
seq_0162,POST EXPOSE BAKE
seq_0162,DEVELOP PHOTORESIST
seq_0162,VIA INSPECTION
seq_0162,HARD BAKE
seq_0162,DIELECTRIC ETCH VIA
seq_0162,STRIP RESIST
seq_0162,CLEAN AFTER VIA ETCH
seq_0162,DEPOSIT BARRIER METAL
seq_0162,DEPOSIT TUNGSTEN SEED
seq_0162,FILL VIA TUNGSTEN
seq_0162,CMP VIA FILL
seq_0162,DEPOSIT TOP METAL
seq_0162,ANNEAL METAL
seq_0162,MEASURE METAL THICKNESS
seq_0162,SPIN COAT PHOTORESIST
seq_0162,SOFT BAKE
seq_0162,ALIGN MASK LEVEL 4
seq_0162,EXPOSE LITHO LEVEL 4
seq_0162,POST EXPOSE BAKE
seq_0162,DEVELOP PHOTORESIST
seq_0162,METAL PATTERN INSPECTION
seq_0162,METAL ETCH DRY
seq_0162,STRIP RESIST
seq_0162,CLEAN AFTER METAL ETCH
seq_0162,DEPOSIT PASSIVATION LAYER
seq_0162,CURE PASSIVATION
seq_0162,MEASURE PASSIVATION THICKNESS
seq_0162,OPEN PAD WINDOW
seq_0162,PAD WINDOW LITHO
seq_0162,DEVELOP PAD WINDOW
seq_0162,PASSIVATION ETCH PAD OPENING
seq_0162,STRIP PHOTORESIST
seq_0162,CLEAN PAD OPENING
seq_0162,MEASURE PAD OPENING
seq_0162,BACKSIDE THINNING CHECK
seq_0162,BACKSIDE CLEAN FINAL
seq_0162,DEPOSIT BACKSIDE PROTECTION
seq_0162,BACKSIDE ANNEAL
seq_0162,FINAL CLEAN
seq_0162,FINAL THICKNESS MEASURE
seq_0162,FINAL GEOMETRY CHECK
seq_0162,FINAL OXIDE CHECK
seq_0162,FINAL PARTICLE INSPECTION
seq_0162,FINAL ELECTRICAL TEST PREP
seq_0162,ELECTRICAL PARAMETRIC TEST
seq_0162,LEAKAGE TEST
seq_0162,THRESHOLD VOLTAGE TEST
seq_0162,SWITCHING TEST
seq_0162,WAFER SORT TEST
seq_0162,YIELD ANALYSIS
seq_0162,FINAL LOT RELEASE
seq_0162,SHIP LOT
seq_0163,RECEIVE WAFER LOT
seq_0163,LOT IDENTIFICATION
seq_0163,PRE CLEAN INSPECTION
seq_0163,MEASURE INITIAL THICKNESS
seq_0163,MEASURE SURFACE DEFECTS
seq_0163,WAFER CLEAN PRE PROCESS
seq_0163,BACKSIDE CLEAN
seq_0163,WET CLEAN RCA1
seq_0163,WET CLEAN RCA2
seq_0163,HF DIP
seq_0163,WAFER CLEAN PRE-GRIND
seq_0163,GRINDING WAFER BACKSIDE
seq_0163,MEASURE INITIAL GEOMETRY
seq_0163,ETCH WET BACKSIDE
seq_0163,RINSE WET WAFER_EDGE
seq_0163,DRY WAFER BACKSIDE
seq_0163,BACKSIDE CLEAN
seq_0163,MEASURE BACKSIDE ROUGHNESS
seq_0163,THERMAL OXIDATION
seq_0163,MEASURE OXIDE THICKNESS
seq_0163,RCA CLEAN 1
seq_0163,WET CLEAN RCA2
seq_0163,HF DIP
seq_0163,OXIDE STRIP
seq_0163,SURFACE PREP FOR DEPOSITION
seq_0163,DEPOSIT PAD OXIDE
seq_0163,ANNEAL OXIDE
seq_0163,MEASURE OXIDE THICKNESS
seq_0163,SPIN COAT PHOTORESIST
seq_0163,SOFT BAKE
seq_0163,ALIGN MASK LEVEL 1
seq_0163,EXPOSE LITHO LEVEL 1
seq_0163,DEVELOP PHOTORESIST
seq_0163,INSPECT PATTERN LEVEL 1
seq_0163,HARD BAKE
seq_0163,OXIDE ETCH DRY
seq_0163,STRIP PHOTORESIST
seq_0163,CLEAN AFTER ETCH
seq_0163,DEPOSIT POLYSILICON
seq_0163,ANNEAL POLYSILICON
seq_0163,SPIN COAT PHOTORESIST
seq_0163,SOFT BAKE
seq_0163,ALIGN MASK LEVEL 2
seq_0163,EXPOSE LITHO LEVEL 2
seq_0163,DEVELOP PHOTORESIST
seq_0163,PATTERN INSPECTION LEVEL 2
seq_0163,POLYSILICON ETCH DRY
seq_0163,STRIP RESIST
seq_0163,CLEAN AFTER POLY ETCH
seq_0163,MEASURE CD LEVEL 2
seq_0163,IMPLANT N-TYPE
seq_0163,RAPID THERMAL ANNEAL
seq_0163,MEASURE SHEET RESISTANCE
seq_0163,DEPOSIT INTERLAYER DIELECTRIC
seq_0163,DENSIFY OXIDE
seq_0163,MEASURE DIELECTRIC THICKNESS
seq_0163,CMP INTERLAYER DIELECTRIC
seq_0163,MEASURE SURFACE PLANARITY
seq_0163,SPIN COAT PHOTORESIST
seq_0163,SOFT BAKE
seq_0163,ALIGN MASK LEVEL 3
seq_0163,EXPOSE LITHO LEVEL 3
seq_0163,DEVELOP PHOTORESIST
seq_0163,VIA INSPECTION
seq_0163,VIA ETCH THROUGH DIELECTRIC
seq_0163,STRIP RESIST
seq_0163,CLEAN AFTER VIA ETCH
seq_0163,MEASURE VIA CD
seq_0163,DEPOSIT BARRIER METAL
seq_0163,DEPOSIT TUNGSTEN SEED
seq_0163,FILL VIA TUNGSTEN
seq_0163,CMP VIA FILL
seq_0163,MEASURE CONTACT RESISTANCE
seq_0163,DEPOSIT TOP METAL
seq_0163,ANNEAL METAL 1
seq_0163,SPIN COAT PHOTORESIST
seq_0163,SOFT BAKE
seq_0163,ALIGN MASK LEVEL 4
seq_0163,EXPOSE LITHO LEVEL 4
seq_0163,DEVELOP PHOTORESIST
seq_0163,METAL PATTERN INSPECTION
seq_0163,METAL ETCH DRY
seq_0163,STRIP RESIST
seq_0163,CLEAN AFTER METAL ETCH
seq_0163,MEASURE LINE WIDTH
seq_0163,DEPOSIT PASSIVATION LAYER
seq_0163,CURE PASSIVATION
seq_0163,MEASURE PASSIVATION THICKNESS
seq_0163,OPEN BOND PAD WINDOW
seq_0163,OPEN PAD WINDOW LITHO
seq_0163,DEVELOP PHOTORESIST
seq_0163,PASSIVATION ETCH PAD OPENING
seq_0163,STRIP PHOTORESIST
seq_0163,CLEAN PAD OPENING
seq_0163,MEASURE PAD OPENING
seq_0163,BACKSIDE THINNING CHECK
seq_0163,BACKSIDE CLEAN
seq_0163,DEPOSIT BACKSIDE PROTECTION
seq_0163,BACKSIDE ANNEAL
seq_0163,FINAL CLEAN
seq_0163,FINAL OXIDE CHECK
seq_0163,FINAL PARTICLE INSPECTION
seq_0163,ELECTRICAL PARAMETRIC TEST
seq_0163,LEAKAGE TEST
seq_0163,THRESHOLD VOLTAGE TEST
seq_0163,SWITCHING TEST
seq_0163,WAFER SORT TEST
seq_0163,YIELD ANALYSIS
seq_0163,LOT RELEASE
seq_0163,SHIP LOT
seq_0164,RECEIVE WAFER LOT
seq_0164,LOT IDENTIFICATION
seq_0164,INITIAL WAFER INSPECTION
seq_0164,MEASURE INITIAL GEOMETRY
seq_0164,WAFER CLEAN PRE PROCESS
seq_0164,RCA CLEAN 1
seq_0164,WET CLEAN RCA2
seq_0164,HF DIP
seq_0164,WAFER CLEAN PRE-GRIND
seq_0164,GRINDING WAFER BACKSIDE
seq_0164,MEASURE INITIAL GEOMETRY
seq_0164,ETCH WET BACKSIDE
seq_0164,RINSE WET WAFER_EDGE
seq_0164,DRY WAFER BACKSIDE
seq_0164,BACKSIDE CLEAN
seq_0164,MEASURE BACKSIDE ROUGHNESS
seq_0164,THERMAL OXIDATION
seq_0164,MEASURE OXIDE THICKNESS
seq_0164,WET CLEAN RCA1
seq_0164,RCA CLEAN 2
seq_0164,HF DIP
seq_0164,OXIDE STRIP
seq_0164,SURFACE PREP FOR DEPOSITION
seq_0164,DEPOSIT PAD OXIDE
seq_0164,ANNEAL OXIDE
seq_0164,MEASURE OXIDE THICKNESS
seq_0164,SPIN COAT PHOTORESIST
seq_0164,SOFT BAKE
seq_0164,ALIGN MASK LEVEL 1
seq_0164,EXPOSE LITHO LEVEL 1
seq_0164,POST EXPOSE BAKE
seq_0164,DEVELOP PHOTORESIST
seq_0164,INSPECT PATTERN LEVEL 1
seq_0164,HARD BAKE
seq_0164,OXIDE ETCH DRY
seq_0164,STRIP PHOTORESIST
seq_0164,CLEAN AFTER ETCH
seq_0164,MEASURE CD LEVEL 1
seq_0164,DEPOSIT POLYSILICON
seq_0164,ANNEAL POLYSILICON
seq_0164,SPIN COAT PHOTORESIST
seq_0164,SOFT BAKE
seq_0164,ALIGN MASK LEVEL 2
seq_0164,EXPOSE LITHO LEVEL 2
seq_0164,DEVELOP PHOTORESIST
seq_0164,PATTERN INSPECTION LEVEL 2
seq_0164,POLYSILICON ETCH DRY
seq_0164,STRIP RESIST LEVEL 2
seq_0164,CLEAN AFTER POLY ETCH
seq_0164,IMPLANT N-TYPE
seq_0164,RAPID THERMAL ANNEAL
seq_0164,DEPOSIT INTERLAYER DIELECTRIC
seq_0164,DENSIFY OXIDE
seq_0164,MEASURE FILM THICKNESS
seq_0164,CMP DIELECTRIC
seq_0164,MEASURE PLANARITY
seq_0164,SPIN COAT PHOTORESIST
seq_0164,SOFT BAKE
seq_0164,ALIGN MASK LEVEL 3
seq_0164,EXPOSE LITHO LEVEL 3
seq_0164,POST EXPOSE BAKE
seq_0164,DEVELOP PHOTORESIST
seq_0164,VIA INSPECTION
seq_0164,VIA ETCH
seq_0164,STRIP RESIST
seq_0164,CLEAN AFTER VIA ETCH
seq_0164,DEPOSIT BARRIER METAL
seq_0164,DEPOSIT TUNGSTEN SEED
seq_0164,FILL VIA TUNGSTEN
seq_0164,CMP VIA FILL
seq_0164,MEASURE VIA RESISTANCE
seq_0164,DEPOSIT TOP METAL
seq_0164,ANNEAL METAL
seq_0164,MEASURE METAL THICKNESS
seq_0164,SPIN COAT PHOTORESIST
seq_0164,SOFT BAKE
seq_0164,ALIGN MASK LEVEL 4
seq_0164,EXPOSE LITHO LEVEL 4
seq_0164,DEVELOP PHOTORESIST
seq_0164,METAL PATTERN INSPECTION
seq_0164,METAL ETCH DRY
seq_0164,STRIP PHOTORESIST
seq_0164,CLEAN AFTER METAL ETCH
seq_0164,MEASURE LINE WIDTH
seq_0164,DEPOSIT PASSIVATION LAYER
seq_0164,CURE PASSIVATION
seq_0164,MEASURE PASSIVATION QUALITY
seq_0164,OPEN BOND PAD WINDOW
seq_0164,OPEN PAD WINDOW LITHO
seq_0164,DEVELOP PHOTORESIST
seq_0164,PASSIVATION ETCH
seq_0164,STRIP RESIST
seq_0164,CLEAN PAD OPENING
seq_0164,MEASURE PAD OPENING
seq_0164,BACKSIDE CLEAN
seq_0164,DEPOSIT BACKSIDE PROTECTION
seq_0164,BACKSIDE ANNEAL
seq_0164,FRONTSIDE CLEAN FINAL
seq_0164,FINAL CLEAN
seq_0164,FINAL THICKNESS MEASURE
seq_0164,FINAL GEOMETRY CHECK
seq_0164,FINAL PARTICLE INSPECTION
seq_0164,PARAMETRIC TEST
seq_0164,LEAKAGE TEST
seq_0164,SWITCHING TEST
seq_0164,WAFER SORT TEST
seq_0164,YIELD ANALYSIS
seq_0164,LOT RELEASE
seq_0164,PACKAGE PREPARATION
seq_0164,SHIP LOT
seq_0165,RECEIVE WAFER LOT
seq_0165,LOT IDENTIFICATION
seq_0165,PRE CLEAN INSPECTION
seq_0165,MEASURE INITIAL THICKNESS
seq_0165,MEASURE SURFACE DEFECTS
seq_0165,WAFER CLEAN PRE PROCESS
seq_0165,FRONTSIDE CLEAN
seq_0165,WET CLEAN RCA1
seq_0165,RCA CLEAN 2
seq_0165,HF DIP
seq_0165,DRY WAFER
seq_0165,WAFER CLEAN PRE-GRIND
seq_0165,GRINDING WAFER BACKSIDE
seq_0165,MEASURE GEOMETRY
seq_0165,ETCH WET BACKSIDE
seq_0165,RINSE WET WAFER_EDGE
seq_0165,DRY WAFER BACKSIDE
seq_0165,BACKSIDE CLEAN
seq_0165,MEASURE BACKSIDE ROUGHNESS
seq_0165,THERMAL OXIDATION
seq_0165,MEASURE OXIDE THICKNESS
seq_0165,WET CLEAN RCA1
seq_0165,WET CLEAN RCA2
seq_0165,HF DIP
seq_0165,OXIDE STRIP
seq_0165,SURFACE PREP FOR DEPOSITION
seq_0165,DEPOSIT PAD OXIDE
seq_0165,ANNEAL OXIDE
seq_0165,MEASURE FILM THICKNESS
seq_0165,SPIN COAT PHOTORESIST
seq_0165,SOFT BAKE
seq_0165,ALIGN MASK LEVEL 1
seq_0165,EXPOSE LITHO LEVEL 1
seq_0165,POST EXPOSE BAKE
seq_0165,DEVELOP PHOTORESIST
seq_0165,INSPECT PATTERN LEVEL 1
seq_0165,HARD BAKE
seq_0165,OXIDE ETCH DRY
seq_0165,STRIP PHOTORESIST
seq_0165,CLEAN AFTER ETCH
seq_0165,DEPOSIT POLYSILICON
seq_0165,ANNEAL POLYSILICON
seq_0165,SPIN COAT PHOTORESIST
seq_0165,SOFT BAKE
seq_0165,ALIGN MASK LEVEL 2
seq_0165,EXPOSE LITHO LEVEL 2
seq_0165,DEVELOP PHOTORESIST
seq_0165,PATTERN INSPECTION LEVEL 2
seq_0165,POLYSILICON ETCH DRY
seq_0165,STRIP RESIST LEVEL 2
seq_0165,CLEAN AFTER POLY ETCH
seq_0165,MEASURE CD LEVEL 2
seq_0165,IMPLANT N-TYPE
seq_0165,PRE ANNEAL CHECK
seq_0165,RAPID THERMAL ANNEAL
seq_0165,DEPOSIT INTERLAYER DIELECTRIC
seq_0165,DENSIFY OXIDE
seq_0165,MEASURE DIELECTRIC THICKNESS
seq_0165,CMP INTERLAYER DIELECTRIC
seq_0165,MEASURE PLANARITY
seq_0165,SPIN COAT PHOTORESIST
seq_0165,SOFT BAKE
seq_0165,ALIGN MASK LEVEL 3
seq_0165,EXPOSE LITHO LEVEL 3
seq_0165,DEVELOP PHOTORESIST
seq_0165,VIA INSPECTION
seq_0165,HARD BAKE
seq_0165,VIA ETCH THROUGH DIELECTRIC
seq_0165,STRIP RESIST
seq_0165,CLEAN AFTER VIA ETCH
seq_0165,MEASURE VIA CD
seq_0165,DEPOSIT BARRIER METAL
seq_0165,DEPOSIT TUNGSTEN SEED
seq_0165,FILL VIA TUNGSTEN
seq_0165,CMP VIA FILL
seq_0165,MEASURE CONTACT RESISTANCE
seq_0165,DEPOSIT METAL 1
seq_0165,ANNEAL METAL 1
seq_0165,SPIN COAT PHOTORESIST
seq_0165,SOFT BAKE
seq_0165,ALIGN MASK LEVEL 4
seq_0165,EXPOSE LITHO LEVEL 4
seq_0165,POST EXPOSE BAKE
seq_0165,DEVELOP PHOTORESIST
seq_0165,METAL PATTERN INSPECTION
seq_0165,METAL ETCH DRY
seq_0165,STRIP PHOTORESIST
seq_0165,CLEAN AFTER METAL ETCH
seq_0165,MEASURE LINE WIDTH
seq_0165,DEPOSIT PASSIVATION
seq_0165,CURE PASSIVATION
seq_0165,MEASURE PASSIVATION THICKNESS
seq_0165,OPEN BOND PAD WINDOW
seq_0165,PAD WINDOW LITHO
seq_0165,DEVELOP PAD WINDOW
seq_0165,PASSIVATION ETCH
seq_0165,STRIP RESIST
seq_0165,CLEAN PAD OPENING
seq_0165,MEASURE PAD OPENING
seq_0165,BACKSIDE CLEAN FINAL
seq_0165,DEPOSIT BACKSIDE PROTECTION
seq_0165,BACKSIDE ANNEAL
seq_0165,FINAL CLEAN
seq_0165,FINAL THICKNESS MEASURE
seq_0165,FINAL GEOMETRY CHECK
seq_0165,FINAL PARTICLE INSPECTION
seq_0165,FINAL ELECTRICAL TEST PREP
seq_0165,PARAMETRIC TEST
seq_0165,LEAKAGE TEST
seq_0165,THRESHOLD VOLTAGE TEST
seq_0165,SWITCHING TEST
seq_0165,WAFER SORT TEST
seq_0165,YIELD ANALYSIS
seq_0165,FINAL LOT RELEASE
seq_0165,PACKAGE PREPARATION
seq_0165,SHIP LOT
seq_0166,RECEIVE WAFER LOT
seq_0166,LOT IDENTIFICATION
seq_0166,INITIAL WAFER INSPECTION
seq_0166,MEASURE INITIAL GEOMETRY
seq_0166,MEASURE SURFACE DEFECTS
seq_0166,WAFER CLEAN PRE PROCESS
seq_0166,WET CLEAN RCA1
seq_0166,RCA CLEAN 2
seq_0166,HF DIP
seq_0166,WAFER CLEAN PRE-GRIND
seq_0166,GRINDING WAFER BACKSIDE
seq_0166,MEASURE INITIAL GEOMETRY
seq_0166,ETCH WET BACKSIDE
seq_0166,RINSE WET WAFER_EDGE
seq_0166,DRY WAFER BACKSIDE
seq_0166,BACKSIDE CLEAN
seq_0166,MEASURE BACKSIDE ROUGHNESS
seq_0166,THERMAL OXIDATION
seq_0166,MEASURE OXIDE THICKNESS
seq_0166,WET CLEAN RCA1
seq_0166,WET CLEAN RCA2
seq_0166,HF DIP
seq_0166,OXIDE STRIP
seq_0166,SURFACE PREP FOR DEPOSITION
seq_0166,DEPOSIT PAD OXIDE
seq_0166,ANNEAL OXIDE
seq_0166,MEASURE FILM THICKNESS
seq_0166,SPIN COAT PHOTORESIST
seq_0166,SOFT BAKE
seq_0166,ALIGN MASK LEVEL 1
seq_0166,EXPOSE LITHO LEVEL 1
seq_0166,DEVELOP PHOTORESIST
seq_0166,INSPECT PATTERN LEVEL 1
seq_0166,HARD BAKE
seq_0166,OXIDE ETCH DRY
seq_0166,STRIP RESIST
seq_0166,CLEAN AFTER ETCH
seq_0166,MEASURE CD LEVEL 1
seq_0166,DEPOSIT POLYSILICON
seq_0166,ANNEAL POLYSILICON
seq_0166,SPIN COAT PHOTORESIST
seq_0166,SOFT BAKE
seq_0166,ALIGN MASK LEVEL 2
seq_0166,EXPOSE LITHO LEVEL 2
seq_0166,DEVELOP PHOTORESIST
seq_0166,PATTERN INSPECTION LEVEL 2
seq_0166,POLYSILICON ETCH DRY
seq_0166,STRIP RESIST
seq_0166,CLEAN AFTER POLY ETCH
seq_0166,MEASURE CD LEVEL 2
seq_0166,IMPLANT N-TYPE
seq_0166,PRE ANNEAL CHECK
seq_0166,RAPID THERMAL ANNEAL
seq_0166,MEASURE SHEET RESISTANCE
seq_0166,DEPOSIT INTERLAYER DIELECTRIC
seq_0166,DENSIFY DIELECTRIC
seq_0166,MEASURE DIELECTRIC THICKNESS
seq_0166,CMP INTERLAYER DIELECTRIC
seq_0166,MEASURE SURFACE PLANARITY
seq_0166,SPIN COAT PHOTORESIST
seq_0166,SOFT BAKE
seq_0166,ALIGN MASK LEVEL 3
seq_0166,EXPOSE LITHO LEVEL 3
seq_0166,DEVELOP PHOTORESIST
seq_0166,VIA OPENING INSPECTION
seq_0166,VIA ETCH
seq_0166,STRIP RESIST
seq_0166,CLEAN AFTER VIA ETCH
seq_0166,DEPOSIT BARRIER METAL
seq_0166,DEPOSIT TUNGSTEN SEED
seq_0166,FILL VIA TUNGSTEN
seq_0166,CMP METAL
seq_0166,MEASURE VIA RESISTANCE
seq_0166,DEPOSIT METAL 1
seq_0166,ANNEAL METAL 1
seq_0166,MEASURE METAL THICKNESS
seq_0166,SPIN COAT PHOTORESIST
seq_0166,SOFT BAKE
seq_0166,ALIGN MASK LEVEL 4
seq_0166,EXPOSE LITHO LEVEL 4
seq_0166,POST EXPOSE BAKE
seq_0166,DEVELOP PHOTORESIST
seq_0166,METAL PATTERN INSPECTION
seq_0166,HARD BAKE
seq_0166,METAL ETCH DRY
seq_0166,STRIP PHOTORESIST
seq_0166,CLEAN AFTER METAL ETCH
seq_0166,MEASURE LINE WIDTH
seq_0166,DEPOSIT PASSIVATION LAYER
seq_0166,CURE PASSIVATION
seq_0166,MEASURE PASSIVATION QUALITY
seq_0166,OPEN BOND PAD WINDOW
seq_0166,PAD WINDOW LITHO
seq_0166,DEVELOP PHOTORESIST
seq_0166,PASSIVATION ETCH PAD OPENING
seq_0166,STRIP RESIST
seq_0166,CLEAN PAD OPENING
seq_0166,MEASURE PAD OPENING
seq_0166,BACKSIDE THINNING CHECK
seq_0166,BACKSIDE CLEAN
seq_0166,DEPOSIT BACKSIDE PROTECTION
seq_0166,BACKSIDE ANNEAL
seq_0166,FRONTSIDE CLEAN FINAL
seq_0166,FINAL CLEAN
seq_0166,FINAL THICKNESS MEASURE
seq_0166,FINAL GEOMETRY CHECK
seq_0166,FINAL CD INSPECTION
seq_0166,FINAL PARTICLE INSPECTION
seq_0166,PARAMETRIC TEST
seq_0166,LEAKAGE TEST
seq_0166,THRESHOLD VOLTAGE TEST
seq_0166,SWITCHING TEST
seq_0166,WAFER SORT TEST
seq_0166,YIELD ANALYSIS
seq_0166,FINAL LOT RELEASE
seq_0166,PACKAGE PREPARATION
seq_0166,SHIP LOT
seq_0167,RECEIVE WAFER LOT
seq_0167,LOT IDENTIFICATION
seq_0167,PRE CLEAN INSPECTION
seq_0167,MEASURE INITIAL GEOMETRY
seq_0167,MEASURE SURFACE PARTICLES
seq_0167,WAFER CLEAN PRE PROCESS
seq_0167,BACKSIDE CLEAN
seq_0167,WET CLEAN RCA1
seq_0167,WET CLEAN RCA2
seq_0167,HF DIP
seq_0167,DRY WAFER
seq_0167,WAFER CLEAN PRE-GRIND
seq_0167,GRINDING WAFER BACKSIDE
seq_0167,MEASURE GEOMETRY
seq_0167,ETCH WET BACKSIDE
seq_0167,RINSE WET WAFER_EDGE
seq_0167,DRY WAFER BACKSIDE
seq_0167,BACKSIDE CLEAN
seq_0167,MEASURE BACKSIDE ROUGHNESS
seq_0167,THERMAL OXIDATION
seq_0167,MEASURE OXIDE THICKNESS
seq_0167,RCA CLEAN 1
seq_0167,WET CLEAN RCA2
seq_0167,HF DIP
seq_0167,OXIDE STRIP
seq_0167,SURFACE PREP FOR DEPOSITION
seq_0167,DEPOSIT PAD OXIDE
seq_0167,ANNEAL OXIDE
seq_0167,MEASURE FILM THICKNESS
seq_0167,SPIN COAT PHOTORESIST
seq_0167,SOFT BAKE
seq_0167,ALIGN MASK LEVEL 1
seq_0167,EXPOSE LITHO LEVEL 1
seq_0167,DEVELOP PHOTORESIST
seq_0167,INSPECT PATTERN LEVEL 1
seq_0167,HARD BAKE
seq_0167,OXIDE ETCH DRY
seq_0167,STRIP PHOTORESIST
seq_0167,CLEAN AFTER ETCH
seq_0167,MEASURE CD LEVEL 1
seq_0167,DEPOSIT POLYSILICON
seq_0167,ANNEAL POLYSILICON
seq_0167,SPIN COAT PHOTORESIST
seq_0167,SOFT BAKE
seq_0167,ALIGN MASK LEVEL 2
seq_0167,EXPOSE LITHO LEVEL 2
seq_0167,POST EXPOSE BAKE
seq_0167,DEVELOP PHOTORESIST
seq_0167,PATTERN INSPECTION LEVEL 2
seq_0167,HARD BAKE
seq_0167,POLYSILICON ETCH DRY
seq_0167,STRIP RESIST LEVEL 2
seq_0167,CLEAN AFTER POLY ETCH
seq_0167,IMPLANT N-TYPE
seq_0167,RAPID THERMAL ANNEAL
seq_0167,DEPOSIT INTERLAYER DIELECTRIC
seq_0167,DENSIFY DIELECTRIC
seq_0167,MEASURE DIELECTRIC THICKNESS
seq_0167,CMP DIELECTRIC
seq_0167,MEASURE SURFACE PLANARITY
seq_0167,SPIN COAT PHOTORESIST
seq_0167,SOFT BAKE
seq_0167,ALIGN MASK LEVEL 3
seq_0167,EXPOSE LITHO LEVEL 3
seq_0167,DEVELOP PHOTORESIST
seq_0167,VIA INSPECTION
seq_0167,HARD BAKE
seq_0167,VIA ETCH THROUGH DIELECTRIC
seq_0167,STRIP RESIST
seq_0167,CLEAN AFTER VIA ETCH
seq_0167,DEPOSIT BARRIER METAL
seq_0167,DEPOSIT TUNGSTEN SEED
seq_0167,FILL VIA TUNGSTEN
seq_0167,CMP METAL
seq_0167,MEASURE CONTACT RESISTANCE
seq_0167,DEPOSIT METAL 1
seq_0167,ANNEAL METAL
seq_0167,SPIN COAT PHOTORESIST
seq_0167,SOFT BAKE
seq_0167,ALIGN MASK LEVEL 4
seq_0167,EXPOSE LITHO LEVEL 4
seq_0167,DEVELOP PHOTORESIST
seq_0167,METAL PATTERN INSPECTION
seq_0167,METAL ETCH DRY
seq_0167,STRIP RESIST
seq_0167,CLEAN AFTER METAL ETCH
seq_0167,MEASURE LINE WIDTH
seq_0167,DEPOSIT PASSIVATION LAYER
seq_0167,CURE PASSIVATION
seq_0167,MEASURE PASSIVATION QUALITY
seq_0167,OPEN BOND PAD WINDOW
seq_0167,OPEN PAD WINDOW LITHO
seq_0167,DEVELOP PHOTORESIST
seq_0167,PASSIVATION ETCH
seq_0167,STRIP PHOTORESIST
seq_0167,CLEAN PAD OPENING
seq_0167,MEASURE PAD OPENING
seq_0167,BACKSIDE CLEAN FINAL
seq_0167,DEPOSIT BACKSIDE PROTECTION
seq_0167,BACKSIDE ANNEAL
seq_0167,FRONTSIDE CLEAN FINAL
seq_0167,FINAL CLEAN
seq_0167,FINAL GEOMETRY CHECK
seq_0167,FINAL CD INSPECTION
seq_0167,FINAL PARTICLE INSPECTION
seq_0167,PARAMETRIC TEST
seq_0167,LEAKAGE TEST
seq_0167,SWITCHING TEST
seq_0167,WAFER SORT TEST
seq_0167,YIELD ANALYSIS
seq_0167,LOT RELEASE
seq_0167,PACKAGE PREPARATION
seq_0167,SHIP LOT
seq_0168,RECEIVE WAFER LOT
seq_0168,LOT IDENTIFICATION
seq_0168,PRE CLEAN INSPECTION
seq_0168,MEASURE INITIAL GEOMETRY
seq_0168,MEASURE SURFACE DEFECTS
seq_0168,WAFER CLEAN PRE PROCESS
seq_0168,FRONTSIDE CLEAN
seq_0168,RCA CLEAN 1
seq_0168,WET CLEAN RCA2
seq_0168,HF DIP
seq_0168,WAFER CLEAN PRE-GRIND
seq_0168,GRINDING WAFER BACKSIDE
seq_0168,MEASURE GEOMETRY
seq_0168,ETCH WET BACKSIDE
seq_0168,RINSE WET WAFER_EDGE
seq_0168,DRY WAFER BACKSIDE
seq_0168,BACKSIDE CLEAN
seq_0168,MEASURE BACKSIDE ROUGHNESS
seq_0168,THERMAL OXIDATION
seq_0168,MEASURE OXIDE THICKNESS
seq_0168,WET CLEAN RCA1
seq_0168,WET CLEAN RCA2
seq_0168,HF DIP
seq_0168,OXIDE STRIP
seq_0168,SURFACE PREP FOR DEPOSITION
seq_0168,DEPOSIT PAD OXIDE
seq_0168,ANNEAL OXIDE
seq_0168,MEASURE OXIDE THICKNESS
seq_0168,SPIN COAT PHOTORESIST
seq_0168,SOFT BAKE
seq_0168,ALIGN MASK LEVEL 1
seq_0168,EXPOSE LITHO LEVEL 1
seq_0168,DEVELOP PHOTORESIST
seq_0168,INSPECT PATTERN LEVEL 1
seq_0168,HARD BAKE
seq_0168,OXIDE ETCH DRY
seq_0168,STRIP RESIST
seq_0168,CLEAN AFTER ETCH
seq_0168,DEPOSIT POLYSILICON
seq_0168,ANNEAL POLYSILICON
seq_0168,SPIN COAT PHOTORESIST
seq_0168,SOFT BAKE
seq_0168,ALIGN MASK LEVEL 2
seq_0168,EXPOSE LITHO LEVEL 2
seq_0168,POST EXPOSE BAKE
seq_0168,DEVELOP PHOTORESIST
seq_0168,PATTERN INSPECTION LEVEL 2
seq_0168,POLYSILICON ETCH DRY
seq_0168,STRIP RESIST LEVEL 2
seq_0168,CLEAN AFTER POLY ETCH
seq_0168,MEASURE CD LEVEL 2
seq_0168,IMPLANT N-TYPE
seq_0168,PRE ANNEAL CHECK
seq_0168,RAPID THERMAL ANNEAL
seq_0168,MEASURE SHEET RESISTANCE
seq_0168,DEPOSIT INTERLEVEL DIELECTRIC
seq_0168,DENSIFY OXIDE
seq_0168,MEASURE DIELECTRIC THICKNESS
seq_0168,CMP INTERLAYER DIELECTRIC
seq_0168,MEASURE PLANARITY
seq_0168,SPIN COAT PHOTORESIST
seq_0168,SOFT BAKE
seq_0168,ALIGN MASK LEVEL 3
seq_0168,EXPOSE LITHO LEVEL 3
seq_0168,POST EXPOSE BAKE
seq_0168,DEVELOP PHOTORESIST
seq_0168,VIA INSPECTION
seq_0168,VIA ETCH
seq_0168,STRIP RESIST
seq_0168,CLEAN AFTER VIA ETCH
seq_0168,MEASURE VIA CD
seq_0168,DEPOSIT BARRIER METAL
seq_0168,DEPOSIT TUNGSTEN SEED
seq_0168,FILL VIA TUNGSTEN
seq_0168,CMP METAL
seq_0168,MEASURE CONTACT RESISTANCE
seq_0168,DEPOSIT TOP METAL
seq_0168,ANNEAL METAL 1
seq_0168,MEASURE METAL THICKNESS
seq_0168,SPIN COAT PHOTORESIST
seq_0168,SOFT BAKE
seq_0168,ALIGN MASK LEVEL 4
seq_0168,EXPOSE LITHO LEVEL 4
seq_0168,DEVELOP PHOTORESIST
seq_0168,METAL PATTERN INSPECTION
seq_0168,METAL ETCH DRY
seq_0168,STRIP RESIST
seq_0168,CLEAN AFTER METAL ETCH
seq_0168,MEASURE LINE WIDTH
seq_0168,DEPOSIT PASSIVATION
seq_0168,CURE PASSIVATION
seq_0168,MEASURE PASSIVATION QUALITY
seq_0168,OPEN BOND PAD WINDOW
seq_0168,PAD WINDOW LITHO
seq_0168,DEVELOP PHOTORESIST
seq_0168,PASSIVATION ETCH PAD OPENING
seq_0168,STRIP PHOTORESIST
seq_0168,CLEAN PAD OPENING
seq_0168,MEASURE PAD OPENING
seq_0168,BACKSIDE THINNING CHECK
seq_0168,BACKSIDE CLEAN
seq_0168,DEPOSIT BACKSIDE PROTECTION
seq_0168,BACKSIDE ANNEAL
seq_0168,FRONTSIDE CLEAN FINAL
seq_0168,FINAL CLEAN
seq_0168,FINAL THICKNESS MEASURE
seq_0168,FINAL GEOMETRY CHECK
seq_0168,FINAL CD INSPECTION
seq_0168,FINAL PARTICLE INSPECTION
seq_0168,ELECTRICAL PARAMETRIC TEST
seq_0168,LEAKAGE TEST
seq_0168,THRESHOLD VOLTAGE TEST
seq_0168,SWITCHING TEST
seq_0168,WAFER SORT TEST
seq_0168,YIELD ANALYSIS
seq_0168,LOT RELEASE
seq_0168,SHIP LOT
seq_0169,RECEIVE WAFER LOT
seq_0169,LOT IDENTIFICATION
seq_0169,INITIAL WAFER INSPECTION
seq_0169,MEASURE INITIAL THICKNESS
seq_0169,MEASURE SURFACE PARTICLES
seq_0169,WAFER CLEAN PRE PROCESS
seq_0169,BACKSIDE CLEAN
seq_0169,WET CLEAN RCA1
seq_0169,RCA CLEAN 2
seq_0169,HF DIP
seq_0169,WAFER CLEAN PRE-GRIND
seq_0169,GRINDING WAFER BACKSIDE
seq_0169,MEASURE GEOMETRY
seq_0169,ETCH WET BACKSIDE
seq_0169,RINSE WET WAFER_EDGE
seq_0169,DRY WAFER BACKSIDE
seq_0169,BACKSIDE CLEAN
seq_0169,MEASURE BACKSIDE ROUGHNESS
seq_0169,THERMAL OXIDATION
seq_0169,MEASURE OXIDE THICKNESS
seq_0169,RCA CLEAN 1
seq_0169,RCA CLEAN 2
seq_0169,HF DIP
seq_0169,OXIDE STRIP
seq_0169,SURFACE PREP FOR DEPOSITION
seq_0169,DEPOSIT PAD OXIDE
seq_0169,ANNEAL OXIDE
seq_0169,MEASURE FILM THICKNESS
seq_0169,SPIN COAT PHOTORESIST
seq_0169,SOFT BAKE
seq_0169,ALIGN MASK LEVEL 1
seq_0169,EXPOSE LITHO LEVEL 1
seq_0169,DEVELOP PHOTORESIST
seq_0169,INSPECT PATTERN LEVEL 1
seq_0169,HARD BAKE
seq_0169,OXIDE ETCH DRY
seq_0169,STRIP PHOTORESIST
seq_0169,CLEAN AFTER ETCH
seq_0169,DEPOSIT POLYSILICON
seq_0169,ANNEAL POLYSILICON
seq_0169,SPIN COAT PHOTORESIST
seq_0169,SOFT BAKE
seq_0169,ALIGN MASK LEVEL 2
seq_0169,EXPOSE LITHO LEVEL 2
seq_0169,DEVELOP PHOTORESIST
seq_0169,PATTERN INSPECTION LEVEL 2
seq_0169,POLYSILICON ETCH DRY
seq_0169,STRIP RESIST LEVEL 2
seq_0169,CLEAN AFTER POLY ETCH
seq_0169,MEASURE CD LEVEL 2
seq_0169,IMPLANT N-TYPE
seq_0169,PRE ANNEAL CHECK
seq_0169,RAPID THERMAL ANNEAL
seq_0169,DEPOSIT INTERLEVEL DIELECTRIC
seq_0169,DENSIFY OXIDE
seq_0169,MEASURE FILM THICKNESS
seq_0169,CMP DIELECTRIC
seq_0169,MEASURE SURFACE PLANARITY
seq_0169,SPIN COAT PHOTORESIST
seq_0169,SOFT BAKE
seq_0169,ALIGN MASK LEVEL 3
seq_0169,EXPOSE LITHO LEVEL 3
seq_0169,POST EXPOSE BAKE
seq_0169,DEVELOP PHOTORESIST
seq_0169,VIA INSPECTION
seq_0169,HARD BAKE
seq_0169,VIA ETCH
seq_0169,STRIP PHOTORESIST
seq_0169,CLEAN AFTER VIA ETCH
seq_0169,MEASURE VIA CD
seq_0169,DEPOSIT BARRIER METAL
seq_0169,DEPOSIT TUNGSTEN SEED
seq_0169,FILL VIA TUNGSTEN
seq_0169,CMP METAL
seq_0169,MEASURE CONTACT RESISTANCE
seq_0169,DEPOSIT TOP METAL
seq_0169,ANNEAL METAL
seq_0169,SPIN COAT PHOTORESIST
seq_0169,SOFT BAKE
seq_0169,ALIGN MASK LEVEL 4
seq_0169,EXPOSE LITHO LEVEL 4
seq_0169,DEVELOP PHOTORESIST
seq_0169,METAL PATTERN INSPECTION
seq_0169,METAL ETCH DRY
seq_0169,STRIP RESIST
seq_0169,CLEAN AFTER METAL ETCH
seq_0169,MEASURE LINE WIDTH
seq_0169,DEPOSIT PASSIVATION
seq_0169,CURE PASSIVATION
seq_0169,MEASURE PASSIVATION QUALITY
seq_0169,OPEN BOND PAD WINDOW
seq_0169,OPEN PAD WINDOW LITHO
seq_0169,DEVELOP PHOTORESIST
seq_0169,PASSIVATION ETCH
seq_0169,STRIP PHOTORESIST
seq_0169,CLEAN PAD OPENING
seq_0169,MEASURE PAD OPENING
seq_0169,BACKSIDE THINNING CHECK
seq_0169,BACKSIDE CLEAN
seq_0169,DEPOSIT BACKSIDE PROTECTION
seq_0169,BACKSIDE ANNEAL
seq_0169,FRONTSIDE CLEAN FINAL
seq_0169,FINAL CLEAN
seq_0169,FINAL CD INSPECTION
seq_0169,FINAL PARTICLE INSPECTION
seq_0169,PARAMETRIC TEST
seq_0169,LEAKAGE TEST
seq_0169,THRESHOLD VOLTAGE TEST
seq_0169,SWITCHING TEST
seq_0169,WAFER SORT TEST
seq_0169,YIELD ANALYSIS
seq_0169,LOT RELEASE
seq_0169,PACKAGE PREPARATION
seq_0169,SHIP LOT
seq_0170,RECEIVE WAFER LOT
seq_0170,LOT IDENTIFICATION
seq_0170,INITIAL WAFER INSPECTION
seq_0170,MEASURE INITIAL GEOMETRY
seq_0170,MEASURE SURFACE DEFECTS
seq_0170,WAFER CLEAN PRE PROCESS
seq_0170,BACKSIDE CLEAN
seq_0170,WET CLEAN RCA1
seq_0170,WET CLEAN RCA2
seq_0170,HF DIP
seq_0170,DRY WAFER
seq_0170,WAFER CLEAN PRE-GRIND
seq_0170,GRINDING WAFER BACKSIDE
seq_0170,MEASURE GEOMETRY
seq_0170,ETCH WET BACKSIDE
seq_0170,RINSE WET WAFER_EDGE
seq_0170,DRY WAFER BACKSIDE
seq_0170,BACKSIDE CLEAN
seq_0170,MEASURE BACKSIDE ROUGHNESS
seq_0170,THERMAL OXIDATION
seq_0170,MEASURE OXIDE THICKNESS
seq_0170,WET CLEAN RCA1
seq_0170,RCA CLEAN 2
seq_0170,HF DIP
seq_0170,OXIDE STRIP
seq_0170,SURFACE PREP FOR DEPOSITION
seq_0170,DEPOSIT PAD OXIDE
seq_0170,ANNEAL OXIDE
seq_0170,MEASURE FILM THICKNESS
seq_0170,SPIN COAT PHOTORESIST
seq_0170,SOFT BAKE
seq_0170,ALIGN MASK LEVEL 1
seq_0170,EXPOSE LITHO LEVEL 1
seq_0170,POST EXPOSE BAKE
seq_0170,DEVELOP PHOTORESIST
seq_0170,INSPECT PATTERN LEVEL 1
seq_0170,HARD BAKE
seq_0170,OXIDE ETCH DRY
seq_0170,STRIP PHOTORESIST
seq_0170,CLEAN AFTER ETCH
seq_0170,MEASURE CD LEVEL 1
seq_0170,DEPOSIT POLYSILICON
seq_0170,ANNEAL POLYSILICON
seq_0170,SPIN COAT PHOTORESIST
seq_0170,SOFT BAKE
seq_0170,ALIGN MASK LEVEL 2
seq_0170,EXPOSE LITHO LEVEL 2
seq_0170,DEVELOP PHOTORESIST
seq_0170,PATTERN INSPECTION LEVEL 2
seq_0170,POLYSILICON ETCH DRY
seq_0170,STRIP RESIST LEVEL 2
seq_0170,CLEAN AFTER POLY ETCH
seq_0170,MEASURE CD LEVEL 2
seq_0170,IMPLANT N-TYPE
seq_0170,PRE ANNEAL CHECK
seq_0170,RAPID THERMAL ANNEAL
seq_0170,DEPOSIT INTERLAYER DIELECTRIC
seq_0170,DENSIFY OXIDE
seq_0170,MEASURE FILM THICKNESS
seq_0170,CMP DIELECTRIC
seq_0170,MEASURE SURFACE PLANARITY
seq_0170,SPIN COAT PHOTORESIST
seq_0170,SOFT BAKE
seq_0170,ALIGN MASK LEVEL 3
seq_0170,EXPOSE LITHO LEVEL 3
seq_0170,POST EXPOSE BAKE
seq_0170,DEVELOP PHOTORESIST
seq_0170,VIA OPENING INSPECTION
seq_0170,HARD BAKE
seq_0170,VIA ETCH
seq_0170,STRIP RESIST
seq_0170,CLEAN AFTER VIA ETCH
seq_0170,DEPOSIT BARRIER METAL
seq_0170,DEPOSIT TUNGSTEN SEED
seq_0170,FILL VIA TUNGSTEN
seq_0170,CMP VIA FILL
seq_0170,MEASURE CONTACT RESISTANCE
seq_0170,DEPOSIT METAL 1
seq_0170,ANNEAL METAL
seq_0170,SPIN COAT PHOTORESIST
seq_0170,SOFT BAKE
seq_0170,ALIGN MASK LEVEL 4
seq_0170,EXPOSE LITHO LEVEL 4
seq_0170,DEVELOP PHOTORESIST
seq_0170,METAL PATTERN INSPECTION
seq_0170,HARD BAKE
seq_0170,METAL ETCH DRY
seq_0170,STRIP RESIST
seq_0170,CLEAN AFTER METAL ETCH
seq_0170,MEASURE LINE WIDTH
seq_0170,DEPOSIT PASSIVATION LAYER
seq_0170,CURE PASSIVATION
seq_0170,MEASURE PASSIVATION QUALITY
seq_0170,OPEN BOND PAD WINDOW
seq_0170,PAD WINDOW LITHO
seq_0170,DEVELOP PHOTORESIST
seq_0170,PASSIVATION ETCH PAD OPENING
seq_0170,STRIP PHOTORESIST
seq_0170,CLEAN PAD OPENING
seq_0170,MEASURE PAD OPENING
seq_0170,BACKSIDE THINNING CHECK
seq_0170,BACKSIDE CLEAN
seq_0170,DEPOSIT BACKSIDE PROTECTION
seq_0170,BACKSIDE ANNEAL
seq_0170,FINAL CLEAN
seq_0170,FINAL THICKNESS MEASURE
seq_0170,FINAL GEOMETRY CHECK
seq_0170,FINAL PARTICLE INSPECTION
seq_0170,PARAMETRIC TEST
seq_0170,LEAKAGE TEST
seq_0170,THRESHOLD VOLTAGE TEST
seq_0170,SWITCHING TEST
seq_0170,WAFER SORT TEST
seq_0170,YIELD ANALYSIS
seq_0170,LOT RELEASE
seq_0170,PACKAGE PREPARATION
seq_0170,SHIP LOT
seq_0171,RECEIVE WAFER LOT
seq_0171,LOT IDENTIFICATION
seq_0171,INITIAL WAFER INSPECTION
seq_0171,MEASURE SURFACE PARTICLES
seq_0171,WAFER CLEAN PRE PROCESS
seq_0171,BACKSIDE CLEAN
seq_0171,RCA CLEAN 1
seq_0171,RCA CLEAN 2
seq_0171,HF DIP
seq_0171,DRY WAFER
seq_0171,WAFER CLEAN PRE-GRIND
seq_0171,GRINDING WAFER BACKSIDE
seq_0171,MEASURE GEOMETRY
seq_0171,ETCH WET BACKSIDE
seq_0171,RINSE WET WAFER_EDGE
seq_0171,DRY WAFER BACKSIDE
seq_0171,BACKSIDE CLEAN
seq_0171,MEASURE BACKSIDE ROUGHNESS
seq_0171,THERMAL OXIDATION
seq_0171,MEASURE OXIDE THICKNESS
seq_0171,RCA CLEAN 1
seq_0171,WET CLEAN RCA2
seq_0171,HF DIP
seq_0171,OXIDE STRIP
seq_0171,SURFACE PREP FOR DEPOSITION
seq_0171,DEPOSIT PAD OXIDE
seq_0171,ANNEAL OXIDE
seq_0171,MEASURE FILM THICKNESS
seq_0171,SPIN COAT PHOTORESIST
seq_0171,SOFT BAKE
seq_0171,ALIGN MASK LEVEL 1
seq_0171,EXPOSE LITHO LEVEL 1
seq_0171,POST EXPOSE BAKE
seq_0171,DEVELOP PHOTORESIST
seq_0171,INSPECT PATTERN LEVEL 1
seq_0171,HARD BAKE
seq_0171,OXIDE ETCH DRY
seq_0171,STRIP PHOTORESIST
seq_0171,CLEAN AFTER ETCH
seq_0171,MEASURE CD LEVEL 1
seq_0171,DEPOSIT POLYSILICON
seq_0171,ANNEAL POLYSILICON
seq_0171,SPIN COAT PHOTORESIST
seq_0171,SOFT BAKE
seq_0171,ALIGN MASK LEVEL 2
seq_0171,EXPOSE LITHO LEVEL 2
seq_0171,DEVELOP PHOTORESIST
seq_0171,PATTERN INSPECTION LEVEL 2
seq_0171,POLYSILICON ETCH DRY
seq_0171,STRIP RESIST
seq_0171,CLEAN AFTER POLY ETCH
seq_0171,IMPLANT N-TYPE
seq_0171,PRE ANNEAL CHECK
seq_0171,RAPID THERMAL ANNEAL
seq_0171,MEASURE SHEET RESISTANCE
seq_0171,DEPOSIT INTERLAYER DIELECTRIC
seq_0171,DENSIFY DIELECTRIC
seq_0171,MEASURE DIELECTRIC THICKNESS
seq_0171,CMP DIELECTRIC
seq_0171,MEASURE PLANARITY
seq_0171,SPIN COAT PHOTORESIST
seq_0171,SOFT BAKE
seq_0171,ALIGN MASK LEVEL 3
seq_0171,EXPOSE LITHO LEVEL 3
seq_0171,DEVELOP PHOTORESIST
seq_0171,VIA INSPECTION
seq_0171,VIA ETCH THROUGH DIELECTRIC
seq_0171,STRIP PHOTORESIST
seq_0171,CLEAN AFTER VIA ETCH
seq_0171,DEPOSIT BARRIER METAL
seq_0171,DEPOSIT TUNGSTEN SEED
seq_0171,FILL VIA TUNGSTEN
seq_0171,CMP VIA FILL
seq_0171,DEPOSIT METAL 1
seq_0171,ANNEAL METAL
seq_0171,SPIN COAT PHOTORESIST
seq_0171,SOFT BAKE
seq_0171,ALIGN MASK LEVEL 4
seq_0171,EXPOSE LITHO LEVEL 4
seq_0171,DEVELOP PHOTORESIST
seq_0171,METAL PATTERN INSPECTION
seq_0171,METAL ETCH DRY
seq_0171,STRIP RESIST
seq_0171,CLEAN AFTER METAL ETCH
seq_0171,MEASURE LINE WIDTH
seq_0171,DEPOSIT PASSIVATION LAYER
seq_0171,CURE PASSIVATION
seq_0171,MEASURE PASSIVATION THICKNESS
seq_0171,OPEN BOND PAD WINDOW
seq_0171,OPEN PAD WINDOW LITHO
seq_0171,DEVELOP PHOTORESIST
seq_0171,PASSIVATION ETCH PAD OPENING
seq_0171,STRIP PHOTORESIST
seq_0171,CLEAN PAD OPENING
seq_0171,MEASURE PAD OPENING
seq_0171,BACKSIDE CLEAN FINAL
seq_0171,DEPOSIT BACKSIDE PROTECTION
seq_0171,BACKSIDE ANNEAL
seq_0171,FRONTSIDE CLEAN FINAL
seq_0171,FINAL CLEAN
seq_0171,FINAL THICKNESS MEASURE
seq_0171,FINAL GEOMETRY CHECK
seq_0171,FINAL OXIDE CHECK
seq_0171,FINAL CD INSPECTION
seq_0171,FINAL PARTICLE INSPECTION
seq_0171,FINAL ELECTRICAL TEST PREP
seq_0171,PARAMETRIC TEST
seq_0171,LEAKAGE TEST
seq_0171,THRESHOLD VOLTAGE TEST
seq_0171,SWITCHING TEST
seq_0171,WAFER SORT TEST
seq_0171,YIELD ANALYSIS
seq_0171,LOT RELEASE
seq_0171,PACKAGE PREPARATION
seq_0171,SHIP LOT
seq_0172,RECEIVE WAFER LOT
seq_0172,LOT IDENTIFICATION
seq_0172,INITIAL WAFER INSPECTION
seq_0172,MEASURE INITIAL THICKNESS
seq_0172,MEASURE SURFACE PARTICLES
seq_0172,WAFER CLEAN PRE PROCESS
seq_0172,BACKSIDE CLEAN
seq_0172,WET CLEAN RCA1
seq_0172,WET CLEAN RCA2
seq_0172,HF DIP
seq_0172,WAFER CLEAN PRE-GRIND
seq_0172,GRINDING WAFER BACKSIDE
seq_0172,MEASURE INITIAL GEOMETRY
seq_0172,ETCH WET BACKSIDE
seq_0172,RINSE WET WAFER_EDGE
seq_0172,DRY WAFER BACKSIDE
seq_0172,BACKSIDE CLEAN
seq_0172,MEASURE BACKSIDE ROUGHNESS
seq_0172,THERMAL OXIDATION
seq_0172,MEASURE OXIDE THICKNESS
seq_0172,WET CLEAN RCA1
seq_0172,RCA CLEAN 2
seq_0172,HF DIP
seq_0172,OXIDE STRIP
seq_0172,SURFACE PREP FOR DEPOSITION
seq_0172,DEPOSIT PAD OXIDE
seq_0172,ANNEAL OXIDE
seq_0172,MEASURE OXIDE THICKNESS
seq_0172,SPIN COAT PHOTORESIST
seq_0172,SOFT BAKE
seq_0172,ALIGN MASK LEVEL 1
seq_0172,EXPOSE LITHO LEVEL 1
seq_0172,DEVELOP PHOTORESIST
seq_0172,INSPECT PATTERN LEVEL 1
seq_0172,HARD BAKE
seq_0172,OXIDE ETCH DRY
seq_0172,STRIP RESIST
seq_0172,CLEAN AFTER ETCH
seq_0172,DEPOSIT POLYSILICON
seq_0172,ANNEAL POLYSILICON
seq_0172,SPIN COAT PHOTORESIST
seq_0172,SOFT BAKE
seq_0172,ALIGN MASK LEVEL 2
seq_0172,EXPOSE LITHO LEVEL 2
seq_0172,DEVELOP PHOTORESIST
seq_0172,PATTERN INSPECTION LEVEL 2
seq_0172,POLYSILICON ETCH DRY
seq_0172,STRIP RESIST LEVEL 2
seq_0172,CLEAN AFTER POLY ETCH
seq_0172,MEASURE CD LEVEL 2
seq_0172,IMPLANT N-TYPE
seq_0172,PRE ANNEAL CHECK
seq_0172,RAPID THERMAL ANNEAL
seq_0172,MEASURE SHEET RESISTANCE
seq_0172,DEPOSIT INTERLAYER DIELECTRIC
seq_0172,DENSIFY DIELECTRIC
seq_0172,MEASURE DIELECTRIC THICKNESS
seq_0172,CMP DIELECTRIC
seq_0172,MEASURE PLANARITY
seq_0172,SPIN COAT PHOTORESIST
seq_0172,SOFT BAKE
seq_0172,ALIGN MASK LEVEL 3
seq_0172,EXPOSE LITHO LEVEL 3
seq_0172,DEVELOP PHOTORESIST
seq_0172,VIA OPENING INSPECTION
seq_0172,HARD BAKE
seq_0172,VIA ETCH THROUGH DIELECTRIC
seq_0172,STRIP PHOTORESIST
seq_0172,CLEAN AFTER VIA ETCH
seq_0172,DEPOSIT BARRIER METAL
seq_0172,DEPOSIT TUNGSTEN SEED
seq_0172,FILL VIA TUNGSTEN
seq_0172,CMP METAL
seq_0172,MEASURE VIA RESISTANCE
seq_0172,DEPOSIT METAL 1
seq_0172,ANNEAL METAL
seq_0172,SPIN COAT PHOTORESIST
seq_0172,SOFT BAKE
seq_0172,ALIGN MASK LEVEL 4
seq_0172,EXPOSE LITHO LEVEL 4
seq_0172,DEVELOP PHOTORESIST
seq_0172,METAL PATTERN INSPECTION
seq_0172,METAL ETCH DRY
seq_0172,STRIP RESIST
seq_0172,CLEAN AFTER METAL ETCH
seq_0172,MEASURE LINE WIDTH
seq_0172,DEPOSIT PASSIVATION LAYER
seq_0172,CURE PASSIVATION
seq_0172,MEASURE PASSIVATION QUALITY
seq_0172,OPEN PAD WINDOW
seq_0172,PAD WINDOW LITHO
seq_0172,DEVELOP PHOTORESIST
seq_0172,PASSIVATION ETCH
seq_0172,STRIP PHOTORESIST
seq_0172,CLEAN PAD OPENING
seq_0172,MEASURE PAD OPENING
seq_0172,BACKSIDE THINNING CHECK
seq_0172,BACKSIDE CLEAN FINAL
seq_0172,DEPOSIT BACKSIDE PROTECTION
seq_0172,BACKSIDE ANNEAL
seq_0172,FRONTSIDE CLEAN FINAL
seq_0172,FINAL CLEAN
seq_0172,FINAL GEOMETRY CHECK
seq_0172,FINAL OXIDE CHECK
seq_0172,FINAL CD INSPECTION
seq_0172,FINAL PARTICLE INSPECTION
seq_0172,PARAMETRIC TEST
seq_0172,LEAKAGE TEST
seq_0172,SWITCHING TEST
seq_0172,WAFER SORT TEST
seq_0172,YIELD ANALYSIS
seq_0172,FINAL LOT RELEASE
seq_0172,PACKAGE PREPARATION
seq_0172,SHIP LOT
seq_0173,RECEIVE WAFER LOT
seq_0173,LOT IDENTIFICATION
seq_0173,PRE CLEAN INSPECTION
seq_0173,MEASURE INITIAL THICKNESS
seq_0173,WAFER CLEAN PRE PROCESS
seq_0173,BACKSIDE CLEAN
seq_0173,WET CLEAN RCA1
seq_0173,WET CLEAN RCA2
seq_0173,HF DIP
seq_0173,DRY WAFER
seq_0173,WAFER CLEAN PRE-GRIND
seq_0173,GRINDING WAFER BACKSIDE
seq_0173,MEASURE INITIAL GEOMETRY
seq_0173,ETCH WET BACKSIDE
seq_0173,RINSE WET WAFER_EDGE
seq_0173,DRY WAFER BACKSIDE
seq_0173,BACKSIDE CLEAN
seq_0173,MEASURE BACKSIDE ROUGHNESS
seq_0173,THERMAL OXIDATION
seq_0173,MEASURE OXIDE THICKNESS
seq_0173,WET CLEAN RCA1
seq_0173,RCA CLEAN 2
seq_0173,HF DIP
seq_0173,OXIDE STRIP
seq_0173,SURFACE PREP FOR DEPOSITION
seq_0173,DEPOSIT PAD OXIDE
seq_0173,ANNEAL OXIDE
seq_0173,MEASURE OXIDE THICKNESS
seq_0173,SPIN COAT PHOTORESIST
seq_0173,SOFT BAKE
seq_0173,ALIGN MASK LEVEL 1
seq_0173,EXPOSE LITHO LEVEL 1
seq_0173,DEVELOP PHOTORESIST
seq_0173,INSPECT PATTERN LEVEL 1
seq_0173,HARD BAKE
seq_0173,OXIDE ETCH DRY
seq_0173,STRIP RESIST
seq_0173,CLEAN AFTER ETCH
seq_0173,MEASURE CD LEVEL 1
seq_0173,DEPOSIT POLYSILICON
seq_0173,ANNEAL POLYSILICON
seq_0173,SPIN COAT PHOTORESIST
seq_0173,SOFT BAKE
seq_0173,ALIGN MASK LEVEL 2
seq_0173,EXPOSE LITHO LEVEL 2
seq_0173,POST EXPOSE BAKE
seq_0173,DEVELOP PHOTORESIST
seq_0173,PATTERN INSPECTION LEVEL 2
seq_0173,POLYSILICON ETCH DRY
seq_0173,STRIP RESIST
seq_0173,CLEAN AFTER POLY ETCH
seq_0173,MEASURE CD LEVEL 2
seq_0173,IMPLANT N-TYPE
seq_0173,PRE ANNEAL CHECK
seq_0173,RAPID THERMAL ANNEAL
seq_0173,MEASURE SHEET RESISTANCE
seq_0173,DEPOSIT INTERLAYER DIELECTRIC
seq_0173,DENSIFY OXIDE
seq_0173,MEASURE FILM THICKNESS
seq_0173,CMP INTERLAYER DIELECTRIC
seq_0173,MEASURE PLANARITY
seq_0173,SPIN COAT PHOTORESIST
seq_0173,SOFT BAKE
seq_0173,ALIGN MASK LEVEL 3
seq_0173,EXPOSE LITHO LEVEL 3
seq_0173,POST EXPOSE BAKE
seq_0173,DEVELOP PHOTORESIST
seq_0173,VIA OPENING INSPECTION
seq_0173,VIA ETCH
seq_0173,STRIP PHOTORESIST
seq_0173,CLEAN AFTER VIA ETCH
seq_0173,DEPOSIT BARRIER METAL
seq_0173,DEPOSIT TUNGSTEN SEED
seq_0173,FILL VIA TUNGSTEN
seq_0173,CMP VIA FILL
seq_0173,DEPOSIT TOP METAL
seq_0173,ANNEAL METAL
seq_0173,MEASURE METAL THICKNESS
seq_0173,SPIN COAT PHOTORESIST
seq_0173,SOFT BAKE
seq_0173,ALIGN MASK LEVEL 4
seq_0173,EXPOSE LITHO LEVEL 4
seq_0173,DEVELOP PHOTORESIST
seq_0173,METAL PATTERN INSPECTION
seq_0173,HARD BAKE
seq_0173,METAL ETCH DRY
seq_0173,STRIP PHOTORESIST
seq_0173,CLEAN AFTER METAL ETCH
seq_0173,MEASURE LINE WIDTH
seq_0173,DEPOSIT PASSIVATION
seq_0173,CURE PASSIVATION
seq_0173,MEASURE PASSIVATION QUALITY
seq_0173,OPEN PAD WINDOW
seq_0173,OPEN PAD WINDOW LITHO
seq_0173,DEVELOP PHOTORESIST
seq_0173,PASSIVATION ETCH
seq_0173,STRIP PHOTORESIST
seq_0173,CLEAN PAD OPENING
seq_0173,MEASURE PAD OPENING
seq_0173,BACKSIDE CLEAN
seq_0173,DEPOSIT BACKSIDE PROTECTION
seq_0173,BACKSIDE ANNEAL
seq_0173,FRONTSIDE CLEAN FINAL
seq_0173,FINAL CLEAN
seq_0173,FINAL THICKNESS MEASURE
seq_0173,FINAL GEOMETRY CHECK
seq_0173,FINAL OXIDE CHECK
seq_0173,FINAL CD INSPECTION
seq_0173,FINAL PARTICLE INSPECTION
seq_0173,FINAL ELECTRICAL TEST PREP
seq_0173,PARAMETRIC TEST
seq_0173,LEAKAGE TEST
seq_0173,THRESHOLD VOLTAGE TEST
seq_0173,SWITCHING TEST
seq_0173,WAFER SORT TEST
seq_0173,YIELD ANALYSIS
seq_0173,LOT RELEASE
seq_0173,SHIP LOT
seq_0174,RECEIVE WAFER LOT
seq_0174,LOT IDENTIFICATION
seq_0174,INITIAL WAFER INSPECTION
seq_0174,MEASURE INITIAL THICKNESS
seq_0174,WAFER CLEAN PRE PROCESS
seq_0174,FRONTSIDE CLEAN
seq_0174,WET CLEAN RCA1
seq_0174,WET CLEAN RCA2
seq_0174,HF DIP
seq_0174,WAFER CLEAN PRE-GRIND
seq_0174,GRINDING WAFER BACKSIDE
seq_0174,MEASURE GEOMETRY
seq_0174,ETCH WET BACKSIDE
seq_0174,RINSE WET WAFER_EDGE
seq_0174,DRY WAFER BACKSIDE
seq_0174,BACKSIDE CLEAN
seq_0174,MEASURE BACKSIDE ROUGHNESS
seq_0174,THERMAL OXIDATION
seq_0174,MEASURE OXIDE THICKNESS
seq_0174,RCA CLEAN 1
seq_0174,WET CLEAN RCA2
seq_0174,HF DIP
seq_0174,OXIDE STRIP
seq_0174,SURFACE PREP FOR DEPOSITION
seq_0174,DEPOSIT PAD OXIDE
seq_0174,ANNEAL OXIDE
seq_0174,MEASURE FILM THICKNESS
seq_0174,SPIN COAT PHOTORESIST
seq_0174,SOFT BAKE
seq_0174,ALIGN MASK LEVEL 1
seq_0174,EXPOSE LITHO LEVEL 1
seq_0174,DEVELOP PHOTORESIST
seq_0174,INSPECT PATTERN LEVEL 1
seq_0174,HARD BAKE
seq_0174,OXIDE ETCH DRY
seq_0174,STRIP RESIST
seq_0174,CLEAN AFTER ETCH
seq_0174,MEASURE CD LEVEL 1
seq_0174,DEPOSIT POLYSILICON
seq_0174,ANNEAL POLYSILICON
seq_0174,SPIN COAT PHOTORESIST
seq_0174,SOFT BAKE
seq_0174,ALIGN MASK LEVEL 2
seq_0174,EXPOSE LITHO LEVEL 2
seq_0174,POST EXPOSE BAKE
seq_0174,DEVELOP PHOTORESIST
seq_0174,PATTERN INSPECTION LEVEL 2
seq_0174,POLYSILICON ETCH DRY
seq_0174,STRIP RESIST
seq_0174,CLEAN AFTER POLY ETCH
seq_0174,MEASURE CD LEVEL 2
seq_0174,IMPLANT N-TYPE
seq_0174,RAPID THERMAL ANNEAL
seq_0174,DEPOSIT INTERLAYER DIELECTRIC
seq_0174,DENSIFY OXIDE
seq_0174,MEASURE DIELECTRIC THICKNESS
seq_0174,CMP DIELECTRIC
seq_0174,MEASURE PLANARITY
seq_0174,SPIN COAT PHOTORESIST
seq_0174,SOFT BAKE
seq_0174,ALIGN MASK LEVEL 3
seq_0174,EXPOSE LITHO LEVEL 3
seq_0174,DEVELOP PHOTORESIST
seq_0174,VIA INSPECTION
seq_0174,HARD BAKE
seq_0174,DIELECTRIC ETCH VIA
seq_0174,STRIP PHOTORESIST
seq_0174,CLEAN AFTER VIA ETCH
seq_0174,MEASURE VIA CD
seq_0174,DEPOSIT BARRIER METAL
seq_0174,DEPOSIT TUNGSTEN SEED
seq_0174,FILL VIA TUNGSTEN
seq_0174,CMP METAL
seq_0174,MEASURE VIA RESISTANCE
seq_0174,DEPOSIT TOP METAL
seq_0174,ANNEAL METAL 1
seq_0174,SPIN COAT PHOTORESIST
seq_0174,SOFT BAKE
seq_0174,ALIGN MASK LEVEL 4
seq_0174,EXPOSE LITHO LEVEL 4
seq_0174,DEVELOP PHOTORESIST
seq_0174,METAL PATTERN INSPECTION
seq_0174,METAL ETCH DRY
seq_0174,STRIP PHOTORESIST
seq_0174,CLEAN AFTER METAL ETCH
seq_0174,MEASURE LINE WIDTH
seq_0174,DEPOSIT PASSIVATION
seq_0174,CURE PASSIVATION
seq_0174,MEASURE PASSIVATION QUALITY
seq_0174,OPEN PAD WINDOW
seq_0174,PAD WINDOW LITHO
seq_0174,DEVELOP PAD WINDOW
seq_0174,PASSIVATION ETCH PAD OPENING
seq_0174,STRIP PHOTORESIST
seq_0174,CLEAN PAD OPENING
seq_0174,MEASURE PAD OPENING
seq_0174,BACKSIDE CLEAN
seq_0174,DEPOSIT BACKSIDE PROTECTION
seq_0174,BACKSIDE ANNEAL
seq_0174,FRONTSIDE CLEAN FINAL
seq_0174,FINAL CLEAN
seq_0174,FINAL GEOMETRY CHECK
seq_0174,FINAL PARTICLE INSPECTION
seq_0174,ELECTRICAL PARAMETRIC TEST
seq_0174,LEAKAGE TEST
seq_0174,PARAMETRIC TEST
seq_0174,SWITCHING TEST
seq_0174,WAFER SORT TEST
seq_0174,YIELD ANALYSIS
seq_0174,LOT RELEASE
seq_0174,SHIP LOT
seq_0175,RECEIVE WAFER LOT
seq_0175,LOT IDENTIFICATION
seq_0175,PRE CLEAN INSPECTION
seq_0175,MEASURE INITIAL THICKNESS
seq_0175,MEASURE SURFACE DEFECTS
seq_0175,WAFER CLEAN PRE PROCESS
seq_0175,FRONTSIDE CLEAN
seq_0175,RCA CLEAN 1
seq_0175,RCA CLEAN 2
seq_0175,HF DIP
seq_0175,WAFER CLEAN PRE-GRIND
seq_0175,GRINDING WAFER BACKSIDE
seq_0175,MEASURE GEOMETRY
seq_0175,ETCH WET BACKSIDE
seq_0175,RINSE WET WAFER_EDGE
seq_0175,DRY WAFER BACKSIDE
seq_0175,BACKSIDE CLEAN
seq_0175,MEASURE BACKSIDE ROUGHNESS
seq_0175,THERMAL OXIDATION
seq_0175,MEASURE OXIDE THICKNESS
seq_0175,RCA CLEAN 1
seq_0175,WET CLEAN RCA2
seq_0175,HF DIP
seq_0175,OXIDE STRIP
seq_0175,SURFACE PREP FOR DEPOSITION
seq_0175,DEPOSIT PAD OXIDE
seq_0175,ANNEAL OXIDE
seq_0175,MEASURE FILM THICKNESS
seq_0175,SPIN COAT PHOTORESIST
seq_0175,SOFT BAKE
seq_0175,ALIGN MASK LEVEL 1
seq_0175,EXPOSE LITHO LEVEL 1
seq_0175,DEVELOP PHOTORESIST
seq_0175,INSPECT PATTERN LEVEL 1
seq_0175,HARD BAKE
seq_0175,OXIDE ETCH DRY
seq_0175,STRIP PHOTORESIST
seq_0175,CLEAN AFTER ETCH
seq_0175,MEASURE CD LEVEL 1
seq_0175,DEPOSIT POLYSILICON
seq_0175,ANNEAL POLYSILICON
seq_0175,SPIN COAT PHOTORESIST
seq_0175,SOFT BAKE
seq_0175,ALIGN MASK LEVEL 2
seq_0175,EXPOSE LITHO LEVEL 2
seq_0175,DEVELOP PHOTORESIST
seq_0175,PATTERN INSPECTION LEVEL 2
seq_0175,POLYSILICON ETCH DRY
seq_0175,STRIP RESIST
seq_0175,CLEAN AFTER POLY ETCH
seq_0175,IMPLANT N-TYPE
seq_0175,PRE ANNEAL CHECK
seq_0175,RAPID THERMAL ANNEAL
seq_0175,MEASURE SHEET RESISTANCE
seq_0175,DEPOSIT INTERLAYER DIELECTRIC
seq_0175,DENSIFY OXIDE
seq_0175,MEASURE FILM THICKNESS
seq_0175,CMP DIELECTRIC
seq_0175,MEASURE SURFACE PLANARITY
seq_0175,SPIN COAT PHOTORESIST
seq_0175,SOFT BAKE
seq_0175,ALIGN MASK LEVEL 3
seq_0175,EXPOSE LITHO LEVEL 3
seq_0175,POST EXPOSE BAKE
seq_0175,DEVELOP PHOTORESIST
seq_0175,VIA OPENING INSPECTION
seq_0175,VIA ETCH THROUGH DIELECTRIC
seq_0175,STRIP RESIST
seq_0175,CLEAN AFTER VIA ETCH
seq_0175,MEASURE VIA CD
seq_0175,DEPOSIT BARRIER METAL
seq_0175,DEPOSIT TUNGSTEN SEED
seq_0175,FILL VIA TUNGSTEN
seq_0175,CMP VIA FILL
seq_0175,MEASURE CONTACT RESISTANCE
seq_0175,DEPOSIT METAL 1
seq_0175,ANNEAL METAL
seq_0175,MEASURE METAL THICKNESS
seq_0175,SPIN COAT PHOTORESIST
seq_0175,SOFT BAKE
seq_0175,ALIGN MASK LEVEL 4
seq_0175,EXPOSE LITHO LEVEL 4
seq_0175,DEVELOP PHOTORESIST
seq_0175,METAL PATTERN INSPECTION
seq_0175,HARD BAKE
seq_0175,METAL ETCH DRY
seq_0175,STRIP RESIST
seq_0175,CLEAN AFTER METAL ETCH
seq_0175,DEPOSIT PASSIVATION
seq_0175,CURE PASSIVATION
seq_0175,MEASURE PASSIVATION THICKNESS
seq_0175,OPEN PAD WINDOW
seq_0175,OPEN PAD WINDOW LITHO
seq_0175,DEVELOP PHOTORESIST
seq_0175,PASSIVATION ETCH
seq_0175,STRIP PHOTORESIST
seq_0175,CLEAN PAD OPENING
seq_0175,MEASURE PAD OPENING
seq_0175,BACKSIDE THINNING CHECK
seq_0175,BACKSIDE CLEAN FINAL
seq_0175,DEPOSIT BACKSIDE PROTECTION
seq_0175,BACKSIDE ANNEAL
seq_0175,FINAL CLEAN
seq_0175,FINAL THICKNESS MEASURE
seq_0175,FINAL GEOMETRY CHECK
seq_0175,FINAL OXIDE CHECK
seq_0175,FINAL CD INSPECTION
seq_0175,ELECTRICAL PARAMETRIC TEST
seq_0175,LEAKAGE TEST
seq_0175,PARAMETRIC TEST
seq_0175,SWITCHING TEST
seq_0175,WAFER SORT TEST
seq_0175,YIELD ANALYSIS
seq_0175,LOT RELEASE
seq_0175,SHIP LOT
seq_0176,RECEIVE WAFER LOT
seq_0176,LOT IDENTIFICATION
seq_0176,PRE CLEAN INSPECTION
seq_0176,MEASURE INITIAL GEOMETRY
seq_0176,MEASURE SURFACE DEFECTS
seq_0176,WAFER CLEAN PRE PROCESS
seq_0176,FRONTSIDE CLEAN
seq_0176,WET CLEAN RCA1
seq_0176,WET CLEAN RCA2
seq_0176,HF DIP
seq_0176,DRY WAFER
seq_0176,WAFER CLEAN PRE-GRIND
seq_0176,GRINDING WAFER BACKSIDE
seq_0176,MEASURE INITIAL GEOMETRY
seq_0176,ETCH WET BACKSIDE
seq_0176,RINSE WET WAFER_EDGE
seq_0176,DRY WAFER BACKSIDE
seq_0176,BACKSIDE CLEAN
seq_0176,MEASURE BACKSIDE ROUGHNESS
seq_0176,THERMAL OXIDATION
seq_0176,MEASURE OXIDE THICKNESS
seq_0176,RCA CLEAN 1
seq_0176,RCA CLEAN 2
seq_0176,HF DIP
seq_0176,OXIDE STRIP
seq_0176,SURFACE PREP FOR DEPOSITION
seq_0176,DEPOSIT PAD OXIDE
seq_0176,ANNEAL OXIDE
seq_0176,MEASURE OXIDE THICKNESS
seq_0176,SPIN COAT PHOTORESIST
seq_0176,SOFT BAKE
seq_0176,ALIGN MASK LEVEL 1
seq_0176,EXPOSE LITHO LEVEL 1
seq_0176,DEVELOP PHOTORESIST
seq_0176,INSPECT PATTERN LEVEL 1
seq_0176,HARD BAKE
seq_0176,OXIDE ETCH DRY
seq_0176,STRIP PHOTORESIST
seq_0176,CLEAN AFTER ETCH
seq_0176,MEASURE CD LEVEL 1
seq_0176,DEPOSIT POLYSILICON
seq_0176,ANNEAL POLYSILICON
seq_0176,SPIN COAT PHOTORESIST
seq_0176,SOFT BAKE
seq_0176,ALIGN MASK LEVEL 2
seq_0176,EXPOSE LITHO LEVEL 2
seq_0176,DEVELOP PHOTORESIST
seq_0176,PATTERN INSPECTION LEVEL 2
seq_0176,POLYSILICON ETCH DRY
seq_0176,STRIP RESIST
seq_0176,CLEAN AFTER POLY ETCH
seq_0176,IMPLANT N-TYPE
seq_0176,PRE ANNEAL CHECK
seq_0176,RAPID THERMAL ANNEAL
seq_0176,MEASURE SHEET RESISTANCE
seq_0176,DEPOSIT INTERLEVEL DIELECTRIC
seq_0176,DENSIFY OXIDE
seq_0176,MEASURE DIELECTRIC THICKNESS
seq_0176,CMP DIELECTRIC
seq_0176,MEASURE SURFACE PLANARITY
seq_0176,SPIN COAT PHOTORESIST
seq_0176,SOFT BAKE
seq_0176,ALIGN MASK LEVEL 3
seq_0176,EXPOSE LITHO LEVEL 3
seq_0176,DEVELOP PHOTORESIST
seq_0176,VIA INSPECTION
seq_0176,DIELECTRIC ETCH VIA
seq_0176,STRIP PHOTORESIST
seq_0176,CLEAN AFTER VIA ETCH
seq_0176,DEPOSIT BARRIER METAL
seq_0176,DEPOSIT TUNGSTEN SEED
seq_0176,FILL VIA TUNGSTEN
seq_0176,CMP VIA FILL
seq_0176,MEASURE VIA RESISTANCE
seq_0176,DEPOSIT TOP METAL
seq_0176,ANNEAL METAL 1
seq_0176,SPIN COAT PHOTORESIST
seq_0176,SOFT BAKE
seq_0176,ALIGN MASK LEVEL 4
seq_0176,EXPOSE LITHO LEVEL 4
seq_0176,DEVELOP PHOTORESIST
seq_0176,METAL PATTERN INSPECTION
seq_0176,METAL ETCH DRY
seq_0176,STRIP RESIST
seq_0176,CLEAN AFTER METAL ETCH
seq_0176,MEASURE LINE WIDTH
seq_0176,DEPOSIT PASSIVATION
seq_0176,CURE PASSIVATION
seq_0176,MEASURE PASSIVATION QUALITY
seq_0176,OPEN PAD WINDOW
seq_0176,PAD WINDOW LITHO
seq_0176,DEVELOP PHOTORESIST
seq_0176,PASSIVATION ETCH PAD OPENING
seq_0176,STRIP RESIST
seq_0176,CLEAN PAD OPENING
seq_0176,MEASURE PAD OPENING
seq_0176,BACKSIDE CLEAN FINAL
seq_0176,DEPOSIT BACKSIDE PROTECTION
seq_0176,BACKSIDE ANNEAL
seq_0176,FINAL CLEAN
seq_0176,FINAL GEOMETRY CHECK
seq_0176,FINAL CD INSPECTION
seq_0176,FINAL PARTICLE INSPECTION
seq_0176,ELECTRICAL PARAMETRIC TEST
seq_0176,LEAKAGE TEST
seq_0176,PARAMETRIC TEST
seq_0176,SWITCHING TEST
seq_0176,WAFER SORT TEST
seq_0176,YIELD ANALYSIS
seq_0176,FINAL LOT RELEASE
seq_0176,PACKAGE PREPARATION
seq_0176,SHIP LOT
seq_0177,RECEIVE WAFER LOT
seq_0177,LOT IDENTIFICATION
seq_0177,PRE CLEAN INSPECTION
seq_0177,MEASURE SURFACE PARTICLES
seq_0177,WAFER CLEAN PRE PROCESS
seq_0177,WET CLEAN RCA1
seq_0177,RCA CLEAN 2
seq_0177,HF DIP
seq_0177,WAFER CLEAN PRE-GRIND
seq_0177,GRINDING WAFER BACKSIDE
seq_0177,MEASURE INITIAL GEOMETRY
seq_0177,ETCH WET BACKSIDE
seq_0177,RINSE WET WAFER_EDGE
seq_0177,DRY WAFER BACKSIDE
seq_0177,BACKSIDE CLEAN
seq_0177,MEASURE BACKSIDE ROUGHNESS
seq_0177,THERMAL OXIDATION
seq_0177,MEASURE OXIDE THICKNESS
seq_0177,WET CLEAN RCA1
seq_0177,WET CLEAN RCA2
seq_0177,HF DIP
seq_0177,OXIDE STRIP
seq_0177,SURFACE PREP FOR DEPOSITION
seq_0177,DEPOSIT PAD OXIDE
seq_0177,ANNEAL OXIDE
seq_0177,MEASURE FILM THICKNESS
seq_0177,SPIN COAT PHOTORESIST
seq_0177,SOFT BAKE
seq_0177,ALIGN MASK LEVEL 1
seq_0177,EXPOSE LITHO LEVEL 1
seq_0177,POST EXPOSE BAKE
seq_0177,DEVELOP PHOTORESIST
seq_0177,INSPECT PATTERN LEVEL 1
seq_0177,HARD BAKE
seq_0177,OXIDE ETCH DRY
seq_0177,STRIP PHOTORESIST
seq_0177,CLEAN AFTER ETCH
seq_0177,DEPOSIT POLYSILICON
seq_0177,ANNEAL POLYSILICON
seq_0177,SPIN COAT PHOTORESIST
seq_0177,SOFT BAKE
seq_0177,ALIGN MASK LEVEL 2
seq_0177,EXPOSE LITHO LEVEL 2
seq_0177,POST EXPOSE BAKE
seq_0177,DEVELOP PHOTORESIST
seq_0177,PATTERN INSPECTION LEVEL 2
seq_0177,POLYSILICON ETCH DRY
seq_0177,STRIP RESIST
seq_0177,CLEAN AFTER POLY ETCH
seq_0177,MEASURE CD LEVEL 2
seq_0177,IMPLANT N-TYPE
seq_0177,RAPID THERMAL ANNEAL
seq_0177,MEASURE SHEET RESISTANCE
seq_0177,DEPOSIT INTERLEVEL DIELECTRIC
seq_0177,DENSIFY OXIDE
seq_0177,MEASURE FILM THICKNESS
seq_0177,CMP INTERLAYER DIELECTRIC
seq_0177,MEASURE SURFACE PLANARITY
seq_0177,SPIN COAT PHOTORESIST
seq_0177,SOFT BAKE
seq_0177,ALIGN MASK LEVEL 3
seq_0177,EXPOSE LITHO LEVEL 3
seq_0177,DEVELOP PHOTORESIST
seq_0177,VIA OPENING INSPECTION
seq_0177,DIELECTRIC ETCH VIA
seq_0177,STRIP RESIST
seq_0177,CLEAN AFTER VIA ETCH
seq_0177,MEASURE VIA CD
seq_0177,DEPOSIT BARRIER METAL
seq_0177,DEPOSIT TUNGSTEN SEED
seq_0177,FILL VIA TUNGSTEN
seq_0177,CMP METAL
seq_0177,DEPOSIT METAL 1
seq_0177,ANNEAL METAL
seq_0177,SPIN COAT PHOTORESIST
seq_0177,SOFT BAKE
seq_0177,ALIGN MASK LEVEL 4
seq_0177,EXPOSE LITHO LEVEL 4
seq_0177,DEVELOP PHOTORESIST
seq_0177,METAL PATTERN INSPECTION
seq_0177,METAL ETCH DRY
seq_0177,STRIP PHOTORESIST
seq_0177,CLEAN AFTER METAL ETCH
seq_0177,MEASURE LINE WIDTH
seq_0177,DEPOSIT PASSIVATION
seq_0177,CURE PASSIVATION
seq_0177,MEASURE PASSIVATION THICKNESS
seq_0177,OPEN BOND PAD WINDOW
seq_0177,OPEN PAD WINDOW LITHO
seq_0177,DEVELOP PHOTORESIST
seq_0177,PASSIVATION ETCH
seq_0177,STRIP RESIST
seq_0177,CLEAN PAD OPENING
seq_0177,MEASURE PAD OPENING
seq_0177,BACKSIDE CLEAN
seq_0177,DEPOSIT BACKSIDE PROTECTION
seq_0177,BACKSIDE ANNEAL
seq_0177,FINAL CLEAN
seq_0177,FINAL THICKNESS MEASURE
seq_0177,FINAL GEOMETRY CHECK
seq_0177,FINAL OXIDE CHECK
seq_0177,FINAL CD INSPECTION
seq_0177,FINAL PARTICLE INSPECTION
seq_0177,ELECTRICAL PARAMETRIC TEST
seq_0177,LEAKAGE TEST
seq_0177,PARAMETRIC TEST
seq_0177,SWITCHING TEST
seq_0177,WAFER SORT TEST
seq_0177,YIELD ANALYSIS
seq_0177,FINAL LOT RELEASE
seq_0177,PACKAGE PREPARATION
seq_0177,SHIP LOT
seq_0178,RECEIVE WAFER LOT
seq_0178,LOT IDENTIFICATION
seq_0178,INITIAL WAFER INSPECTION
seq_0178,MEASURE INITIAL GEOMETRY
seq_0178,MEASURE SURFACE PARTICLES
seq_0178,WAFER CLEAN PRE PROCESS
seq_0178,BACKSIDE CLEAN
seq_0178,FRONTSIDE CLEAN
seq_0178,WET CLEAN RCA1
seq_0178,WET CLEAN RCA2
seq_0178,HF DIP
seq_0178,DRY WAFER
seq_0178,WAFER CLEAN PRE-GRIND
seq_0178,GRINDING WAFER BACKSIDE
seq_0178,MEASURE GEOMETRY
seq_0178,ETCH WET BACKSIDE
seq_0178,RINSE WET WAFER_EDGE
seq_0178,DRY WAFER BACKSIDE
seq_0178,BACKSIDE CLEAN
seq_0178,MEASURE BACKSIDE ROUGHNESS
seq_0178,THERMAL OXIDATION
seq_0178,MEASURE OXIDE THICKNESS
seq_0178,RCA CLEAN 1
seq_0178,WET CLEAN RCA2
seq_0178,HF DIP
seq_0178,OXIDE STRIP
seq_0178,SURFACE PREP FOR DEPOSITION
seq_0178,DEPOSIT PAD OXIDE
seq_0178,ANNEAL OXIDE
seq_0178,MEASURE FILM THICKNESS
seq_0178,SPIN COAT PHOTORESIST
seq_0178,SOFT BAKE
seq_0178,ALIGN MASK LEVEL 1
seq_0178,EXPOSE LITHO LEVEL 1
seq_0178,DEVELOP PHOTORESIST
seq_0178,INSPECT PATTERN LEVEL 1
seq_0178,HARD BAKE
seq_0178,OXIDE ETCH DRY
seq_0178,STRIP RESIST
seq_0178,CLEAN AFTER ETCH
seq_0178,MEASURE CD LEVEL 1
seq_0178,DEPOSIT POLYSILICON
seq_0178,ANNEAL POLYSILICON
seq_0178,SPIN COAT PHOTORESIST
seq_0178,SOFT BAKE
seq_0178,ALIGN MASK LEVEL 2
seq_0178,EXPOSE LITHO LEVEL 2
seq_0178,DEVELOP PHOTORESIST
seq_0178,PATTERN INSPECTION LEVEL 2
seq_0178,POLYSILICON ETCH DRY
seq_0178,STRIP RESIST LEVEL 2
seq_0178,CLEAN AFTER POLY ETCH
seq_0178,MEASURE CD LEVEL 2
seq_0178,IMPLANT N-TYPE
seq_0178,PRE ANNEAL CHECK
seq_0178,RAPID THERMAL ANNEAL
seq_0178,MEASURE SHEET RESISTANCE
seq_0178,DEPOSIT INTERLAYER DIELECTRIC
seq_0178,DENSIFY OXIDE
seq_0178,MEASURE DIELECTRIC THICKNESS
seq_0178,CMP DIELECTRIC
seq_0178,MEASURE SURFACE PLANARITY
seq_0178,SPIN COAT PHOTORESIST
seq_0178,SOFT BAKE
seq_0178,ALIGN MASK LEVEL 3
seq_0178,EXPOSE LITHO LEVEL 3
seq_0178,POST EXPOSE BAKE
seq_0178,DEVELOP PHOTORESIST
seq_0178,VIA OPENING INSPECTION
seq_0178,VIA ETCH THROUGH DIELECTRIC
seq_0178,STRIP RESIST
seq_0178,CLEAN AFTER VIA ETCH
seq_0178,MEASURE VIA CD
seq_0178,DEPOSIT BARRIER METAL
seq_0178,DEPOSIT TUNGSTEN SEED
seq_0178,FILL VIA TUNGSTEN
seq_0178,CMP METAL
seq_0178,MEASURE VIA RESISTANCE
seq_0178,DEPOSIT METAL 1
seq_0178,ANNEAL METAL 1
seq_0178,MEASURE METAL THICKNESS
seq_0178,SPIN COAT PHOTORESIST
seq_0178,SOFT BAKE
seq_0178,ALIGN MASK LEVEL 4
seq_0178,EXPOSE LITHO LEVEL 4
seq_0178,DEVELOP PHOTORESIST
seq_0178,METAL PATTERN INSPECTION
seq_0178,METAL ETCH DRY
seq_0178,STRIP PHOTORESIST
seq_0178,CLEAN AFTER METAL ETCH
seq_0178,MEASURE LINE WIDTH
seq_0178,DEPOSIT PASSIVATION LAYER
seq_0178,CURE PASSIVATION
seq_0178,MEASURE PASSIVATION QUALITY
seq_0178,OPEN BOND PAD WINDOW
seq_0178,OPEN PAD WINDOW LITHO
seq_0178,DEVELOP PAD WINDOW
seq_0178,PASSIVATION ETCH
seq_0178,STRIP PHOTORESIST
seq_0178,CLEAN PAD OPENING
seq_0178,MEASURE PAD OPENING
seq_0178,BACKSIDE THINNING CHECK
seq_0178,BACKSIDE CLEAN
seq_0178,DEPOSIT BACKSIDE PROTECTION
seq_0178,BACKSIDE ANNEAL
seq_0178,FRONTSIDE CLEAN FINAL
seq_0178,FINAL CLEAN
seq_0178,FINAL THICKNESS MEASURE
seq_0178,FINAL GEOMETRY CHECK
seq_0178,FINAL OXIDE CHECK
seq_0178,FINAL PARTICLE INSPECTION
seq_0178,PARAMETRIC TEST
seq_0178,LEAKAGE TEST
seq_0178,THRESHOLD VOLTAGE TEST
seq_0178,SWITCHING TEST
seq_0178,WAFER SORT TEST
seq_0178,YIELD ANALYSIS
seq_0178,LOT RELEASE
seq_0178,SHIP LOT
seq_0179,RECEIVE WAFER LOT
seq_0179,LOT IDENTIFICATION
seq_0179,PRE CLEAN INSPECTION
seq_0179,MEASURE SURFACE PARTICLES
seq_0179,WAFER CLEAN PRE PROCESS
seq_0179,BACKSIDE CLEAN
seq_0179,FRONTSIDE CLEAN
seq_0179,RCA CLEAN 1
seq_0179,RCA CLEAN 2
seq_0179,HF DIP
seq_0179,DRY WAFER
seq_0179,WAFER CLEAN PRE-GRIND
seq_0179,GRINDING WAFER BACKSIDE
seq_0179,MEASURE INITIAL GEOMETRY
seq_0179,ETCH WET BACKSIDE
seq_0179,RINSE WET WAFER_EDGE
seq_0179,DRY WAFER BACKSIDE
seq_0179,BACKSIDE CLEAN
seq_0179,MEASURE BACKSIDE ROUGHNESS
seq_0179,THERMAL OXIDATION
seq_0179,MEASURE OXIDE THICKNESS
seq_0179,WET CLEAN RCA1
seq_0179,RCA CLEAN 2
seq_0179,HF DIP
seq_0179,OXIDE STRIP
seq_0179,SURFACE PREP FOR DEPOSITION
seq_0179,DEPOSIT PAD OXIDE
seq_0179,ANNEAL OXIDE
seq_0179,MEASURE FILM THICKNESS
seq_0179,SPIN COAT PHOTORESIST
seq_0179,SOFT BAKE
seq_0179,ALIGN MASK LEVEL 1
seq_0179,EXPOSE LITHO LEVEL 1
seq_0179,DEVELOP PHOTORESIST
seq_0179,INSPECT PATTERN LEVEL 1
seq_0179,HARD BAKE
seq_0179,OXIDE ETCH DRY
seq_0179,STRIP PHOTORESIST
seq_0179,CLEAN AFTER ETCH
seq_0179,MEASURE CD LEVEL 1
seq_0179,DEPOSIT POLYSILICON
seq_0179,ANNEAL POLYSILICON
seq_0179,SPIN COAT PHOTORESIST
seq_0179,SOFT BAKE
seq_0179,ALIGN MASK LEVEL 2
seq_0179,EXPOSE LITHO LEVEL 2
seq_0179,DEVELOP PHOTORESIST
seq_0179,PATTERN INSPECTION LEVEL 2
seq_0179,HARD BAKE
seq_0179,POLYSILICON ETCH DRY
seq_0179,STRIP RESIST
seq_0179,CLEAN AFTER POLY ETCH
seq_0179,MEASURE CD LEVEL 2
seq_0179,IMPLANT N-TYPE
seq_0179,PRE ANNEAL CHECK
seq_0179,RAPID THERMAL ANNEAL
seq_0179,MEASURE SHEET RESISTANCE
seq_0179,DEPOSIT INTERLAYER DIELECTRIC
seq_0179,DENSIFY OXIDE
seq_0179,MEASURE DIELECTRIC THICKNESS
seq_0179,CMP INTERLAYER DIELECTRIC
seq_0179,MEASURE SURFACE PLANARITY
seq_0179,SPIN COAT PHOTORESIST
seq_0179,SOFT BAKE
seq_0179,ALIGN MASK LEVEL 3
seq_0179,EXPOSE LITHO LEVEL 3
seq_0179,DEVELOP PHOTORESIST
seq_0179,VIA INSPECTION
seq_0179,DIELECTRIC ETCH VIA
seq_0179,STRIP RESIST
seq_0179,CLEAN AFTER VIA ETCH
seq_0179,MEASURE VIA CD
seq_0179,DEPOSIT BARRIER METAL
seq_0179,DEPOSIT TUNGSTEN SEED
seq_0179,FILL VIA TUNGSTEN
seq_0179,CMP METAL
seq_0179,MEASURE CONTACT RESISTANCE
seq_0179,DEPOSIT METAL 1
seq_0179,ANNEAL METAL
seq_0179,SPIN COAT PHOTORESIST
seq_0179,SOFT BAKE
seq_0179,ALIGN MASK LEVEL 4
seq_0179,EXPOSE LITHO LEVEL 4
seq_0179,POST EXPOSE BAKE
seq_0179,DEVELOP PHOTORESIST
seq_0179,METAL PATTERN INSPECTION
seq_0179,METAL ETCH DRY
seq_0179,STRIP RESIST
seq_0179,CLEAN AFTER METAL ETCH
seq_0179,DEPOSIT PASSIVATION LAYER
seq_0179,CURE PASSIVATION
seq_0179,MEASURE PASSIVATION QUALITY
seq_0179,OPEN BOND PAD WINDOW
seq_0179,PAD WINDOW LITHO
seq_0179,DEVELOP PHOTORESIST
seq_0179,PASSIVATION ETCH PAD OPENING
seq_0179,STRIP RESIST
seq_0179,CLEAN PAD OPENING
seq_0179,MEASURE PAD OPENING
seq_0179,BACKSIDE THINNING CHECK
seq_0179,BACKSIDE CLEAN FINAL
seq_0179,DEPOSIT BACKSIDE PROTECTION
seq_0179,BACKSIDE ANNEAL
seq_0179,FRONTSIDE CLEAN FINAL
seq_0179,FINAL CLEAN
seq_0179,FINAL THICKNESS MEASURE
seq_0179,FINAL GEOMETRY CHECK
seq_0179,FINAL OXIDE CHECK
seq_0179,FINAL CD INSPECTION
seq_0179,FINAL PARTICLE INSPECTION
seq_0179,FINAL ELECTRICAL TEST PREP
seq_0179,ELECTRICAL PARAMETRIC TEST
seq_0179,LEAKAGE TEST
seq_0179,THRESHOLD VOLTAGE TEST
seq_0179,SWITCHING TEST
seq_0179,WAFER SORT TEST
seq_0179,YIELD ANALYSIS
seq_0179,LOT RELEASE
seq_0179,PACKAGE PREPARATION
seq_0179,SHIP LOT
seq_0180,RECEIVE WAFER LOT
seq_0180,LOT IDENTIFICATION
seq_0180,PRE CLEAN INSPECTION
seq_0180,MEASURE SURFACE DEFECTS
seq_0180,WAFER CLEAN PRE PROCESS
seq_0180,BACKSIDE CLEAN
seq_0180,WET CLEAN RCA1
seq_0180,RCA CLEAN 2
seq_0180,HF DIP
seq_0180,WAFER CLEAN PRE-GRIND
seq_0180,GRINDING WAFER BACKSIDE
seq_0180,MEASURE GEOMETRY
seq_0180,ETCH WET BACKSIDE
seq_0180,RINSE WET WAFER_EDGE
seq_0180,DRY WAFER BACKSIDE
seq_0180,BACKSIDE CLEAN
seq_0180,MEASURE BACKSIDE ROUGHNESS
seq_0180,THERMAL OXIDATION
seq_0180,MEASURE OXIDE THICKNESS
seq_0180,WET CLEAN RCA1
seq_0180,RCA CLEAN 2
seq_0180,HF DIP
seq_0180,OXIDE STRIP
seq_0180,SURFACE PREP FOR DEPOSITION
seq_0180,DEPOSIT PAD OXIDE
seq_0180,ANNEAL OXIDE
seq_0180,MEASURE OXIDE THICKNESS
seq_0180,SPIN COAT PHOTORESIST
seq_0180,SOFT BAKE
seq_0180,ALIGN MASK LEVEL 1
seq_0180,EXPOSE LITHO LEVEL 1
seq_0180,DEVELOP PHOTORESIST
seq_0180,INSPECT PATTERN LEVEL 1
seq_0180,HARD BAKE
seq_0180,OXIDE ETCH DRY
seq_0180,STRIP PHOTORESIST
seq_0180,CLEAN AFTER ETCH
seq_0180,MEASURE CD LEVEL 1
seq_0180,DEPOSIT POLYSILICON
seq_0180,ANNEAL POLYSILICON
seq_0180,SPIN COAT PHOTORESIST
seq_0180,SOFT BAKE
seq_0180,ALIGN MASK LEVEL 2
seq_0180,EXPOSE LITHO LEVEL 2
seq_0180,POST EXPOSE BAKE
seq_0180,DEVELOP PHOTORESIST
seq_0180,PATTERN INSPECTION LEVEL 2
seq_0180,HARD BAKE
seq_0180,POLYSILICON ETCH DRY
seq_0180,STRIP RESIST
seq_0180,CLEAN AFTER POLY ETCH
seq_0180,MEASURE CD LEVEL 2
seq_0180,IMPLANT N-TYPE
seq_0180,RAPID THERMAL ANNEAL
seq_0180,MEASURE SHEET RESISTANCE
seq_0180,DEPOSIT INTERLAYER DIELECTRIC
seq_0180,DENSIFY DIELECTRIC
seq_0180,MEASURE DIELECTRIC THICKNESS
seq_0180,CMP INTERLAYER DIELECTRIC
seq_0180,MEASURE SURFACE PLANARITY
seq_0180,SPIN COAT PHOTORESIST
seq_0180,SOFT BAKE
seq_0180,ALIGN MASK LEVEL 3
seq_0180,EXPOSE LITHO LEVEL 3
seq_0180,DEVELOP PHOTORESIST
seq_0180,VIA OPENING INSPECTION
seq_0180,HARD BAKE
seq_0180,DIELECTRIC ETCH VIA
seq_0180,STRIP RESIST
seq_0180,CLEAN AFTER VIA ETCH
seq_0180,MEASURE VIA CD
seq_0180,DEPOSIT BARRIER METAL
seq_0180,DEPOSIT TUNGSTEN SEED
seq_0180,FILL VIA TUNGSTEN
seq_0180,CMP METAL
seq_0180,DEPOSIT METAL 1
seq_0180,ANNEAL METAL 1
seq_0180,SPIN COAT PHOTORESIST
seq_0180,SOFT BAKE
seq_0180,ALIGN MASK LEVEL 4
seq_0180,EXPOSE LITHO LEVEL 4
seq_0180,POST EXPOSE BAKE
seq_0180,DEVELOP PHOTORESIST
seq_0180,METAL PATTERN INSPECTION
seq_0180,METAL ETCH DRY
seq_0180,STRIP PHOTORESIST
seq_0180,CLEAN AFTER METAL ETCH
seq_0180,MEASURE LINE WIDTH
seq_0180,DEPOSIT PASSIVATION LAYER
seq_0180,CURE PASSIVATION
seq_0180,MEASURE PASSIVATION THICKNESS
seq_0180,OPEN BOND PAD WINDOW
seq_0180,PAD WINDOW LITHO
seq_0180,DEVELOP PHOTORESIST
seq_0180,PASSIVATION ETCH PAD OPENING
seq_0180,STRIP RESIST
seq_0180,CLEAN PAD OPENING
seq_0180,MEASURE PAD OPENING
seq_0180,BACKSIDE CLEAN FINAL
seq_0180,DEPOSIT BACKSIDE PROTECTION
seq_0180,BACKSIDE ANNEAL
seq_0180,FRONTSIDE CLEAN FINAL
seq_0180,FINAL CLEAN
seq_0180,FINAL THICKNESS MEASURE
seq_0180,FINAL GEOMETRY CHECK
seq_0180,FINAL OXIDE CHECK
seq_0180,FINAL CD INSPECTION
seq_0180,ELECTRICAL PARAMETRIC TEST
seq_0180,LEAKAGE TEST
seq_0180,THRESHOLD VOLTAGE TEST
seq_0180,SWITCHING TEST
seq_0180,WAFER SORT TEST
seq_0180,YIELD ANALYSIS
seq_0180,FINAL LOT RELEASE
seq_0180,PACKAGE PREPARATION
seq_0180,SHIP LOT
seq_0181,RECEIVE WAFER LOT
seq_0181,LOT IDENTIFICATION
seq_0181,INITIAL WAFER INSPECTION
seq_0181,MEASURE SURFACE DEFECTS
seq_0181,WAFER CLEAN PRE PROCESS
seq_0181,BACKSIDE CLEAN
seq_0181,WET CLEAN RCA1
seq_0181,WET CLEAN RCA2
seq_0181,HF DIP
seq_0181,DRY WAFER
seq_0181,WAFER CLEAN PRE-GRIND
seq_0181,GRINDING WAFER BACKSIDE
seq_0181,MEASURE INITIAL GEOMETRY
seq_0181,ETCH WET BACKSIDE
seq_0181,RINSE WET WAFER_EDGE
seq_0181,DRY WAFER BACKSIDE
seq_0181,BACKSIDE CLEAN
seq_0181,MEASURE BACKSIDE ROUGHNESS
seq_0181,THERMAL OXIDATION
seq_0181,MEASURE OXIDE THICKNESS
seq_0181,WET CLEAN RCA1
seq_0181,WET CLEAN RCA2
seq_0181,HF DIP
seq_0181,OXIDE STRIP
seq_0181,SURFACE PREP FOR DEPOSITION
seq_0181,DEPOSIT PAD OXIDE
seq_0181,ANNEAL OXIDE
seq_0181,MEASURE OXIDE THICKNESS
seq_0181,SPIN COAT PHOTORESIST
seq_0181,SOFT BAKE
seq_0181,ALIGN MASK LEVEL 1
seq_0181,EXPOSE LITHO LEVEL 1
seq_0181,DEVELOP PHOTORESIST
seq_0181,INSPECT PATTERN LEVEL 1
seq_0181,HARD BAKE
seq_0181,OXIDE ETCH DRY
seq_0181,STRIP PHOTORESIST
seq_0181,CLEAN AFTER ETCH
seq_0181,DEPOSIT POLYSILICON
seq_0181,ANNEAL POLYSILICON
seq_0181,SPIN COAT PHOTORESIST
seq_0181,SOFT BAKE
seq_0181,ALIGN MASK LEVEL 2
seq_0181,EXPOSE LITHO LEVEL 2
seq_0181,DEVELOP PHOTORESIST
seq_0181,PATTERN INSPECTION LEVEL 2
seq_0181,POLYSILICON ETCH DRY
seq_0181,STRIP RESIST
seq_0181,CLEAN AFTER POLY ETCH
seq_0181,MEASURE CD LEVEL 2
seq_0181,IMPLANT N-TYPE
seq_0181,PRE ANNEAL CHECK
seq_0181,RAPID THERMAL ANNEAL
seq_0181,MEASURE SHEET RESISTANCE
seq_0181,DEPOSIT INTERLAYER DIELECTRIC
seq_0181,DENSIFY DIELECTRIC
seq_0181,MEASURE DIELECTRIC THICKNESS
seq_0181,CMP DIELECTRIC
seq_0181,MEASURE PLANARITY
seq_0181,SPIN COAT PHOTORESIST
seq_0181,SOFT BAKE
seq_0181,ALIGN MASK LEVEL 3
seq_0181,EXPOSE LITHO LEVEL 3
seq_0181,DEVELOP PHOTORESIST
seq_0181,VIA OPENING INSPECTION
seq_0181,HARD BAKE
seq_0181,DIELECTRIC ETCH VIA
seq_0181,STRIP PHOTORESIST
seq_0181,CLEAN AFTER VIA ETCH
seq_0181,DEPOSIT BARRIER METAL
seq_0181,DEPOSIT TUNGSTEN SEED
seq_0181,FILL VIA TUNGSTEN
seq_0181,CMP VIA FILL
seq_0181,MEASURE VIA RESISTANCE
seq_0181,DEPOSIT TOP METAL
seq_0181,ANNEAL METAL 1
seq_0181,SPIN COAT PHOTORESIST
seq_0181,SOFT BAKE
seq_0181,ALIGN MASK LEVEL 4
seq_0181,EXPOSE LITHO LEVEL 4
seq_0181,POST EXPOSE BAKE
seq_0181,DEVELOP PHOTORESIST
seq_0181,METAL PATTERN INSPECTION
seq_0181,METAL ETCH DRY
seq_0181,STRIP PHOTORESIST
seq_0181,CLEAN AFTER METAL ETCH
seq_0181,DEPOSIT PASSIVATION LAYER
seq_0181,CURE PASSIVATION
seq_0181,MEASURE PASSIVATION QUALITY
seq_0181,OPEN BOND PAD WINDOW
seq_0181,PAD WINDOW LITHO
seq_0181,DEVELOP PHOTORESIST
seq_0181,PASSIVATION ETCH
seq_0181,STRIP PHOTORESIST
seq_0181,CLEAN PAD OPENING
seq_0181,MEASURE PAD OPENING
seq_0181,BACKSIDE THINNING CHECK
seq_0181,BACKSIDE CLEAN
seq_0181,DEPOSIT BACKSIDE PROTECTION
seq_0181,BACKSIDE ANNEAL
seq_0181,FINAL CLEAN
seq_0181,FINAL THICKNESS MEASURE
seq_0181,FINAL OXIDE CHECK
seq_0181,FINAL PARTICLE INSPECTION
seq_0181,FINAL ELECTRICAL TEST PREP
seq_0181,PARAMETRIC TEST
seq_0181,LEAKAGE TEST
seq_0181,SWITCHING TEST
seq_0181,WAFER SORT TEST
seq_0181,YIELD ANALYSIS
seq_0181,FINAL LOT RELEASE
seq_0181,SHIP LOT
seq_0182,RECEIVE WAFER LOT
seq_0182,LOT IDENTIFICATION
seq_0182,INITIAL WAFER INSPECTION
seq_0182,MEASURE INITIAL GEOMETRY
seq_0182,MEASURE SURFACE DEFECTS
seq_0182,WAFER CLEAN PRE PROCESS
seq_0182,FRONTSIDE CLEAN
seq_0182,RCA CLEAN 1
seq_0182,RCA CLEAN 2
seq_0182,HF DIP
seq_0182,DRY WAFER
seq_0182,WAFER CLEAN PRE-GRIND
seq_0182,GRINDING WAFER BACKSIDE
seq_0182,MEASURE GEOMETRY
seq_0182,ETCH WET BACKSIDE
seq_0182,RINSE WET WAFER_EDGE
seq_0182,DRY WAFER BACKSIDE
seq_0182,BACKSIDE CLEAN
seq_0182,MEASURE BACKSIDE ROUGHNESS
seq_0182,THERMAL OXIDATION
seq_0182,MEASURE OXIDE THICKNESS
seq_0182,RCA CLEAN 1
seq_0182,RCA CLEAN 2
seq_0182,HF DIP
seq_0182,OXIDE STRIP
seq_0182,SURFACE PREP FOR DEPOSITION
seq_0182,DEPOSIT PAD OXIDE
seq_0182,ANNEAL OXIDE
seq_0182,MEASURE FILM THICKNESS
seq_0182,SPIN COAT PHOTORESIST
seq_0182,SOFT BAKE
seq_0182,ALIGN MASK LEVEL 1
seq_0182,EXPOSE LITHO LEVEL 1
seq_0182,POST EXPOSE BAKE
seq_0182,DEVELOP PHOTORESIST
seq_0182,INSPECT PATTERN LEVEL 1
seq_0182,HARD BAKE
seq_0182,OXIDE ETCH DRY
seq_0182,STRIP RESIST
seq_0182,CLEAN AFTER ETCH
seq_0182,MEASURE CD LEVEL 1
seq_0182,DEPOSIT POLYSILICON
seq_0182,ANNEAL POLYSILICON
seq_0182,SPIN COAT PHOTORESIST
seq_0182,SOFT BAKE
seq_0182,ALIGN MASK LEVEL 2
seq_0182,EXPOSE LITHO LEVEL 2
seq_0182,DEVELOP PHOTORESIST
seq_0182,PATTERN INSPECTION LEVEL 2
seq_0182,HARD BAKE
seq_0182,POLYSILICON ETCH DRY
seq_0182,STRIP RESIST LEVEL 2
seq_0182,CLEAN AFTER POLY ETCH
seq_0182,MEASURE CD LEVEL 2
seq_0182,IMPLANT N-TYPE
seq_0182,RAPID THERMAL ANNEAL
seq_0182,MEASURE SHEET RESISTANCE
seq_0182,DEPOSIT INTERLAYER DIELECTRIC
seq_0182,DENSIFY DIELECTRIC
seq_0182,MEASURE FILM THICKNESS
seq_0182,CMP INTERLAYER DIELECTRIC
seq_0182,MEASURE SURFACE PLANARITY
seq_0182,SPIN COAT PHOTORESIST
seq_0182,SOFT BAKE
seq_0182,ALIGN MASK LEVEL 3
seq_0182,EXPOSE LITHO LEVEL 3
seq_0182,DEVELOP PHOTORESIST
seq_0182,VIA INSPECTION
seq_0182,VIA ETCH
seq_0182,STRIP PHOTORESIST
seq_0182,CLEAN AFTER VIA ETCH
seq_0182,MEASURE VIA CD
seq_0182,DEPOSIT BARRIER METAL
seq_0182,DEPOSIT TUNGSTEN SEED
seq_0182,FILL VIA TUNGSTEN
seq_0182,CMP VIA FILL
seq_0182,MEASURE VIA RESISTANCE
seq_0182,DEPOSIT METAL 1
seq_0182,ANNEAL METAL 1
seq_0182,MEASURE METAL THICKNESS
seq_0182,SPIN COAT PHOTORESIST
seq_0182,SOFT BAKE
seq_0182,ALIGN MASK LEVEL 4
seq_0182,EXPOSE LITHO LEVEL 4
seq_0182,DEVELOP PHOTORESIST
seq_0182,METAL PATTERN INSPECTION
seq_0182,METAL ETCH DRY
seq_0182,STRIP PHOTORESIST
seq_0182,CLEAN AFTER METAL ETCH
seq_0182,MEASURE LINE WIDTH
seq_0182,DEPOSIT PASSIVATION
seq_0182,CURE PASSIVATION
seq_0182,MEASURE PASSIVATION THICKNESS
seq_0182,OPEN BOND PAD WINDOW
seq_0182,OPEN PAD WINDOW LITHO
seq_0182,DEVELOP PAD WINDOW
seq_0182,PASSIVATION ETCH PAD OPENING
seq_0182,STRIP RESIST
seq_0182,CLEAN PAD OPENING
seq_0182,MEASURE PAD OPENING
seq_0182,BACKSIDE THINNING CHECK
seq_0182,BACKSIDE CLEAN
seq_0182,DEPOSIT BACKSIDE PROTECTION
seq_0182,BACKSIDE ANNEAL
seq_0182,FRONTSIDE CLEAN FINAL
seq_0182,FINAL CLEAN
seq_0182,FINAL THICKNESS MEASURE
seq_0182,FINAL GEOMETRY CHECK
seq_0182,FINAL CD INSPECTION
seq_0182,ELECTRICAL PARAMETRIC TEST
seq_0182,LEAKAGE TEST
seq_0182,THRESHOLD VOLTAGE TEST
seq_0182,SWITCHING TEST
seq_0182,WAFER SORT TEST
seq_0182,YIELD ANALYSIS
seq_0182,FINAL LOT RELEASE
seq_0182,PACKAGE PREPARATION
seq_0182,SHIP LOT
seq_0183,RECEIVE WAFER LOT
seq_0183,LOT IDENTIFICATION
seq_0183,INITIAL WAFER INSPECTION
seq_0183,MEASURE INITIAL THICKNESS
seq_0183,MEASURE SURFACE PARTICLES
seq_0183,WAFER CLEAN PRE PROCESS
seq_0183,FRONTSIDE CLEAN
seq_0183,WET CLEAN RCA1
seq_0183,RCA CLEAN 2
seq_0183,HF DIP
seq_0183,WAFER CLEAN PRE-GRIND
seq_0183,GRINDING WAFER BACKSIDE
seq_0183,MEASURE GEOMETRY
seq_0183,ETCH WET BACKSIDE
seq_0183,RINSE WET WAFER_EDGE
seq_0183,DRY WAFER BACKSIDE
seq_0183,BACKSIDE CLEAN
seq_0183,MEASURE BACKSIDE ROUGHNESS
seq_0183,THERMAL OXIDATION
seq_0183,MEASURE OXIDE THICKNESS
seq_0183,RCA CLEAN 1
seq_0183,WET CLEAN RCA2
seq_0183,HF DIP
seq_0183,OXIDE STRIP
seq_0183,SURFACE PREP FOR DEPOSITION
seq_0183,DEPOSIT PAD OXIDE
seq_0183,ANNEAL OXIDE
seq_0183,MEASURE OXIDE THICKNESS
seq_0183,SPIN COAT PHOTORESIST
seq_0183,SOFT BAKE
seq_0183,ALIGN MASK LEVEL 1
seq_0183,EXPOSE LITHO LEVEL 1
seq_0183,DEVELOP PHOTORESIST
seq_0183,INSPECT PATTERN LEVEL 1
seq_0183,HARD BAKE
seq_0183,OXIDE ETCH DRY
seq_0183,STRIP RESIST
seq_0183,CLEAN AFTER ETCH
seq_0183,MEASURE CD LEVEL 1
seq_0183,DEPOSIT POLYSILICON
seq_0183,ANNEAL POLYSILICON
seq_0183,SPIN COAT PHOTORESIST
seq_0183,SOFT BAKE
seq_0183,ALIGN MASK LEVEL 2
seq_0183,EXPOSE LITHO LEVEL 2
seq_0183,DEVELOP PHOTORESIST
seq_0183,PATTERN INSPECTION LEVEL 2
seq_0183,POLYSILICON ETCH DRY
seq_0183,STRIP RESIST LEVEL 2
seq_0183,CLEAN AFTER POLY ETCH
seq_0183,MEASURE CD LEVEL 2
seq_0183,IMPLANT N-TYPE
seq_0183,RAPID THERMAL ANNEAL
seq_0183,MEASURE SHEET RESISTANCE
seq_0183,DEPOSIT INTERLAYER DIELECTRIC
seq_0183,DENSIFY DIELECTRIC
seq_0183,MEASURE DIELECTRIC THICKNESS
seq_0183,CMP INTERLAYER DIELECTRIC
seq_0183,MEASURE SURFACE PLANARITY
seq_0183,SPIN COAT PHOTORESIST
seq_0183,SOFT BAKE
seq_0183,ALIGN MASK LEVEL 3
seq_0183,EXPOSE LITHO LEVEL 3
seq_0183,DEVELOP PHOTORESIST
seq_0183,VIA OPENING INSPECTION
seq_0183,DIELECTRIC ETCH VIA
seq_0183,STRIP PHOTORESIST
seq_0183,CLEAN AFTER VIA ETCH
seq_0183,MEASURE VIA CD
seq_0183,DEPOSIT BARRIER METAL
seq_0183,DEPOSIT TUNGSTEN SEED
seq_0183,FILL VIA TUNGSTEN
seq_0183,CMP METAL
seq_0183,MEASURE CONTACT RESISTANCE
seq_0183,DEPOSIT METAL 1
seq_0183,ANNEAL METAL 1
seq_0183,SPIN COAT PHOTORESIST
seq_0183,SOFT BAKE
seq_0183,ALIGN MASK LEVEL 4
seq_0183,EXPOSE LITHO LEVEL 4
seq_0183,DEVELOP PHOTORESIST
seq_0183,METAL PATTERN INSPECTION
seq_0183,METAL ETCH DRY
seq_0183,STRIP PHOTORESIST
seq_0183,CLEAN AFTER METAL ETCH
seq_0183,MEASURE LINE WIDTH
seq_0183,DEPOSIT PASSIVATION LAYER
seq_0183,CURE PASSIVATION
seq_0183,MEASURE PASSIVATION THICKNESS
seq_0183,OPEN PAD WINDOW
seq_0183,PAD WINDOW LITHO
seq_0183,DEVELOP PAD WINDOW
seq_0183,PASSIVATION ETCH PAD OPENING
seq_0183,STRIP PHOTORESIST
seq_0183,CLEAN PAD OPENING
seq_0183,MEASURE PAD OPENING
seq_0183,BACKSIDE THINNING CHECK
seq_0183,BACKSIDE CLEAN FINAL
seq_0183,DEPOSIT BACKSIDE PROTECTION
seq_0183,BACKSIDE ANNEAL
seq_0183,FRONTSIDE CLEAN FINAL
seq_0183,FINAL CLEAN
seq_0183,FINAL THICKNESS MEASURE
seq_0183,FINAL GEOMETRY CHECK
seq_0183,FINAL CD INSPECTION
seq_0183,FINAL PARTICLE INSPECTION
seq_0183,ELECTRICAL PARAMETRIC TEST
seq_0183,LEAKAGE TEST
seq_0183,PARAMETRIC TEST
seq_0183,SWITCHING TEST
seq_0183,WAFER SORT TEST
seq_0183,YIELD ANALYSIS
seq_0183,FINAL LOT RELEASE
seq_0183,SHIP LOT
seq_0184,RECEIVE WAFER LOT
seq_0184,LOT IDENTIFICATION
seq_0184,PRE CLEAN INSPECTION
seq_0184,MEASURE INITIAL GEOMETRY
seq_0184,MEASURE SURFACE DEFECTS
seq_0184,WAFER CLEAN PRE PROCESS
seq_0184,RCA CLEAN 1
seq_0184,WET CLEAN RCA2
seq_0184,HF DIP
seq_0184,WAFER CLEAN PRE-GRIND
seq_0184,GRINDING WAFER BACKSIDE
seq_0184,MEASURE INITIAL GEOMETRY
seq_0184,ETCH WET BACKSIDE
seq_0184,RINSE WET WAFER_EDGE
seq_0184,DRY WAFER BACKSIDE
seq_0184,BACKSIDE CLEAN
seq_0184,MEASURE BACKSIDE ROUGHNESS
seq_0184,THERMAL OXIDATION
seq_0184,MEASURE OXIDE THICKNESS
seq_0184,RCA CLEAN 1
seq_0184,RCA CLEAN 2
seq_0184,HF DIP
seq_0184,OXIDE STRIP
seq_0184,SURFACE PREP FOR DEPOSITION
seq_0184,DEPOSIT PAD OXIDE
seq_0184,ANNEAL OXIDE
seq_0184,MEASURE FILM THICKNESS
seq_0184,SPIN COAT PHOTORESIST
seq_0184,SOFT BAKE
seq_0184,ALIGN MASK LEVEL 1
seq_0184,EXPOSE LITHO LEVEL 1
seq_0184,DEVELOP PHOTORESIST
seq_0184,INSPECT PATTERN LEVEL 1
seq_0184,HARD BAKE
seq_0184,OXIDE ETCH DRY
seq_0184,STRIP RESIST
seq_0184,CLEAN AFTER ETCH
seq_0184,MEASURE CD LEVEL 1
seq_0184,DEPOSIT POLYSILICON
seq_0184,ANNEAL POLYSILICON
seq_0184,SPIN COAT PHOTORESIST
seq_0184,SOFT BAKE
seq_0184,ALIGN MASK LEVEL 2
seq_0184,EXPOSE LITHO LEVEL 2
seq_0184,DEVELOP PHOTORESIST
seq_0184,PATTERN INSPECTION LEVEL 2
seq_0184,POLYSILICON ETCH DRY
seq_0184,STRIP RESIST
seq_0184,CLEAN AFTER POLY ETCH
seq_0184,IMPLANT N-TYPE
seq_0184,PRE ANNEAL CHECK
seq_0184,RAPID THERMAL ANNEAL
seq_0184,MEASURE SHEET RESISTANCE
seq_0184,DEPOSIT INTERLEVEL DIELECTRIC
seq_0184,DENSIFY DIELECTRIC
seq_0184,MEASURE DIELECTRIC THICKNESS
seq_0184,CMP INTERLAYER DIELECTRIC
seq_0184,MEASURE PLANARITY
seq_0184,SPIN COAT PHOTORESIST
seq_0184,SOFT BAKE
seq_0184,ALIGN MASK LEVEL 3
seq_0184,EXPOSE LITHO LEVEL 3
seq_0184,DEVELOP PHOTORESIST
seq_0184,VIA OPENING INSPECTION
seq_0184,DIELECTRIC ETCH VIA
seq_0184,STRIP PHOTORESIST
seq_0184,CLEAN AFTER VIA ETCH
seq_0184,MEASURE VIA CD
seq_0184,DEPOSIT BARRIER METAL
seq_0184,DEPOSIT TUNGSTEN SEED
seq_0184,FILL VIA TUNGSTEN
seq_0184,CMP METAL
seq_0184,MEASURE CONTACT RESISTANCE
seq_0184,DEPOSIT TOP METAL
seq_0184,ANNEAL METAL 1
seq_0184,SPIN COAT PHOTORESIST
seq_0184,SOFT BAKE
seq_0184,ALIGN MASK LEVEL 4
seq_0184,EXPOSE LITHO LEVEL 4
seq_0184,DEVELOP PHOTORESIST
seq_0184,METAL PATTERN INSPECTION
seq_0184,HARD BAKE
seq_0184,METAL ETCH DRY
seq_0184,STRIP RESIST
seq_0184,CLEAN AFTER METAL ETCH
seq_0184,DEPOSIT PASSIVATION
seq_0184,CURE PASSIVATION
seq_0184,MEASURE PASSIVATION QUALITY
seq_0184,OPEN PAD WINDOW
seq_0184,PAD WINDOW LITHO
seq_0184,DEVELOP PHOTORESIST
seq_0184,PASSIVATION ETCH PAD OPENING
seq_0184,STRIP RESIST
seq_0184,CLEAN PAD OPENING
seq_0184,MEASURE PAD OPENING
seq_0184,BACKSIDE THINNING CHECK
seq_0184,BACKSIDE CLEAN FINAL
seq_0184,DEPOSIT BACKSIDE PROTECTION
seq_0184,BACKSIDE ANNEAL
seq_0184,FRONTSIDE CLEAN FINAL
seq_0184,FINAL CLEAN
seq_0184,FINAL THICKNESS MEASURE
seq_0184,FINAL CD INSPECTION
seq_0184,FINAL PARTICLE INSPECTION
seq_0184,FINAL ELECTRICAL TEST PREP
seq_0184,ELECTRICAL PARAMETRIC TEST
seq_0184,LEAKAGE TEST
seq_0184,THRESHOLD VOLTAGE TEST
seq_0184,SWITCHING TEST
seq_0184,WAFER SORT TEST
seq_0184,YIELD ANALYSIS
seq_0184,FINAL LOT RELEASE
seq_0184,PACKAGE PREPARATION
seq_0184,SHIP LOT
seq_0185,RECEIVE WAFER LOT
seq_0185,LOT IDENTIFICATION
seq_0185,PRE CLEAN INSPECTION
seq_0185,MEASURE INITIAL THICKNESS
seq_0185,MEASURE SURFACE PARTICLES
seq_0185,WAFER CLEAN PRE PROCESS
seq_0185,BACKSIDE CLEAN
seq_0185,FRONTSIDE CLEAN
seq_0185,RCA CLEAN 1
seq_0185,RCA CLEAN 2
seq_0185,HF DIP
seq_0185,DRY WAFER
seq_0185,WAFER CLEAN PRE-GRIND
seq_0185,GRINDING WAFER BACKSIDE
seq_0185,MEASURE INITIAL GEOMETRY
seq_0185,ETCH WET BACKSIDE
seq_0185,RINSE WET WAFER_EDGE
seq_0185,DRY WAFER BACKSIDE
seq_0185,BACKSIDE CLEAN
seq_0185,MEASURE BACKSIDE ROUGHNESS
seq_0185,THERMAL OXIDATION
seq_0185,MEASURE OXIDE THICKNESS
seq_0185,WET CLEAN RCA1
seq_0185,WET CLEAN RCA2
seq_0185,HF DIP
seq_0185,OXIDE STRIP
seq_0185,SURFACE PREP FOR DEPOSITION
seq_0185,DEPOSIT PAD OXIDE
seq_0185,ANNEAL OXIDE
seq_0185,MEASURE OXIDE THICKNESS
seq_0185,SPIN COAT PHOTORESIST
seq_0185,SOFT BAKE
seq_0185,ALIGN MASK LEVEL 1
seq_0185,EXPOSE LITHO LEVEL 1
seq_0185,DEVELOP PHOTORESIST
seq_0185,INSPECT PATTERN LEVEL 1
seq_0185,HARD BAKE
seq_0185,OXIDE ETCH DRY
seq_0185,STRIP RESIST
seq_0185,CLEAN AFTER ETCH
seq_0185,DEPOSIT POLYSILICON
seq_0185,ANNEAL POLYSILICON
seq_0185,SPIN COAT PHOTORESIST
seq_0185,SOFT BAKE
seq_0185,ALIGN MASK LEVEL 2
seq_0185,EXPOSE LITHO LEVEL 2
seq_0185,DEVELOP PHOTORESIST
seq_0185,PATTERN INSPECTION LEVEL 2
seq_0185,POLYSILICON ETCH DRY
seq_0185,STRIP RESIST LEVEL 2
seq_0185,CLEAN AFTER POLY ETCH
seq_0185,MEASURE CD LEVEL 2
seq_0185,IMPLANT N-TYPE
seq_0185,PRE ANNEAL CHECK
seq_0185,RAPID THERMAL ANNEAL
seq_0185,DEPOSIT INTERLEVEL DIELECTRIC
seq_0185,DENSIFY OXIDE
seq_0185,MEASURE FILM THICKNESS
seq_0185,CMP DIELECTRIC
seq_0185,MEASURE PLANARITY
seq_0185,SPIN COAT PHOTORESIST
seq_0185,SOFT BAKE
seq_0185,ALIGN MASK LEVEL 3
seq_0185,EXPOSE LITHO LEVEL 3
seq_0185,DEVELOP PHOTORESIST
seq_0185,VIA OPENING INSPECTION
seq_0185,VIA ETCH
seq_0185,STRIP PHOTORESIST
seq_0185,CLEAN AFTER VIA ETCH
seq_0185,MEASURE VIA CD
seq_0185,DEPOSIT BARRIER METAL
seq_0185,DEPOSIT TUNGSTEN SEED
seq_0185,FILL VIA TUNGSTEN
seq_0185,CMP VIA FILL
seq_0185,MEASURE VIA RESISTANCE
seq_0185,DEPOSIT METAL 1
seq_0185,ANNEAL METAL
seq_0185,SPIN COAT PHOTORESIST
seq_0185,SOFT BAKE
seq_0185,ALIGN MASK LEVEL 4
seq_0185,EXPOSE LITHO LEVEL 4
seq_0185,DEVELOP PHOTORESIST
seq_0185,METAL PATTERN INSPECTION
seq_0185,METAL ETCH DRY
seq_0185,STRIP PHOTORESIST
seq_0185,CLEAN AFTER METAL ETCH
seq_0185,MEASURE LINE WIDTH
seq_0185,DEPOSIT PASSIVATION LAYER
seq_0185,CURE PASSIVATION
seq_0185,MEASURE PASSIVATION THICKNESS
seq_0185,OPEN PAD WINDOW
seq_0185,OPEN PAD WINDOW LITHO
seq_0185,DEVELOP PHOTORESIST
seq_0185,PASSIVATION ETCH PAD OPENING
seq_0185,STRIP PHOTORESIST
seq_0185,CLEAN PAD OPENING
seq_0185,MEASURE PAD OPENING
seq_0185,BACKSIDE CLEAN
seq_0185,DEPOSIT BACKSIDE PROTECTION
seq_0185,BACKSIDE ANNEAL
seq_0185,FINAL CLEAN
seq_0185,FINAL THICKNESS MEASURE
seq_0185,FINAL GEOMETRY CHECK
seq_0185,FINAL CD INSPECTION
seq_0185,FINAL PARTICLE INSPECTION
seq_0185,ELECTRICAL PARAMETRIC TEST
seq_0185,LEAKAGE TEST
seq_0185,THRESHOLD VOLTAGE TEST
seq_0185,SWITCHING TEST
seq_0185,WAFER SORT TEST
seq_0185,YIELD ANALYSIS
seq_0185,LOT RELEASE
seq_0185,SHIP LOT
seq_0186,RECEIVE WAFER LOT
seq_0186,LOT IDENTIFICATION
seq_0186,PRE CLEAN INSPECTION
seq_0186,MEASURE INITIAL THICKNESS
seq_0186,MEASURE SURFACE DEFECTS
seq_0186,WAFER CLEAN PRE PROCESS
seq_0186,BACKSIDE CLEAN
seq_0186,FRONTSIDE CLEAN
seq_0186,WET CLEAN RCA1
seq_0186,WET CLEAN RCA2
seq_0186,HF DIP
seq_0186,DRY WAFER
seq_0186,WAFER CLEAN PRE-GRIND
seq_0186,GRINDING WAFER BACKSIDE
seq_0186,MEASURE INITIAL GEOMETRY
seq_0186,ETCH WET BACKSIDE
seq_0186,RINSE WET WAFER_EDGE
seq_0186,DRY WAFER BACKSIDE
seq_0186,BACKSIDE CLEAN
seq_0186,MEASURE BACKSIDE ROUGHNESS
seq_0186,THERMAL OXIDATION
seq_0186,MEASURE OXIDE THICKNESS
seq_0186,RCA CLEAN 1
seq_0186,RCA CLEAN 2
seq_0186,HF DIP
seq_0186,OXIDE STRIP
seq_0186,SURFACE PREP FOR DEPOSITION
seq_0186,DEPOSIT PAD OXIDE
seq_0186,ANNEAL OXIDE
seq_0186,MEASURE OXIDE THICKNESS
seq_0186,SPIN COAT PHOTORESIST
seq_0186,SOFT BAKE
seq_0186,ALIGN MASK LEVEL 1
seq_0186,EXPOSE LITHO LEVEL 1
seq_0186,DEVELOP PHOTORESIST
seq_0186,INSPECT PATTERN LEVEL 1
seq_0186,HARD BAKE
seq_0186,OXIDE ETCH DRY
seq_0186,STRIP PHOTORESIST
seq_0186,CLEAN AFTER ETCH
seq_0186,DEPOSIT POLYSILICON
seq_0186,ANNEAL POLYSILICON
seq_0186,SPIN COAT PHOTORESIST
seq_0186,SOFT BAKE
seq_0186,ALIGN MASK LEVEL 2
seq_0186,EXPOSE LITHO LEVEL 2
seq_0186,POST EXPOSE BAKE
seq_0186,DEVELOP PHOTORESIST
seq_0186,PATTERN INSPECTION LEVEL 2
seq_0186,POLYSILICON ETCH DRY
seq_0186,STRIP RESIST
seq_0186,CLEAN AFTER POLY ETCH
seq_0186,MEASURE CD LEVEL 2
seq_0186,IMPLANT N-TYPE
seq_0186,RAPID THERMAL ANNEAL
seq_0186,MEASURE SHEET RESISTANCE
seq_0186,DEPOSIT INTERLAYER DIELECTRIC
seq_0186,DENSIFY DIELECTRIC
seq_0186,MEASURE DIELECTRIC THICKNESS
seq_0186,CMP INTERLAYER DIELECTRIC
seq_0186,MEASURE PLANARITY
seq_0186,SPIN COAT PHOTORESIST
seq_0186,SOFT BAKE
seq_0186,ALIGN MASK LEVEL 3
seq_0186,EXPOSE LITHO LEVEL 3
seq_0186,DEVELOP PHOTORESIST
seq_0186,VIA INSPECTION
seq_0186,VIA ETCH THROUGH DIELECTRIC
seq_0186,STRIP RESIST
seq_0186,CLEAN AFTER VIA ETCH
seq_0186,MEASURE VIA CD
seq_0186,DEPOSIT BARRIER METAL
seq_0186,DEPOSIT TUNGSTEN SEED
seq_0186,FILL VIA TUNGSTEN
seq_0186,CMP VIA FILL
seq_0186,MEASURE CONTACT RESISTANCE
seq_0186,DEPOSIT METAL 1
seq_0186,ANNEAL METAL 1
seq_0186,MEASURE METAL THICKNESS
seq_0186,SPIN COAT PHOTORESIST
seq_0186,SOFT BAKE
seq_0186,ALIGN MASK LEVEL 4
seq_0186,EXPOSE LITHO LEVEL 4
seq_0186,DEVELOP PHOTORESIST
seq_0186,METAL PATTERN INSPECTION
seq_0186,METAL ETCH DRY
seq_0186,STRIP RESIST
seq_0186,CLEAN AFTER METAL ETCH
seq_0186,MEASURE LINE WIDTH
seq_0186,DEPOSIT PASSIVATION
seq_0186,CURE PASSIVATION
seq_0186,MEASURE PASSIVATION THICKNESS
seq_0186,OPEN PAD WINDOW
seq_0186,PAD WINDOW LITHO
seq_0186,DEVELOP PHOTORESIST
seq_0186,PASSIVATION ETCH
seq_0186,STRIP RESIST
seq_0186,CLEAN PAD OPENING
seq_0186,MEASURE PAD OPENING
seq_0186,BACKSIDE THINNING CHECK
seq_0186,BACKSIDE CLEAN
seq_0186,DEPOSIT BACKSIDE PROTECTION
seq_0186,BACKSIDE ANNEAL
seq_0186,FRONTSIDE CLEAN FINAL
seq_0186,FINAL CLEAN
seq_0186,FINAL THICKNESS MEASURE
seq_0186,FINAL GEOMETRY CHECK
seq_0186,FINAL CD INSPECTION
seq_0186,FINAL PARTICLE INSPECTION
seq_0186,FINAL ELECTRICAL TEST PREP
seq_0186,ELECTRICAL PARAMETRIC TEST
seq_0186,LEAKAGE TEST
seq_0186,PARAMETRIC TEST
seq_0186,SWITCHING TEST
seq_0186,WAFER SORT TEST
seq_0186,YIELD ANALYSIS
seq_0186,LOT RELEASE
seq_0186,PACKAGE PREPARATION
seq_0186,SHIP LOT
seq_0187,RECEIVE WAFER LOT
seq_0187,LOT IDENTIFICATION
seq_0187,INITIAL WAFER INSPECTION
seq_0187,MEASURE SURFACE PARTICLES
seq_0187,WAFER CLEAN PRE PROCESS
seq_0187,BACKSIDE CLEAN
seq_0187,RCA CLEAN 1
seq_0187,WET CLEAN RCA2
seq_0187,HF DIP
seq_0187,DRY WAFER
seq_0187,WAFER CLEAN PRE-GRIND
seq_0187,GRINDING WAFER BACKSIDE
seq_0187,MEASURE GEOMETRY
seq_0187,ETCH WET BACKSIDE
seq_0187,RINSE WET WAFER_EDGE
seq_0187,DRY WAFER BACKSIDE
seq_0187,BACKSIDE CLEAN
seq_0187,MEASURE BACKSIDE ROUGHNESS
seq_0187,THERMAL OXIDATION
seq_0187,MEASURE OXIDE THICKNESS
seq_0187,RCA CLEAN 1
seq_0187,WET CLEAN RCA2
seq_0187,HF DIP
seq_0187,OXIDE STRIP
seq_0187,SURFACE PREP FOR DEPOSITION
seq_0187,DEPOSIT PAD OXIDE
seq_0187,ANNEAL OXIDE
seq_0187,MEASURE OXIDE THICKNESS
seq_0187,SPIN COAT PHOTORESIST
seq_0187,SOFT BAKE
seq_0187,ALIGN MASK LEVEL 1
seq_0187,EXPOSE LITHO LEVEL 1
seq_0187,DEVELOP PHOTORESIST
seq_0187,INSPECT PATTERN LEVEL 1
seq_0187,HARD BAKE
seq_0187,OXIDE ETCH DRY
seq_0187,STRIP PHOTORESIST
seq_0187,CLEAN AFTER ETCH
seq_0187,MEASURE CD LEVEL 1
seq_0187,DEPOSIT POLYSILICON
seq_0187,ANNEAL POLYSILICON
seq_0187,SPIN COAT PHOTORESIST
seq_0187,SOFT BAKE
seq_0187,ALIGN MASK LEVEL 2
seq_0187,EXPOSE LITHO LEVEL 2
seq_0187,DEVELOP PHOTORESIST
seq_0187,PATTERN INSPECTION LEVEL 2
seq_0187,HARD BAKE
seq_0187,POLYSILICON ETCH DRY
seq_0187,STRIP RESIST
seq_0187,CLEAN AFTER POLY ETCH
seq_0187,MEASURE CD LEVEL 2
seq_0187,IMPLANT N-TYPE
seq_0187,PRE ANNEAL CHECK
seq_0187,RAPID THERMAL ANNEAL
seq_0187,DEPOSIT INTERLAYER DIELECTRIC
seq_0187,DENSIFY OXIDE
seq_0187,MEASURE DIELECTRIC THICKNESS
seq_0187,CMP DIELECTRIC
seq_0187,MEASURE PLANARITY
seq_0187,SPIN COAT PHOTORESIST
seq_0187,SOFT BAKE
seq_0187,ALIGN MASK LEVEL 3
seq_0187,EXPOSE LITHO LEVEL 3
seq_0187,DEVELOP PHOTORESIST
seq_0187,VIA INSPECTION
seq_0187,HARD BAKE
seq_0187,VIA ETCH
seq_0187,STRIP RESIST
seq_0187,CLEAN AFTER VIA ETCH
seq_0187,DEPOSIT BARRIER METAL
seq_0187,DEPOSIT TUNGSTEN SEED
seq_0187,FILL VIA TUNGSTEN
seq_0187,CMP METAL
seq_0187,MEASURE VIA RESISTANCE
seq_0187,DEPOSIT TOP METAL
seq_0187,ANNEAL METAL
seq_0187,MEASURE METAL THICKNESS
seq_0187,SPIN COAT PHOTORESIST
seq_0187,SOFT BAKE
seq_0187,ALIGN MASK LEVEL 4
seq_0187,EXPOSE LITHO LEVEL 4
seq_0187,DEVELOP PHOTORESIST
seq_0187,METAL PATTERN INSPECTION
seq_0187,METAL ETCH DRY
seq_0187,STRIP PHOTORESIST
seq_0187,CLEAN AFTER METAL ETCH
seq_0187,MEASURE LINE WIDTH
seq_0187,DEPOSIT PASSIVATION
seq_0187,CURE PASSIVATION
seq_0187,MEASURE PASSIVATION THICKNESS
seq_0187,OPEN BOND PAD WINDOW
seq_0187,PAD WINDOW LITHO
seq_0187,DEVELOP PHOTORESIST
seq_0187,PASSIVATION ETCH PAD OPENING
seq_0187,STRIP RESIST
seq_0187,CLEAN PAD OPENING
seq_0187,MEASURE PAD OPENING
seq_0187,BACKSIDE CLEAN FINAL
seq_0187,DEPOSIT BACKSIDE PROTECTION
seq_0187,BACKSIDE ANNEAL
seq_0187,FINAL CLEAN
seq_0187,FINAL THICKNESS MEASURE
seq_0187,FINAL GEOMETRY CHECK
seq_0187,FINAL OXIDE CHECK
seq_0187,FINAL CD INSPECTION
seq_0187,FINAL ELECTRICAL TEST PREP
seq_0187,PARAMETRIC TEST
seq_0187,LEAKAGE TEST
seq_0187,THRESHOLD VOLTAGE TEST
seq_0187,SWITCHING TEST
seq_0187,WAFER SORT TEST
seq_0187,YIELD ANALYSIS
seq_0187,FINAL LOT RELEASE
seq_0187,SHIP LOT
seq_0188,RECEIVE WAFER LOT
seq_0188,LOT IDENTIFICATION
seq_0188,PRE CLEAN INSPECTION
seq_0188,MEASURE SURFACE DEFECTS
seq_0188,WAFER CLEAN PRE PROCESS
seq_0188,WET CLEAN RCA1
seq_0188,WET CLEAN RCA2
seq_0188,HF DIP
seq_0188,DRY WAFER
seq_0188,WAFER CLEAN PRE-GRIND
seq_0188,GRINDING WAFER BACKSIDE
seq_0188,MEASURE GEOMETRY
seq_0188,ETCH WET BACKSIDE
seq_0188,RINSE WET WAFER_EDGE
seq_0188,DRY WAFER BACKSIDE
seq_0188,BACKSIDE CLEAN
seq_0188,MEASURE BACKSIDE ROUGHNESS
seq_0188,THERMAL OXIDATION
seq_0188,MEASURE OXIDE THICKNESS
seq_0188,WET CLEAN RCA1
seq_0188,WET CLEAN RCA2
seq_0188,HF DIP
seq_0188,OXIDE STRIP
seq_0188,SURFACE PREP FOR DEPOSITION
seq_0188,DEPOSIT PAD OXIDE
seq_0188,ANNEAL OXIDE
seq_0188,MEASURE FILM THICKNESS
seq_0188,SPIN COAT PHOTORESIST
seq_0188,SOFT BAKE
seq_0188,ALIGN MASK LEVEL 1
seq_0188,EXPOSE LITHO LEVEL 1
seq_0188,DEVELOP PHOTORESIST
seq_0188,INSPECT PATTERN LEVEL 1
seq_0188,HARD BAKE
seq_0188,OXIDE ETCH DRY
seq_0188,STRIP PHOTORESIST
seq_0188,CLEAN AFTER ETCH
seq_0188,MEASURE CD LEVEL 1
seq_0188,DEPOSIT POLYSILICON
seq_0188,ANNEAL POLYSILICON
seq_0188,SPIN COAT PHOTORESIST
seq_0188,SOFT BAKE
seq_0188,ALIGN MASK LEVEL 2
seq_0188,EXPOSE LITHO LEVEL 2
seq_0188,DEVELOP PHOTORESIST
seq_0188,PATTERN INSPECTION LEVEL 2
seq_0188,POLYSILICON ETCH DRY
seq_0188,STRIP RESIST
seq_0188,CLEAN AFTER POLY ETCH
seq_0188,MEASURE CD LEVEL 2
seq_0188,IMPLANT N-TYPE
seq_0188,PRE ANNEAL CHECK
seq_0188,RAPID THERMAL ANNEAL
seq_0188,MEASURE SHEET RESISTANCE
seq_0188,DEPOSIT INTERLAYER DIELECTRIC
seq_0188,DENSIFY OXIDE
seq_0188,MEASURE DIELECTRIC THICKNESS
seq_0188,CMP INTERLAYER DIELECTRIC
seq_0188,MEASURE PLANARITY
seq_0188,SPIN COAT PHOTORESIST
seq_0188,SOFT BAKE
seq_0188,ALIGN MASK LEVEL 3
seq_0188,EXPOSE LITHO LEVEL 3
seq_0188,DEVELOP PHOTORESIST
seq_0188,VIA INSPECTION
seq_0188,VIA ETCH
seq_0188,STRIP PHOTORESIST
seq_0188,CLEAN AFTER VIA ETCH
seq_0188,MEASURE VIA CD
seq_0188,DEPOSIT BARRIER METAL
seq_0188,DEPOSIT TUNGSTEN SEED
seq_0188,FILL VIA TUNGSTEN
seq_0188,CMP METAL
seq_0188,MEASURE CONTACT RESISTANCE
seq_0188,DEPOSIT TOP METAL
seq_0188,ANNEAL METAL
seq_0188,SPIN COAT PHOTORESIST
seq_0188,SOFT BAKE
seq_0188,ALIGN MASK LEVEL 4
seq_0188,EXPOSE LITHO LEVEL 4
seq_0188,POST EXPOSE BAKE
seq_0188,DEVELOP PHOTORESIST
seq_0188,METAL PATTERN INSPECTION
seq_0188,HARD BAKE
seq_0188,METAL ETCH DRY
seq_0188,STRIP PHOTORESIST
seq_0188,CLEAN AFTER METAL ETCH
seq_0188,MEASURE LINE WIDTH
seq_0188,DEPOSIT PASSIVATION
seq_0188,CURE PASSIVATION
seq_0188,MEASURE PASSIVATION QUALITY
seq_0188,OPEN PAD WINDOW
seq_0188,PAD WINDOW LITHO
seq_0188,DEVELOP PHOTORESIST
seq_0188,PASSIVATION ETCH PAD OPENING
seq_0188,STRIP RESIST
seq_0188,CLEAN PAD OPENING
seq_0188,MEASURE PAD OPENING
seq_0188,BACKSIDE THINNING CHECK
seq_0188,BACKSIDE CLEAN FINAL
seq_0188,DEPOSIT BACKSIDE PROTECTION
seq_0188,BACKSIDE ANNEAL
seq_0188,FRONTSIDE CLEAN FINAL
seq_0188,FINAL CLEAN
seq_0188,FINAL THICKNESS MEASURE
seq_0188,FINAL GEOMETRY CHECK
seq_0188,FINAL OXIDE CHECK
seq_0188,FINAL ELECTRICAL TEST PREP
seq_0188,PARAMETRIC TEST
seq_0188,LEAKAGE TEST
seq_0188,SWITCHING TEST
seq_0188,WAFER SORT TEST
seq_0188,YIELD ANALYSIS
seq_0188,LOT RELEASE
seq_0188,SHIP LOT
seq_0189,RECEIVE WAFER LOT
seq_0189,LOT IDENTIFICATION
seq_0189,PRE CLEAN INSPECTION
seq_0189,MEASURE INITIAL THICKNESS
seq_0189,MEASURE SURFACE PARTICLES
seq_0189,WAFER CLEAN PRE PROCESS
seq_0189,WET CLEAN RCA1
seq_0189,WET CLEAN RCA2
seq_0189,HF DIP
seq_0189,DRY WAFER
seq_0189,WAFER CLEAN PRE-GRIND
seq_0189,GRINDING WAFER BACKSIDE
seq_0189,MEASURE GEOMETRY
seq_0189,ETCH WET BACKSIDE
seq_0189,RINSE WET WAFER_EDGE
seq_0189,DRY WAFER BACKSIDE
seq_0189,BACKSIDE CLEAN
seq_0189,MEASURE BACKSIDE ROUGHNESS
seq_0189,THERMAL OXIDATION
seq_0189,MEASURE OXIDE THICKNESS
seq_0189,WET CLEAN RCA1
seq_0189,WET CLEAN RCA2
seq_0189,HF DIP
seq_0189,OXIDE STRIP
seq_0189,SURFACE PREP FOR DEPOSITION
seq_0189,DEPOSIT PAD OXIDE
seq_0189,ANNEAL OXIDE
seq_0189,MEASURE OXIDE THICKNESS
seq_0189,SPIN COAT PHOTORESIST
seq_0189,SOFT BAKE
seq_0189,ALIGN MASK LEVEL 1
seq_0189,EXPOSE LITHO LEVEL 1
seq_0189,DEVELOP PHOTORESIST
seq_0189,INSPECT PATTERN LEVEL 1
seq_0189,HARD BAKE
seq_0189,OXIDE ETCH DRY
seq_0189,STRIP PHOTORESIST
seq_0189,CLEAN AFTER ETCH
seq_0189,MEASURE CD LEVEL 1
seq_0189,DEPOSIT POLYSILICON
seq_0189,ANNEAL POLYSILICON
seq_0189,SPIN COAT PHOTORESIST
seq_0189,SOFT BAKE
seq_0189,ALIGN MASK LEVEL 2
seq_0189,EXPOSE LITHO LEVEL 2
seq_0189,DEVELOP PHOTORESIST
seq_0189,PATTERN INSPECTION LEVEL 2
seq_0189,HARD BAKE
seq_0189,POLYSILICON ETCH DRY
seq_0189,STRIP RESIST LEVEL 2
seq_0189,CLEAN AFTER POLY ETCH
seq_0189,MEASURE CD LEVEL 2
seq_0189,IMPLANT N-TYPE
seq_0189,PRE ANNEAL CHECK
seq_0189,RAPID THERMAL ANNEAL
seq_0189,MEASURE SHEET RESISTANCE
seq_0189,DEPOSIT INTERLAYER DIELECTRIC
seq_0189,DENSIFY DIELECTRIC
seq_0189,MEASURE DIELECTRIC THICKNESS
seq_0189,CMP INTERLAYER DIELECTRIC
seq_0189,MEASURE PLANARITY
seq_0189,SPIN COAT PHOTORESIST
seq_0189,SOFT BAKE
seq_0189,ALIGN MASK LEVEL 3
seq_0189,EXPOSE LITHO LEVEL 3
seq_0189,POST EXPOSE BAKE
seq_0189,DEVELOP PHOTORESIST
seq_0189,VIA OPENING INSPECTION
seq_0189,VIA ETCH
seq_0189,STRIP PHOTORESIST
seq_0189,CLEAN AFTER VIA ETCH
seq_0189,MEASURE VIA CD
seq_0189,DEPOSIT BARRIER METAL
seq_0189,DEPOSIT TUNGSTEN SEED
seq_0189,FILL VIA TUNGSTEN
seq_0189,CMP VIA FILL
seq_0189,MEASURE VIA RESISTANCE
seq_0189,DEPOSIT TOP METAL
seq_0189,ANNEAL METAL 1
seq_0189,SPIN COAT PHOTORESIST
seq_0189,SOFT BAKE
seq_0189,ALIGN MASK LEVEL 4
seq_0189,EXPOSE LITHO LEVEL 4
seq_0189,DEVELOP PHOTORESIST
seq_0189,METAL PATTERN INSPECTION
seq_0189,METAL ETCH DRY
seq_0189,STRIP PHOTORESIST
seq_0189,CLEAN AFTER METAL ETCH
seq_0189,MEASURE LINE WIDTH
seq_0189,DEPOSIT PASSIVATION
seq_0189,CURE PASSIVATION
seq_0189,MEASURE PASSIVATION QUALITY
seq_0189,OPEN BOND PAD WINDOW
seq_0189,OPEN PAD WINDOW LITHO
seq_0189,DEVELOP PAD WINDOW
seq_0189,PASSIVATION ETCH PAD OPENING
seq_0189,STRIP PHOTORESIST
seq_0189,CLEAN PAD OPENING
seq_0189,MEASURE PAD OPENING
seq_0189,BACKSIDE THINNING CHECK
seq_0189,BACKSIDE CLEAN
seq_0189,DEPOSIT BACKSIDE PROTECTION
seq_0189,BACKSIDE ANNEAL
seq_0189,FINAL CLEAN
seq_0189,FINAL GEOMETRY CHECK
seq_0189,FINAL CD INSPECTION
seq_0189,FINAL PARTICLE INSPECTION
seq_0189,FINAL ELECTRICAL TEST PREP
seq_0189,PARAMETRIC TEST
seq_0189,LEAKAGE TEST
seq_0189,SWITCHING TEST
seq_0189,WAFER SORT TEST
seq_0189,YIELD ANALYSIS
seq_0189,LOT RELEASE
seq_0189,PACKAGE PREPARATION
seq_0189,SHIP LOT
seq_0190,RECEIVE WAFER LOT
seq_0190,LOT IDENTIFICATION
seq_0190,PRE CLEAN INSPECTION
seq_0190,MEASURE SURFACE PARTICLES
seq_0190,WAFER CLEAN PRE PROCESS
seq_0190,BACKSIDE CLEAN
seq_0190,FRONTSIDE CLEAN
seq_0190,WET CLEAN RCA1
seq_0190,WET CLEAN RCA2
seq_0190,HF DIP
seq_0190,DRY WAFER
seq_0190,WAFER CLEAN PRE-GRIND
seq_0190,GRINDING WAFER BACKSIDE
seq_0190,MEASURE GEOMETRY
seq_0190,ETCH WET BACKSIDE
seq_0190,RINSE WET WAFER_EDGE
seq_0190,DRY WAFER BACKSIDE
seq_0190,BACKSIDE CLEAN
seq_0190,MEASURE BACKSIDE ROUGHNESS
seq_0190,THERMAL OXIDATION
seq_0190,MEASURE OXIDE THICKNESS
seq_0190,WET CLEAN RCA1
seq_0190,WET CLEAN RCA2
seq_0190,HF DIP
seq_0190,OXIDE STRIP
seq_0190,SURFACE PREP FOR DEPOSITION
seq_0190,DEPOSIT PAD OXIDE
seq_0190,ANNEAL OXIDE
seq_0190,MEASURE OXIDE THICKNESS
seq_0190,SPIN COAT PHOTORESIST
seq_0190,SOFT BAKE
seq_0190,ALIGN MASK LEVEL 1
seq_0190,EXPOSE LITHO LEVEL 1
seq_0190,DEVELOP PHOTORESIST
seq_0190,INSPECT PATTERN LEVEL 1
seq_0190,HARD BAKE
seq_0190,OXIDE ETCH DRY
seq_0190,STRIP PHOTORESIST
seq_0190,CLEAN AFTER ETCH
seq_0190,MEASURE CD LEVEL 1
seq_0190,DEPOSIT POLYSILICON
seq_0190,ANNEAL POLYSILICON
seq_0190,SPIN COAT PHOTORESIST
seq_0190,SOFT BAKE
seq_0190,ALIGN MASK LEVEL 2
seq_0190,EXPOSE LITHO LEVEL 2
seq_0190,DEVELOP PHOTORESIST
seq_0190,PATTERN INSPECTION LEVEL 2
seq_0190,POLYSILICON ETCH DRY
seq_0190,STRIP RESIST
seq_0190,CLEAN AFTER POLY ETCH
seq_0190,IMPLANT N-TYPE
seq_0190,RAPID THERMAL ANNEAL
seq_0190,MEASURE SHEET RESISTANCE
seq_0190,DEPOSIT INTERLEVEL DIELECTRIC
seq_0190,DENSIFY OXIDE
seq_0190,MEASURE DIELECTRIC THICKNESS
seq_0190,CMP INTERLAYER DIELECTRIC
seq_0190,MEASURE SURFACE PLANARITY
seq_0190,SPIN COAT PHOTORESIST
seq_0190,SOFT BAKE
seq_0190,ALIGN MASK LEVEL 3
seq_0190,EXPOSE LITHO LEVEL 3
seq_0190,DEVELOP PHOTORESIST
seq_0190,VIA INSPECTION
seq_0190,HARD BAKE
seq_0190,VIA ETCH THROUGH DIELECTRIC
seq_0190,STRIP PHOTORESIST
seq_0190,CLEAN AFTER VIA ETCH
seq_0190,MEASURE VIA CD
seq_0190,DEPOSIT BARRIER METAL
seq_0190,DEPOSIT TUNGSTEN SEED
seq_0190,FILL VIA TUNGSTEN
seq_0190,CMP VIA FILL
seq_0190,MEASURE CONTACT RESISTANCE
seq_0190,DEPOSIT METAL 1
seq_0190,ANNEAL METAL
seq_0190,SPIN COAT PHOTORESIST
seq_0190,SOFT BAKE
seq_0190,ALIGN MASK LEVEL 4
seq_0190,EXPOSE LITHO LEVEL 4
seq_0190,DEVELOP PHOTORESIST
seq_0190,METAL PATTERN INSPECTION
seq_0190,METAL ETCH DRY
seq_0190,STRIP RESIST
seq_0190,CLEAN AFTER METAL ETCH
seq_0190,MEASURE LINE WIDTH
seq_0190,DEPOSIT PASSIVATION LAYER
seq_0190,CURE PASSIVATION
seq_0190,MEASURE PASSIVATION THICKNESS
seq_0190,OPEN PAD WINDOW
seq_0190,PAD WINDOW LITHO
seq_0190,DEVELOP PAD WINDOW
seq_0190,PASSIVATION ETCH
seq_0190,STRIP PHOTORESIST
seq_0190,CLEAN PAD OPENING
seq_0190,MEASURE PAD OPENING
seq_0190,BACKSIDE THINNING CHECK
seq_0190,BACKSIDE CLEAN
seq_0190,DEPOSIT BACKSIDE PROTECTION
seq_0190,BACKSIDE ANNEAL
seq_0190,FRONTSIDE CLEAN FINAL
seq_0190,FINAL CLEAN
seq_0190,FINAL THICKNESS MEASURE
seq_0190,FINAL GEOMETRY CHECK
seq_0190,FINAL CD INSPECTION
seq_0190,FINAL PARTICLE INSPECTION
seq_0190,FINAL ELECTRICAL TEST PREP
seq_0190,PARAMETRIC TEST
seq_0190,LEAKAGE TEST
seq_0190,THRESHOLD VOLTAGE TEST
seq_0190,SWITCHING TEST
seq_0190,WAFER SORT TEST
seq_0190,YIELD ANALYSIS
seq_0190,FINAL LOT RELEASE
seq_0190,PACKAGE PREPARATION
seq_0190,SHIP LOT
seq_0191,RECEIVE WAFER LOT
seq_0191,LOT IDENTIFICATION
seq_0191,INITIAL WAFER INSPECTION
seq_0191,MEASURE INITIAL GEOMETRY
seq_0191,MEASURE SURFACE PARTICLES
seq_0191,WAFER CLEAN PRE PROCESS
seq_0191,BACKSIDE CLEAN
seq_0191,FRONTSIDE CLEAN
seq_0191,RCA CLEAN 1
seq_0191,WET CLEAN RCA2
seq_0191,HF DIP
seq_0191,WAFER CLEAN PRE-GRIND
seq_0191,GRINDING WAFER BACKSIDE
seq_0191,MEASURE GEOMETRY
seq_0191,ETCH WET BACKSIDE
seq_0191,RINSE WET WAFER_EDGE
seq_0191,DRY WAFER BACKSIDE
seq_0191,BACKSIDE CLEAN
seq_0191,MEASURE BACKSIDE ROUGHNESS
seq_0191,THERMAL OXIDATION
seq_0191,MEASURE OXIDE THICKNESS
seq_0191,WET CLEAN RCA1
seq_0191,RCA CLEAN 2
seq_0191,HF DIP
seq_0191,OXIDE STRIP
seq_0191,SURFACE PREP FOR DEPOSITION
seq_0191,DEPOSIT PAD OXIDE
seq_0191,ANNEAL OXIDE
seq_0191,MEASURE FILM THICKNESS
seq_0191,SPIN COAT PHOTORESIST
seq_0191,SOFT BAKE
seq_0191,ALIGN MASK LEVEL 1
seq_0191,EXPOSE LITHO LEVEL 1
seq_0191,DEVELOP PHOTORESIST
seq_0191,INSPECT PATTERN LEVEL 1
seq_0191,HARD BAKE
seq_0191,OXIDE ETCH DRY
seq_0191,STRIP RESIST
seq_0191,CLEAN AFTER ETCH
seq_0191,MEASURE CD LEVEL 1
seq_0191,DEPOSIT POLYSILICON
seq_0191,ANNEAL POLYSILICON
seq_0191,SPIN COAT PHOTORESIST
seq_0191,SOFT BAKE
seq_0191,ALIGN MASK LEVEL 2
seq_0191,EXPOSE LITHO LEVEL 2
seq_0191,POST EXPOSE BAKE
seq_0191,DEVELOP PHOTORESIST
seq_0191,PATTERN INSPECTION LEVEL 2
seq_0191,HARD BAKE
seq_0191,POLYSILICON ETCH DRY
seq_0191,STRIP RESIST
seq_0191,CLEAN AFTER POLY ETCH
seq_0191,MEASURE CD LEVEL 2
seq_0191,IMPLANT N-TYPE
seq_0191,RAPID THERMAL ANNEAL
seq_0191,DEPOSIT INTERLEVEL DIELECTRIC
seq_0191,DENSIFY DIELECTRIC
seq_0191,MEASURE FILM THICKNESS
seq_0191,CMP INTERLAYER DIELECTRIC
seq_0191,MEASURE PLANARITY
seq_0191,SPIN COAT PHOTORESIST
seq_0191,SOFT BAKE
seq_0191,ALIGN MASK LEVEL 3
seq_0191,EXPOSE LITHO LEVEL 3
seq_0191,DEVELOP PHOTORESIST
seq_0191,VIA INSPECTION
seq_0191,HARD BAKE
seq_0191,DIELECTRIC ETCH VIA
seq_0191,STRIP RESIST
seq_0191,CLEAN AFTER VIA ETCH
seq_0191,MEASURE VIA CD
seq_0191,DEPOSIT BARRIER METAL
seq_0191,DEPOSIT TUNGSTEN SEED
seq_0191,FILL VIA TUNGSTEN
seq_0191,CMP METAL
seq_0191,MEASURE CONTACT RESISTANCE
seq_0191,DEPOSIT METAL 1
seq_0191,ANNEAL METAL
seq_0191,MEASURE METAL THICKNESS
seq_0191,SPIN COAT PHOTORESIST
seq_0191,SOFT BAKE
seq_0191,ALIGN MASK LEVEL 4
seq_0191,EXPOSE LITHO LEVEL 4
seq_0191,DEVELOP PHOTORESIST
seq_0191,METAL PATTERN INSPECTION
seq_0191,METAL ETCH DRY
seq_0191,STRIP RESIST
seq_0191,CLEAN AFTER METAL ETCH
seq_0191,MEASURE LINE WIDTH
seq_0191,DEPOSIT PASSIVATION LAYER
seq_0191,CURE PASSIVATION
seq_0191,MEASURE PASSIVATION QUALITY
seq_0191,OPEN PAD WINDOW
seq_0191,PAD WINDOW LITHO
seq_0191,DEVELOP PHOTORESIST
seq_0191,PASSIVATION ETCH
seq_0191,STRIP PHOTORESIST
seq_0191,CLEAN PAD OPENING
seq_0191,MEASURE PAD OPENING
seq_0191,BACKSIDE CLEAN FINAL
seq_0191,DEPOSIT BACKSIDE PROTECTION
seq_0191,BACKSIDE ANNEAL
seq_0191,FINAL CLEAN
seq_0191,FINAL THICKNESS MEASURE
seq_0191,FINAL GEOMETRY CHECK
seq_0191,FINAL CD INSPECTION
seq_0191,FINAL ELECTRICAL TEST PREP
seq_0191,PARAMETRIC TEST
seq_0191,LEAKAGE TEST
seq_0191,THRESHOLD VOLTAGE TEST
seq_0191,SWITCHING TEST
seq_0191,WAFER SORT TEST
seq_0191,YIELD ANALYSIS
seq_0191,FINAL LOT RELEASE
seq_0191,PACKAGE PREPARATION
seq_0191,SHIP LOT
seq_0192,RECEIVE WAFER LOT
seq_0192,LOT IDENTIFICATION
seq_0192,INITIAL WAFER INSPECTION
seq_0192,MEASURE INITIAL GEOMETRY
seq_0192,MEASURE SURFACE PARTICLES
seq_0192,WAFER CLEAN PRE PROCESS
seq_0192,RCA CLEAN 1
seq_0192,WET CLEAN RCA2
seq_0192,HF DIP
seq_0192,WAFER CLEAN PRE-GRIND
seq_0192,GRINDING WAFER BACKSIDE
seq_0192,MEASURE INITIAL GEOMETRY
seq_0192,ETCH WET BACKSIDE
seq_0192,RINSE WET WAFER_EDGE
seq_0192,DRY WAFER BACKSIDE
seq_0192,BACKSIDE CLEAN
seq_0192,MEASURE BACKSIDE ROUGHNESS
seq_0192,THERMAL OXIDATION
seq_0192,MEASURE OXIDE THICKNESS
seq_0192,RCA CLEAN 1
seq_0192,WET CLEAN RCA2
seq_0192,HF DIP
seq_0192,OXIDE STRIP
seq_0192,SURFACE PREP FOR DEPOSITION
seq_0192,DEPOSIT PAD OXIDE
seq_0192,ANNEAL OXIDE
seq_0192,MEASURE FILM THICKNESS
seq_0192,SPIN COAT PHOTORESIST
seq_0192,SOFT BAKE
seq_0192,ALIGN MASK LEVEL 1
seq_0192,EXPOSE LITHO LEVEL 1
seq_0192,DEVELOP PHOTORESIST
seq_0192,INSPECT PATTERN LEVEL 1
seq_0192,HARD BAKE
seq_0192,OXIDE ETCH DRY
seq_0192,STRIP RESIST
seq_0192,CLEAN AFTER ETCH
seq_0192,MEASURE CD LEVEL 1
seq_0192,DEPOSIT POLYSILICON
seq_0192,ANNEAL POLYSILICON
seq_0192,SPIN COAT PHOTORESIST
seq_0192,SOFT BAKE
seq_0192,ALIGN MASK LEVEL 2
seq_0192,EXPOSE LITHO LEVEL 2
seq_0192,DEVELOP PHOTORESIST
seq_0192,PATTERN INSPECTION LEVEL 2
seq_0192,POLYSILICON ETCH DRY
seq_0192,STRIP RESIST
seq_0192,CLEAN AFTER POLY ETCH
seq_0192,MEASURE CD LEVEL 2
seq_0192,IMPLANT N-TYPE
seq_0192,RAPID THERMAL ANNEAL
seq_0192,DEPOSIT INTERLEVEL DIELECTRIC
seq_0192,DENSIFY OXIDE
seq_0192,MEASURE FILM THICKNESS
seq_0192,CMP DIELECTRIC
seq_0192,MEASURE PLANARITY
seq_0192,SPIN COAT PHOTORESIST
seq_0192,SOFT BAKE
seq_0192,ALIGN MASK LEVEL 3
seq_0192,EXPOSE LITHO LEVEL 3
seq_0192,DEVELOP PHOTORESIST
seq_0192,VIA OPENING INSPECTION
seq_0192,VIA ETCH
seq_0192,STRIP PHOTORESIST
seq_0192,CLEAN AFTER VIA ETCH
seq_0192,MEASURE VIA CD
seq_0192,DEPOSIT BARRIER METAL
seq_0192,DEPOSIT TUNGSTEN SEED
seq_0192,FILL VIA TUNGSTEN
seq_0192,CMP VIA FILL
seq_0192,MEASURE VIA RESISTANCE
seq_0192,DEPOSIT TOP METAL
seq_0192,ANNEAL METAL
seq_0192,MEASURE METAL THICKNESS
seq_0192,SPIN COAT PHOTORESIST
seq_0192,SOFT BAKE
seq_0192,ALIGN MASK LEVEL 4
seq_0192,EXPOSE LITHO LEVEL 4
seq_0192,DEVELOP PHOTORESIST
seq_0192,METAL PATTERN INSPECTION
seq_0192,METAL ETCH DRY
seq_0192,STRIP RESIST
seq_0192,CLEAN AFTER METAL ETCH
seq_0192,DEPOSIT PASSIVATION LAYER
seq_0192,CURE PASSIVATION
seq_0192,MEASURE PASSIVATION QUALITY
seq_0192,OPEN PAD WINDOW
seq_0192,OPEN PAD WINDOW LITHO
seq_0192,DEVELOP PAD WINDOW
seq_0192,PASSIVATION ETCH PAD OPENING
seq_0192,STRIP RESIST
seq_0192,CLEAN PAD OPENING
seq_0192,MEASURE PAD OPENING
seq_0192,BACKSIDE CLEAN
seq_0192,DEPOSIT BACKSIDE PROTECTION
seq_0192,BACKSIDE ANNEAL
seq_0192,FINAL CLEAN
seq_0192,FINAL THICKNESS MEASURE
seq_0192,FINAL OXIDE CHECK
seq_0192,FINAL PARTICLE INSPECTION
seq_0192,PARAMETRIC TEST
seq_0192,LEAKAGE TEST
seq_0192,SWITCHING TEST
seq_0192,WAFER SORT TEST
seq_0192,YIELD ANALYSIS
seq_0192,LOT RELEASE
seq_0192,SHIP LOT
seq_0193,RECEIVE WAFER LOT
seq_0193,LOT IDENTIFICATION
seq_0193,PRE CLEAN INSPECTION
seq_0193,MEASURE SURFACE PARTICLES
seq_0193,WAFER CLEAN PRE PROCESS
seq_0193,BACKSIDE CLEAN
seq_0193,RCA CLEAN 1
seq_0193,RCA CLEAN 2
seq_0193,HF DIP
seq_0193,WAFER CLEAN PRE-GRIND
seq_0193,GRINDING WAFER BACKSIDE
seq_0193,MEASURE GEOMETRY
seq_0193,ETCH WET BACKSIDE
seq_0193,RINSE WET WAFER_EDGE
seq_0193,DRY WAFER BACKSIDE
seq_0193,BACKSIDE CLEAN
seq_0193,MEASURE BACKSIDE ROUGHNESS
seq_0193,THERMAL OXIDATION
seq_0193,MEASURE OXIDE THICKNESS
seq_0193,RCA CLEAN 1
seq_0193,WET CLEAN RCA2
seq_0193,HF DIP
seq_0193,OXIDE STRIP
seq_0193,SURFACE PREP FOR DEPOSITION
seq_0193,DEPOSIT PAD OXIDE
seq_0193,ANNEAL OXIDE
seq_0193,MEASURE FILM THICKNESS
seq_0193,SPIN COAT PHOTORESIST
seq_0193,SOFT BAKE
seq_0193,ALIGN MASK LEVEL 1
seq_0193,EXPOSE LITHO LEVEL 1
seq_0193,DEVELOP PHOTORESIST
seq_0193,INSPECT PATTERN LEVEL 1
seq_0193,HARD BAKE
seq_0193,OXIDE ETCH DRY
seq_0193,STRIP PHOTORESIST
seq_0193,CLEAN AFTER ETCH
seq_0193,DEPOSIT POLYSILICON
seq_0193,ANNEAL POLYSILICON
seq_0193,SPIN COAT PHOTORESIST
seq_0193,SOFT BAKE
seq_0193,ALIGN MASK LEVEL 2
seq_0193,EXPOSE LITHO LEVEL 2
seq_0193,POST EXPOSE BAKE
seq_0193,DEVELOP PHOTORESIST
seq_0193,PATTERN INSPECTION LEVEL 2
seq_0193,POLYSILICON ETCH DRY
seq_0193,STRIP RESIST LEVEL 2
seq_0193,CLEAN AFTER POLY ETCH
seq_0193,MEASURE CD LEVEL 2
seq_0193,IMPLANT N-TYPE
seq_0193,PRE ANNEAL CHECK
seq_0193,RAPID THERMAL ANNEAL
seq_0193,MEASURE SHEET RESISTANCE
seq_0193,DEPOSIT INTERLEVEL DIELECTRIC
seq_0193,DENSIFY OXIDE
seq_0193,MEASURE FILM THICKNESS
seq_0193,CMP DIELECTRIC
seq_0193,MEASURE SURFACE PLANARITY
seq_0193,SPIN COAT PHOTORESIST
seq_0193,SOFT BAKE
seq_0193,ALIGN MASK LEVEL 3
seq_0193,EXPOSE LITHO LEVEL 3
seq_0193,POST EXPOSE BAKE
seq_0193,DEVELOP PHOTORESIST
seq_0193,VIA OPENING INSPECTION
seq_0193,VIA ETCH
seq_0193,STRIP PHOTORESIST
seq_0193,CLEAN AFTER VIA ETCH
seq_0193,MEASURE VIA CD
seq_0193,DEPOSIT BARRIER METAL
seq_0193,DEPOSIT TUNGSTEN SEED
seq_0193,FILL VIA TUNGSTEN
seq_0193,CMP VIA FILL
seq_0193,MEASURE VIA RESISTANCE
seq_0193,DEPOSIT METAL 1
seq_0193,ANNEAL METAL
seq_0193,SPIN COAT PHOTORESIST
seq_0193,SOFT BAKE
seq_0193,ALIGN MASK LEVEL 4
seq_0193,EXPOSE LITHO LEVEL 4
seq_0193,POST EXPOSE BAKE
seq_0193,DEVELOP PHOTORESIST
seq_0193,METAL PATTERN INSPECTION
seq_0193,HARD BAKE
seq_0193,METAL ETCH DRY
seq_0193,STRIP RESIST
seq_0193,CLEAN AFTER METAL ETCH
seq_0193,MEASURE LINE WIDTH
seq_0193,DEPOSIT PASSIVATION LAYER
seq_0193,CURE PASSIVATION
seq_0193,MEASURE PASSIVATION QUALITY
seq_0193,OPEN PAD WINDOW
seq_0193,PAD WINDOW LITHO
seq_0193,DEVELOP PAD WINDOW
seq_0193,PASSIVATION ETCH PAD OPENING
seq_0193,STRIP RESIST
seq_0193,CLEAN PAD OPENING
seq_0193,MEASURE PAD OPENING
seq_0193,BACKSIDE THINNING CHECK
seq_0193,BACKSIDE CLEAN
seq_0193,DEPOSIT BACKSIDE PROTECTION
seq_0193,BACKSIDE ANNEAL
seq_0193,FRONTSIDE CLEAN FINAL
seq_0193,FINAL CLEAN
seq_0193,FINAL THICKNESS MEASURE
seq_0193,FINAL GEOMETRY CHECK
seq_0193,FINAL PARTICLE INSPECTION
seq_0193,FINAL ELECTRICAL TEST PREP
seq_0193,ELECTRICAL PARAMETRIC TEST
seq_0193,LEAKAGE TEST
seq_0193,PARAMETRIC TEST
seq_0193,SWITCHING TEST
seq_0193,WAFER SORT TEST
seq_0193,YIELD ANALYSIS
seq_0193,FINAL LOT RELEASE
seq_0193,PACKAGE PREPARATION
seq_0193,SHIP LOT
seq_0194,RECEIVE WAFER LOT
seq_0194,LOT IDENTIFICATION
seq_0194,INITIAL WAFER INSPECTION
seq_0194,MEASURE INITIAL GEOMETRY
seq_0194,MEASURE SURFACE PARTICLES
seq_0194,WAFER CLEAN PRE PROCESS
seq_0194,FRONTSIDE CLEAN
seq_0194,RCA CLEAN 1
seq_0194,WET CLEAN RCA2
seq_0194,HF DIP
seq_0194,DRY WAFER
seq_0194,WAFER CLEAN PRE-GRIND
seq_0194,GRINDING WAFER BACKSIDE
seq_0194,MEASURE GEOMETRY
seq_0194,ETCH WET BACKSIDE
seq_0194,RINSE WET WAFER_EDGE
seq_0194,DRY WAFER BACKSIDE
seq_0194,BACKSIDE CLEAN
seq_0194,MEASURE BACKSIDE ROUGHNESS
seq_0194,THERMAL OXIDATION
seq_0194,MEASURE OXIDE THICKNESS
seq_0194,WET CLEAN RCA1
seq_0194,WET CLEAN RCA2
seq_0194,HF DIP
seq_0194,OXIDE STRIP
seq_0194,SURFACE PREP FOR DEPOSITION
seq_0194,DEPOSIT PAD OXIDE
seq_0194,ANNEAL OXIDE
seq_0194,MEASURE FILM THICKNESS
seq_0194,SPIN COAT PHOTORESIST
seq_0194,SOFT BAKE
seq_0194,ALIGN MASK LEVEL 1
seq_0194,EXPOSE LITHO LEVEL 1
seq_0194,DEVELOP PHOTORESIST
seq_0194,INSPECT PATTERN LEVEL 1
seq_0194,HARD BAKE
seq_0194,OXIDE ETCH DRY
seq_0194,STRIP PHOTORESIST
seq_0194,CLEAN AFTER ETCH
seq_0194,MEASURE CD LEVEL 1
seq_0194,DEPOSIT POLYSILICON
seq_0194,ANNEAL POLYSILICON
seq_0194,SPIN COAT PHOTORESIST
seq_0194,SOFT BAKE
seq_0194,ALIGN MASK LEVEL 2
seq_0194,EXPOSE LITHO LEVEL 2
seq_0194,POST EXPOSE BAKE
seq_0194,DEVELOP PHOTORESIST
seq_0194,PATTERN INSPECTION LEVEL 2
seq_0194,POLYSILICON ETCH DRY
seq_0194,STRIP RESIST
seq_0194,CLEAN AFTER POLY ETCH
seq_0194,MEASURE CD LEVEL 2
seq_0194,IMPLANT N-TYPE
seq_0194,PRE ANNEAL CHECK
seq_0194,RAPID THERMAL ANNEAL
seq_0194,MEASURE SHEET RESISTANCE
seq_0194,DEPOSIT INTERLAYER DIELECTRIC
seq_0194,DENSIFY DIELECTRIC
seq_0194,MEASURE FILM THICKNESS
seq_0194,CMP INTERLAYER DIELECTRIC
seq_0194,MEASURE PLANARITY
seq_0194,SPIN COAT PHOTORESIST
seq_0194,SOFT BAKE
seq_0194,ALIGN MASK LEVEL 3
seq_0194,EXPOSE LITHO LEVEL 3
seq_0194,DEVELOP PHOTORESIST
seq_0194,VIA OPENING INSPECTION
seq_0194,DIELECTRIC ETCH VIA
seq_0194,STRIP RESIST
seq_0194,CLEAN AFTER VIA ETCH
seq_0194,MEASURE VIA CD
seq_0194,DEPOSIT BARRIER METAL
seq_0194,DEPOSIT TUNGSTEN SEED
seq_0194,FILL VIA TUNGSTEN
seq_0194,CMP VIA FILL
seq_0194,MEASURE CONTACT RESISTANCE
seq_0194,DEPOSIT METAL 1
seq_0194,ANNEAL METAL
seq_0194,SPIN COAT PHOTORESIST
seq_0194,SOFT BAKE
seq_0194,ALIGN MASK LEVEL 4
seq_0194,EXPOSE LITHO LEVEL 4
seq_0194,DEVELOP PHOTORESIST
seq_0194,METAL PATTERN INSPECTION
seq_0194,METAL ETCH DRY
seq_0194,STRIP PHOTORESIST
seq_0194,CLEAN AFTER METAL ETCH
seq_0194,MEASURE LINE WIDTH
seq_0194,DEPOSIT PASSIVATION
seq_0194,CURE PASSIVATION
seq_0194,MEASURE PASSIVATION QUALITY
seq_0194,OPEN BOND PAD WINDOW
seq_0194,OPEN PAD WINDOW LITHO
seq_0194,DEVELOP PAD WINDOW
seq_0194,PASSIVATION ETCH PAD OPENING
seq_0194,STRIP PHOTORESIST
seq_0194,CLEAN PAD OPENING
seq_0194,MEASURE PAD OPENING
seq_0194,BACKSIDE THINNING CHECK
seq_0194,BACKSIDE CLEAN
seq_0194,DEPOSIT BACKSIDE PROTECTION
seq_0194,BACKSIDE ANNEAL
seq_0194,FINAL CLEAN
seq_0194,FINAL THICKNESS MEASURE
seq_0194,FINAL OXIDE CHECK
seq_0194,FINAL PARTICLE INSPECTION
seq_0194,ELECTRICAL PARAMETRIC TEST
seq_0194,LEAKAGE TEST
seq_0194,THRESHOLD VOLTAGE TEST
seq_0194,SWITCHING TEST
seq_0194,WAFER SORT TEST
seq_0194,YIELD ANALYSIS
seq_0194,LOT RELEASE
seq_0194,PACKAGE PREPARATION
seq_0194,SHIP LOT
seq_0195,RECEIVE WAFER LOT
seq_0195,LOT IDENTIFICATION
seq_0195,INITIAL WAFER INSPECTION
seq_0195,MEASURE INITIAL THICKNESS
seq_0195,MEASURE SURFACE DEFECTS
seq_0195,WAFER CLEAN PRE PROCESS
seq_0195,WET CLEAN RCA1
seq_0195,RCA CLEAN 2
seq_0195,HF DIP
seq_0195,DRY WAFER
seq_0195,WAFER CLEAN PRE-GRIND
seq_0195,GRINDING WAFER BACKSIDE
seq_0195,MEASURE GEOMETRY
seq_0195,ETCH WET BACKSIDE
seq_0195,RINSE WET WAFER_EDGE
seq_0195,DRY WAFER BACKSIDE
seq_0195,BACKSIDE CLEAN
seq_0195,MEASURE BACKSIDE ROUGHNESS
seq_0195,THERMAL OXIDATION
seq_0195,MEASURE OXIDE THICKNESS
seq_0195,RCA CLEAN 1
seq_0195,RCA CLEAN 2
seq_0195,HF DIP
seq_0195,OXIDE STRIP
seq_0195,SURFACE PREP FOR DEPOSITION
seq_0195,DEPOSIT PAD OXIDE
seq_0195,ANNEAL OXIDE
seq_0195,MEASURE OXIDE THICKNESS
seq_0195,SPIN COAT PHOTORESIST
seq_0195,SOFT BAKE
seq_0195,ALIGN MASK LEVEL 1
seq_0195,EXPOSE LITHO LEVEL 1
seq_0195,DEVELOP PHOTORESIST
seq_0195,INSPECT PATTERN LEVEL 1
seq_0195,HARD BAKE
seq_0195,OXIDE ETCH DRY
seq_0195,STRIP RESIST
seq_0195,CLEAN AFTER ETCH
seq_0195,MEASURE CD LEVEL 1
seq_0195,DEPOSIT POLYSILICON
seq_0195,ANNEAL POLYSILICON
seq_0195,SPIN COAT PHOTORESIST
seq_0195,SOFT BAKE
seq_0195,ALIGN MASK LEVEL 2
seq_0195,EXPOSE LITHO LEVEL 2
seq_0195,DEVELOP PHOTORESIST
seq_0195,PATTERN INSPECTION LEVEL 2
seq_0195,POLYSILICON ETCH DRY
seq_0195,STRIP RESIST
seq_0195,CLEAN AFTER POLY ETCH
seq_0195,MEASURE CD LEVEL 2
seq_0195,IMPLANT N-TYPE
seq_0195,PRE ANNEAL CHECK
seq_0195,RAPID THERMAL ANNEAL
seq_0195,MEASURE SHEET RESISTANCE
seq_0195,DEPOSIT INTERLEVEL DIELECTRIC
seq_0195,DENSIFY DIELECTRIC
seq_0195,MEASURE DIELECTRIC THICKNESS
seq_0195,CMP DIELECTRIC
seq_0195,MEASURE PLANARITY
seq_0195,SPIN COAT PHOTORESIST
seq_0195,SOFT BAKE
seq_0195,ALIGN MASK LEVEL 3
seq_0195,EXPOSE LITHO LEVEL 3
seq_0195,POST EXPOSE BAKE
seq_0195,DEVELOP PHOTORESIST
seq_0195,VIA OPENING INSPECTION
seq_0195,DIELECTRIC ETCH VIA
seq_0195,STRIP PHOTORESIST
seq_0195,CLEAN AFTER VIA ETCH
seq_0195,MEASURE VIA CD
seq_0195,DEPOSIT BARRIER METAL
seq_0195,DEPOSIT TUNGSTEN SEED
seq_0195,FILL VIA TUNGSTEN
seq_0195,CMP METAL
seq_0195,MEASURE CONTACT RESISTANCE
seq_0195,DEPOSIT METAL 1
seq_0195,ANNEAL METAL
seq_0195,SPIN COAT PHOTORESIST
seq_0195,SOFT BAKE
seq_0195,ALIGN MASK LEVEL 4
seq_0195,EXPOSE LITHO LEVEL 4
seq_0195,DEVELOP PHOTORESIST
seq_0195,METAL PATTERN INSPECTION
seq_0195,METAL ETCH DRY
seq_0195,STRIP PHOTORESIST
seq_0195,CLEAN AFTER METAL ETCH
seq_0195,MEASURE LINE WIDTH
seq_0195,DEPOSIT PASSIVATION
seq_0195,CURE PASSIVATION
seq_0195,MEASURE PASSIVATION THICKNESS
seq_0195,OPEN BOND PAD WINDOW
seq_0195,PAD WINDOW LITHO
seq_0195,DEVELOP PHOTORESIST
seq_0195,PASSIVATION ETCH
seq_0195,STRIP RESIST
seq_0195,CLEAN PAD OPENING
seq_0195,MEASURE PAD OPENING
seq_0195,BACKSIDE THINNING CHECK
seq_0195,BACKSIDE CLEAN
seq_0195,DEPOSIT BACKSIDE PROTECTION
seq_0195,BACKSIDE ANNEAL
seq_0195,FINAL CLEAN
seq_0195,FINAL THICKNESS MEASURE
seq_0195,FINAL GEOMETRY CHECK
seq_0195,FINAL OXIDE CHECK
seq_0195,FINAL CD INSPECTION
seq_0195,FINAL PARTICLE INSPECTION
seq_0195,PARAMETRIC TEST
seq_0195,LEAKAGE TEST
seq_0195,THRESHOLD VOLTAGE TEST
seq_0195,SWITCHING TEST
seq_0195,WAFER SORT TEST
seq_0195,YIELD ANALYSIS
seq_0195,LOT RELEASE
seq_0195,SHIP LOT
seq_0196,RECEIVE WAFER LOT
seq_0196,LOT IDENTIFICATION
seq_0196,PRE CLEAN INSPECTION
seq_0196,MEASURE INITIAL THICKNESS
seq_0196,MEASURE SURFACE PARTICLES
seq_0196,WAFER CLEAN PRE PROCESS
seq_0196,BACKSIDE CLEAN
seq_0196,WET CLEAN RCA1
seq_0196,WET CLEAN RCA2
seq_0196,HF DIP
seq_0196,WAFER CLEAN PRE-GRIND
seq_0196,GRINDING WAFER BACKSIDE
seq_0196,MEASURE INITIAL GEOMETRY
seq_0196,ETCH WET BACKSIDE
seq_0196,RINSE WET WAFER_EDGE
seq_0196,DRY WAFER BACKSIDE
seq_0196,BACKSIDE CLEAN
seq_0196,MEASURE BACKSIDE ROUGHNESS
seq_0196,THERMAL OXIDATION
seq_0196,MEASURE OXIDE THICKNESS
seq_0196,WET CLEAN RCA1
seq_0196,RCA CLEAN 2
seq_0196,HF DIP
seq_0196,OXIDE STRIP
seq_0196,SURFACE PREP FOR DEPOSITION
seq_0196,DEPOSIT PAD OXIDE
seq_0196,ANNEAL OXIDE
seq_0196,MEASURE OXIDE THICKNESS
seq_0196,SPIN COAT PHOTORESIST
seq_0196,SOFT BAKE
seq_0196,ALIGN MASK LEVEL 1
seq_0196,EXPOSE LITHO LEVEL 1
seq_0196,DEVELOP PHOTORESIST
seq_0196,INSPECT PATTERN LEVEL 1
seq_0196,HARD BAKE
seq_0196,OXIDE ETCH DRY
seq_0196,STRIP RESIST
seq_0196,CLEAN AFTER ETCH
seq_0196,MEASURE CD LEVEL 1
seq_0196,DEPOSIT POLYSILICON
seq_0196,ANNEAL POLYSILICON
seq_0196,SPIN COAT PHOTORESIST
seq_0196,SOFT BAKE
seq_0196,ALIGN MASK LEVEL 2
seq_0196,EXPOSE LITHO LEVEL 2
seq_0196,DEVELOP PHOTORESIST
seq_0196,PATTERN INSPECTION LEVEL 2
seq_0196,POLYSILICON ETCH DRY
seq_0196,STRIP RESIST
seq_0196,CLEAN AFTER POLY ETCH
seq_0196,MEASURE CD LEVEL 2
seq_0196,IMPLANT N-TYPE
seq_0196,PRE ANNEAL CHECK
seq_0196,RAPID THERMAL ANNEAL
seq_0196,MEASURE SHEET RESISTANCE
seq_0196,DEPOSIT INTERLEVEL DIELECTRIC
seq_0196,DENSIFY OXIDE
seq_0196,MEASURE FILM THICKNESS
seq_0196,CMP INTERLAYER DIELECTRIC
seq_0196,MEASURE SURFACE PLANARITY
seq_0196,SPIN COAT PHOTORESIST
seq_0196,SOFT BAKE
seq_0196,ALIGN MASK LEVEL 3
seq_0196,EXPOSE LITHO LEVEL 3
seq_0196,DEVELOP PHOTORESIST
seq_0196,VIA OPENING INSPECTION
seq_0196,HARD BAKE
seq_0196,VIA ETCH
seq_0196,STRIP RESIST
seq_0196,CLEAN AFTER VIA ETCH
seq_0196,MEASURE VIA CD
seq_0196,DEPOSIT BARRIER METAL
seq_0196,DEPOSIT TUNGSTEN SEED
seq_0196,FILL VIA TUNGSTEN
seq_0196,CMP VIA FILL
seq_0196,MEASURE CONTACT RESISTANCE
seq_0196,DEPOSIT METAL 1
seq_0196,ANNEAL METAL
seq_0196,SPIN COAT PHOTORESIST
seq_0196,SOFT BAKE
seq_0196,ALIGN MASK LEVEL 4
seq_0196,EXPOSE LITHO LEVEL 4
seq_0196,DEVELOP PHOTORESIST
seq_0196,METAL PATTERN INSPECTION
seq_0196,METAL ETCH DRY
seq_0196,STRIP PHOTORESIST
seq_0196,CLEAN AFTER METAL ETCH
seq_0196,MEASURE LINE WIDTH
seq_0196,DEPOSIT PASSIVATION
seq_0196,CURE PASSIVATION
seq_0196,MEASURE PASSIVATION QUALITY
seq_0196,OPEN BOND PAD WINDOW
seq_0196,PAD WINDOW LITHO
seq_0196,DEVELOP PAD WINDOW
seq_0196,PASSIVATION ETCH
seq_0196,STRIP PHOTORESIST
seq_0196,CLEAN PAD OPENING
seq_0196,MEASURE PAD OPENING
seq_0196,BACKSIDE CLEAN FINAL
seq_0196,DEPOSIT BACKSIDE PROTECTION
seq_0196,BACKSIDE ANNEAL
seq_0196,FINAL CLEAN
seq_0196,FINAL THICKNESS MEASURE
seq_0196,FINAL GEOMETRY CHECK
seq_0196,FINAL OXIDE CHECK
seq_0196,FINAL CD INSPECTION
seq_0196,FINAL PARTICLE INSPECTION
seq_0196,FINAL ELECTRICAL TEST PREP
seq_0196,PARAMETRIC TEST
seq_0196,LEAKAGE TEST
seq_0196,SWITCHING TEST
seq_0196,WAFER SORT TEST
seq_0196,YIELD ANALYSIS
seq_0196,FINAL LOT RELEASE
seq_0196,SHIP LOT
seq_0197,RECEIVE WAFER LOT
seq_0197,LOT IDENTIFICATION
seq_0197,PRE CLEAN INSPECTION
seq_0197,MEASURE INITIAL GEOMETRY
seq_0197,MEASURE SURFACE DEFECTS
seq_0197,WAFER CLEAN PRE PROCESS
seq_0197,BACKSIDE CLEAN
seq_0197,RCA CLEAN 1
seq_0197,RCA CLEAN 2
seq_0197,HF DIP
seq_0197,DRY WAFER
seq_0197,WAFER CLEAN PRE-GRIND
seq_0197,GRINDING WAFER BACKSIDE
seq_0197,MEASURE INITIAL GEOMETRY
seq_0197,ETCH WET BACKSIDE
seq_0197,RINSE WET WAFER_EDGE
seq_0197,DRY WAFER BACKSIDE
seq_0197,BACKSIDE CLEAN
seq_0197,MEASURE BACKSIDE ROUGHNESS
seq_0197,THERMAL OXIDATION
seq_0197,MEASURE OXIDE THICKNESS
seq_0197,RCA CLEAN 1
seq_0197,WET CLEAN RCA2
seq_0197,HF DIP
seq_0197,OXIDE STRIP
seq_0197,SURFACE PREP FOR DEPOSITION
seq_0197,DEPOSIT PAD OXIDE
seq_0197,ANNEAL OXIDE
seq_0197,MEASURE FILM THICKNESS
seq_0197,SPIN COAT PHOTORESIST
seq_0197,SOFT BAKE
seq_0197,ALIGN MASK LEVEL 1
seq_0197,EXPOSE LITHO LEVEL 1
seq_0197,POST EXPOSE BAKE
seq_0197,DEVELOP PHOTORESIST
seq_0197,INSPECT PATTERN LEVEL 1
seq_0197,HARD BAKE
seq_0197,OXIDE ETCH DRY
seq_0197,STRIP RESIST
seq_0197,CLEAN AFTER ETCH
seq_0197,MEASURE CD LEVEL 1
seq_0197,DEPOSIT POLYSILICON
seq_0197,ANNEAL POLYSILICON
seq_0197,SPIN COAT PHOTORESIST
seq_0197,SOFT BAKE
seq_0197,ALIGN MASK LEVEL 2
seq_0197,EXPOSE LITHO LEVEL 2
seq_0197,DEVELOP PHOTORESIST
seq_0197,PATTERN INSPECTION LEVEL 2
seq_0197,HARD BAKE
seq_0197,POLYSILICON ETCH DRY
seq_0197,STRIP RESIST LEVEL 2
seq_0197,CLEAN AFTER POLY ETCH
seq_0197,IMPLANT N-TYPE
seq_0197,PRE ANNEAL CHECK
seq_0197,RAPID THERMAL ANNEAL
seq_0197,MEASURE SHEET RESISTANCE
seq_0197,DEPOSIT INTERLEVEL DIELECTRIC
seq_0197,DENSIFY OXIDE
seq_0197,MEASURE DIELECTRIC THICKNESS
seq_0197,CMP INTERLAYER DIELECTRIC
seq_0197,MEASURE PLANARITY
seq_0197,SPIN COAT PHOTORESIST
seq_0197,SOFT BAKE
seq_0197,ALIGN MASK LEVEL 3
seq_0197,EXPOSE LITHO LEVEL 3
seq_0197,DEVELOP PHOTORESIST
seq_0197,VIA OPENING INSPECTION
seq_0197,VIA ETCH
seq_0197,STRIP PHOTORESIST
seq_0197,CLEAN AFTER VIA ETCH
seq_0197,MEASURE VIA CD
seq_0197,DEPOSIT BARRIER METAL
seq_0197,DEPOSIT TUNGSTEN SEED
seq_0197,FILL VIA TUNGSTEN
seq_0197,CMP VIA FILL
seq_0197,MEASURE CONTACT RESISTANCE
seq_0197,DEPOSIT METAL 1
seq_0197,ANNEAL METAL
seq_0197,SPIN COAT PHOTORESIST
seq_0197,SOFT BAKE
seq_0197,ALIGN MASK LEVEL 4
seq_0197,EXPOSE LITHO LEVEL 4
seq_0197,POST EXPOSE BAKE
seq_0197,DEVELOP PHOTORESIST
seq_0197,METAL PATTERN INSPECTION
seq_0197,METAL ETCH DRY
seq_0197,STRIP PHOTORESIST
seq_0197,CLEAN AFTER METAL ETCH
seq_0197,MEASURE LINE WIDTH
seq_0197,DEPOSIT PASSIVATION LAYER
seq_0197,CURE PASSIVATION
seq_0197,MEASURE PASSIVATION QUALITY
seq_0197,OPEN PAD WINDOW
seq_0197,OPEN PAD WINDOW LITHO
seq_0197,DEVELOP PHOTORESIST
seq_0197,PASSIVATION ETCH
seq_0197,STRIP PHOTORESIST
seq_0197,CLEAN PAD OPENING
seq_0197,MEASURE PAD OPENING
seq_0197,BACKSIDE CLEAN
seq_0197,DEPOSIT BACKSIDE PROTECTION
seq_0197,BACKSIDE ANNEAL
seq_0197,FRONTSIDE CLEAN FINAL
seq_0197,FINAL CLEAN
seq_0197,FINAL THICKNESS MEASURE
seq_0197,FINAL GEOMETRY CHECK
seq_0197,FINAL OXIDE CHECK
seq_0197,FINAL ELECTRICAL TEST PREP
seq_0197,ELECTRICAL PARAMETRIC TEST
seq_0197,LEAKAGE TEST
seq_0197,THRESHOLD VOLTAGE TEST
seq_0197,SWITCHING TEST
seq_0197,WAFER SORT TEST
seq_0197,YIELD ANALYSIS
seq_0197,LOT RELEASE
seq_0197,SHIP LOT
seq_0198,RECEIVE WAFER LOT
seq_0198,LOT IDENTIFICATION
seq_0198,PRE CLEAN INSPECTION
seq_0198,MEASURE INITIAL THICKNESS
seq_0198,MEASURE SURFACE PARTICLES
seq_0198,WAFER CLEAN PRE PROCESS
seq_0198,BACKSIDE CLEAN
seq_0198,FRONTSIDE CLEAN
seq_0198,RCA CLEAN 1
seq_0198,WET CLEAN RCA2
seq_0198,HF DIP
seq_0198,WAFER CLEAN PRE-GRIND
seq_0198,GRINDING WAFER BACKSIDE
seq_0198,MEASURE INITIAL GEOMETRY
seq_0198,ETCH WET BACKSIDE
seq_0198,RINSE WET WAFER_EDGE
seq_0198,DRY WAFER BACKSIDE
seq_0198,BACKSIDE CLEAN
seq_0198,MEASURE BACKSIDE ROUGHNESS
seq_0198,THERMAL OXIDATION
seq_0198,MEASURE OXIDE THICKNESS
seq_0198,RCA CLEAN 1
seq_0198,RCA CLEAN 2
seq_0198,HF DIP
seq_0198,OXIDE STRIP
seq_0198,SURFACE PREP FOR DEPOSITION
seq_0198,DEPOSIT PAD OXIDE
seq_0198,ANNEAL OXIDE
seq_0198,MEASURE FILM THICKNESS
seq_0198,SPIN COAT PHOTORESIST
seq_0198,SOFT BAKE
seq_0198,ALIGN MASK LEVEL 1
seq_0198,EXPOSE LITHO LEVEL 1
seq_0198,DEVELOP PHOTORESIST
seq_0198,INSPECT PATTERN LEVEL 1
seq_0198,HARD BAKE
seq_0198,OXIDE ETCH DRY
seq_0198,STRIP RESIST
seq_0198,CLEAN AFTER ETCH
seq_0198,DEPOSIT POLYSILICON
seq_0198,ANNEAL POLYSILICON
seq_0198,SPIN COAT PHOTORESIST
seq_0198,SOFT BAKE
seq_0198,ALIGN MASK LEVEL 2
seq_0198,EXPOSE LITHO LEVEL 2
seq_0198,DEVELOP PHOTORESIST
seq_0198,PATTERN INSPECTION LEVEL 2
seq_0198,HARD BAKE
seq_0198,POLYSILICON ETCH DRY
seq_0198,STRIP RESIST
seq_0198,CLEAN AFTER POLY ETCH
seq_0198,MEASURE CD LEVEL 2
seq_0198,IMPLANT N-TYPE
seq_0198,PRE ANNEAL CHECK
seq_0198,RAPID THERMAL ANNEAL
seq_0198,MEASURE SHEET RESISTANCE
seq_0198,DEPOSIT INTERLEVEL DIELECTRIC
seq_0198,DENSIFY DIELECTRIC
seq_0198,MEASURE FILM THICKNESS
seq_0198,CMP DIELECTRIC
seq_0198,MEASURE SURFACE PLANARITY
seq_0198,SPIN COAT PHOTORESIST
seq_0198,SOFT BAKE
seq_0198,ALIGN MASK LEVEL 3
seq_0198,EXPOSE LITHO LEVEL 3
seq_0198,DEVELOP PHOTORESIST
seq_0198,VIA OPENING INSPECTION
seq_0198,DIELECTRIC ETCH VIA
seq_0198,STRIP RESIST
seq_0198,CLEAN AFTER VIA ETCH
seq_0198,MEASURE VIA CD
seq_0198,DEPOSIT BARRIER METAL
seq_0198,DEPOSIT TUNGSTEN SEED
seq_0198,FILL VIA TUNGSTEN
seq_0198,CMP METAL
seq_0198,MEASURE CONTACT RESISTANCE
seq_0198,DEPOSIT TOP METAL
seq_0198,ANNEAL METAL 1
seq_0198,SPIN COAT PHOTORESIST
seq_0198,SOFT BAKE
seq_0198,ALIGN MASK LEVEL 4
seq_0198,EXPOSE LITHO LEVEL 4
seq_0198,POST EXPOSE BAKE
seq_0198,DEVELOP PHOTORESIST
seq_0198,METAL PATTERN INSPECTION
seq_0198,METAL ETCH DRY
seq_0198,STRIP PHOTORESIST
seq_0198,CLEAN AFTER METAL ETCH
seq_0198,DEPOSIT PASSIVATION LAYER
seq_0198,CURE PASSIVATION
seq_0198,MEASURE PASSIVATION QUALITY
seq_0198,OPEN PAD WINDOW
seq_0198,OPEN PAD WINDOW LITHO
seq_0198,DEVELOP PHOTORESIST
seq_0198,PASSIVATION ETCH PAD OPENING
seq_0198,STRIP PHOTORESIST
seq_0198,CLEAN PAD OPENING
seq_0198,MEASURE PAD OPENING
seq_0198,BACKSIDE THINNING CHECK
seq_0198,BACKSIDE CLEAN
seq_0198,DEPOSIT BACKSIDE PROTECTION
seq_0198,BACKSIDE ANNEAL
seq_0198,FRONTSIDE CLEAN FINAL
seq_0198,FINAL CLEAN
seq_0198,FINAL THICKNESS MEASURE
seq_0198,FINAL CD INSPECTION
seq_0198,FINAL PARTICLE INSPECTION
seq_0198,PARAMETRIC TEST
seq_0198,LEAKAGE TEST
seq_0198,SWITCHING TEST
seq_0198,WAFER SORT TEST
seq_0198,YIELD ANALYSIS
seq_0198,LOT RELEASE
seq_0198,PACKAGE PREPARATION
seq_0198,SHIP LOT
seq_0199,RECEIVE WAFER LOT
seq_0199,LOT IDENTIFICATION
seq_0199,INITIAL WAFER INSPECTION
seq_0199,MEASURE INITIAL THICKNESS
seq_0199,MEASURE SURFACE DEFECTS
seq_0199,WAFER CLEAN PRE PROCESS
seq_0199,BACKSIDE CLEAN
seq_0199,FRONTSIDE CLEAN
seq_0199,WET CLEAN RCA1
seq_0199,WET CLEAN RCA2
seq_0199,HF DIP
seq_0199,DRY WAFER
seq_0199,WAFER CLEAN PRE-GRIND
seq_0199,GRINDING WAFER BACKSIDE
seq_0199,MEASURE INITIAL GEOMETRY
seq_0199,ETCH WET BACKSIDE
seq_0199,RINSE WET WAFER_EDGE
seq_0199,DRY WAFER BACKSIDE
seq_0199,BACKSIDE CLEAN
seq_0199,MEASURE BACKSIDE ROUGHNESS
seq_0199,THERMAL OXIDATION
seq_0199,MEASURE OXIDE THICKNESS
seq_0199,WET CLEAN RCA1
seq_0199,RCA CLEAN 2
seq_0199,HF DIP
seq_0199,OXIDE STRIP
seq_0199,SURFACE PREP FOR DEPOSITION
seq_0199,DEPOSIT PAD OXIDE
seq_0199,ANNEAL OXIDE
seq_0199,MEASURE FILM THICKNESS
seq_0199,SPIN COAT PHOTORESIST
seq_0199,SOFT BAKE
seq_0199,ALIGN MASK LEVEL 1
seq_0199,EXPOSE LITHO LEVEL 1
seq_0199,POST EXPOSE BAKE
seq_0199,DEVELOP PHOTORESIST
seq_0199,INSPECT PATTERN LEVEL 1
seq_0199,HARD BAKE
seq_0199,OXIDE ETCH DRY
seq_0199,STRIP RESIST
seq_0199,CLEAN AFTER ETCH
seq_0199,DEPOSIT POLYSILICON
seq_0199,ANNEAL POLYSILICON
seq_0199,SPIN COAT PHOTORESIST
seq_0199,SOFT BAKE
seq_0199,ALIGN MASK LEVEL 2
seq_0199,EXPOSE LITHO LEVEL 2
seq_0199,DEVELOP PHOTORESIST
seq_0199,PATTERN INSPECTION LEVEL 2
seq_0199,POLYSILICON ETCH DRY
seq_0199,STRIP RESIST
seq_0199,CLEAN AFTER POLY ETCH
seq_0199,IMPLANT N-TYPE
seq_0199,PRE ANNEAL CHECK
seq_0199,RAPID THERMAL ANNEAL
seq_0199,MEASURE SHEET RESISTANCE
seq_0199,DEPOSIT INTERLEVEL DIELECTRIC
seq_0199,DENSIFY OXIDE
seq_0199,MEASURE DIELECTRIC THICKNESS
seq_0199,CMP INTERLAYER DIELECTRIC
seq_0199,MEASURE SURFACE PLANARITY
seq_0199,SPIN COAT PHOTORESIST
seq_0199,SOFT BAKE
seq_0199,ALIGN MASK LEVEL 3
seq_0199,EXPOSE LITHO LEVEL 3
seq_0199,DEVELOP PHOTORESIST
seq_0199,VIA OPENING INSPECTION
seq_0199,VIA ETCH THROUGH DIELECTRIC
seq_0199,STRIP RESIST
seq_0199,CLEAN AFTER VIA ETCH
seq_0199,DEPOSIT BARRIER METAL
seq_0199,DEPOSIT TUNGSTEN SEED
seq_0199,FILL VIA TUNGSTEN
seq_0199,CMP METAL
seq_0199,MEASURE CONTACT RESISTANCE
seq_0199,DEPOSIT METAL 1
seq_0199,ANNEAL METAL
seq_0199,SPIN COAT PHOTORESIST
seq_0199,SOFT BAKE
seq_0199,ALIGN MASK LEVEL 4
seq_0199,EXPOSE LITHO LEVEL 4
seq_0199,DEVELOP PHOTORESIST
seq_0199,METAL PATTERN INSPECTION
seq_0199,HARD BAKE
seq_0199,METAL ETCH DRY
seq_0199,STRIP PHOTORESIST
seq_0199,CLEAN AFTER METAL ETCH
seq_0199,MEASURE LINE WIDTH
seq_0199,DEPOSIT PASSIVATION
seq_0199,CURE PASSIVATION
seq_0199,MEASURE PASSIVATION THICKNESS
seq_0199,OPEN PAD WINDOW
seq_0199,PAD WINDOW LITHO
seq_0199,DEVELOP PAD WINDOW
seq_0199,PASSIVATION ETCH
seq_0199,STRIP RESIST
seq_0199,CLEAN PAD OPENING
seq_0199,MEASURE PAD OPENING
seq_0199,BACKSIDE CLEAN FINAL
seq_0199,DEPOSIT BACKSIDE PROTECTION
seq_0199,BACKSIDE ANNEAL
seq_0199,FRONTSIDE CLEAN FINAL
seq_0199,FINAL CLEAN
seq_0199,FINAL THICKNESS MEASURE
seq_0199,FINAL GEOMETRY CHECK
seq_0199,FINAL CD INSPECTION
seq_0199,FINAL PARTICLE INSPECTION
seq_0199,PARAMETRIC TEST
seq_0199,LEAKAGE TEST
seq_0199,SWITCHING TEST
seq_0199,WAFER SORT TEST
seq_0199,YIELD ANALYSIS
seq_0199,FINAL LOT RELEASE
seq_0199,SHIP LOT
seq_0200,RECEIVE WAFER LOT
seq_0200,LOT IDENTIFICATION
seq_0200,PRE CLEAN INSPECTION
seq_0200,MEASURE INITIAL THICKNESS
seq_0200,MEASURE SURFACE PARTICLES
seq_0200,WAFER CLEAN PRE PROCESS
seq_0200,BACKSIDE CLEAN
seq_0200,WET CLEAN RCA1
seq_0200,RCA CLEAN 2
seq_0200,HF DIP
seq_0200,DRY WAFER
seq_0200,WAFER CLEAN PRE-GRIND
seq_0200,GRINDING WAFER BACKSIDE
seq_0200,MEASURE INITIAL GEOMETRY
seq_0200,ETCH WET BACKSIDE
seq_0200,RINSE WET WAFER_EDGE
seq_0200,DRY WAFER BACKSIDE
seq_0200,BACKSIDE CLEAN
seq_0200,MEASURE BACKSIDE ROUGHNESS
seq_0200,THERMAL OXIDATION
seq_0200,MEASURE OXIDE THICKNESS
seq_0200,RCA CLEAN 1
seq_0200,WET CLEAN RCA2
seq_0200,HF DIP
seq_0200,OXIDE STRIP
seq_0200,SURFACE PREP FOR DEPOSITION
seq_0200,DEPOSIT PAD OXIDE
seq_0200,ANNEAL OXIDE
seq_0200,MEASURE OXIDE THICKNESS
seq_0200,SPIN COAT PHOTORESIST
seq_0200,SOFT BAKE
seq_0200,ALIGN MASK LEVEL 1
seq_0200,EXPOSE LITHO LEVEL 1
seq_0200,DEVELOP PHOTORESIST
seq_0200,INSPECT PATTERN LEVEL 1
seq_0200,HARD BAKE
seq_0200,OXIDE ETCH DRY
seq_0200,STRIP RESIST
seq_0200,CLEAN AFTER ETCH
seq_0200,MEASURE CD LEVEL 1
seq_0200,DEPOSIT POLYSILICON
seq_0200,ANNEAL POLYSILICON
seq_0200,SPIN COAT PHOTORESIST
seq_0200,SOFT BAKE
seq_0200,ALIGN MASK LEVEL 2
seq_0200,EXPOSE LITHO LEVEL 2
seq_0200,DEVELOP PHOTORESIST
seq_0200,PATTERN INSPECTION LEVEL 2
seq_0200,POLYSILICON ETCH DRY
seq_0200,STRIP RESIST
seq_0200,CLEAN AFTER POLY ETCH
seq_0200,MEASURE CD LEVEL 2
seq_0200,IMPLANT N-TYPE
seq_0200,RAPID THERMAL ANNEAL
seq_0200,MEASURE SHEET RESISTANCE
seq_0200,DEPOSIT INTERLEVEL DIELECTRIC
seq_0200,DENSIFY OXIDE
seq_0200,MEASURE DIELECTRIC THICKNESS
seq_0200,CMP INTERLAYER DIELECTRIC
seq_0200,MEASURE SURFACE PLANARITY
seq_0200,SPIN COAT PHOTORESIST
seq_0200,SOFT BAKE
seq_0200,ALIGN MASK LEVEL 3
seq_0200,EXPOSE LITHO LEVEL 3
seq_0200,DEVELOP PHOTORESIST
seq_0200,VIA INSPECTION
seq_0200,VIA ETCH
seq_0200,STRIP PHOTORESIST
seq_0200,CLEAN AFTER VIA ETCH
seq_0200,MEASURE VIA CD
seq_0200,DEPOSIT BARRIER METAL
seq_0200,DEPOSIT TUNGSTEN SEED
seq_0200,FILL VIA TUNGSTEN
seq_0200,CMP VIA FILL
seq_0200,MEASURE VIA RESISTANCE
seq_0200,DEPOSIT TOP METAL
seq_0200,ANNEAL METAL
seq_0200,SPIN COAT PHOTORESIST
seq_0200,SOFT BAKE
seq_0200,ALIGN MASK LEVEL 4
seq_0200,EXPOSE LITHO LEVEL 4
seq_0200,POST EXPOSE BAKE
seq_0200,DEVELOP PHOTORESIST
seq_0200,METAL PATTERN INSPECTION
seq_0200,METAL ETCH DRY
seq_0200,STRIP PHOTORESIST
seq_0200,CLEAN AFTER METAL ETCH
seq_0200,MEASURE LINE WIDTH
seq_0200,DEPOSIT PASSIVATION LAYER
seq_0200,CURE PASSIVATION
seq_0200,MEASURE PASSIVATION THICKNESS
seq_0200,OPEN BOND PAD WINDOW
seq_0200,PAD WINDOW LITHO
seq_0200,DEVELOP PHOTORESIST
seq_0200,PASSIVATION ETCH PAD OPENING
seq_0200,STRIP RESIST
seq_0200,CLEAN PAD OPENING
seq_0200,MEASURE PAD OPENING
seq_0200,BACKSIDE CLEAN
seq_0200,DEPOSIT BACKSIDE PROTECTION
seq_0200,BACKSIDE ANNEAL
seq_0200,FRONTSIDE CLEAN FINAL
seq_0200,FINAL CLEAN
seq_0200,FINAL THICKNESS MEASURE
seq_0200,FINAL GEOMETRY CHECK
seq_0200,ELECTRICAL PARAMETRIC TEST
seq_0200,LEAKAGE TEST
seq_0200,PARAMETRIC TEST
seq_0200,SWITCHING TEST
seq_0200,WAFER SORT TEST
seq_0200,YIELD ANALYSIS
seq_0200,LOT RELEASE
seq_0200,PACKAGE PREPARATION
seq_0200,SHIP LOT
seq_0201,RECEIVE WAFER LOT
seq_0201,LOT IDENTIFICATION
seq_0201,PRE CLEAN INSPECTION
seq_0201,MEASURE INITIAL GEOMETRY
seq_0201,MEASURE SURFACE DEFECTS
seq_0201,WAFER CLEAN PRE PROCESS
seq_0201,BACKSIDE CLEAN
seq_0201,RCA CLEAN 1
seq_0201,WET CLEAN RCA2
seq_0201,HF DIP
seq_0201,DRY WAFER
seq_0201,WAFER CLEAN PRE-GRIND
seq_0201,GRINDING WAFER BACKSIDE
seq_0201,MEASURE INITIAL GEOMETRY
seq_0201,ETCH WET BACKSIDE
seq_0201,RINSE WET WAFER_EDGE
seq_0201,DRY WAFER BACKSIDE
seq_0201,BACKSIDE CLEAN
seq_0201,MEASURE BACKSIDE ROUGHNESS
seq_0201,THERMAL OXIDATION
seq_0201,MEASURE OXIDE THICKNESS
seq_0201,RCA CLEAN 1
seq_0201,RCA CLEAN 2
seq_0201,HF DIP
seq_0201,OXIDE STRIP
seq_0201,SURFACE PREP FOR DEPOSITION
seq_0201,DEPOSIT PAD OXIDE
seq_0201,ANNEAL OXIDE
seq_0201,MEASURE OXIDE THICKNESS
seq_0201,SPIN COAT PHOTORESIST
seq_0201,SOFT BAKE
seq_0201,ALIGN MASK LEVEL 1
seq_0201,EXPOSE LITHO LEVEL 1
seq_0201,POST EXPOSE BAKE
seq_0201,DEVELOP PHOTORESIST
seq_0201,INSPECT PATTERN LEVEL 1
seq_0201,HARD BAKE
seq_0201,OXIDE ETCH DRY
seq_0201,STRIP RESIST
seq_0201,CLEAN AFTER ETCH
seq_0201,DEPOSIT POLYSILICON
seq_0201,ANNEAL POLYSILICON
seq_0201,SPIN COAT PHOTORESIST
seq_0201,SOFT BAKE
seq_0201,ALIGN MASK LEVEL 2
seq_0201,EXPOSE LITHO LEVEL 2
seq_0201,DEVELOP PHOTORESIST
seq_0201,PATTERN INSPECTION LEVEL 2
seq_0201,POLYSILICON ETCH DRY
seq_0201,STRIP RESIST LEVEL 2
seq_0201,CLEAN AFTER POLY ETCH
seq_0201,IMPLANT N-TYPE
seq_0201,PRE ANNEAL CHECK
seq_0201,RAPID THERMAL ANNEAL
seq_0201,DEPOSIT INTERLAYER DIELECTRIC
seq_0201,DENSIFY OXIDE
seq_0201,MEASURE DIELECTRIC THICKNESS
seq_0201,CMP INTERLAYER DIELECTRIC
seq_0201,MEASURE SURFACE PLANARITY
seq_0201,SPIN COAT PHOTORESIST
seq_0201,SOFT BAKE
seq_0201,ALIGN MASK LEVEL 3
seq_0201,EXPOSE LITHO LEVEL 3
seq_0201,DEVELOP PHOTORESIST
seq_0201,VIA OPENING INSPECTION
seq_0201,DIELECTRIC ETCH VIA
seq_0201,STRIP RESIST
seq_0201,CLEAN AFTER VIA ETCH
seq_0201,MEASURE VIA CD
seq_0201,DEPOSIT BARRIER METAL
seq_0201,DEPOSIT TUNGSTEN SEED
seq_0201,FILL VIA TUNGSTEN
seq_0201,CMP METAL
seq_0201,MEASURE VIA RESISTANCE
seq_0201,DEPOSIT METAL 1
seq_0201,ANNEAL METAL
seq_0201,MEASURE METAL THICKNESS
seq_0201,SPIN COAT PHOTORESIST
seq_0201,SOFT BAKE
seq_0201,ALIGN MASK LEVEL 4
seq_0201,EXPOSE LITHO LEVEL 4
seq_0201,DEVELOP PHOTORESIST
seq_0201,METAL PATTERN INSPECTION
seq_0201,METAL ETCH DRY
seq_0201,STRIP PHOTORESIST
seq_0201,CLEAN AFTER METAL ETCH
seq_0201,MEASURE LINE WIDTH
seq_0201,DEPOSIT PASSIVATION
seq_0201,CURE PASSIVATION
seq_0201,MEASURE PASSIVATION THICKNESS
seq_0201,OPEN PAD WINDOW
seq_0201,PAD WINDOW LITHO
seq_0201,DEVELOP PHOTORESIST
seq_0201,PASSIVATION ETCH PAD OPENING
seq_0201,STRIP PHOTORESIST
seq_0201,CLEAN PAD OPENING
seq_0201,MEASURE PAD OPENING
seq_0201,BACKSIDE THINNING CHECK
seq_0201,BACKSIDE CLEAN FINAL
seq_0201,DEPOSIT BACKSIDE PROTECTION
seq_0201,BACKSIDE ANNEAL
seq_0201,FRONTSIDE CLEAN FINAL
seq_0201,FINAL CLEAN
seq_0201,FINAL THICKNESS MEASURE
seq_0201,FINAL GEOMETRY CHECK
seq_0201,FINAL OXIDE CHECK
seq_0201,FINAL CD INSPECTION
seq_0201,FINAL PARTICLE INSPECTION
seq_0201,FINAL ELECTRICAL TEST PREP
seq_0201,PARAMETRIC TEST
seq_0201,LEAKAGE TEST
seq_0201,SWITCHING TEST
seq_0201,WAFER SORT TEST
seq_0201,YIELD ANALYSIS
seq_0201,LOT RELEASE
seq_0201,PACKAGE PREPARATION
seq_0201,SHIP LOT
seq_0202,RECEIVE WAFER LOT
seq_0202,LOT IDENTIFICATION
seq_0202,INITIAL WAFER INSPECTION
seq_0202,MEASURE INITIAL GEOMETRY
seq_0202,MEASURE SURFACE DEFECTS
seq_0202,WAFER CLEAN PRE PROCESS
seq_0202,WET CLEAN RCA1
seq_0202,RCA CLEAN 2
seq_0202,HF DIP
seq_0202,WAFER CLEAN PRE-GRIND
seq_0202,GRINDING WAFER BACKSIDE
seq_0202,MEASURE INITIAL GEOMETRY
seq_0202,ETCH WET BACKSIDE
seq_0202,RINSE WET WAFER_EDGE
seq_0202,DRY WAFER BACKSIDE
seq_0202,BACKSIDE CLEAN
seq_0202,MEASURE BACKSIDE ROUGHNESS
seq_0202,THERMAL OXIDATION
seq_0202,MEASURE OXIDE THICKNESS
seq_0202,RCA CLEAN 1
seq_0202,RCA CLEAN 2
seq_0202,HF DIP
seq_0202,OXIDE STRIP
seq_0202,SURFACE PREP FOR DEPOSITION
seq_0202,DEPOSIT PAD OXIDE
seq_0202,ANNEAL OXIDE
seq_0202,MEASURE FILM THICKNESS
seq_0202,SPIN COAT PHOTORESIST
seq_0202,SOFT BAKE
seq_0202,ALIGN MASK LEVEL 1
seq_0202,EXPOSE LITHO LEVEL 1
seq_0202,DEVELOP PHOTORESIST
seq_0202,INSPECT PATTERN LEVEL 1
seq_0202,HARD BAKE
seq_0202,OXIDE ETCH DRY
seq_0202,STRIP PHOTORESIST
seq_0202,CLEAN AFTER ETCH
seq_0202,MEASURE CD LEVEL 1
seq_0202,DEPOSIT POLYSILICON
seq_0202,ANNEAL POLYSILICON
seq_0202,SPIN COAT PHOTORESIST
seq_0202,SOFT BAKE
seq_0202,ALIGN MASK LEVEL 2
seq_0202,EXPOSE LITHO LEVEL 2
seq_0202,POST EXPOSE BAKE
seq_0202,DEVELOP PHOTORESIST
seq_0202,PATTERN INSPECTION LEVEL 2
seq_0202,POLYSILICON ETCH DRY
seq_0202,STRIP RESIST
seq_0202,CLEAN AFTER POLY ETCH
seq_0202,MEASURE CD LEVEL 2
seq_0202,IMPLANT N-TYPE
seq_0202,PRE ANNEAL CHECK
seq_0202,RAPID THERMAL ANNEAL
seq_0202,MEASURE SHEET RESISTANCE
seq_0202,DEPOSIT INTERLAYER DIELECTRIC
seq_0202,DENSIFY OXIDE
seq_0202,MEASURE DIELECTRIC THICKNESS
seq_0202,CMP DIELECTRIC
seq_0202,MEASURE PLANARITY
seq_0202,SPIN COAT PHOTORESIST
seq_0202,SOFT BAKE
seq_0202,ALIGN MASK LEVEL 3
seq_0202,EXPOSE LITHO LEVEL 3
seq_0202,DEVELOP PHOTORESIST
seq_0202,VIA OPENING INSPECTION
seq_0202,VIA ETCH THROUGH DIELECTRIC
seq_0202,STRIP RESIST
seq_0202,CLEAN AFTER VIA ETCH
seq_0202,MEASURE VIA CD
seq_0202,DEPOSIT BARRIER METAL
seq_0202,DEPOSIT TUNGSTEN SEED
seq_0202,FILL VIA TUNGSTEN
seq_0202,CMP METAL
seq_0202,MEASURE VIA RESISTANCE
seq_0202,DEPOSIT METAL 1
seq_0202,ANNEAL METAL 1
seq_0202,SPIN COAT PHOTORESIST
seq_0202,SOFT BAKE
seq_0202,ALIGN MASK LEVEL 4
seq_0202,EXPOSE LITHO LEVEL 4
seq_0202,DEVELOP PHOTORESIST
seq_0202,METAL PATTERN INSPECTION
seq_0202,METAL ETCH DRY
seq_0202,STRIP RESIST
seq_0202,CLEAN AFTER METAL ETCH
seq_0202,MEASURE LINE WIDTH
seq_0202,DEPOSIT PASSIVATION LAYER
seq_0202,CURE PASSIVATION
seq_0202,MEASURE PASSIVATION THICKNESS
seq_0202,OPEN PAD WINDOW
seq_0202,OPEN PAD WINDOW LITHO
seq_0202,DEVELOP PHOTORESIST
seq_0202,PASSIVATION ETCH
seq_0202,STRIP RESIST
seq_0202,CLEAN PAD OPENING
seq_0202,MEASURE PAD OPENING
seq_0202,BACKSIDE CLEAN FINAL
seq_0202,DEPOSIT BACKSIDE PROTECTION
seq_0202,BACKSIDE ANNEAL
seq_0202,FRONTSIDE CLEAN FINAL
seq_0202,FINAL CLEAN
seq_0202,FINAL THICKNESS MEASURE
seq_0202,FINAL GEOMETRY CHECK
seq_0202,FINAL CD INSPECTION
seq_0202,FINAL PARTICLE INSPECTION
seq_0202,FINAL ELECTRICAL TEST PREP
seq_0202,ELECTRICAL PARAMETRIC TEST
seq_0202,LEAKAGE TEST
seq_0202,THRESHOLD VOLTAGE TEST
seq_0202,SWITCHING TEST
seq_0202,WAFER SORT TEST
seq_0202,YIELD ANALYSIS
seq_0202,FINAL LOT RELEASE
seq_0202,PACKAGE PREPARATION
seq_0202,SHIP LOT
seq_0203,RECEIVE WAFER LOT
seq_0203,LOT IDENTIFICATION
seq_0203,INITIAL WAFER INSPECTION
seq_0203,MEASURE INITIAL THICKNESS
seq_0203,MEASURE SURFACE DEFECTS
seq_0203,WAFER CLEAN PRE PROCESS
seq_0203,BACKSIDE CLEAN
seq_0203,WET CLEAN RCA1
seq_0203,RCA CLEAN 2
seq_0203,HF DIP
seq_0203,DRY WAFER
seq_0203,WAFER CLEAN PRE-GRIND
seq_0203,GRINDING WAFER BACKSIDE
seq_0203,MEASURE GEOMETRY
seq_0203,ETCH WET BACKSIDE
seq_0203,RINSE WET WAFER_EDGE
seq_0203,DRY WAFER BACKSIDE
seq_0203,BACKSIDE CLEAN
seq_0203,MEASURE BACKSIDE ROUGHNESS
seq_0203,THERMAL OXIDATION
seq_0203,MEASURE OXIDE THICKNESS
seq_0203,WET CLEAN RCA1
seq_0203,RCA CLEAN 2
seq_0203,HF DIP
seq_0203,OXIDE STRIP
seq_0203,SURFACE PREP FOR DEPOSITION
seq_0203,DEPOSIT PAD OXIDE
seq_0203,ANNEAL OXIDE
seq_0203,MEASURE OXIDE THICKNESS
seq_0203,SPIN COAT PHOTORESIST
seq_0203,SOFT BAKE
seq_0203,ALIGN MASK LEVEL 1
seq_0203,EXPOSE LITHO LEVEL 1
seq_0203,POST EXPOSE BAKE
seq_0203,DEVELOP PHOTORESIST
seq_0203,INSPECT PATTERN LEVEL 1
seq_0203,HARD BAKE
seq_0203,OXIDE ETCH DRY
seq_0203,STRIP RESIST
seq_0203,CLEAN AFTER ETCH
seq_0203,MEASURE CD LEVEL 1
seq_0203,DEPOSIT POLYSILICON
seq_0203,ANNEAL POLYSILICON
seq_0203,SPIN COAT PHOTORESIST
seq_0203,SOFT BAKE
seq_0203,ALIGN MASK LEVEL 2
seq_0203,EXPOSE LITHO LEVEL 2
seq_0203,POST EXPOSE BAKE
seq_0203,DEVELOP PHOTORESIST
seq_0203,PATTERN INSPECTION LEVEL 2
seq_0203,POLYSILICON ETCH DRY
seq_0203,STRIP RESIST
seq_0203,CLEAN AFTER POLY ETCH
seq_0203,IMPLANT N-TYPE
seq_0203,PRE ANNEAL CHECK
seq_0203,RAPID THERMAL ANNEAL
seq_0203,MEASURE SHEET RESISTANCE
seq_0203,DEPOSIT INTERLAYER DIELECTRIC
seq_0203,DENSIFY DIELECTRIC
seq_0203,MEASURE DIELECTRIC THICKNESS
seq_0203,CMP DIELECTRIC
seq_0203,MEASURE SURFACE PLANARITY
seq_0203,SPIN COAT PHOTORESIST
seq_0203,SOFT BAKE
seq_0203,ALIGN MASK LEVEL 3
seq_0203,EXPOSE LITHO LEVEL 3
seq_0203,POST EXPOSE BAKE
seq_0203,DEVELOP PHOTORESIST
seq_0203,VIA INSPECTION
seq_0203,VIA ETCH
seq_0203,STRIP RESIST
seq_0203,CLEAN AFTER VIA ETCH
seq_0203,MEASURE VIA CD
seq_0203,DEPOSIT BARRIER METAL
seq_0203,DEPOSIT TUNGSTEN SEED
seq_0203,FILL VIA TUNGSTEN
seq_0203,CMP VIA FILL
seq_0203,MEASURE VIA RESISTANCE
seq_0203,DEPOSIT METAL 1
seq_0203,ANNEAL METAL 1
seq_0203,MEASURE METAL THICKNESS
seq_0203,SPIN COAT PHOTORESIST
seq_0203,SOFT BAKE
seq_0203,ALIGN MASK LEVEL 4
seq_0203,EXPOSE LITHO LEVEL 4
seq_0203,POST EXPOSE BAKE
seq_0203,DEVELOP PHOTORESIST
seq_0203,METAL PATTERN INSPECTION
seq_0203,METAL ETCH DRY
seq_0203,STRIP PHOTORESIST
seq_0203,CLEAN AFTER METAL ETCH
seq_0203,MEASURE LINE WIDTH
seq_0203,DEPOSIT PASSIVATION LAYER
seq_0203,CURE PASSIVATION
seq_0203,MEASURE PASSIVATION QUALITY
seq_0203,OPEN BOND PAD WINDOW
seq_0203,PAD WINDOW LITHO
seq_0203,DEVELOP PAD WINDOW
seq_0203,PASSIVATION ETCH
seq_0203,STRIP PHOTORESIST
seq_0203,CLEAN PAD OPENING
seq_0203,MEASURE PAD OPENING
seq_0203,BACKSIDE CLEAN
seq_0203,DEPOSIT BACKSIDE PROTECTION
seq_0203,BACKSIDE ANNEAL
seq_0203,FINAL CLEAN
seq_0203,FINAL THICKNESS MEASURE
seq_0203,FINAL GEOMETRY CHECK
seq_0203,FINAL OXIDE CHECK
seq_0203,FINAL CD INSPECTION
seq_0203,FINAL PARTICLE INSPECTION
seq_0203,FINAL ELECTRICAL TEST PREP
seq_0203,ELECTRICAL PARAMETRIC TEST
seq_0203,LEAKAGE TEST
seq_0203,PARAMETRIC TEST
seq_0203,SWITCHING TEST
seq_0203,WAFER SORT TEST
seq_0203,YIELD ANALYSIS
seq_0203,FINAL LOT RELEASE
seq_0203,PACKAGE PREPARATION
seq_0203,SHIP LOT
seq_0204,RECEIVE WAFER LOT
seq_0204,LOT IDENTIFICATION
seq_0204,INITIAL WAFER INSPECTION
seq_0204,MEASURE SURFACE DEFECTS
seq_0204,WAFER CLEAN PRE PROCESS
seq_0204,FRONTSIDE CLEAN
seq_0204,WET CLEAN RCA1
seq_0204,WET CLEAN RCA2
seq_0204,HF DIP
seq_0204,DRY WAFER
seq_0204,WAFER CLEAN PRE-GRIND
seq_0204,GRINDING WAFER BACKSIDE
seq_0204,MEASURE INITIAL GEOMETRY
seq_0204,ETCH WET BACKSIDE
seq_0204,RINSE WET WAFER_EDGE
seq_0204,DRY WAFER BACKSIDE
seq_0204,BACKSIDE CLEAN
seq_0204,MEASURE BACKSIDE ROUGHNESS
seq_0204,THERMAL OXIDATION
seq_0204,MEASURE OXIDE THICKNESS
seq_0204,WET CLEAN RCA1
seq_0204,WET CLEAN RCA2
seq_0204,HF DIP
seq_0204,OXIDE STRIP
seq_0204,SURFACE PREP FOR DEPOSITION
seq_0204,DEPOSIT PAD OXIDE
seq_0204,ANNEAL OXIDE
seq_0204,MEASURE OXIDE THICKNESS
seq_0204,SPIN COAT PHOTORESIST
seq_0204,SOFT BAKE
seq_0204,ALIGN MASK LEVEL 1
seq_0204,EXPOSE LITHO LEVEL 1
seq_0204,POST EXPOSE BAKE
seq_0204,DEVELOP PHOTORESIST
seq_0204,INSPECT PATTERN LEVEL 1
seq_0204,HARD BAKE
seq_0204,OXIDE ETCH DRY
seq_0204,STRIP PHOTORESIST
seq_0204,CLEAN AFTER ETCH
seq_0204,MEASURE CD LEVEL 1
seq_0204,DEPOSIT POLYSILICON
seq_0204,ANNEAL POLYSILICON
seq_0204,SPIN COAT PHOTORESIST
seq_0204,SOFT BAKE
seq_0204,ALIGN MASK LEVEL 2
seq_0204,EXPOSE LITHO LEVEL 2
seq_0204,DEVELOP PHOTORESIST
seq_0204,PATTERN INSPECTION LEVEL 2
seq_0204,POLYSILICON ETCH DRY
seq_0204,STRIP RESIST LEVEL 2
seq_0204,CLEAN AFTER POLY ETCH
seq_0204,IMPLANT N-TYPE
seq_0204,PRE ANNEAL CHECK
seq_0204,RAPID THERMAL ANNEAL
seq_0204,MEASURE SHEET RESISTANCE
seq_0204,DEPOSIT INTERLAYER DIELECTRIC
seq_0204,DENSIFY OXIDE
seq_0204,MEASURE DIELECTRIC THICKNESS
seq_0204,CMP INTERLAYER DIELECTRIC
seq_0204,MEASURE SURFACE PLANARITY
seq_0204,SPIN COAT PHOTORESIST
seq_0204,SOFT BAKE
seq_0204,ALIGN MASK LEVEL 3
seq_0204,EXPOSE LITHO LEVEL 3
seq_0204,POST EXPOSE BAKE
seq_0204,DEVELOP PHOTORESIST
seq_0204,VIA OPENING INSPECTION
seq_0204,VIA ETCH
seq_0204,STRIP PHOTORESIST
seq_0204,CLEAN AFTER VIA ETCH
seq_0204,MEASURE VIA CD
seq_0204,DEPOSIT BARRIER METAL
seq_0204,DEPOSIT TUNGSTEN SEED
seq_0204,FILL VIA TUNGSTEN
seq_0204,CMP METAL
seq_0204,MEASURE VIA RESISTANCE
seq_0204,DEPOSIT TOP METAL
seq_0204,ANNEAL METAL
seq_0204,SPIN COAT PHOTORESIST
seq_0204,SOFT BAKE
seq_0204,ALIGN MASK LEVEL 4
seq_0204,EXPOSE LITHO LEVEL 4
seq_0204,DEVELOP PHOTORESIST
seq_0204,METAL PATTERN INSPECTION
seq_0204,HARD BAKE
seq_0204,METAL ETCH DRY
seq_0204,STRIP PHOTORESIST
seq_0204,CLEAN AFTER METAL ETCH
seq_0204,MEASURE LINE WIDTH
seq_0204,DEPOSIT PASSIVATION
seq_0204,CURE PASSIVATION
seq_0204,MEASURE PASSIVATION THICKNESS
seq_0204,OPEN BOND PAD WINDOW
seq_0204,OPEN PAD WINDOW LITHO
seq_0204,DEVELOP PAD WINDOW
seq_0204,PASSIVATION ETCH
seq_0204,STRIP PHOTORESIST
seq_0204,CLEAN PAD OPENING
seq_0204,MEASURE PAD OPENING
seq_0204,BACKSIDE THINNING CHECK
seq_0204,BACKSIDE CLEAN FINAL
seq_0204,DEPOSIT BACKSIDE PROTECTION
seq_0204,BACKSIDE ANNEAL
seq_0204,FINAL CLEAN
seq_0204,FINAL THICKNESS MEASURE
seq_0204,FINAL PARTICLE INSPECTION
seq_0204,FINAL ELECTRICAL TEST PREP
seq_0204,PARAMETRIC TEST
seq_0204,LEAKAGE TEST
seq_0204,THRESHOLD VOLTAGE TEST
seq_0204,SWITCHING TEST
seq_0204,WAFER SORT TEST
seq_0204,YIELD ANALYSIS
seq_0204,FINAL LOT RELEASE
seq_0204,SHIP LOT
seq_0205,RECEIVE WAFER LOT
seq_0205,LOT IDENTIFICATION
seq_0205,INITIAL WAFER INSPECTION
seq_0205,MEASURE INITIAL GEOMETRY
seq_0205,MEASURE SURFACE DEFECTS
seq_0205,WAFER CLEAN PRE PROCESS
seq_0205,RCA CLEAN 1
seq_0205,RCA CLEAN 2
seq_0205,HF DIP
seq_0205,WAFER CLEAN PRE-GRIND
seq_0205,GRINDING WAFER BACKSIDE
seq_0205,MEASURE GEOMETRY
seq_0205,ETCH WET BACKSIDE
seq_0205,RINSE WET WAFER_EDGE
seq_0205,DRY WAFER BACKSIDE
seq_0205,BACKSIDE CLEAN
seq_0205,MEASURE BACKSIDE ROUGHNESS
seq_0205,THERMAL OXIDATION
seq_0205,MEASURE OXIDE THICKNESS
seq_0205,WET CLEAN RCA1
seq_0205,RCA CLEAN 2
seq_0205,HF DIP
seq_0205,OXIDE STRIP
seq_0205,SURFACE PREP FOR DEPOSITION
seq_0205,DEPOSIT PAD OXIDE
seq_0205,ANNEAL OXIDE
seq_0205,MEASURE OXIDE THICKNESS
seq_0205,SPIN COAT PHOTORESIST
seq_0205,SOFT BAKE
seq_0205,ALIGN MASK LEVEL 1
seq_0205,EXPOSE LITHO LEVEL 1
seq_0205,DEVELOP PHOTORESIST
seq_0205,INSPECT PATTERN LEVEL 1
seq_0205,HARD BAKE
seq_0205,OXIDE ETCH DRY
seq_0205,STRIP PHOTORESIST
seq_0205,CLEAN AFTER ETCH
seq_0205,MEASURE CD LEVEL 1
seq_0205,DEPOSIT POLYSILICON
seq_0205,ANNEAL POLYSILICON
seq_0205,SPIN COAT PHOTORESIST
seq_0205,SOFT BAKE
seq_0205,ALIGN MASK LEVEL 2
seq_0205,EXPOSE LITHO LEVEL 2
seq_0205,DEVELOP PHOTORESIST
seq_0205,PATTERN INSPECTION LEVEL 2
seq_0205,POLYSILICON ETCH DRY
seq_0205,STRIP RESIST
seq_0205,CLEAN AFTER POLY ETCH
seq_0205,MEASURE CD LEVEL 2
seq_0205,IMPLANT N-TYPE
seq_0205,PRE ANNEAL CHECK
seq_0205,RAPID THERMAL ANNEAL
seq_0205,MEASURE SHEET RESISTANCE
seq_0205,DEPOSIT INTERLEVEL DIELECTRIC
seq_0205,DENSIFY DIELECTRIC
seq_0205,MEASURE FILM THICKNESS
seq_0205,CMP INTERLAYER DIELECTRIC
seq_0205,MEASURE PLANARITY
seq_0205,SPIN COAT PHOTORESIST
seq_0205,SOFT BAKE
seq_0205,ALIGN MASK LEVEL 3
seq_0205,EXPOSE LITHO LEVEL 3
seq_0205,DEVELOP PHOTORESIST
seq_0205,VIA INSPECTION
seq_0205,VIA ETCH THROUGH DIELECTRIC
seq_0205,STRIP PHOTORESIST
seq_0205,CLEAN AFTER VIA ETCH
seq_0205,DEPOSIT BARRIER METAL
seq_0205,DEPOSIT TUNGSTEN SEED
seq_0205,FILL VIA TUNGSTEN
seq_0205,CMP VIA FILL
seq_0205,MEASURE VIA RESISTANCE
seq_0205,DEPOSIT TOP METAL
seq_0205,ANNEAL METAL 1
seq_0205,MEASURE METAL THICKNESS
seq_0205,SPIN COAT PHOTORESIST
seq_0205,SOFT BAKE
seq_0205,ALIGN MASK LEVEL 4
seq_0205,EXPOSE LITHO LEVEL 4
seq_0205,DEVELOP PHOTORESIST
seq_0205,METAL PATTERN INSPECTION
seq_0205,METAL ETCH DRY
seq_0205,STRIP RESIST
seq_0205,CLEAN AFTER METAL ETCH
seq_0205,MEASURE LINE WIDTH
seq_0205,DEPOSIT PASSIVATION LAYER
seq_0205,CURE PASSIVATION
seq_0205,MEASURE PASSIVATION QUALITY
seq_0205,OPEN BOND PAD WINDOW
seq_0205,PAD WINDOW LITHO
seq_0205,DEVELOP PHOTORESIST
seq_0205,PASSIVATION ETCH PAD OPENING
seq_0205,STRIP PHOTORESIST
seq_0205,CLEAN PAD OPENING
seq_0205,MEASURE PAD OPENING
seq_0205,BACKSIDE THINNING CHECK
seq_0205,BACKSIDE CLEAN
seq_0205,DEPOSIT BACKSIDE PROTECTION
seq_0205,BACKSIDE ANNEAL
seq_0205,FRONTSIDE CLEAN FINAL
seq_0205,FINAL CLEAN
seq_0205,FINAL THICKNESS MEASURE
seq_0205,FINAL GEOMETRY CHECK
seq_0205,FINAL OXIDE CHECK
seq_0205,FINAL PARTICLE INSPECTION
seq_0205,FINAL ELECTRICAL TEST PREP
seq_0205,ELECTRICAL PARAMETRIC TEST
seq_0205,LEAKAGE TEST
seq_0205,THRESHOLD VOLTAGE TEST
seq_0205,SWITCHING TEST
seq_0205,WAFER SORT TEST
seq_0205,YIELD ANALYSIS
seq_0205,LOT RELEASE
seq_0205,PACKAGE PREPARATION
seq_0205,SHIP LOT
seq_0206,RECEIVE WAFER LOT
seq_0206,LOT IDENTIFICATION
seq_0206,PRE CLEAN INSPECTION
seq_0206,MEASURE INITIAL THICKNESS
seq_0206,MEASURE SURFACE DEFECTS
seq_0206,WAFER CLEAN PRE PROCESS
seq_0206,BACKSIDE CLEAN
seq_0206,FRONTSIDE CLEAN
seq_0206,WET CLEAN RCA1
seq_0206,RCA CLEAN 2
seq_0206,HF DIP
seq_0206,DRY WAFER
seq_0206,WAFER CLEAN PRE-GRIND
seq_0206,GRINDING WAFER BACKSIDE
seq_0206,MEASURE INITIAL GEOMETRY
seq_0206,ETCH WET BACKSIDE
seq_0206,RINSE WET WAFER_EDGE
seq_0206,DRY WAFER BACKSIDE
seq_0206,BACKSIDE CLEAN
seq_0206,MEASURE BACKSIDE ROUGHNESS
seq_0206,THERMAL OXIDATION
seq_0206,MEASURE OXIDE THICKNESS
seq_0206,WET CLEAN RCA1
seq_0206,RCA CLEAN 2
seq_0206,HF DIP
seq_0206,OXIDE STRIP
seq_0206,SURFACE PREP FOR DEPOSITION
seq_0206,DEPOSIT PAD OXIDE
seq_0206,ANNEAL OXIDE
seq_0206,MEASURE FILM THICKNESS
seq_0206,SPIN COAT PHOTORESIST
seq_0206,SOFT BAKE
seq_0206,ALIGN MASK LEVEL 1
seq_0206,EXPOSE LITHO LEVEL 1
seq_0206,DEVELOP PHOTORESIST
seq_0206,INSPECT PATTERN LEVEL 1
seq_0206,HARD BAKE
seq_0206,OXIDE ETCH DRY
seq_0206,STRIP RESIST
seq_0206,CLEAN AFTER ETCH
seq_0206,MEASURE CD LEVEL 1
seq_0206,DEPOSIT POLYSILICON
seq_0206,ANNEAL POLYSILICON
seq_0206,SPIN COAT PHOTORESIST
seq_0206,SOFT BAKE
seq_0206,ALIGN MASK LEVEL 2
seq_0206,EXPOSE LITHO LEVEL 2
seq_0206,DEVELOP PHOTORESIST
seq_0206,PATTERN INSPECTION LEVEL 2
seq_0206,POLYSILICON ETCH DRY
seq_0206,STRIP RESIST LEVEL 2
seq_0206,CLEAN AFTER POLY ETCH
seq_0206,MEASURE CD LEVEL 2
seq_0206,IMPLANT N-TYPE
seq_0206,RAPID THERMAL ANNEAL
seq_0206,MEASURE SHEET RESISTANCE
seq_0206,DEPOSIT INTERLEVEL DIELECTRIC
seq_0206,DENSIFY DIELECTRIC
seq_0206,MEASURE FILM THICKNESS
seq_0206,CMP INTERLAYER DIELECTRIC
seq_0206,MEASURE SURFACE PLANARITY
seq_0206,SPIN COAT PHOTORESIST
seq_0206,SOFT BAKE
seq_0206,ALIGN MASK LEVEL 3
seq_0206,EXPOSE LITHO LEVEL 3
seq_0206,DEVELOP PHOTORESIST
seq_0206,VIA INSPECTION
seq_0206,VIA ETCH
seq_0206,STRIP RESIST
seq_0206,CLEAN AFTER VIA ETCH
seq_0206,MEASURE VIA CD
seq_0206,DEPOSIT BARRIER METAL
seq_0206,DEPOSIT TUNGSTEN SEED
seq_0206,FILL VIA TUNGSTEN
seq_0206,CMP VIA FILL
seq_0206,MEASURE CONTACT RESISTANCE
seq_0206,DEPOSIT TOP METAL
seq_0206,ANNEAL METAL
seq_0206,SPIN COAT PHOTORESIST
seq_0206,SOFT BAKE
seq_0206,ALIGN MASK LEVEL 4
seq_0206,EXPOSE LITHO LEVEL 4
seq_0206,POST EXPOSE BAKE
seq_0206,DEVELOP PHOTORESIST
seq_0206,METAL PATTERN INSPECTION
seq_0206,HARD BAKE
seq_0206,METAL ETCH DRY
seq_0206,STRIP PHOTORESIST
seq_0206,CLEAN AFTER METAL ETCH
seq_0206,MEASURE LINE WIDTH
seq_0206,DEPOSIT PASSIVATION LAYER
seq_0206,CURE PASSIVATION
seq_0206,MEASURE PASSIVATION THICKNESS
seq_0206,OPEN BOND PAD WINDOW
seq_0206,OPEN PAD WINDOW LITHO
seq_0206,DEVELOP PHOTORESIST
seq_0206,PASSIVATION ETCH PAD OPENING
seq_0206,STRIP PHOTORESIST
seq_0206,CLEAN PAD OPENING
seq_0206,MEASURE PAD OPENING
seq_0206,BACKSIDE THINNING CHECK
seq_0206,BACKSIDE CLEAN FINAL
seq_0206,DEPOSIT BACKSIDE PROTECTION
seq_0206,BACKSIDE ANNEAL
seq_0206,FINAL CLEAN
seq_0206,FINAL THICKNESS MEASURE
seq_0206,FINAL GEOMETRY CHECK
seq_0206,FINAL OXIDE CHECK
seq_0206,FINAL PARTICLE INSPECTION
seq_0206,ELECTRICAL PARAMETRIC TEST
seq_0206,LEAKAGE TEST
seq_0206,THRESHOLD VOLTAGE TEST
seq_0206,SWITCHING TEST
seq_0206,WAFER SORT TEST
seq_0206,YIELD ANALYSIS
seq_0206,LOT RELEASE
seq_0206,PACKAGE PREPARATION
seq_0206,SHIP LOT
seq_0207,RECEIVE WAFER LOT
seq_0207,LOT IDENTIFICATION
seq_0207,PRE CLEAN INSPECTION
seq_0207,MEASURE INITIAL THICKNESS
seq_0207,MEASURE SURFACE DEFECTS
seq_0207,WAFER CLEAN PRE PROCESS
seq_0207,BACKSIDE CLEAN
seq_0207,WET CLEAN RCA1
seq_0207,WET CLEAN RCA2
seq_0207,HF DIP
seq_0207,DRY WAFER
seq_0207,WAFER CLEAN PRE-GRIND
seq_0207,GRINDING WAFER BACKSIDE
seq_0207,MEASURE GEOMETRY
seq_0207,ETCH WET BACKSIDE
seq_0207,RINSE WET WAFER_EDGE
seq_0207,DRY WAFER BACKSIDE
seq_0207,BACKSIDE CLEAN
seq_0207,MEASURE BACKSIDE ROUGHNESS
seq_0207,THERMAL OXIDATION
seq_0207,MEASURE OXIDE THICKNESS
seq_0207,WET CLEAN RCA1
seq_0207,RCA CLEAN 2
seq_0207,HF DIP
seq_0207,OXIDE STRIP
seq_0207,SURFACE PREP FOR DEPOSITION
seq_0207,DEPOSIT PAD OXIDE
seq_0207,ANNEAL OXIDE
seq_0207,MEASURE OXIDE THICKNESS
seq_0207,SPIN COAT PHOTORESIST
seq_0207,SOFT BAKE
seq_0207,ALIGN MASK LEVEL 1
seq_0207,EXPOSE LITHO LEVEL 1
seq_0207,DEVELOP PHOTORESIST
seq_0207,INSPECT PATTERN LEVEL 1
seq_0207,HARD BAKE
seq_0207,OXIDE ETCH DRY
seq_0207,STRIP RESIST
seq_0207,CLEAN AFTER ETCH
seq_0207,DEPOSIT POLYSILICON
seq_0207,ANNEAL POLYSILICON
seq_0207,SPIN COAT PHOTORESIST
seq_0207,SOFT BAKE
seq_0207,ALIGN MASK LEVEL 2
seq_0207,EXPOSE LITHO LEVEL 2
seq_0207,DEVELOP PHOTORESIST
seq_0207,PATTERN INSPECTION LEVEL 2
seq_0207,POLYSILICON ETCH DRY
seq_0207,STRIP RESIST LEVEL 2
seq_0207,CLEAN AFTER POLY ETCH
seq_0207,MEASURE CD LEVEL 2
seq_0207,IMPLANT N-TYPE
seq_0207,RAPID THERMAL ANNEAL
seq_0207,MEASURE SHEET RESISTANCE
seq_0207,DEPOSIT INTERLEVEL DIELECTRIC
seq_0207,DENSIFY DIELECTRIC
seq_0207,MEASURE DIELECTRIC THICKNESS
seq_0207,CMP DIELECTRIC
seq_0207,MEASURE SURFACE PLANARITY
seq_0207,SPIN COAT PHOTORESIST
seq_0207,SOFT BAKE
seq_0207,ALIGN MASK LEVEL 3
seq_0207,EXPOSE LITHO LEVEL 3
seq_0207,POST EXPOSE BAKE
seq_0207,DEVELOP PHOTORESIST
seq_0207,VIA OPENING INSPECTION
seq_0207,VIA ETCH
seq_0207,STRIP RESIST
seq_0207,CLEAN AFTER VIA ETCH
seq_0207,MEASURE VIA CD
seq_0207,DEPOSIT BARRIER METAL
seq_0207,DEPOSIT TUNGSTEN SEED
seq_0207,FILL VIA TUNGSTEN
seq_0207,CMP VIA FILL
seq_0207,MEASURE VIA RESISTANCE
seq_0207,DEPOSIT TOP METAL
seq_0207,ANNEAL METAL 1
seq_0207,SPIN COAT PHOTORESIST
seq_0207,SOFT BAKE
seq_0207,ALIGN MASK LEVEL 4
seq_0207,EXPOSE LITHO LEVEL 4
seq_0207,DEVELOP PHOTORESIST
seq_0207,METAL PATTERN INSPECTION
seq_0207,HARD BAKE
seq_0207,METAL ETCH DRY
seq_0207,STRIP PHOTORESIST
seq_0207,CLEAN AFTER METAL ETCH
seq_0207,MEASURE LINE WIDTH
seq_0207,DEPOSIT PASSIVATION
seq_0207,CURE PASSIVATION
seq_0207,MEASURE PASSIVATION THICKNESS
seq_0207,OPEN BOND PAD WINDOW
seq_0207,PAD WINDOW LITHO
seq_0207,DEVELOP PHOTORESIST
seq_0207,PASSIVATION ETCH PAD OPENING
seq_0207,STRIP RESIST
seq_0207,CLEAN PAD OPENING
seq_0207,MEASURE PAD OPENING
seq_0207,BACKSIDE THINNING CHECK
seq_0207,BACKSIDE CLEAN
seq_0207,DEPOSIT BACKSIDE PROTECTION
seq_0207,BACKSIDE ANNEAL
seq_0207,FINAL CLEAN
seq_0207,FINAL THICKNESS MEASURE
seq_0207,FINAL GEOMETRY CHECK
seq_0207,FINAL OXIDE CHECK
seq_0207,FINAL CD INSPECTION
seq_0207,FINAL PARTICLE INSPECTION
seq_0207,PARAMETRIC TEST
seq_0207,LEAKAGE TEST
seq_0207,SWITCHING TEST
seq_0207,WAFER SORT TEST
seq_0207,YIELD ANALYSIS
seq_0207,FINAL LOT RELEASE
seq_0207,PACKAGE PREPARATION
seq_0207,SHIP LOT
seq_0208,RECEIVE WAFER LOT
seq_0208,LOT IDENTIFICATION
seq_0208,INITIAL WAFER INSPECTION
seq_0208,MEASURE INITIAL GEOMETRY
seq_0208,MEASURE SURFACE DEFECTS
seq_0208,WAFER CLEAN PRE PROCESS
seq_0208,BACKSIDE CLEAN
seq_0208,RCA CLEAN 1
seq_0208,RCA CLEAN 2
seq_0208,HF DIP
seq_0208,DRY WAFER
seq_0208,WAFER CLEAN PRE-GRIND
seq_0208,GRINDING WAFER BACKSIDE
seq_0208,MEASURE INITIAL GEOMETRY
seq_0208,ETCH WET BACKSIDE
seq_0208,RINSE WET WAFER_EDGE
seq_0208,DRY WAFER BACKSIDE
seq_0208,BACKSIDE CLEAN
seq_0208,MEASURE BACKSIDE ROUGHNESS
seq_0208,THERMAL OXIDATION
seq_0208,MEASURE OXIDE THICKNESS
seq_0208,RCA CLEAN 1
seq_0208,WET CLEAN RCA2
seq_0208,HF DIP
seq_0208,OXIDE STRIP
seq_0208,SURFACE PREP FOR DEPOSITION
seq_0208,DEPOSIT PAD OXIDE
seq_0208,ANNEAL OXIDE
seq_0208,MEASURE OXIDE THICKNESS
seq_0208,SPIN COAT PHOTORESIST
seq_0208,SOFT BAKE
seq_0208,ALIGN MASK LEVEL 1
seq_0208,EXPOSE LITHO LEVEL 1
seq_0208,DEVELOP PHOTORESIST
seq_0208,INSPECT PATTERN LEVEL 1
seq_0208,HARD BAKE
seq_0208,OXIDE ETCH DRY
seq_0208,STRIP PHOTORESIST
seq_0208,CLEAN AFTER ETCH
seq_0208,MEASURE CD LEVEL 1
seq_0208,DEPOSIT POLYSILICON
seq_0208,ANNEAL POLYSILICON
seq_0208,SPIN COAT PHOTORESIST
seq_0208,SOFT BAKE
seq_0208,ALIGN MASK LEVEL 2
seq_0208,EXPOSE LITHO LEVEL 2
seq_0208,DEVELOP PHOTORESIST
seq_0208,PATTERN INSPECTION LEVEL 2
seq_0208,POLYSILICON ETCH DRY
seq_0208,STRIP RESIST
seq_0208,CLEAN AFTER POLY ETCH
seq_0208,MEASURE CD LEVEL 2
seq_0208,IMPLANT N-TYPE
seq_0208,RAPID THERMAL ANNEAL
seq_0208,DEPOSIT INTERLAYER DIELECTRIC
seq_0208,DENSIFY OXIDE
seq_0208,MEASURE FILM THICKNESS
seq_0208,CMP INTERLAYER DIELECTRIC
seq_0208,MEASURE SURFACE PLANARITY
seq_0208,SPIN COAT PHOTORESIST
seq_0208,SOFT BAKE
seq_0208,ALIGN MASK LEVEL 3
seq_0208,EXPOSE LITHO LEVEL 3
seq_0208,DEVELOP PHOTORESIST
seq_0208,VIA INSPECTION
seq_0208,VIA ETCH THROUGH DIELECTRIC
seq_0208,STRIP RESIST
seq_0208,CLEAN AFTER VIA ETCH
seq_0208,MEASURE VIA CD
seq_0208,DEPOSIT BARRIER METAL
seq_0208,DEPOSIT TUNGSTEN SEED
seq_0208,FILL VIA TUNGSTEN
seq_0208,CMP METAL
seq_0208,MEASURE CONTACT RESISTANCE
seq_0208,DEPOSIT METAL 1
seq_0208,ANNEAL METAL
seq_0208,SPIN COAT PHOTORESIST
seq_0208,SOFT BAKE
seq_0208,ALIGN MASK LEVEL 4
seq_0208,EXPOSE LITHO LEVEL 4
seq_0208,POST EXPOSE BAKE
seq_0208,DEVELOP PHOTORESIST
seq_0208,METAL PATTERN INSPECTION
seq_0208,METAL ETCH DRY
seq_0208,STRIP RESIST
seq_0208,CLEAN AFTER METAL ETCH
seq_0208,MEASURE LINE WIDTH
seq_0208,DEPOSIT PASSIVATION LAYER
seq_0208,CURE PASSIVATION
seq_0208,MEASURE PASSIVATION QUALITY
seq_0208,OPEN PAD WINDOW
seq_0208,OPEN PAD WINDOW LITHO
seq_0208,DEVELOP PAD WINDOW
seq_0208,PASSIVATION ETCH
seq_0208,STRIP RESIST
seq_0208,CLEAN PAD OPENING
seq_0208,MEASURE PAD OPENING
seq_0208,BACKSIDE THINNING CHECK
seq_0208,BACKSIDE CLEAN
seq_0208,DEPOSIT BACKSIDE PROTECTION
seq_0208,BACKSIDE ANNEAL
seq_0208,FINAL CLEAN
seq_0208,FINAL THICKNESS MEASURE
seq_0208,FINAL GEOMETRY CHECK
seq_0208,FINAL CD INSPECTION
seq_0208,FINAL PARTICLE INSPECTION
seq_0208,FINAL ELECTRICAL TEST PREP
seq_0208,PARAMETRIC TEST
seq_0208,LEAKAGE TEST
seq_0208,THRESHOLD VOLTAGE TEST
seq_0208,SWITCHING TEST
seq_0208,WAFER SORT TEST
seq_0208,YIELD ANALYSIS
seq_0208,LOT RELEASE
seq_0208,PACKAGE PREPARATION
seq_0208,SHIP LOT
seq_0209,RECEIVE WAFER LOT
seq_0209,LOT IDENTIFICATION
seq_0209,INITIAL WAFER INSPECTION
seq_0209,MEASURE INITIAL GEOMETRY
seq_0209,MEASURE SURFACE DEFECTS
seq_0209,WAFER CLEAN PRE PROCESS
seq_0209,BACKSIDE CLEAN
seq_0209,FRONTSIDE CLEAN
seq_0209,RCA CLEAN 1
seq_0209,WET CLEAN RCA2
seq_0209,HF DIP
seq_0209,WAFER CLEAN PRE-GRIND
seq_0209,GRINDING WAFER BACKSIDE
seq_0209,MEASURE INITIAL GEOMETRY
seq_0209,ETCH WET BACKSIDE
seq_0209,RINSE WET WAFER_EDGE
seq_0209,DRY WAFER BACKSIDE
seq_0209,BACKSIDE CLEAN
seq_0209,MEASURE BACKSIDE ROUGHNESS
seq_0209,THERMAL OXIDATION
seq_0209,MEASURE OXIDE THICKNESS
seq_0209,WET CLEAN RCA1
seq_0209,RCA CLEAN 2
seq_0209,HF DIP
seq_0209,OXIDE STRIP
seq_0209,SURFACE PREP FOR DEPOSITION
seq_0209,DEPOSIT PAD OXIDE
seq_0209,ANNEAL OXIDE
seq_0209,MEASURE FILM THICKNESS
seq_0209,SPIN COAT PHOTORESIST
seq_0209,SOFT BAKE
seq_0209,ALIGN MASK LEVEL 1
seq_0209,EXPOSE LITHO LEVEL 1
seq_0209,DEVELOP PHOTORESIST
seq_0209,INSPECT PATTERN LEVEL 1
seq_0209,HARD BAKE
seq_0209,OXIDE ETCH DRY
seq_0209,STRIP PHOTORESIST
seq_0209,CLEAN AFTER ETCH
seq_0209,MEASURE CD LEVEL 1
seq_0209,DEPOSIT POLYSILICON
seq_0209,ANNEAL POLYSILICON
seq_0209,SPIN COAT PHOTORESIST
seq_0209,SOFT BAKE
seq_0209,ALIGN MASK LEVEL 2
seq_0209,EXPOSE LITHO LEVEL 2
seq_0209,POST EXPOSE BAKE
seq_0209,DEVELOP PHOTORESIST
seq_0209,PATTERN INSPECTION LEVEL 2
seq_0209,POLYSILICON ETCH DRY
seq_0209,STRIP RESIST
seq_0209,CLEAN AFTER POLY ETCH
seq_0209,MEASURE CD LEVEL 2
seq_0209,IMPLANT N-TYPE
seq_0209,PRE ANNEAL CHECK
seq_0209,RAPID THERMAL ANNEAL
seq_0209,MEASURE SHEET RESISTANCE
seq_0209,DEPOSIT INTERLAYER DIELECTRIC
seq_0209,DENSIFY DIELECTRIC
seq_0209,MEASURE FILM THICKNESS
seq_0209,CMP DIELECTRIC
seq_0209,MEASURE PLANARITY
seq_0209,SPIN COAT PHOTORESIST
seq_0209,SOFT BAKE
seq_0209,ALIGN MASK LEVEL 3
seq_0209,EXPOSE LITHO LEVEL 3
seq_0209,POST EXPOSE BAKE
seq_0209,DEVELOP PHOTORESIST
seq_0209,VIA INSPECTION
seq_0209,VIA ETCH
seq_0209,STRIP PHOTORESIST
seq_0209,CLEAN AFTER VIA ETCH
seq_0209,MEASURE VIA CD
seq_0209,DEPOSIT BARRIER METAL
seq_0209,DEPOSIT TUNGSTEN SEED
seq_0209,FILL VIA TUNGSTEN
seq_0209,CMP METAL
seq_0209,MEASURE VIA RESISTANCE
seq_0209,DEPOSIT TOP METAL
seq_0209,ANNEAL METAL
seq_0209,MEASURE METAL THICKNESS
seq_0209,SPIN COAT PHOTORESIST
seq_0209,SOFT BAKE
seq_0209,ALIGN MASK LEVEL 4
seq_0209,EXPOSE LITHO LEVEL 4
seq_0209,POST EXPOSE BAKE
seq_0209,DEVELOP PHOTORESIST
seq_0209,METAL PATTERN INSPECTION
seq_0209,METAL ETCH DRY
seq_0209,STRIP PHOTORESIST
seq_0209,CLEAN AFTER METAL ETCH
seq_0209,MEASURE LINE WIDTH
seq_0209,DEPOSIT PASSIVATION LAYER
seq_0209,CURE PASSIVATION
seq_0209,MEASURE PASSIVATION THICKNESS
seq_0209,OPEN PAD WINDOW
seq_0209,OPEN PAD WINDOW LITHO
seq_0209,DEVELOP PHOTORESIST
seq_0209,PASSIVATION ETCH
seq_0209,STRIP RESIST
seq_0209,CLEAN PAD OPENING
seq_0209,MEASURE PAD OPENING
seq_0209,BACKSIDE CLEAN FINAL
seq_0209,DEPOSIT BACKSIDE PROTECTION
seq_0209,BACKSIDE ANNEAL
seq_0209,FINAL CLEAN
seq_0209,FINAL THICKNESS MEASURE
seq_0209,FINAL GEOMETRY CHECK
seq_0209,FINAL OXIDE CHECK
seq_0209,FINAL ELECTRICAL TEST PREP
seq_0209,PARAMETRIC TEST
seq_0209,LEAKAGE TEST
seq_0209,SWITCHING TEST
seq_0209,WAFER SORT TEST
seq_0209,YIELD ANALYSIS
seq_0209,LOT RELEASE
seq_0209,PACKAGE PREPARATION
seq_0209,SHIP LOT
seq_0210,RECEIVE WAFER LOT
seq_0210,LOT IDENTIFICATION
seq_0210,INITIAL WAFER INSPECTION
seq_0210,MEASURE INITIAL GEOMETRY
seq_0210,MEASURE SURFACE DEFECTS
seq_0210,WAFER CLEAN PRE PROCESS
seq_0210,FRONTSIDE CLEAN
seq_0210,WET CLEAN RCA1
seq_0210,RCA CLEAN 2
seq_0210,HF DIP
seq_0210,WAFER CLEAN PRE-GRIND
seq_0210,GRINDING WAFER BACKSIDE
seq_0210,MEASURE GEOMETRY
seq_0210,ETCH WET BACKSIDE
seq_0210,RINSE WET WAFER_EDGE
seq_0210,DRY WAFER BACKSIDE
seq_0210,BACKSIDE CLEAN
seq_0210,MEASURE BACKSIDE ROUGHNESS
seq_0210,THERMAL OXIDATION
seq_0210,MEASURE OXIDE THICKNESS
seq_0210,RCA CLEAN 1
seq_0210,WET CLEAN RCA2
seq_0210,HF DIP
seq_0210,OXIDE STRIP
seq_0210,SURFACE PREP FOR DEPOSITION
seq_0210,DEPOSIT PAD OXIDE
seq_0210,ANNEAL OXIDE
seq_0210,MEASURE FILM THICKNESS
seq_0210,SPIN COAT PHOTORESIST
seq_0210,SOFT BAKE
seq_0210,ALIGN MASK LEVEL 1
seq_0210,EXPOSE LITHO LEVEL 1
seq_0210,DEVELOP PHOTORESIST
seq_0210,INSPECT PATTERN LEVEL 1
seq_0210,HARD BAKE
seq_0210,OXIDE ETCH DRY
seq_0210,STRIP RESIST
seq_0210,CLEAN AFTER ETCH
seq_0210,DEPOSIT POLYSILICON
seq_0210,ANNEAL POLYSILICON
seq_0210,SPIN COAT PHOTORESIST
seq_0210,SOFT BAKE
seq_0210,ALIGN MASK LEVEL 2
seq_0210,EXPOSE LITHO LEVEL 2
seq_0210,POST EXPOSE BAKE
seq_0210,DEVELOP PHOTORESIST
seq_0210,PATTERN INSPECTION LEVEL 2
seq_0210,POLYSILICON ETCH DRY
seq_0210,STRIP RESIST
seq_0210,CLEAN AFTER POLY ETCH
seq_0210,MEASURE CD LEVEL 2
seq_0210,IMPLANT N-TYPE
seq_0210,RAPID THERMAL ANNEAL
seq_0210,MEASURE SHEET RESISTANCE
seq_0210,DEPOSIT INTERLEVEL DIELECTRIC
seq_0210,DENSIFY OXIDE
seq_0210,MEASURE DIELECTRIC THICKNESS
seq_0210,CMP DIELECTRIC
seq_0210,MEASURE SURFACE PLANARITY
seq_0210,SPIN COAT PHOTORESIST
seq_0210,SOFT BAKE
seq_0210,ALIGN MASK LEVEL 3
seq_0210,EXPOSE LITHO LEVEL 3
seq_0210,POST EXPOSE BAKE
seq_0210,DEVELOP PHOTORESIST
seq_0210,VIA INSPECTION
seq_0210,HARD BAKE
seq_0210,VIA ETCH THROUGH DIELECTRIC
seq_0210,STRIP RESIST
seq_0210,CLEAN AFTER VIA ETCH
seq_0210,DEPOSIT BARRIER METAL
seq_0210,DEPOSIT TUNGSTEN SEED
seq_0210,FILL VIA TUNGSTEN
seq_0210,CMP VIA FILL
seq_0210,MEASURE VIA RESISTANCE
seq_0210,DEPOSIT METAL 1
seq_0210,ANNEAL METAL
seq_0210,SPIN COAT PHOTORESIST
seq_0210,SOFT BAKE
seq_0210,ALIGN MASK LEVEL 4
seq_0210,EXPOSE LITHO LEVEL 4
seq_0210,DEVELOP PHOTORESIST
seq_0210,METAL PATTERN INSPECTION
seq_0210,HARD BAKE
seq_0210,METAL ETCH DRY
seq_0210,STRIP RESIST
seq_0210,CLEAN AFTER METAL ETCH
seq_0210,MEASURE LINE WIDTH
seq_0210,DEPOSIT PASSIVATION LAYER
seq_0210,CURE PASSIVATION
seq_0210,MEASURE PASSIVATION THICKNESS
seq_0210,OPEN PAD WINDOW
seq_0210,PAD WINDOW LITHO
seq_0210,DEVELOP PHOTORESIST
seq_0210,PASSIVATION ETCH
seq_0210,STRIP PHOTORESIST
seq_0210,CLEAN PAD OPENING
seq_0210,MEASURE PAD OPENING
seq_0210,BACKSIDE THINNING CHECK
seq_0210,BACKSIDE CLEAN
seq_0210,DEPOSIT BACKSIDE PROTECTION
seq_0210,BACKSIDE ANNEAL
seq_0210,FRONTSIDE CLEAN FINAL
seq_0210,FINAL CLEAN
seq_0210,FINAL THICKNESS MEASURE
seq_0210,ELECTRICAL PARAMETRIC TEST
seq_0210,LEAKAGE TEST
seq_0210,THRESHOLD VOLTAGE TEST
seq_0210,SWITCHING TEST
seq_0210,WAFER SORT TEST
seq_0210,YIELD ANALYSIS
seq_0210,FINAL LOT RELEASE
seq_0210,SHIP LOT
seq_0211,RECEIVE WAFER LOT
seq_0211,LOT IDENTIFICATION
seq_0211,PRE CLEAN INSPECTION
seq_0211,MEASURE INITIAL THICKNESS
seq_0211,MEASURE SURFACE DEFECTS
seq_0211,WAFER CLEAN PRE PROCESS
seq_0211,WET CLEAN RCA1
seq_0211,WET CLEAN RCA2
seq_0211,HF DIP
seq_0211,DRY WAFER
seq_0211,WAFER CLEAN PRE-GRIND
seq_0211,GRINDING WAFER BACKSIDE
seq_0211,MEASURE GEOMETRY
seq_0211,ETCH WET BACKSIDE
seq_0211,RINSE WET WAFER_EDGE
seq_0211,DRY WAFER BACKSIDE
seq_0211,BACKSIDE CLEAN
seq_0211,MEASURE BACKSIDE ROUGHNESS
seq_0211,THERMAL OXIDATION
seq_0211,MEASURE OXIDE THICKNESS
seq_0211,WET CLEAN RCA1
seq_0211,RCA CLEAN 2
seq_0211,HF DIP
seq_0211,OXIDE STRIP
seq_0211,SURFACE PREP FOR DEPOSITION
seq_0211,DEPOSIT PAD OXIDE
seq_0211,ANNEAL OXIDE
seq_0211,MEASURE FILM THICKNESS
seq_0211,SPIN COAT PHOTORESIST
seq_0211,SOFT BAKE
seq_0211,ALIGN MASK LEVEL 1
seq_0211,EXPOSE LITHO LEVEL 1
seq_0211,DEVELOP PHOTORESIST
seq_0211,INSPECT PATTERN LEVEL 1
seq_0211,HARD BAKE
seq_0211,OXIDE ETCH DRY
seq_0211,STRIP PHOTORESIST
seq_0211,CLEAN AFTER ETCH
seq_0211,MEASURE CD LEVEL 1
seq_0211,DEPOSIT POLYSILICON
seq_0211,ANNEAL POLYSILICON
seq_0211,SPIN COAT PHOTORESIST
seq_0211,SOFT BAKE
seq_0211,ALIGN MASK LEVEL 2
seq_0211,EXPOSE LITHO LEVEL 2
seq_0211,DEVELOP PHOTORESIST
seq_0211,PATTERN INSPECTION LEVEL 2
seq_0211,POLYSILICON ETCH DRY
seq_0211,STRIP RESIST
seq_0211,CLEAN AFTER POLY ETCH
seq_0211,MEASURE CD LEVEL 2
seq_0211,IMPLANT N-TYPE
seq_0211,RAPID THERMAL ANNEAL
seq_0211,MEASURE SHEET RESISTANCE
seq_0211,DEPOSIT INTERLAYER DIELECTRIC
seq_0211,DENSIFY OXIDE
seq_0211,MEASURE FILM THICKNESS
seq_0211,CMP INTERLAYER DIELECTRIC
seq_0211,MEASURE SURFACE PLANARITY
seq_0211,SPIN COAT PHOTORESIST
seq_0211,SOFT BAKE
seq_0211,ALIGN MASK LEVEL 3
seq_0211,EXPOSE LITHO LEVEL 3
seq_0211,DEVELOP PHOTORESIST
seq_0211,VIA INSPECTION
seq_0211,VIA ETCH
seq_0211,STRIP PHOTORESIST
seq_0211,CLEAN AFTER VIA ETCH
seq_0211,DEPOSIT BARRIER METAL
seq_0211,DEPOSIT TUNGSTEN SEED
seq_0211,FILL VIA TUNGSTEN
seq_0211,CMP VIA FILL
seq_0211,MEASURE VIA RESISTANCE
seq_0211,DEPOSIT METAL 1
seq_0211,ANNEAL METAL
seq_0211,MEASURE METAL THICKNESS
seq_0211,SPIN COAT PHOTORESIST
seq_0211,SOFT BAKE
seq_0211,ALIGN MASK LEVEL 4
seq_0211,EXPOSE LITHO LEVEL 4
seq_0211,POST EXPOSE BAKE
seq_0211,DEVELOP PHOTORESIST
seq_0211,METAL PATTERN INSPECTION
seq_0211,METAL ETCH DRY
seq_0211,STRIP RESIST
seq_0211,CLEAN AFTER METAL ETCH
seq_0211,MEASURE LINE WIDTH
seq_0211,DEPOSIT PASSIVATION
seq_0211,CURE PASSIVATION
seq_0211,MEASURE PASSIVATION QUALITY
seq_0211,OPEN PAD WINDOW
seq_0211,PAD WINDOW LITHO
seq_0211,DEVELOP PAD WINDOW
seq_0211,PASSIVATION ETCH PAD OPENING
seq_0211,STRIP PHOTORESIST
seq_0211,CLEAN PAD OPENING
seq_0211,MEASURE PAD OPENING
seq_0211,BACKSIDE THINNING CHECK
seq_0211,BACKSIDE CLEAN
seq_0211,DEPOSIT BACKSIDE PROTECTION
seq_0211,BACKSIDE ANNEAL
seq_0211,FINAL CLEAN
seq_0211,FINAL THICKNESS MEASURE
seq_0211,FINAL GEOMETRY CHECK
seq_0211,FINAL PARTICLE INSPECTION
seq_0211,FINAL ELECTRICAL TEST PREP
seq_0211,PARAMETRIC TEST
seq_0211,LEAKAGE TEST
seq_0211,SWITCHING TEST
seq_0211,WAFER SORT TEST
seq_0211,YIELD ANALYSIS
seq_0211,LOT RELEASE
seq_0211,PACKAGE PREPARATION
seq_0211,SHIP LOT
seq_0212,RECEIVE WAFER LOT
seq_0212,LOT IDENTIFICATION
seq_0212,INITIAL WAFER INSPECTION
seq_0212,MEASURE SURFACE DEFECTS
seq_0212,WAFER CLEAN PRE PROCESS
seq_0212,RCA CLEAN 1
seq_0212,WET CLEAN RCA2
seq_0212,HF DIP
seq_0212,WAFER CLEAN PRE-GRIND
seq_0212,GRINDING WAFER BACKSIDE
seq_0212,MEASURE GEOMETRY
seq_0212,ETCH WET BACKSIDE
seq_0212,RINSE WET WAFER_EDGE
seq_0212,DRY WAFER BACKSIDE
seq_0212,BACKSIDE CLEAN
seq_0212,MEASURE BACKSIDE ROUGHNESS
seq_0212,THERMAL OXIDATION
seq_0212,MEASURE OXIDE THICKNESS
seq_0212,WET CLEAN RCA1
seq_0212,RCA CLEAN 2
seq_0212,HF DIP
seq_0212,OXIDE STRIP
seq_0212,SURFACE PREP FOR DEPOSITION
seq_0212,DEPOSIT PAD OXIDE
seq_0212,ANNEAL OXIDE
seq_0212,MEASURE FILM THICKNESS
seq_0212,SPIN COAT PHOTORESIST
seq_0212,SOFT BAKE
seq_0212,ALIGN MASK LEVEL 1
seq_0212,EXPOSE LITHO LEVEL 1
seq_0212,POST EXPOSE BAKE
seq_0212,DEVELOP PHOTORESIST
seq_0212,INSPECT PATTERN LEVEL 1
seq_0212,HARD BAKE
seq_0212,OXIDE ETCH DRY
seq_0212,STRIP RESIST
seq_0212,CLEAN AFTER ETCH
seq_0212,MEASURE CD LEVEL 1
seq_0212,DEPOSIT POLYSILICON
seq_0212,ANNEAL POLYSILICON
seq_0212,SPIN COAT PHOTORESIST
seq_0212,SOFT BAKE
seq_0212,ALIGN MASK LEVEL 2
seq_0212,EXPOSE LITHO LEVEL 2
seq_0212,DEVELOP PHOTORESIST
seq_0212,PATTERN INSPECTION LEVEL 2
seq_0212,POLYSILICON ETCH DRY
seq_0212,STRIP RESIST LEVEL 2
seq_0212,CLEAN AFTER POLY ETCH
seq_0212,MEASURE CD LEVEL 2
seq_0212,IMPLANT N-TYPE
seq_0212,PRE ANNEAL CHECK
seq_0212,RAPID THERMAL ANNEAL
seq_0212,MEASURE SHEET RESISTANCE
seq_0212,DEPOSIT INTERLAYER DIELECTRIC
seq_0212,DENSIFY DIELECTRIC
seq_0212,MEASURE FILM THICKNESS
seq_0212,CMP INTERLAYER DIELECTRIC
seq_0212,MEASURE SURFACE PLANARITY
seq_0212,SPIN COAT PHOTORESIST
seq_0212,SOFT BAKE
seq_0212,ALIGN MASK LEVEL 3
seq_0212,EXPOSE LITHO LEVEL 3
seq_0212,DEVELOP PHOTORESIST
seq_0212,VIA INSPECTION
seq_0212,DIELECTRIC ETCH VIA
seq_0212,STRIP PHOTORESIST
seq_0212,CLEAN AFTER VIA ETCH
seq_0212,MEASURE VIA CD
seq_0212,DEPOSIT BARRIER METAL
seq_0212,DEPOSIT TUNGSTEN SEED
seq_0212,FILL VIA TUNGSTEN
seq_0212,CMP VIA FILL
seq_0212,DEPOSIT METAL 1
seq_0212,ANNEAL METAL
seq_0212,SPIN COAT PHOTORESIST
seq_0212,SOFT BAKE
seq_0212,ALIGN MASK LEVEL 4
seq_0212,EXPOSE LITHO LEVEL 4
seq_0212,DEVELOP PHOTORESIST
seq_0212,METAL PATTERN INSPECTION
seq_0212,METAL ETCH DRY
seq_0212,STRIP PHOTORESIST
seq_0212,CLEAN AFTER METAL ETCH
seq_0212,MEASURE LINE WIDTH
seq_0212,DEPOSIT PASSIVATION
seq_0212,CURE PASSIVATION
seq_0212,MEASURE PASSIVATION THICKNESS
seq_0212,OPEN PAD WINDOW
seq_0212,PAD WINDOW LITHO
seq_0212,DEVELOP PAD WINDOW
seq_0212,PASSIVATION ETCH PAD OPENING
seq_0212,STRIP PHOTORESIST
seq_0212,CLEAN PAD OPENING
seq_0212,MEASURE PAD OPENING
seq_0212,BACKSIDE THINNING CHECK
seq_0212,BACKSIDE CLEAN
seq_0212,DEPOSIT BACKSIDE PROTECTION
seq_0212,BACKSIDE ANNEAL
seq_0212,FRONTSIDE CLEAN FINAL
seq_0212,FINAL CLEAN
seq_0212,FINAL THICKNESS MEASURE
seq_0212,FINAL OXIDE CHECK
seq_0212,FINAL CD INSPECTION
seq_0212,FINAL PARTICLE INSPECTION
seq_0212,ELECTRICAL PARAMETRIC TEST
seq_0212,LEAKAGE TEST
seq_0212,PARAMETRIC TEST
seq_0212,SWITCHING TEST
seq_0212,WAFER SORT TEST
seq_0212,YIELD ANALYSIS
seq_0212,LOT RELEASE
seq_0212,PACKAGE PREPARATION
seq_0212,SHIP LOT
seq_0213,RECEIVE WAFER LOT
seq_0213,LOT IDENTIFICATION
seq_0213,INITIAL WAFER INSPECTION
seq_0213,MEASURE INITIAL THICKNESS
seq_0213,MEASURE SURFACE DEFECTS
seq_0213,WAFER CLEAN PRE PROCESS
seq_0213,FRONTSIDE CLEAN
seq_0213,RCA CLEAN 1
seq_0213,WET CLEAN RCA2
seq_0213,HF DIP
seq_0213,DRY WAFER
seq_0213,WAFER CLEAN PRE-GRIND
seq_0213,GRINDING WAFER BACKSIDE
seq_0213,MEASURE GEOMETRY
seq_0213,ETCH WET BACKSIDE
seq_0213,RINSE WET WAFER_EDGE
seq_0213,DRY WAFER BACKSIDE
seq_0213,BACKSIDE CLEAN
seq_0213,MEASURE BACKSIDE ROUGHNESS
seq_0213,THERMAL OXIDATION
seq_0213,MEASURE OXIDE THICKNESS
seq_0213,RCA CLEAN 1
seq_0213,WET CLEAN RCA2
seq_0213,HF DIP
seq_0213,OXIDE STRIP
seq_0213,SURFACE PREP FOR DEPOSITION
seq_0213,DEPOSIT PAD OXIDE
seq_0213,ANNEAL OXIDE
seq_0213,MEASURE FILM THICKNESS
seq_0213,SPIN COAT PHOTORESIST
seq_0213,SOFT BAKE
seq_0213,ALIGN MASK LEVEL 1
seq_0213,EXPOSE LITHO LEVEL 1
seq_0213,DEVELOP PHOTORESIST
seq_0213,INSPECT PATTERN LEVEL 1
seq_0213,HARD BAKE
seq_0213,OXIDE ETCH DRY
seq_0213,STRIP PHOTORESIST
seq_0213,CLEAN AFTER ETCH
seq_0213,MEASURE CD LEVEL 1
seq_0213,DEPOSIT POLYSILICON
seq_0213,ANNEAL POLYSILICON
seq_0213,SPIN COAT PHOTORESIST
seq_0213,SOFT BAKE
seq_0213,ALIGN MASK LEVEL 2
seq_0213,EXPOSE LITHO LEVEL 2
seq_0213,DEVELOP PHOTORESIST
seq_0213,PATTERN INSPECTION LEVEL 2
seq_0213,POLYSILICON ETCH DRY
seq_0213,STRIP RESIST
seq_0213,CLEAN AFTER POLY ETCH
seq_0213,MEASURE CD LEVEL 2
seq_0213,IMPLANT N-TYPE
seq_0213,PRE ANNEAL CHECK
seq_0213,RAPID THERMAL ANNEAL
seq_0213,MEASURE SHEET RESISTANCE
seq_0213,DEPOSIT INTERLAYER DIELECTRIC
seq_0213,DENSIFY OXIDE
seq_0213,MEASURE FILM THICKNESS
seq_0213,CMP INTERLAYER DIELECTRIC
seq_0213,MEASURE SURFACE PLANARITY
seq_0213,SPIN COAT PHOTORESIST
seq_0213,SOFT BAKE
seq_0213,ALIGN MASK LEVEL 3
seq_0213,EXPOSE LITHO LEVEL 3
seq_0213,DEVELOP PHOTORESIST
seq_0213,VIA INSPECTION
seq_0213,DIELECTRIC ETCH VIA
seq_0213,STRIP PHOTORESIST
seq_0213,CLEAN AFTER VIA ETCH
seq_0213,MEASURE VIA CD
seq_0213,DEPOSIT BARRIER METAL
seq_0213,DEPOSIT TUNGSTEN SEED
seq_0213,FILL VIA TUNGSTEN
seq_0213,CMP VIA FILL
seq_0213,MEASURE CONTACT RESISTANCE
seq_0213,DEPOSIT METAL 1
seq_0213,ANNEAL METAL
seq_0213,SPIN COAT PHOTORESIST
seq_0213,SOFT BAKE
seq_0213,ALIGN MASK LEVEL 4
seq_0213,EXPOSE LITHO LEVEL 4
seq_0213,DEVELOP PHOTORESIST
seq_0213,METAL PATTERN INSPECTION
seq_0213,METAL ETCH DRY
seq_0213,STRIP RESIST
seq_0213,CLEAN AFTER METAL ETCH
seq_0213,MEASURE LINE WIDTH
seq_0213,DEPOSIT PASSIVATION
seq_0213,CURE PASSIVATION
seq_0213,MEASURE PASSIVATION QUALITY
seq_0213,OPEN BOND PAD WINDOW
seq_0213,PAD WINDOW LITHO
seq_0213,DEVELOP PAD WINDOW
seq_0213,PASSIVATION ETCH PAD OPENING
seq_0213,STRIP PHOTORESIST
seq_0213,CLEAN PAD OPENING
seq_0213,MEASURE PAD OPENING
seq_0213,BACKSIDE CLEAN FINAL
seq_0213,DEPOSIT BACKSIDE PROTECTION
seq_0213,BACKSIDE ANNEAL
seq_0213,FINAL CLEAN
seq_0213,FINAL THICKNESS MEASURE
seq_0213,FINAL GEOMETRY CHECK
seq_0213,FINAL ELECTRICAL TEST PREP
seq_0213,ELECTRICAL PARAMETRIC TEST
seq_0213,LEAKAGE TEST
seq_0213,PARAMETRIC TEST
seq_0213,SWITCHING TEST
seq_0213,WAFER SORT TEST
seq_0213,YIELD ANALYSIS
seq_0213,LOT RELEASE
seq_0213,SHIP LOT
seq_0214,RECEIVE WAFER LOT
seq_0214,LOT IDENTIFICATION
seq_0214,PRE CLEAN INSPECTION
seq_0214,MEASURE SURFACE DEFECTS
seq_0214,WAFER CLEAN PRE PROCESS
seq_0214,BACKSIDE CLEAN
seq_0214,FRONTSIDE CLEAN
seq_0214,WET CLEAN RCA1
seq_0214,RCA CLEAN 2
seq_0214,HF DIP
seq_0214,DRY WAFER
seq_0214,WAFER CLEAN PRE-GRIND
seq_0214,GRINDING WAFER BACKSIDE
seq_0214,MEASURE GEOMETRY
seq_0214,ETCH WET BACKSIDE
seq_0214,RINSE WET WAFER_EDGE
seq_0214,DRY WAFER BACKSIDE
seq_0214,BACKSIDE CLEAN
seq_0214,MEASURE BACKSIDE ROUGHNESS
seq_0214,THERMAL OXIDATION
seq_0214,MEASURE OXIDE THICKNESS
seq_0214,RCA CLEAN 1
seq_0214,RCA CLEAN 2
seq_0214,HF DIP
seq_0214,OXIDE STRIP
seq_0214,SURFACE PREP FOR DEPOSITION
seq_0214,DEPOSIT PAD OXIDE
seq_0214,ANNEAL OXIDE
seq_0214,MEASURE OXIDE THICKNESS
seq_0214,SPIN COAT PHOTORESIST
seq_0214,SOFT BAKE
seq_0214,ALIGN MASK LEVEL 1
seq_0214,EXPOSE LITHO LEVEL 1
seq_0214,DEVELOP PHOTORESIST
seq_0214,INSPECT PATTERN LEVEL 1
seq_0214,HARD BAKE
seq_0214,OXIDE ETCH DRY
seq_0214,STRIP RESIST
seq_0214,CLEAN AFTER ETCH
seq_0214,MEASURE CD LEVEL 1
seq_0214,DEPOSIT POLYSILICON
seq_0214,ANNEAL POLYSILICON
seq_0214,SPIN COAT PHOTORESIST
seq_0214,SOFT BAKE
seq_0214,ALIGN MASK LEVEL 2
seq_0214,EXPOSE LITHO LEVEL 2
seq_0214,DEVELOP PHOTORESIST
seq_0214,PATTERN INSPECTION LEVEL 2
seq_0214,HARD BAKE
seq_0214,POLYSILICON ETCH DRY
seq_0214,STRIP RESIST LEVEL 2
seq_0214,CLEAN AFTER POLY ETCH
seq_0214,MEASURE CD LEVEL 2
seq_0214,IMPLANT N-TYPE
seq_0214,PRE ANNEAL CHECK
seq_0214,RAPID THERMAL ANNEAL
seq_0214,DEPOSIT INTERLAYER DIELECTRIC
seq_0214,DENSIFY DIELECTRIC
seq_0214,MEASURE FILM THICKNESS
seq_0214,CMP DIELECTRIC
seq_0214,MEASURE SURFACE PLANARITY
seq_0214,SPIN COAT PHOTORESIST
seq_0214,SOFT BAKE
seq_0214,ALIGN MASK LEVEL 3
seq_0214,EXPOSE LITHO LEVEL 3
seq_0214,POST EXPOSE BAKE
seq_0214,DEVELOP PHOTORESIST
seq_0214,VIA INSPECTION
seq_0214,VIA ETCH THROUGH DIELECTRIC
seq_0214,STRIP RESIST
seq_0214,CLEAN AFTER VIA ETCH
seq_0214,MEASURE VIA CD
seq_0214,DEPOSIT BARRIER METAL
seq_0214,DEPOSIT TUNGSTEN SEED
seq_0214,FILL VIA TUNGSTEN
seq_0214,CMP METAL
seq_0214,MEASURE CONTACT RESISTANCE
seq_0214,DEPOSIT METAL 1
seq_0214,ANNEAL METAL
seq_0214,SPIN COAT PHOTORESIST
seq_0214,SOFT BAKE
seq_0214,ALIGN MASK LEVEL 4
seq_0214,EXPOSE LITHO LEVEL 4
seq_0214,POST EXPOSE BAKE
seq_0214,DEVELOP PHOTORESIST
seq_0214,METAL PATTERN INSPECTION
seq_0214,METAL ETCH DRY
seq_0214,STRIP RESIST
seq_0214,CLEAN AFTER METAL ETCH
seq_0214,DEPOSIT PASSIVATION LAYER
seq_0214,CURE PASSIVATION
seq_0214,MEASURE PASSIVATION THICKNESS
seq_0214,OPEN PAD WINDOW
seq_0214,OPEN PAD WINDOW LITHO
seq_0214,DEVELOP PHOTORESIST
seq_0214,PASSIVATION ETCH
seq_0214,STRIP RESIST
seq_0214,CLEAN PAD OPENING
seq_0214,MEASURE PAD OPENING
seq_0214,BACKSIDE THINNING CHECK
seq_0214,BACKSIDE CLEAN FINAL
seq_0214,DEPOSIT BACKSIDE PROTECTION
seq_0214,BACKSIDE ANNEAL
seq_0214,FRONTSIDE CLEAN FINAL
seq_0214,FINAL CLEAN
seq_0214,FINAL THICKNESS MEASURE
seq_0214,FINAL GEOMETRY CHECK
seq_0214,FINAL CD INSPECTION
seq_0214,PARAMETRIC TEST
seq_0214,LEAKAGE TEST
seq_0214,SWITCHING TEST
seq_0214,WAFER SORT TEST
seq_0214,YIELD ANALYSIS
seq_0214,LOT RELEASE
seq_0214,PACKAGE PREPARATION
seq_0214,SHIP LOT
seq_0215,RECEIVE WAFER LOT
seq_0215,LOT IDENTIFICATION
seq_0215,PRE CLEAN INSPECTION
seq_0215,MEASURE SURFACE PARTICLES
seq_0215,WAFER CLEAN PRE PROCESS
seq_0215,BACKSIDE CLEAN
seq_0215,WET CLEAN RCA1
seq_0215,WET CLEAN RCA2
seq_0215,HF DIP
seq_0215,DRY WAFER
seq_0215,WAFER CLEAN PRE-GRIND
seq_0215,GRINDING WAFER BACKSIDE
seq_0215,MEASURE INITIAL GEOMETRY
seq_0215,ETCH WET BACKSIDE
seq_0215,RINSE WET WAFER_EDGE
seq_0215,DRY WAFER BACKSIDE
seq_0215,BACKSIDE CLEAN
seq_0215,MEASURE BACKSIDE ROUGHNESS
seq_0215,THERMAL OXIDATION
seq_0215,MEASURE OXIDE THICKNESS
seq_0215,RCA CLEAN 1
seq_0215,WET CLEAN RCA2
seq_0215,HF DIP
seq_0215,OXIDE STRIP
seq_0215,SURFACE PREP FOR DEPOSITION
seq_0215,DEPOSIT PAD OXIDE
seq_0215,ANNEAL OXIDE
seq_0215,MEASURE OXIDE THICKNESS
seq_0215,SPIN COAT PHOTORESIST
seq_0215,SOFT BAKE
seq_0215,ALIGN MASK LEVEL 1
seq_0215,EXPOSE LITHO LEVEL 1
seq_0215,DEVELOP PHOTORESIST
seq_0215,INSPECT PATTERN LEVEL 1
seq_0215,HARD BAKE
seq_0215,OXIDE ETCH DRY
seq_0215,STRIP RESIST
seq_0215,CLEAN AFTER ETCH
seq_0215,MEASURE CD LEVEL 1
seq_0215,DEPOSIT POLYSILICON
seq_0215,ANNEAL POLYSILICON
seq_0215,SPIN COAT PHOTORESIST
seq_0215,SOFT BAKE
seq_0215,ALIGN MASK LEVEL 2
seq_0215,EXPOSE LITHO LEVEL 2
seq_0215,DEVELOP PHOTORESIST
seq_0215,PATTERN INSPECTION LEVEL 2
seq_0215,POLYSILICON ETCH DRY
seq_0215,STRIP RESIST LEVEL 2
seq_0215,CLEAN AFTER POLY ETCH
seq_0215,MEASURE CD LEVEL 2
seq_0215,IMPLANT N-TYPE
seq_0215,PRE ANNEAL CHECK
seq_0215,RAPID THERMAL ANNEAL
seq_0215,MEASURE SHEET RESISTANCE
seq_0215,DEPOSIT INTERLAYER DIELECTRIC
seq_0215,DENSIFY OXIDE
seq_0215,MEASURE DIELECTRIC THICKNESS
seq_0215,CMP DIELECTRIC
seq_0215,MEASURE PLANARITY
seq_0215,SPIN COAT PHOTORESIST
seq_0215,SOFT BAKE
seq_0215,ALIGN MASK LEVEL 3
seq_0215,EXPOSE LITHO LEVEL 3
seq_0215,DEVELOP PHOTORESIST
seq_0215,VIA OPENING INSPECTION
seq_0215,VIA ETCH
seq_0215,STRIP PHOTORESIST
seq_0215,CLEAN AFTER VIA ETCH
seq_0215,MEASURE VIA CD
seq_0215,DEPOSIT BARRIER METAL
seq_0215,DEPOSIT TUNGSTEN SEED
seq_0215,FILL VIA TUNGSTEN
seq_0215,CMP VIA FILL
seq_0215,MEASURE CONTACT RESISTANCE
seq_0215,DEPOSIT TOP METAL
seq_0215,ANNEAL METAL
seq_0215,MEASURE METAL THICKNESS
seq_0215,SPIN COAT PHOTORESIST
seq_0215,SOFT BAKE
seq_0215,ALIGN MASK LEVEL 4
seq_0215,EXPOSE LITHO LEVEL 4
seq_0215,DEVELOP PHOTORESIST
seq_0215,METAL PATTERN INSPECTION
seq_0215,HARD BAKE
seq_0215,METAL ETCH DRY
seq_0215,STRIP PHOTORESIST
seq_0215,CLEAN AFTER METAL ETCH
seq_0215,MEASURE LINE WIDTH
seq_0215,DEPOSIT PASSIVATION LAYER
seq_0215,CURE PASSIVATION
seq_0215,MEASURE PASSIVATION THICKNESS
seq_0215,OPEN PAD WINDOW
seq_0215,OPEN PAD WINDOW LITHO
seq_0215,DEVELOP PAD WINDOW
seq_0215,PASSIVATION ETCH
seq_0215,STRIP RESIST
seq_0215,CLEAN PAD OPENING
seq_0215,MEASURE PAD OPENING
seq_0215,BACKSIDE THINNING CHECK
seq_0215,BACKSIDE CLEAN FINAL
seq_0215,DEPOSIT BACKSIDE PROTECTION
seq_0215,BACKSIDE ANNEAL
seq_0215,FRONTSIDE CLEAN FINAL
seq_0215,FINAL CLEAN
seq_0215,FINAL THICKNESS MEASURE
seq_0215,FINAL GEOMETRY CHECK
seq_0215,FINAL CD INSPECTION
seq_0215,FINAL PARTICLE INSPECTION
seq_0215,FINAL ELECTRICAL TEST PREP
seq_0215,ELECTRICAL PARAMETRIC TEST
seq_0215,LEAKAGE TEST
seq_0215,PARAMETRIC TEST
seq_0215,SWITCHING TEST
seq_0215,WAFER SORT TEST
seq_0215,YIELD ANALYSIS
seq_0215,FINAL LOT RELEASE
seq_0215,SHIP LOT
seq_0216,RECEIVE WAFER LOT
seq_0216,LOT IDENTIFICATION
seq_0216,PRE CLEAN INSPECTION
seq_0216,MEASURE INITIAL THICKNESS
seq_0216,MEASURE SURFACE DEFECTS
seq_0216,WAFER CLEAN PRE PROCESS
seq_0216,RCA CLEAN 1
seq_0216,RCA CLEAN 2
seq_0216,HF DIP
seq_0216,DRY WAFER
seq_0216,WAFER CLEAN PRE-GRIND
seq_0216,GRINDING WAFER BACKSIDE
seq_0216,MEASURE INITIAL GEOMETRY
seq_0216,ETCH WET BACKSIDE
seq_0216,RINSE WET WAFER_EDGE
seq_0216,DRY WAFER BACKSIDE
seq_0216,BACKSIDE CLEAN
seq_0216,MEASURE BACKSIDE ROUGHNESS
seq_0216,THERMAL OXIDATION
seq_0216,MEASURE OXIDE THICKNESS
seq_0216,WET CLEAN RCA1
seq_0216,RCA CLEAN 2
seq_0216,HF DIP
seq_0216,OXIDE STRIP
seq_0216,SURFACE PREP FOR DEPOSITION
seq_0216,DEPOSIT PAD OXIDE
seq_0216,ANNEAL OXIDE
seq_0216,MEASURE FILM THICKNESS
seq_0216,SPIN COAT PHOTORESIST
seq_0216,SOFT BAKE
seq_0216,ALIGN MASK LEVEL 1
seq_0216,EXPOSE LITHO LEVEL 1
seq_0216,DEVELOP PHOTORESIST
seq_0216,INSPECT PATTERN LEVEL 1
seq_0216,HARD BAKE
seq_0216,OXIDE ETCH DRY
seq_0216,STRIP PHOTORESIST
seq_0216,CLEAN AFTER ETCH
seq_0216,MEASURE CD LEVEL 1
seq_0216,DEPOSIT POLYSILICON
seq_0216,ANNEAL POLYSILICON
seq_0216,SPIN COAT PHOTORESIST
seq_0216,SOFT BAKE
seq_0216,ALIGN MASK LEVEL 2
seq_0216,EXPOSE LITHO LEVEL 2
seq_0216,DEVELOP PHOTORESIST
seq_0216,PATTERN INSPECTION LEVEL 2
seq_0216,HARD BAKE
seq_0216,POLYSILICON ETCH DRY
seq_0216,STRIP RESIST LEVEL 2
seq_0216,CLEAN AFTER POLY ETCH
seq_0216,MEASURE CD LEVEL 2
seq_0216,IMPLANT N-TYPE
seq_0216,PRE ANNEAL CHECK
seq_0216,RAPID THERMAL ANNEAL
seq_0216,MEASURE SHEET RESISTANCE
seq_0216,DEPOSIT INTERLEVEL DIELECTRIC
seq_0216,DENSIFY OXIDE
seq_0216,MEASURE DIELECTRIC THICKNESS
seq_0216,CMP INTERLAYER DIELECTRIC
seq_0216,MEASURE SURFACE PLANARITY
seq_0216,SPIN COAT PHOTORESIST
seq_0216,SOFT BAKE
seq_0216,ALIGN MASK LEVEL 3
seq_0216,EXPOSE LITHO LEVEL 3
seq_0216,DEVELOP PHOTORESIST
seq_0216,VIA OPENING INSPECTION
seq_0216,VIA ETCH THROUGH DIELECTRIC
seq_0216,STRIP PHOTORESIST
seq_0216,CLEAN AFTER VIA ETCH
seq_0216,DEPOSIT BARRIER METAL
seq_0216,DEPOSIT TUNGSTEN SEED
seq_0216,FILL VIA TUNGSTEN
seq_0216,CMP VIA FILL
seq_0216,MEASURE VIA RESISTANCE
seq_0216,DEPOSIT TOP METAL
seq_0216,ANNEAL METAL 1
seq_0216,SPIN COAT PHOTORESIST
seq_0216,SOFT BAKE
seq_0216,ALIGN MASK LEVEL 4
seq_0216,EXPOSE LITHO LEVEL 4
seq_0216,DEVELOP PHOTORESIST
seq_0216,METAL PATTERN INSPECTION
seq_0216,HARD BAKE
seq_0216,METAL ETCH DRY
seq_0216,STRIP RESIST
seq_0216,CLEAN AFTER METAL ETCH
seq_0216,MEASURE LINE WIDTH
seq_0216,DEPOSIT PASSIVATION
seq_0216,CURE PASSIVATION
seq_0216,MEASURE PASSIVATION QUALITY
seq_0216,OPEN PAD WINDOW
seq_0216,PAD WINDOW LITHO
seq_0216,DEVELOP PAD WINDOW
seq_0216,PASSIVATION ETCH
seq_0216,STRIP PHOTORESIST
seq_0216,CLEAN PAD OPENING
seq_0216,MEASURE PAD OPENING
seq_0216,BACKSIDE THINNING CHECK
seq_0216,BACKSIDE CLEAN
seq_0216,DEPOSIT BACKSIDE PROTECTION
seq_0216,BACKSIDE ANNEAL
seq_0216,FRONTSIDE CLEAN FINAL
seq_0216,FINAL CLEAN
seq_0216,FINAL THICKNESS MEASURE
seq_0216,FINAL GEOMETRY CHECK
seq_0216,FINAL CD INSPECTION
seq_0216,FINAL PARTICLE INSPECTION
seq_0216,FINAL ELECTRICAL TEST PREP
seq_0216,ELECTRICAL PARAMETRIC TEST
seq_0216,LEAKAGE TEST
seq_0216,PARAMETRIC TEST
seq_0216,SWITCHING TEST
seq_0216,WAFER SORT TEST
seq_0216,YIELD ANALYSIS
seq_0216,FINAL LOT RELEASE
seq_0216,SHIP LOT
seq_0217,RECEIVE WAFER LOT
seq_0217,LOT IDENTIFICATION
seq_0217,INITIAL WAFER INSPECTION
seq_0217,MEASURE INITIAL THICKNESS
seq_0217,MEASURE SURFACE PARTICLES
seq_0217,WAFER CLEAN PRE PROCESS
seq_0217,FRONTSIDE CLEAN
seq_0217,RCA CLEAN 1
seq_0217,WET CLEAN RCA2
seq_0217,HF DIP
seq_0217,DRY WAFER
seq_0217,WAFER CLEAN PRE-GRIND
seq_0217,GRINDING WAFER BACKSIDE
seq_0217,MEASURE INITIAL GEOMETRY
seq_0217,ETCH WET BACKSIDE
seq_0217,RINSE WET WAFER_EDGE
seq_0217,DRY WAFER BACKSIDE
seq_0217,BACKSIDE CLEAN
seq_0217,MEASURE BACKSIDE ROUGHNESS
seq_0217,THERMAL OXIDATION
seq_0217,MEASURE OXIDE THICKNESS
seq_0217,WET CLEAN RCA1
seq_0217,WET CLEAN RCA2
seq_0217,HF DIP
seq_0217,OXIDE STRIP
seq_0217,SURFACE PREP FOR DEPOSITION
seq_0217,DEPOSIT PAD OXIDE
seq_0217,ANNEAL OXIDE
seq_0217,MEASURE FILM THICKNESS
seq_0217,SPIN COAT PHOTORESIST
seq_0217,SOFT BAKE
seq_0217,ALIGN MASK LEVEL 1
seq_0217,EXPOSE LITHO LEVEL 1
seq_0217,DEVELOP PHOTORESIST
seq_0217,INSPECT PATTERN LEVEL 1
seq_0217,HARD BAKE
seq_0217,OXIDE ETCH DRY
seq_0217,STRIP RESIST
seq_0217,CLEAN AFTER ETCH
seq_0217,MEASURE CD LEVEL 1
seq_0217,DEPOSIT POLYSILICON
seq_0217,ANNEAL POLYSILICON
seq_0217,SPIN COAT PHOTORESIST
seq_0217,SOFT BAKE
seq_0217,ALIGN MASK LEVEL 2
seq_0217,EXPOSE LITHO LEVEL 2
seq_0217,DEVELOP PHOTORESIST
seq_0217,PATTERN INSPECTION LEVEL 2
seq_0217,POLYSILICON ETCH DRY
seq_0217,STRIP RESIST LEVEL 2
seq_0217,CLEAN AFTER POLY ETCH
seq_0217,MEASURE CD LEVEL 2
seq_0217,IMPLANT N-TYPE
seq_0217,PRE ANNEAL CHECK
seq_0217,RAPID THERMAL ANNEAL
seq_0217,MEASURE SHEET RESISTANCE
seq_0217,DEPOSIT INTERLEVEL DIELECTRIC
seq_0217,DENSIFY OXIDE
seq_0217,MEASURE DIELECTRIC THICKNESS
seq_0217,CMP DIELECTRIC
seq_0217,MEASURE PLANARITY
seq_0217,SPIN COAT PHOTORESIST
seq_0217,SOFT BAKE
seq_0217,ALIGN MASK LEVEL 3
seq_0217,EXPOSE LITHO LEVEL 3
seq_0217,POST EXPOSE BAKE
seq_0217,DEVELOP PHOTORESIST
seq_0217,VIA INSPECTION
seq_0217,DIELECTRIC ETCH VIA
seq_0217,STRIP RESIST
seq_0217,CLEAN AFTER VIA ETCH
seq_0217,MEASURE VIA CD
seq_0217,DEPOSIT BARRIER METAL
seq_0217,DEPOSIT TUNGSTEN SEED
seq_0217,FILL VIA TUNGSTEN
seq_0217,CMP METAL
seq_0217,DEPOSIT TOP METAL
seq_0217,ANNEAL METAL
seq_0217,MEASURE METAL THICKNESS
seq_0217,SPIN COAT PHOTORESIST
seq_0217,SOFT BAKE
seq_0217,ALIGN MASK LEVEL 4
seq_0217,EXPOSE LITHO LEVEL 4
seq_0217,DEVELOP PHOTORESIST
seq_0217,METAL PATTERN INSPECTION
seq_0217,HARD BAKE
seq_0217,METAL ETCH DRY
seq_0217,STRIP RESIST
seq_0217,CLEAN AFTER METAL ETCH
seq_0217,DEPOSIT PASSIVATION LAYER
seq_0217,CURE PASSIVATION
seq_0217,MEASURE PASSIVATION QUALITY
seq_0217,OPEN BOND PAD WINDOW
seq_0217,OPEN PAD WINDOW LITHO
seq_0217,DEVELOP PAD WINDOW
seq_0217,PASSIVATION ETCH PAD OPENING
seq_0217,STRIP PHOTORESIST
seq_0217,CLEAN PAD OPENING
seq_0217,MEASURE PAD OPENING
seq_0217,BACKSIDE THINNING CHECK
seq_0217,BACKSIDE CLEAN FINAL
seq_0217,DEPOSIT BACKSIDE PROTECTION
seq_0217,BACKSIDE ANNEAL
seq_0217,FRONTSIDE CLEAN FINAL
seq_0217,FINAL CLEAN
seq_0217,FINAL THICKNESS MEASURE
seq_0217,FINAL GEOMETRY CHECK
seq_0217,FINAL CD INSPECTION
seq_0217,FINAL PARTICLE INSPECTION
seq_0217,FINAL ELECTRICAL TEST PREP
seq_0217,PARAMETRIC TEST
seq_0217,LEAKAGE TEST
seq_0217,SWITCHING TEST
seq_0217,WAFER SORT TEST
seq_0217,YIELD ANALYSIS
seq_0217,LOT RELEASE
seq_0217,PACKAGE PREPARATION
seq_0217,SHIP LOT
seq_0218,RECEIVE WAFER LOT
seq_0218,LOT IDENTIFICATION
seq_0218,INITIAL WAFER INSPECTION
seq_0218,MEASURE INITIAL THICKNESS
seq_0218,MEASURE SURFACE DEFECTS
seq_0218,WAFER CLEAN PRE PROCESS
seq_0218,FRONTSIDE CLEAN
seq_0218,WET CLEAN RCA1
seq_0218,RCA CLEAN 2
seq_0218,HF DIP
seq_0218,WAFER CLEAN PRE-GRIND
seq_0218,GRINDING WAFER BACKSIDE
seq_0218,MEASURE GEOMETRY
seq_0218,ETCH WET BACKSIDE
seq_0218,RINSE WET WAFER_EDGE
seq_0218,DRY WAFER BACKSIDE
seq_0218,BACKSIDE CLEAN
seq_0218,MEASURE BACKSIDE ROUGHNESS
seq_0218,THERMAL OXIDATION
seq_0218,MEASURE OXIDE THICKNESS
seq_0218,RCA CLEAN 1
seq_0218,WET CLEAN RCA2
seq_0218,HF DIP
seq_0218,OXIDE STRIP
seq_0218,SURFACE PREP FOR DEPOSITION
seq_0218,DEPOSIT PAD OXIDE
seq_0218,ANNEAL OXIDE
seq_0218,MEASURE OXIDE THICKNESS
seq_0218,SPIN COAT PHOTORESIST
seq_0218,SOFT BAKE
seq_0218,ALIGN MASK LEVEL 1
seq_0218,EXPOSE LITHO LEVEL 1
seq_0218,DEVELOP PHOTORESIST
seq_0218,INSPECT PATTERN LEVEL 1
seq_0218,HARD BAKE
seq_0218,OXIDE ETCH DRY
seq_0218,STRIP RESIST
seq_0218,CLEAN AFTER ETCH
seq_0218,MEASURE CD LEVEL 1
seq_0218,DEPOSIT POLYSILICON
seq_0218,ANNEAL POLYSILICON
seq_0218,SPIN COAT PHOTORESIST
seq_0218,SOFT BAKE
seq_0218,ALIGN MASK LEVEL 2
seq_0218,EXPOSE LITHO LEVEL 2
seq_0218,DEVELOP PHOTORESIST
seq_0218,PATTERN INSPECTION LEVEL 2
seq_0218,HARD BAKE
seq_0218,POLYSILICON ETCH DRY
seq_0218,STRIP RESIST LEVEL 2
seq_0218,CLEAN AFTER POLY ETCH
seq_0218,MEASURE CD LEVEL 2
seq_0218,IMPLANT N-TYPE
seq_0218,PRE ANNEAL CHECK
seq_0218,RAPID THERMAL ANNEAL
seq_0218,DEPOSIT INTERLEVEL DIELECTRIC
seq_0218,DENSIFY OXIDE
seq_0218,MEASURE DIELECTRIC THICKNESS
seq_0218,CMP DIELECTRIC
seq_0218,MEASURE SURFACE PLANARITY
seq_0218,SPIN COAT PHOTORESIST
seq_0218,SOFT BAKE
seq_0218,ALIGN MASK LEVEL 3
seq_0218,EXPOSE LITHO LEVEL 3
seq_0218,POST EXPOSE BAKE
seq_0218,DEVELOP PHOTORESIST
seq_0218,VIA OPENING INSPECTION
seq_0218,HARD BAKE
seq_0218,VIA ETCH
seq_0218,STRIP PHOTORESIST
seq_0218,CLEAN AFTER VIA ETCH
seq_0218,MEASURE VIA CD
seq_0218,DEPOSIT BARRIER METAL
seq_0218,DEPOSIT TUNGSTEN SEED
seq_0218,FILL VIA TUNGSTEN
seq_0218,CMP METAL
seq_0218,MEASURE VIA RESISTANCE
seq_0218,DEPOSIT TOP METAL
seq_0218,ANNEAL METAL 1
seq_0218,SPIN COAT PHOTORESIST
seq_0218,SOFT BAKE
seq_0218,ALIGN MASK LEVEL 4
seq_0218,EXPOSE LITHO LEVEL 4
seq_0218,POST EXPOSE BAKE
seq_0218,DEVELOP PHOTORESIST
seq_0218,METAL PATTERN INSPECTION
seq_0218,HARD BAKE
seq_0218,METAL ETCH DRY
seq_0218,STRIP PHOTORESIST
seq_0218,CLEAN AFTER METAL ETCH
seq_0218,MEASURE LINE WIDTH
seq_0218,DEPOSIT PASSIVATION LAYER
seq_0218,CURE PASSIVATION
seq_0218,MEASURE PASSIVATION THICKNESS
seq_0218,OPEN PAD WINDOW
seq_0218,OPEN PAD WINDOW LITHO
seq_0218,DEVELOP PAD WINDOW
seq_0218,PASSIVATION ETCH PAD OPENING
seq_0218,STRIP RESIST
seq_0218,CLEAN PAD OPENING
seq_0218,MEASURE PAD OPENING
seq_0218,BACKSIDE CLEAN
seq_0218,DEPOSIT BACKSIDE PROTECTION
seq_0218,BACKSIDE ANNEAL
seq_0218,FINAL CLEAN
seq_0218,FINAL THICKNESS MEASURE
seq_0218,FINAL GEOMETRY CHECK
seq_0218,FINAL OXIDE CHECK
seq_0218,ELECTRICAL PARAMETRIC TEST
seq_0218,LEAKAGE TEST
seq_0218,THRESHOLD VOLTAGE TEST
seq_0218,SWITCHING TEST
seq_0218,WAFER SORT TEST
seq_0218,YIELD ANALYSIS
seq_0218,FINAL LOT RELEASE
seq_0218,SHIP LOT
seq_0219,RECEIVE WAFER LOT
seq_0219,LOT IDENTIFICATION
seq_0219,PRE CLEAN INSPECTION
seq_0219,MEASURE INITIAL THICKNESS
seq_0219,MEASURE SURFACE PARTICLES
seq_0219,WAFER CLEAN PRE PROCESS
seq_0219,FRONTSIDE CLEAN
seq_0219,WET CLEAN RCA1
seq_0219,RCA CLEAN 2
seq_0219,HF DIP
seq_0219,DRY WAFER
seq_0219,WAFER CLEAN PRE-GRIND
seq_0219,GRINDING WAFER BACKSIDE
seq_0219,MEASURE GEOMETRY
seq_0219,ETCH WET BACKSIDE
seq_0219,RINSE WET WAFER_EDGE
seq_0219,DRY WAFER BACKSIDE
seq_0219,BACKSIDE CLEAN
seq_0219,MEASURE BACKSIDE ROUGHNESS
seq_0219,THERMAL OXIDATION
seq_0219,MEASURE OXIDE THICKNESS
seq_0219,RCA CLEAN 1
seq_0219,RCA CLEAN 2
seq_0219,HF DIP
seq_0219,OXIDE STRIP
seq_0219,SURFACE PREP FOR DEPOSITION
seq_0219,DEPOSIT PAD OXIDE
seq_0219,ANNEAL OXIDE
seq_0219,MEASURE OXIDE THICKNESS
seq_0219,SPIN COAT PHOTORESIST
seq_0219,SOFT BAKE
seq_0219,ALIGN MASK LEVEL 1
seq_0219,EXPOSE LITHO LEVEL 1
seq_0219,POST EXPOSE BAKE
seq_0219,DEVELOP PHOTORESIST
seq_0219,INSPECT PATTERN LEVEL 1
seq_0219,HARD BAKE
seq_0219,OXIDE ETCH DRY
seq_0219,STRIP PHOTORESIST
seq_0219,CLEAN AFTER ETCH
seq_0219,DEPOSIT POLYSILICON
seq_0219,ANNEAL POLYSILICON
seq_0219,SPIN COAT PHOTORESIST
seq_0219,SOFT BAKE
seq_0219,ALIGN MASK LEVEL 2
seq_0219,EXPOSE LITHO LEVEL 2
seq_0219,DEVELOP PHOTORESIST
seq_0219,PATTERN INSPECTION LEVEL 2
seq_0219,POLYSILICON ETCH DRY
seq_0219,STRIP RESIST
seq_0219,CLEAN AFTER POLY ETCH
seq_0219,MEASURE CD LEVEL 2
seq_0219,IMPLANT N-TYPE
seq_0219,RAPID THERMAL ANNEAL
seq_0219,MEASURE SHEET RESISTANCE
seq_0219,DEPOSIT INTERLAYER DIELECTRIC
seq_0219,DENSIFY OXIDE
seq_0219,MEASURE DIELECTRIC THICKNESS
seq_0219,CMP DIELECTRIC
seq_0219,MEASURE PLANARITY
seq_0219,SPIN COAT PHOTORESIST
seq_0219,SOFT BAKE
seq_0219,ALIGN MASK LEVEL 3
seq_0219,EXPOSE LITHO LEVEL 3
seq_0219,POST EXPOSE BAKE
seq_0219,DEVELOP PHOTORESIST
seq_0219,VIA INSPECTION
seq_0219,DIELECTRIC ETCH VIA
seq_0219,STRIP PHOTORESIST
seq_0219,CLEAN AFTER VIA ETCH
seq_0219,MEASURE VIA CD
seq_0219,DEPOSIT BARRIER METAL
seq_0219,DEPOSIT TUNGSTEN SEED
seq_0219,FILL VIA TUNGSTEN
seq_0219,CMP VIA FILL
seq_0219,MEASURE VIA RESISTANCE
seq_0219,DEPOSIT METAL 1
seq_0219,ANNEAL METAL
seq_0219,MEASURE METAL THICKNESS
seq_0219,SPIN COAT PHOTORESIST
seq_0219,SOFT BAKE
seq_0219,ALIGN MASK LEVEL 4
seq_0219,EXPOSE LITHO LEVEL 4
seq_0219,POST EXPOSE BAKE
seq_0219,DEVELOP PHOTORESIST
seq_0219,METAL PATTERN INSPECTION
seq_0219,METAL ETCH DRY
seq_0219,STRIP PHOTORESIST
seq_0219,CLEAN AFTER METAL ETCH
seq_0219,DEPOSIT PASSIVATION
seq_0219,CURE PASSIVATION
seq_0219,MEASURE PASSIVATION QUALITY
seq_0219,OPEN BOND PAD WINDOW
seq_0219,PAD WINDOW LITHO
seq_0219,DEVELOP PAD WINDOW
seq_0219,PASSIVATION ETCH PAD OPENING
seq_0219,STRIP PHOTORESIST
seq_0219,CLEAN PAD OPENING
seq_0219,MEASURE PAD OPENING
seq_0219,BACKSIDE CLEAN FINAL
seq_0219,DEPOSIT BACKSIDE PROTECTION
seq_0219,BACKSIDE ANNEAL
seq_0219,FINAL CLEAN
seq_0219,FINAL THICKNESS MEASURE
seq_0219,FINAL OXIDE CHECK
seq_0219,FINAL PARTICLE INSPECTION
seq_0219,ELECTRICAL PARAMETRIC TEST
seq_0219,LEAKAGE TEST
seq_0219,THRESHOLD VOLTAGE TEST
seq_0219,SWITCHING TEST
seq_0219,WAFER SORT TEST
seq_0219,YIELD ANALYSIS
seq_0219,LOT RELEASE
seq_0219,SHIP LOT
seq_0220,RECEIVE WAFER LOT
seq_0220,LOT IDENTIFICATION
seq_0220,INITIAL WAFER INSPECTION
seq_0220,MEASURE INITIAL THICKNESS
seq_0220,MEASURE SURFACE PARTICLES
seq_0220,WAFER CLEAN PRE PROCESS
seq_0220,RCA CLEAN 1
seq_0220,RCA CLEAN 2
seq_0220,HF DIP
seq_0220,DRY WAFER
seq_0220,WAFER CLEAN PRE-GRIND
seq_0220,GRINDING WAFER BACKSIDE
seq_0220,MEASURE GEOMETRY
seq_0220,ETCH WET BACKSIDE
seq_0220,RINSE WET WAFER_EDGE
seq_0220,DRY WAFER BACKSIDE
seq_0220,BACKSIDE CLEAN
seq_0220,MEASURE BACKSIDE ROUGHNESS
seq_0220,THERMAL OXIDATION
seq_0220,MEASURE OXIDE THICKNESS
seq_0220,RCA CLEAN 1
seq_0220,RCA CLEAN 2
seq_0220,HF DIP
seq_0220,OXIDE STRIP
seq_0220,SURFACE PREP FOR DEPOSITION
seq_0220,DEPOSIT PAD OXIDE
seq_0220,ANNEAL OXIDE
seq_0220,MEASURE FILM THICKNESS
seq_0220,SPIN COAT PHOTORESIST
seq_0220,SOFT BAKE
seq_0220,ALIGN MASK LEVEL 1
seq_0220,EXPOSE LITHO LEVEL 1
seq_0220,DEVELOP PHOTORESIST
seq_0220,INSPECT PATTERN LEVEL 1
seq_0220,HARD BAKE
seq_0220,OXIDE ETCH DRY
seq_0220,STRIP RESIST
seq_0220,CLEAN AFTER ETCH
seq_0220,MEASURE CD LEVEL 1
seq_0220,DEPOSIT POLYSILICON
seq_0220,ANNEAL POLYSILICON
seq_0220,SPIN COAT PHOTORESIST
seq_0220,SOFT BAKE
seq_0220,ALIGN MASK LEVEL 2
seq_0220,EXPOSE LITHO LEVEL 2
seq_0220,POST EXPOSE BAKE
seq_0220,DEVELOP PHOTORESIST
seq_0220,PATTERN INSPECTION LEVEL 2
seq_0220,HARD BAKE
seq_0220,POLYSILICON ETCH DRY
seq_0220,STRIP RESIST LEVEL 2
seq_0220,CLEAN AFTER POLY ETCH
seq_0220,IMPLANT N-TYPE
seq_0220,PRE ANNEAL CHECK
seq_0220,RAPID THERMAL ANNEAL
seq_0220,DEPOSIT INTERLAYER DIELECTRIC
seq_0220,DENSIFY OXIDE
seq_0220,MEASURE DIELECTRIC THICKNESS
seq_0220,CMP DIELECTRIC
seq_0220,MEASURE SURFACE PLANARITY
seq_0220,SPIN COAT PHOTORESIST
seq_0220,SOFT BAKE
seq_0220,ALIGN MASK LEVEL 3
seq_0220,EXPOSE LITHO LEVEL 3
seq_0220,DEVELOP PHOTORESIST
seq_0220,VIA OPENING INSPECTION
seq_0220,HARD BAKE
seq_0220,VIA ETCH
seq_0220,STRIP RESIST
seq_0220,CLEAN AFTER VIA ETCH
seq_0220,MEASURE VIA CD
seq_0220,DEPOSIT BARRIER METAL
seq_0220,DEPOSIT TUNGSTEN SEED
seq_0220,FILL VIA TUNGSTEN
seq_0220,CMP VIA FILL
seq_0220,MEASURE CONTACT RESISTANCE
seq_0220,DEPOSIT METAL 1
seq_0220,ANNEAL METAL 1
seq_0220,MEASURE METAL THICKNESS
seq_0220,SPIN COAT PHOTORESIST
seq_0220,SOFT BAKE
seq_0220,ALIGN MASK LEVEL 4
seq_0220,EXPOSE LITHO LEVEL 4
seq_0220,DEVELOP PHOTORESIST
seq_0220,METAL PATTERN INSPECTION
seq_0220,METAL ETCH DRY
seq_0220,STRIP PHOTORESIST
seq_0220,CLEAN AFTER METAL ETCH
seq_0220,MEASURE LINE WIDTH
seq_0220,DEPOSIT PASSIVATION
seq_0220,CURE PASSIVATION
seq_0220,MEASURE PASSIVATION QUALITY
seq_0220,OPEN BOND PAD WINDOW
seq_0220,OPEN PAD WINDOW LITHO
seq_0220,DEVELOP PHOTORESIST
seq_0220,PASSIVATION ETCH
seq_0220,STRIP RESIST
seq_0220,CLEAN PAD OPENING
seq_0220,MEASURE PAD OPENING
seq_0220,BACKSIDE CLEAN FINAL
seq_0220,DEPOSIT BACKSIDE PROTECTION
seq_0220,BACKSIDE ANNEAL
seq_0220,FINAL CLEAN
seq_0220,FINAL THICKNESS MEASURE
seq_0220,FINAL GEOMETRY CHECK
seq_0220,PARAMETRIC TEST
seq_0220,LEAKAGE TEST
seq_0220,SWITCHING TEST
seq_0220,WAFER SORT TEST
seq_0220,YIELD ANALYSIS
seq_0220,FINAL LOT RELEASE
seq_0220,SHIP LOT
seq_0221,RECEIVE WAFER LOT
seq_0221,LOT IDENTIFICATION
seq_0221,PRE CLEAN INSPECTION
seq_0221,MEASURE INITIAL THICKNESS
seq_0221,MEASURE SURFACE DEFECTS
seq_0221,WAFER CLEAN PRE PROCESS
seq_0221,BACKSIDE CLEAN
seq_0221,FRONTSIDE CLEAN
seq_0221,WET CLEAN RCA1
seq_0221,WET CLEAN RCA2
seq_0221,HF DIP
seq_0221,DRY WAFER
seq_0221,WAFER CLEAN PRE-GRIND
seq_0221,GRINDING WAFER BACKSIDE
seq_0221,MEASURE GEOMETRY
seq_0221,ETCH WET BACKSIDE
seq_0221,RINSE WET WAFER_EDGE
seq_0221,DRY WAFER BACKSIDE
seq_0221,BACKSIDE CLEAN
seq_0221,MEASURE BACKSIDE ROUGHNESS
seq_0221,THERMAL OXIDATION
seq_0221,MEASURE OXIDE THICKNESS
seq_0221,WET CLEAN RCA1
seq_0221,WET CLEAN RCA2
seq_0221,HF DIP
seq_0221,OXIDE STRIP
seq_0221,SURFACE PREP FOR DEPOSITION
seq_0221,DEPOSIT PAD OXIDE
seq_0221,ANNEAL OXIDE
seq_0221,MEASURE OXIDE THICKNESS
seq_0221,SPIN COAT PHOTORESIST
seq_0221,SOFT BAKE
seq_0221,ALIGN MASK LEVEL 1
seq_0221,EXPOSE LITHO LEVEL 1
seq_0221,DEVELOP PHOTORESIST
seq_0221,INSPECT PATTERN LEVEL 1
seq_0221,HARD BAKE
seq_0221,OXIDE ETCH DRY
seq_0221,STRIP PHOTORESIST
seq_0221,CLEAN AFTER ETCH
seq_0221,MEASURE CD LEVEL 1
seq_0221,DEPOSIT POLYSILICON
seq_0221,ANNEAL POLYSILICON
seq_0221,SPIN COAT PHOTORESIST
seq_0221,SOFT BAKE
seq_0221,ALIGN MASK LEVEL 2
seq_0221,EXPOSE LITHO LEVEL 2
seq_0221,DEVELOP PHOTORESIST
seq_0221,PATTERN INSPECTION LEVEL 2
seq_0221,POLYSILICON ETCH DRY
seq_0221,STRIP RESIST
seq_0221,CLEAN AFTER POLY ETCH
seq_0221,MEASURE CD LEVEL 2
seq_0221,IMPLANT N-TYPE
seq_0221,PRE ANNEAL CHECK
seq_0221,RAPID THERMAL ANNEAL
seq_0221,MEASURE SHEET RESISTANCE
seq_0221,DEPOSIT INTERLAYER DIELECTRIC
seq_0221,DENSIFY OXIDE
seq_0221,MEASURE DIELECTRIC THICKNESS
seq_0221,CMP INTERLAYER DIELECTRIC
seq_0221,MEASURE PLANARITY
seq_0221,SPIN COAT PHOTORESIST
seq_0221,SOFT BAKE
seq_0221,ALIGN MASK LEVEL 3
seq_0221,EXPOSE LITHO LEVEL 3
seq_0221,DEVELOP PHOTORESIST
seq_0221,VIA OPENING INSPECTION
seq_0221,DIELECTRIC ETCH VIA
seq_0221,STRIP PHOTORESIST
seq_0221,CLEAN AFTER VIA ETCH
seq_0221,MEASURE VIA CD
seq_0221,DEPOSIT BARRIER METAL
seq_0221,DEPOSIT TUNGSTEN SEED
seq_0221,FILL VIA TUNGSTEN
seq_0221,CMP METAL
seq_0221,MEASURE VIA RESISTANCE
seq_0221,DEPOSIT TOP METAL
seq_0221,ANNEAL METAL 1
seq_0221,SPIN COAT PHOTORESIST
seq_0221,SOFT BAKE
seq_0221,ALIGN MASK LEVEL 4
seq_0221,EXPOSE LITHO LEVEL 4
seq_0221,DEVELOP PHOTORESIST
seq_0221,METAL PATTERN INSPECTION
seq_0221,METAL ETCH DRY
seq_0221,STRIP RESIST
seq_0221,CLEAN AFTER METAL ETCH
seq_0221,DEPOSIT PASSIVATION
seq_0221,CURE PASSIVATION
seq_0221,MEASURE PASSIVATION QUALITY
seq_0221,OPEN PAD WINDOW
seq_0221,PAD WINDOW LITHO
seq_0221,DEVELOP PAD WINDOW
seq_0221,PASSIVATION ETCH
seq_0221,STRIP RESIST
seq_0221,CLEAN PAD OPENING
seq_0221,MEASURE PAD OPENING
seq_0221,BACKSIDE CLEAN FINAL
seq_0221,DEPOSIT BACKSIDE PROTECTION
seq_0221,BACKSIDE ANNEAL
seq_0221,FINAL CLEAN
seq_0221,FINAL THICKNESS MEASURE
seq_0221,FINAL GEOMETRY CHECK
seq_0221,FINAL PARTICLE INSPECTION
seq_0221,FINAL ELECTRICAL TEST PREP
seq_0221,PARAMETRIC TEST
seq_0221,LEAKAGE TEST
seq_0221,THRESHOLD VOLTAGE TEST
seq_0221,SWITCHING TEST
seq_0221,WAFER SORT TEST
seq_0221,YIELD ANALYSIS
seq_0221,FINAL LOT RELEASE
seq_0221,SHIP LOT
seq_0222,RECEIVE WAFER LOT
seq_0222,LOT IDENTIFICATION
seq_0222,INITIAL WAFER INSPECTION
seq_0222,MEASURE INITIAL THICKNESS
seq_0222,WAFER CLEAN PRE PROCESS
seq_0222,RCA CLEAN 1
seq_0222,WET CLEAN RCA2
seq_0222,HF DIP
seq_0222,WAFER CLEAN PRE-GRIND
seq_0222,GRINDING WAFER BACKSIDE
seq_0222,MEASURE GEOMETRY
seq_0222,ETCH WET BACKSIDE
seq_0222,RINSE WET WAFER_EDGE
seq_0222,DRY WAFER BACKSIDE
seq_0222,BACKSIDE CLEAN
seq_0222,MEASURE BACKSIDE ROUGHNESS
seq_0222,THERMAL OXIDATION
seq_0222,MEASURE OXIDE THICKNESS
seq_0222,RCA CLEAN 1
seq_0222,WET CLEAN RCA2
seq_0222,HF DIP
seq_0222,OXIDE STRIP
seq_0222,SURFACE PREP FOR DEPOSITION
seq_0222,DEPOSIT PAD OXIDE
seq_0222,ANNEAL OXIDE
seq_0222,MEASURE OXIDE THICKNESS
seq_0222,SPIN COAT PHOTORESIST
seq_0222,SOFT BAKE
seq_0222,ALIGN MASK LEVEL 1
seq_0222,EXPOSE LITHO LEVEL 1
seq_0222,DEVELOP PHOTORESIST
seq_0222,INSPECT PATTERN LEVEL 1
seq_0222,HARD BAKE
seq_0222,OXIDE ETCH DRY
seq_0222,STRIP RESIST
seq_0222,CLEAN AFTER ETCH
seq_0222,MEASURE CD LEVEL 1
seq_0222,DEPOSIT POLYSILICON
seq_0222,ANNEAL POLYSILICON
seq_0222,SPIN COAT PHOTORESIST
seq_0222,SOFT BAKE
seq_0222,ALIGN MASK LEVEL 2
seq_0222,EXPOSE LITHO LEVEL 2
seq_0222,POST EXPOSE BAKE
seq_0222,DEVELOP PHOTORESIST
seq_0222,PATTERN INSPECTION LEVEL 2
seq_0222,POLYSILICON ETCH DRY
seq_0222,STRIP RESIST LEVEL 2
seq_0222,CLEAN AFTER POLY ETCH
seq_0222,MEASURE CD LEVEL 2
seq_0222,IMPLANT N-TYPE
seq_0222,PRE ANNEAL CHECK
seq_0222,RAPID THERMAL ANNEAL
seq_0222,DEPOSIT INTERLAYER DIELECTRIC
seq_0222,DENSIFY OXIDE
seq_0222,MEASURE FILM THICKNESS
seq_0222,CMP INTERLAYER DIELECTRIC
seq_0222,MEASURE SURFACE PLANARITY
seq_0222,SPIN COAT PHOTORESIST
seq_0222,SOFT BAKE
seq_0222,ALIGN MASK LEVEL 3
seq_0222,EXPOSE LITHO LEVEL 3
seq_0222,DEVELOP PHOTORESIST
seq_0222,VIA INSPECTION
seq_0222,HARD BAKE
seq_0222,VIA ETCH THROUGH DIELECTRIC
seq_0222,STRIP RESIST
seq_0222,CLEAN AFTER VIA ETCH
seq_0222,DEPOSIT BARRIER METAL
seq_0222,DEPOSIT TUNGSTEN SEED
seq_0222,FILL VIA TUNGSTEN
seq_0222,CMP METAL
seq_0222,MEASURE CONTACT RESISTANCE
seq_0222,DEPOSIT TOP METAL
seq_0222,ANNEAL METAL 1
seq_0222,MEASURE METAL THICKNESS
seq_0222,SPIN COAT PHOTORESIST
seq_0222,SOFT BAKE
seq_0222,ALIGN MASK LEVEL 4
seq_0222,EXPOSE LITHO LEVEL 4
seq_0222,DEVELOP PHOTORESIST
seq_0222,METAL PATTERN INSPECTION
seq_0222,METAL ETCH DRY
seq_0222,STRIP RESIST
seq_0222,CLEAN AFTER METAL ETCH
seq_0222,MEASURE LINE WIDTH
seq_0222,DEPOSIT PASSIVATION
seq_0222,CURE PASSIVATION
seq_0222,MEASURE PASSIVATION THICKNESS
seq_0222,OPEN PAD WINDOW
seq_0222,OPEN PAD WINDOW LITHO
seq_0222,DEVELOP PHOTORESIST
seq_0222,PASSIVATION ETCH PAD OPENING
seq_0222,STRIP RESIST
seq_0222,CLEAN PAD OPENING
seq_0222,MEASURE PAD OPENING
seq_0222,BACKSIDE THINNING CHECK
seq_0222,BACKSIDE CLEAN
seq_0222,DEPOSIT BACKSIDE PROTECTION
seq_0222,BACKSIDE ANNEAL
seq_0222,FRONTSIDE CLEAN FINAL
seq_0222,FINAL CLEAN
seq_0222,FINAL THICKNESS MEASURE
seq_0222,FINAL GEOMETRY CHECK
seq_0222,FINAL CD INSPECTION
seq_0222,PARAMETRIC TEST
seq_0222,LEAKAGE TEST
seq_0222,THRESHOLD VOLTAGE TEST
seq_0222,SWITCHING TEST
seq_0222,WAFER SORT TEST
seq_0222,YIELD ANALYSIS
seq_0222,FINAL LOT RELEASE
seq_0222,PACKAGE PREPARATION
seq_0222,SHIP LOT
seq_0223,RECEIVE WAFER LOT
seq_0223,LOT IDENTIFICATION
seq_0223,PRE CLEAN INSPECTION
seq_0223,MEASURE INITIAL GEOMETRY
seq_0223,WAFER CLEAN PRE PROCESS
seq_0223,FRONTSIDE CLEAN
seq_0223,WET CLEAN RCA1
seq_0223,WET CLEAN RCA2
seq_0223,HF DIP
seq_0223,WAFER CLEAN PRE-GRIND
seq_0223,GRINDING WAFER BACKSIDE
seq_0223,MEASURE INITIAL GEOMETRY
seq_0223,ETCH WET BACKSIDE
seq_0223,RINSE WET WAFER_EDGE
seq_0223,DRY WAFER BACKSIDE
seq_0223,BACKSIDE CLEAN
seq_0223,MEASURE BACKSIDE ROUGHNESS
seq_0223,THERMAL OXIDATION
seq_0223,MEASURE OXIDE THICKNESS
seq_0223,RCA CLEAN 1
seq_0223,RCA CLEAN 2
seq_0223,HF DIP
seq_0223,OXIDE STRIP
seq_0223,SURFACE PREP FOR DEPOSITION
seq_0223,DEPOSIT PAD OXIDE
seq_0223,ANNEAL OXIDE
seq_0223,MEASURE OXIDE THICKNESS
seq_0223,SPIN COAT PHOTORESIST
seq_0223,SOFT BAKE
seq_0223,ALIGN MASK LEVEL 1
seq_0223,EXPOSE LITHO LEVEL 1
seq_0223,DEVELOP PHOTORESIST
seq_0223,INSPECT PATTERN LEVEL 1
seq_0223,HARD BAKE
seq_0223,OXIDE ETCH DRY
seq_0223,STRIP PHOTORESIST
seq_0223,CLEAN AFTER ETCH
seq_0223,MEASURE CD LEVEL 1
seq_0223,DEPOSIT POLYSILICON
seq_0223,ANNEAL POLYSILICON
seq_0223,SPIN COAT PHOTORESIST
seq_0223,SOFT BAKE
seq_0223,ALIGN MASK LEVEL 2
seq_0223,EXPOSE LITHO LEVEL 2
seq_0223,DEVELOP PHOTORESIST
seq_0223,PATTERN INSPECTION LEVEL 2
seq_0223,POLYSILICON ETCH DRY
seq_0223,STRIP RESIST LEVEL 2
seq_0223,CLEAN AFTER POLY ETCH
seq_0223,MEASURE CD LEVEL 2
seq_0223,IMPLANT N-TYPE
seq_0223,PRE ANNEAL CHECK
seq_0223,RAPID THERMAL ANNEAL
seq_0223,DEPOSIT INTERLAYER DIELECTRIC
seq_0223,DENSIFY OXIDE
seq_0223,MEASURE DIELECTRIC THICKNESS
seq_0223,CMP INTERLAYER DIELECTRIC
seq_0223,MEASURE SURFACE PLANARITY
seq_0223,SPIN COAT PHOTORESIST
seq_0223,SOFT BAKE
seq_0223,ALIGN MASK LEVEL 3
seq_0223,EXPOSE LITHO LEVEL 3
seq_0223,DEVELOP PHOTORESIST
seq_0223,VIA INSPECTION
seq_0223,VIA ETCH THROUGH DIELECTRIC
seq_0223,STRIP RESIST
seq_0223,CLEAN AFTER VIA ETCH
seq_0223,MEASURE VIA CD
seq_0223,DEPOSIT BARRIER METAL
seq_0223,DEPOSIT TUNGSTEN SEED
seq_0223,FILL VIA TUNGSTEN
seq_0223,CMP METAL
seq_0223,MEASURE CONTACT RESISTANCE
seq_0223,DEPOSIT METAL 1
seq_0223,ANNEAL METAL
seq_0223,MEASURE METAL THICKNESS
seq_0223,SPIN COAT PHOTORESIST
seq_0223,SOFT BAKE
seq_0223,ALIGN MASK LEVEL 4
seq_0223,EXPOSE LITHO LEVEL 4
seq_0223,DEVELOP PHOTORESIST
seq_0223,METAL PATTERN INSPECTION
seq_0223,METAL ETCH DRY
seq_0223,STRIP RESIST
seq_0223,CLEAN AFTER METAL ETCH
seq_0223,MEASURE LINE WIDTH
seq_0223,DEPOSIT PASSIVATION LAYER
seq_0223,CURE PASSIVATION
seq_0223,MEASURE PASSIVATION THICKNESS
seq_0223,OPEN PAD WINDOW
seq_0223,PAD WINDOW LITHO
seq_0223,DEVELOP PHOTORESIST
seq_0223,PASSIVATION ETCH PAD OPENING
seq_0223,STRIP PHOTORESIST
seq_0223,CLEAN PAD OPENING
seq_0223,MEASURE PAD OPENING
seq_0223,BACKSIDE THINNING CHECK
seq_0223,BACKSIDE CLEAN FINAL
seq_0223,DEPOSIT BACKSIDE PROTECTION
seq_0223,BACKSIDE ANNEAL
seq_0223,FRONTSIDE CLEAN FINAL
seq_0223,FINAL CLEAN
seq_0223,FINAL GEOMETRY CHECK
seq_0223,FINAL OXIDE CHECK
seq_0223,FINAL CD INSPECTION
seq_0223,FINAL PARTICLE INSPECTION
seq_0223,FINAL ELECTRICAL TEST PREP
seq_0223,ELECTRICAL PARAMETRIC TEST
seq_0223,LEAKAGE TEST
seq_0223,PARAMETRIC TEST
seq_0223,SWITCHING TEST
seq_0223,WAFER SORT TEST
seq_0223,YIELD ANALYSIS
seq_0223,FINAL LOT RELEASE
seq_0223,PACKAGE PREPARATION
seq_0223,SHIP LOT
seq_0224,RECEIVE WAFER LOT
seq_0224,LOT IDENTIFICATION
seq_0224,PRE CLEAN INSPECTION
seq_0224,MEASURE INITIAL THICKNESS
seq_0224,WAFER CLEAN PRE PROCESS
seq_0224,BACKSIDE CLEAN
seq_0224,RCA CLEAN 1
seq_0224,WET CLEAN RCA2
seq_0224,HF DIP
seq_0224,WAFER CLEAN PRE-GRIND
seq_0224,GRINDING WAFER BACKSIDE
seq_0224,MEASURE GEOMETRY
seq_0224,ETCH WET BACKSIDE
seq_0224,RINSE WET WAFER_EDGE
seq_0224,DRY WAFER BACKSIDE
seq_0224,BACKSIDE CLEAN
seq_0224,MEASURE BACKSIDE ROUGHNESS
seq_0224,THERMAL OXIDATION
seq_0224,MEASURE OXIDE THICKNESS
seq_0224,WET CLEAN RCA1
seq_0224,WET CLEAN RCA2
seq_0224,HF DIP
seq_0224,OXIDE STRIP
seq_0224,SURFACE PREP FOR DEPOSITION
seq_0224,DEPOSIT PAD OXIDE
seq_0224,ANNEAL OXIDE
seq_0224,MEASURE OXIDE THICKNESS
seq_0224,SPIN COAT PHOTORESIST
seq_0224,SOFT BAKE
seq_0224,ALIGN MASK LEVEL 1
seq_0224,EXPOSE LITHO LEVEL 1
seq_0224,DEVELOP PHOTORESIST
seq_0224,INSPECT PATTERN LEVEL 1
seq_0224,HARD BAKE
seq_0224,OXIDE ETCH DRY
seq_0224,STRIP PHOTORESIST
seq_0224,CLEAN AFTER ETCH
seq_0224,MEASURE CD LEVEL 1
seq_0224,DEPOSIT POLYSILICON
seq_0224,ANNEAL POLYSILICON
seq_0224,SPIN COAT PHOTORESIST
seq_0224,SOFT BAKE
seq_0224,ALIGN MASK LEVEL 2
seq_0224,EXPOSE LITHO LEVEL 2
seq_0224,POST EXPOSE BAKE
seq_0224,DEVELOP PHOTORESIST
seq_0224,PATTERN INSPECTION LEVEL 2
seq_0224,POLYSILICON ETCH DRY
seq_0224,STRIP RESIST
seq_0224,CLEAN AFTER POLY ETCH
seq_0224,IMPLANT N-TYPE
seq_0224,PRE ANNEAL CHECK
seq_0224,RAPID THERMAL ANNEAL
seq_0224,DEPOSIT INTERLAYER DIELECTRIC
seq_0224,DENSIFY OXIDE
seq_0224,MEASURE DIELECTRIC THICKNESS
seq_0224,CMP DIELECTRIC
seq_0224,MEASURE SURFACE PLANARITY
seq_0224,SPIN COAT PHOTORESIST
seq_0224,SOFT BAKE
seq_0224,ALIGN MASK LEVEL 3
seq_0224,EXPOSE LITHO LEVEL 3
seq_0224,DEVELOP PHOTORESIST
seq_0224,VIA OPENING INSPECTION
seq_0224,HARD BAKE
seq_0224,DIELECTRIC ETCH VIA
seq_0224,STRIP RESIST
seq_0224,CLEAN AFTER VIA ETCH
seq_0224,MEASURE VIA CD
seq_0224,DEPOSIT BARRIER METAL
seq_0224,DEPOSIT TUNGSTEN SEED
seq_0224,FILL VIA TUNGSTEN
seq_0224,CMP VIA FILL
seq_0224,MEASURE VIA RESISTANCE
seq_0224,DEPOSIT METAL 1
seq_0224,ANNEAL METAL 1
seq_0224,MEASURE METAL THICKNESS
seq_0224,SPIN COAT PHOTORESIST
seq_0224,SOFT BAKE
seq_0224,ALIGN MASK LEVEL 4
seq_0224,EXPOSE LITHO LEVEL 4
seq_0224,DEVELOP PHOTORESIST
seq_0224,METAL PATTERN INSPECTION
seq_0224,HARD BAKE
seq_0224,METAL ETCH DRY
seq_0224,STRIP RESIST
seq_0224,CLEAN AFTER METAL ETCH
seq_0224,DEPOSIT PASSIVATION LAYER
seq_0224,CURE PASSIVATION
seq_0224,MEASURE PASSIVATION THICKNESS
seq_0224,OPEN BOND PAD WINDOW
seq_0224,PAD WINDOW LITHO
seq_0224,DEVELOP PHOTORESIST
seq_0224,PASSIVATION ETCH PAD OPENING
seq_0224,STRIP PHOTORESIST
seq_0224,CLEAN PAD OPENING
seq_0224,MEASURE PAD OPENING
seq_0224,BACKSIDE THINNING CHECK
seq_0224,BACKSIDE CLEAN FINAL
seq_0224,DEPOSIT BACKSIDE PROTECTION
seq_0224,BACKSIDE ANNEAL
seq_0224,FINAL CLEAN
seq_0224,FINAL THICKNESS MEASURE
seq_0224,FINAL GEOMETRY CHECK
seq_0224,FINAL OXIDE CHECK
seq_0224,FINAL CD INSPECTION
seq_0224,FINAL PARTICLE INSPECTION
seq_0224,FINAL ELECTRICAL TEST PREP
seq_0224,PARAMETRIC TEST
seq_0224,LEAKAGE TEST
seq_0224,THRESHOLD VOLTAGE TEST
seq_0224,SWITCHING TEST
seq_0224,WAFER SORT TEST
seq_0224,YIELD ANALYSIS
seq_0224,LOT RELEASE
seq_0224,PACKAGE PREPARATION
seq_0224,SHIP LOT
seq_0225,RECEIVE WAFER LOT
seq_0225,LOT IDENTIFICATION
seq_0225,INITIAL WAFER INSPECTION
seq_0225,MEASURE INITIAL THICKNESS
seq_0225,MEASURE SURFACE DEFECTS
seq_0225,WAFER CLEAN PRE PROCESS
seq_0225,BACKSIDE CLEAN
seq_0225,WET CLEAN RCA1
seq_0225,RCA CLEAN 2
seq_0225,HF DIP
seq_0225,DRY WAFER
seq_0225,WAFER CLEAN PRE-GRIND
seq_0225,GRINDING WAFER BACKSIDE
seq_0225,MEASURE GEOMETRY
seq_0225,ETCH WET BACKSIDE
seq_0225,RINSE WET WAFER_EDGE
seq_0225,DRY WAFER BACKSIDE
seq_0225,BACKSIDE CLEAN
seq_0225,MEASURE BACKSIDE ROUGHNESS
seq_0225,THERMAL OXIDATION
seq_0225,MEASURE OXIDE THICKNESS
seq_0225,WET CLEAN RCA1
seq_0225,WET CLEAN RCA2
seq_0225,HF DIP
seq_0225,OXIDE STRIP
seq_0225,SURFACE PREP FOR DEPOSITION
seq_0225,DEPOSIT PAD OXIDE
seq_0225,ANNEAL OXIDE
seq_0225,MEASURE OXIDE THICKNESS
seq_0225,SPIN COAT PHOTORESIST
seq_0225,SOFT BAKE
seq_0225,ALIGN MASK LEVEL 1
seq_0225,EXPOSE LITHO LEVEL 1
seq_0225,DEVELOP PHOTORESIST
seq_0225,INSPECT PATTERN LEVEL 1
seq_0225,HARD BAKE
seq_0225,OXIDE ETCH DRY
seq_0225,STRIP PHOTORESIST
seq_0225,CLEAN AFTER ETCH
seq_0225,MEASURE CD LEVEL 1
seq_0225,DEPOSIT POLYSILICON
seq_0225,ANNEAL POLYSILICON
seq_0225,SPIN COAT PHOTORESIST
seq_0225,SOFT BAKE
seq_0225,ALIGN MASK LEVEL 2
seq_0225,EXPOSE LITHO LEVEL 2
seq_0225,DEVELOP PHOTORESIST
seq_0225,PATTERN INSPECTION LEVEL 2
seq_0225,HARD BAKE
seq_0225,POLYSILICON ETCH DRY
seq_0225,STRIP RESIST LEVEL 2
seq_0225,CLEAN AFTER POLY ETCH
seq_0225,MEASURE CD LEVEL 2
seq_0225,IMPLANT N-TYPE
seq_0225,RAPID THERMAL ANNEAL
seq_0225,MEASURE SHEET RESISTANCE
seq_0225,DEPOSIT INTERLEVEL DIELECTRIC
seq_0225,DENSIFY DIELECTRIC
seq_0225,MEASURE FILM THICKNESS
seq_0225,CMP DIELECTRIC
seq_0225,MEASURE PLANARITY
seq_0225,SPIN COAT PHOTORESIST
seq_0225,SOFT BAKE
seq_0225,ALIGN MASK LEVEL 3
seq_0225,EXPOSE LITHO LEVEL 3
seq_0225,POST EXPOSE BAKE
seq_0225,DEVELOP PHOTORESIST
seq_0225,VIA OPENING INSPECTION
seq_0225,VIA ETCH
seq_0225,STRIP PHOTORESIST
seq_0225,CLEAN AFTER VIA ETCH
seq_0225,MEASURE VIA CD
seq_0225,DEPOSIT BARRIER METAL
seq_0225,DEPOSIT TUNGSTEN SEED
seq_0225,FILL VIA TUNGSTEN
seq_0225,CMP METAL
seq_0225,MEASURE CONTACT RESISTANCE
seq_0225,DEPOSIT TOP METAL
seq_0225,ANNEAL METAL 1
seq_0225,SPIN COAT PHOTORESIST
seq_0225,SOFT BAKE
seq_0225,ALIGN MASK LEVEL 4
seq_0225,EXPOSE LITHO LEVEL 4
seq_0225,DEVELOP PHOTORESIST
seq_0225,METAL PATTERN INSPECTION
seq_0225,METAL ETCH DRY
seq_0225,STRIP RESIST
seq_0225,CLEAN AFTER METAL ETCH
seq_0225,MEASURE LINE WIDTH
seq_0225,DEPOSIT PASSIVATION
seq_0225,CURE PASSIVATION
seq_0225,MEASURE PASSIVATION QUALITY
seq_0225,OPEN BOND PAD WINDOW
seq_0225,OPEN PAD WINDOW LITHO
seq_0225,DEVELOP PAD WINDOW
seq_0225,PASSIVATION ETCH
seq_0225,STRIP PHOTORESIST
seq_0225,CLEAN PAD OPENING
seq_0225,MEASURE PAD OPENING
seq_0225,BACKSIDE THINNING CHECK
seq_0225,BACKSIDE CLEAN
seq_0225,DEPOSIT BACKSIDE PROTECTION
seq_0225,BACKSIDE ANNEAL
seq_0225,FRONTSIDE CLEAN FINAL
seq_0225,FINAL CLEAN
seq_0225,FINAL THICKNESS MEASURE
seq_0225,FINAL GEOMETRY CHECK
seq_0225,FINAL OXIDE CHECK
seq_0225,FINAL CD INSPECTION
seq_0225,FINAL ELECTRICAL TEST PREP
seq_0225,ELECTRICAL PARAMETRIC TEST
seq_0225,LEAKAGE TEST
seq_0225,THRESHOLD VOLTAGE TEST
seq_0225,SWITCHING TEST
seq_0225,WAFER SORT TEST
seq_0225,YIELD ANALYSIS
seq_0225,LOT RELEASE
seq_0225,PACKAGE PREPARATION
seq_0225,SHIP LOT
seq_0226,RECEIVE WAFER LOT
seq_0226,LOT IDENTIFICATION
seq_0226,INITIAL WAFER INSPECTION
seq_0226,MEASURE SURFACE DEFECTS
seq_0226,WAFER CLEAN PRE PROCESS
seq_0226,BACKSIDE CLEAN
seq_0226,WET CLEAN RCA1
seq_0226,RCA CLEAN 2
seq_0226,HF DIP
seq_0226,WAFER CLEAN PRE-GRIND
seq_0226,GRINDING WAFER BACKSIDE
seq_0226,MEASURE GEOMETRY
seq_0226,ETCH WET BACKSIDE
seq_0226,RINSE WET WAFER_EDGE
seq_0226,DRY WAFER BACKSIDE
seq_0226,BACKSIDE CLEAN
seq_0226,MEASURE BACKSIDE ROUGHNESS
seq_0226,THERMAL OXIDATION
seq_0226,MEASURE OXIDE THICKNESS
seq_0226,RCA CLEAN 1
seq_0226,WET CLEAN RCA2
seq_0226,HF DIP
seq_0226,OXIDE STRIP
seq_0226,SURFACE PREP FOR DEPOSITION
seq_0226,DEPOSIT PAD OXIDE
seq_0226,ANNEAL OXIDE
seq_0226,MEASURE FILM THICKNESS
seq_0226,SPIN COAT PHOTORESIST
seq_0226,SOFT BAKE
seq_0226,ALIGN MASK LEVEL 1
seq_0226,EXPOSE LITHO LEVEL 1
seq_0226,POST EXPOSE BAKE
seq_0226,DEVELOP PHOTORESIST
seq_0226,INSPECT PATTERN LEVEL 1
seq_0226,HARD BAKE
seq_0226,OXIDE ETCH DRY
seq_0226,STRIP RESIST
seq_0226,CLEAN AFTER ETCH
seq_0226,MEASURE CD LEVEL 1
seq_0226,DEPOSIT POLYSILICON
seq_0226,ANNEAL POLYSILICON
seq_0226,SPIN COAT PHOTORESIST
seq_0226,SOFT BAKE
seq_0226,ALIGN MASK LEVEL 2
seq_0226,EXPOSE LITHO LEVEL 2
seq_0226,DEVELOP PHOTORESIST
seq_0226,PATTERN INSPECTION LEVEL 2
seq_0226,POLYSILICON ETCH DRY
seq_0226,STRIP RESIST LEVEL 2
seq_0226,CLEAN AFTER POLY ETCH
seq_0226,MEASURE CD LEVEL 2
seq_0226,IMPLANT N-TYPE
seq_0226,PRE ANNEAL CHECK
seq_0226,RAPID THERMAL ANNEAL
seq_0226,MEASURE SHEET RESISTANCE
seq_0226,DEPOSIT INTERLEVEL DIELECTRIC
seq_0226,DENSIFY OXIDE
seq_0226,MEASURE FILM THICKNESS
seq_0226,CMP INTERLAYER DIELECTRIC
seq_0226,MEASURE PLANARITY
seq_0226,SPIN COAT PHOTORESIST
seq_0226,SOFT BAKE
seq_0226,ALIGN MASK LEVEL 3
seq_0226,EXPOSE LITHO LEVEL 3
seq_0226,DEVELOP PHOTORESIST
seq_0226,VIA OPENING INSPECTION
seq_0226,VIA ETCH
seq_0226,STRIP RESIST
seq_0226,CLEAN AFTER VIA ETCH
seq_0226,DEPOSIT BARRIER METAL
seq_0226,DEPOSIT TUNGSTEN SEED
seq_0226,FILL VIA TUNGSTEN
seq_0226,CMP VIA FILL
seq_0226,MEASURE VIA RESISTANCE
seq_0226,DEPOSIT TOP METAL
seq_0226,ANNEAL METAL 1
seq_0226,SPIN COAT PHOTORESIST
seq_0226,SOFT BAKE
seq_0226,ALIGN MASK LEVEL 4
seq_0226,EXPOSE LITHO LEVEL 4
seq_0226,DEVELOP PHOTORESIST
seq_0226,METAL PATTERN INSPECTION
seq_0226,HARD BAKE
seq_0226,METAL ETCH DRY
seq_0226,STRIP RESIST
seq_0226,CLEAN AFTER METAL ETCH
seq_0226,MEASURE LINE WIDTH
seq_0226,DEPOSIT PASSIVATION
seq_0226,CURE PASSIVATION
seq_0226,MEASURE PASSIVATION THICKNESS
seq_0226,OPEN BOND PAD WINDOW
seq_0226,OPEN PAD WINDOW LITHO
seq_0226,DEVELOP PAD WINDOW
seq_0226,PASSIVATION ETCH
seq_0226,STRIP RESIST
seq_0226,CLEAN PAD OPENING
seq_0226,MEASURE PAD OPENING
seq_0226,BACKSIDE CLEAN FINAL
seq_0226,DEPOSIT BACKSIDE PROTECTION
seq_0226,BACKSIDE ANNEAL
seq_0226,FINAL CLEAN
seq_0226,FINAL THICKNESS MEASURE
seq_0226,FINAL GEOMETRY CHECK
seq_0226,FINAL ELECTRICAL TEST PREP
seq_0226,PARAMETRIC TEST
seq_0226,LEAKAGE TEST
seq_0226,SWITCHING TEST
seq_0226,WAFER SORT TEST
seq_0226,YIELD ANALYSIS
seq_0226,FINAL LOT RELEASE
seq_0226,PACKAGE PREPARATION
seq_0226,SHIP LOT
seq_0227,RECEIVE WAFER LOT
seq_0227,LOT IDENTIFICATION
seq_0227,INITIAL WAFER INSPECTION
seq_0227,MEASURE INITIAL THICKNESS
seq_0227,MEASURE SURFACE PARTICLES
seq_0227,WAFER CLEAN PRE PROCESS
seq_0227,BACKSIDE CLEAN
seq_0227,RCA CLEAN 1
seq_0227,WET CLEAN RCA2
seq_0227,HF DIP
seq_0227,DRY WAFER
seq_0227,WAFER CLEAN PRE-GRIND
seq_0227,GRINDING WAFER BACKSIDE
seq_0227,MEASURE GEOMETRY
seq_0227,ETCH WET BACKSIDE
seq_0227,RINSE WET WAFER_EDGE
seq_0227,DRY WAFER BACKSIDE
seq_0227,BACKSIDE CLEAN
seq_0227,MEASURE BACKSIDE ROUGHNESS
seq_0227,THERMAL OXIDATION
seq_0227,MEASURE OXIDE THICKNESS
seq_0227,RCA CLEAN 1
seq_0227,WET CLEAN RCA2
seq_0227,HF DIP
seq_0227,OXIDE STRIP
seq_0227,SURFACE PREP FOR DEPOSITION
seq_0227,DEPOSIT PAD OXIDE
seq_0227,ANNEAL OXIDE
seq_0227,MEASURE OXIDE THICKNESS
seq_0227,SPIN COAT PHOTORESIST
seq_0227,SOFT BAKE
seq_0227,ALIGN MASK LEVEL 1
seq_0227,EXPOSE LITHO LEVEL 1
seq_0227,DEVELOP PHOTORESIST
seq_0227,INSPECT PATTERN LEVEL 1
seq_0227,HARD BAKE
seq_0227,OXIDE ETCH DRY
seq_0227,STRIP RESIST
seq_0227,CLEAN AFTER ETCH
seq_0227,MEASURE CD LEVEL 1
seq_0227,DEPOSIT POLYSILICON
seq_0227,ANNEAL POLYSILICON
seq_0227,SPIN COAT PHOTORESIST
seq_0227,SOFT BAKE
seq_0227,ALIGN MASK LEVEL 2
seq_0227,EXPOSE LITHO LEVEL 2
seq_0227,DEVELOP PHOTORESIST
seq_0227,PATTERN INSPECTION LEVEL 2
seq_0227,POLYSILICON ETCH DRY
seq_0227,STRIP RESIST LEVEL 2
seq_0227,CLEAN AFTER POLY ETCH
seq_0227,MEASURE CD LEVEL 2
seq_0227,IMPLANT N-TYPE
seq_0227,PRE ANNEAL CHECK
seq_0227,RAPID THERMAL ANNEAL
seq_0227,MEASURE SHEET RESISTANCE
seq_0227,DEPOSIT INTERLEVEL DIELECTRIC
seq_0227,DENSIFY OXIDE
seq_0227,MEASURE FILM THICKNESS
seq_0227,CMP INTERLAYER DIELECTRIC
seq_0227,MEASURE PLANARITY
seq_0227,SPIN COAT PHOTORESIST
seq_0227,SOFT BAKE
seq_0227,ALIGN MASK LEVEL 3
seq_0227,EXPOSE LITHO LEVEL 3
seq_0227,POST EXPOSE BAKE
seq_0227,DEVELOP PHOTORESIST
seq_0227,VIA OPENING INSPECTION
seq_0227,DIELECTRIC ETCH VIA
seq_0227,STRIP PHOTORESIST
seq_0227,CLEAN AFTER VIA ETCH
seq_0227,MEASURE VIA CD
seq_0227,DEPOSIT BARRIER METAL
seq_0227,DEPOSIT TUNGSTEN SEED
seq_0227,FILL VIA TUNGSTEN
seq_0227,CMP METAL
seq_0227,MEASURE CONTACT RESISTANCE
seq_0227,DEPOSIT TOP METAL
seq_0227,ANNEAL METAL 1
seq_0227,MEASURE METAL THICKNESS
seq_0227,SPIN COAT PHOTORESIST
seq_0227,SOFT BAKE
seq_0227,ALIGN MASK LEVEL 4
seq_0227,EXPOSE LITHO LEVEL 4
seq_0227,DEVELOP PHOTORESIST
seq_0227,METAL PATTERN INSPECTION
seq_0227,METAL ETCH DRY
seq_0227,STRIP PHOTORESIST
seq_0227,CLEAN AFTER METAL ETCH
seq_0227,DEPOSIT PASSIVATION
seq_0227,CURE PASSIVATION
seq_0227,MEASURE PASSIVATION QUALITY
seq_0227,OPEN BOND PAD WINDOW
seq_0227,OPEN PAD WINDOW LITHO
seq_0227,DEVELOP PAD WINDOW
seq_0227,PASSIVATION ETCH
seq_0227,STRIP PHOTORESIST
seq_0227,CLEAN PAD OPENING
seq_0227,MEASURE PAD OPENING
seq_0227,BACKSIDE THINNING CHECK
seq_0227,BACKSIDE CLEAN FINAL
seq_0227,DEPOSIT BACKSIDE PROTECTION
seq_0227,BACKSIDE ANNEAL
seq_0227,FRONTSIDE CLEAN FINAL
seq_0227,FINAL CLEAN
seq_0227,FINAL THICKNESS MEASURE
seq_0227,FINAL GEOMETRY CHECK
seq_0227,FINAL OXIDE CHECK
seq_0227,FINAL CD INSPECTION
seq_0227,FINAL PARTICLE INSPECTION
seq_0227,PARAMETRIC TEST
seq_0227,LEAKAGE TEST
seq_0227,SWITCHING TEST
seq_0227,WAFER SORT TEST
seq_0227,YIELD ANALYSIS
seq_0227,FINAL LOT RELEASE
seq_0227,PACKAGE PREPARATION
seq_0227,SHIP LOT
seq_0228,RECEIVE WAFER LOT
seq_0228,LOT IDENTIFICATION
seq_0228,PRE CLEAN INSPECTION
seq_0228,MEASURE INITIAL GEOMETRY
seq_0228,MEASURE SURFACE DEFECTS
seq_0228,WAFER CLEAN PRE PROCESS
seq_0228,WET CLEAN RCA1
seq_0228,RCA CLEAN 2
seq_0228,HF DIP
seq_0228,WAFER CLEAN PRE-GRIND
seq_0228,GRINDING WAFER BACKSIDE
seq_0228,MEASURE INITIAL GEOMETRY
seq_0228,ETCH WET BACKSIDE
seq_0228,RINSE WET WAFER_EDGE
seq_0228,DRY WAFER BACKSIDE
seq_0228,BACKSIDE CLEAN
seq_0228,MEASURE BACKSIDE ROUGHNESS
seq_0228,THERMAL OXIDATION
seq_0228,MEASURE OXIDE THICKNESS
seq_0228,WET CLEAN RCA1
seq_0228,RCA CLEAN 2
seq_0228,HF DIP
seq_0228,OXIDE STRIP
seq_0228,SURFACE PREP FOR DEPOSITION
seq_0228,DEPOSIT PAD OXIDE
seq_0228,ANNEAL OXIDE
seq_0228,MEASURE OXIDE THICKNESS
seq_0228,SPIN COAT PHOTORESIST
seq_0228,SOFT BAKE
seq_0228,ALIGN MASK LEVEL 1
seq_0228,EXPOSE LITHO LEVEL 1
seq_0228,POST EXPOSE BAKE
seq_0228,DEVELOP PHOTORESIST
seq_0228,INSPECT PATTERN LEVEL 1
seq_0228,HARD BAKE
seq_0228,OXIDE ETCH DRY
seq_0228,STRIP RESIST
seq_0228,CLEAN AFTER ETCH
seq_0228,DEPOSIT POLYSILICON
seq_0228,ANNEAL POLYSILICON
seq_0228,SPIN COAT PHOTORESIST
seq_0228,SOFT BAKE
seq_0228,ALIGN MASK LEVEL 2
seq_0228,EXPOSE LITHO LEVEL 2
seq_0228,DEVELOP PHOTORESIST
seq_0228,PATTERN INSPECTION LEVEL 2
seq_0228,POLYSILICON ETCH DRY
seq_0228,STRIP RESIST
seq_0228,CLEAN AFTER POLY ETCH
seq_0228,MEASURE CD LEVEL 2
seq_0228,IMPLANT N-TYPE
seq_0228,PRE ANNEAL CHECK
seq_0228,RAPID THERMAL ANNEAL
seq_0228,DEPOSIT INTERLEVEL DIELECTRIC
seq_0228,DENSIFY OXIDE
seq_0228,MEASURE FILM THICKNESS
seq_0228,CMP DIELECTRIC
seq_0228,MEASURE SURFACE PLANARITY
seq_0228,SPIN COAT PHOTORESIST
seq_0228,SOFT BAKE
seq_0228,ALIGN MASK LEVEL 3
seq_0228,EXPOSE LITHO LEVEL 3
seq_0228,DEVELOP PHOTORESIST
seq_0228,VIA INSPECTION
seq_0228,DIELECTRIC ETCH VIA
seq_0228,STRIP PHOTORESIST
seq_0228,CLEAN AFTER VIA ETCH
seq_0228,DEPOSIT BARRIER METAL
seq_0228,DEPOSIT TUNGSTEN SEED
seq_0228,FILL VIA TUNGSTEN
seq_0228,CMP METAL
seq_0228,MEASURE VIA RESISTANCE
seq_0228,DEPOSIT TOP METAL
seq_0228,ANNEAL METAL
seq_0228,SPIN COAT PHOTORESIST
seq_0228,SOFT BAKE
seq_0228,ALIGN MASK LEVEL 4
seq_0228,EXPOSE LITHO LEVEL 4
seq_0228,DEVELOP PHOTORESIST
seq_0228,METAL PATTERN INSPECTION
seq_0228,METAL ETCH DRY
seq_0228,STRIP RESIST
seq_0228,CLEAN AFTER METAL ETCH
seq_0228,MEASURE LINE WIDTH
seq_0228,DEPOSIT PASSIVATION
seq_0228,CURE PASSIVATION
seq_0228,MEASURE PASSIVATION THICKNESS
seq_0228,OPEN PAD WINDOW
seq_0228,PAD WINDOW LITHO
seq_0228,DEVELOP PAD WINDOW
seq_0228,PASSIVATION ETCH PAD OPENING
seq_0228,STRIP PHOTORESIST
seq_0228,CLEAN PAD OPENING
seq_0228,MEASURE PAD OPENING
seq_0228,BACKSIDE CLEAN
seq_0228,DEPOSIT BACKSIDE PROTECTION
seq_0228,BACKSIDE ANNEAL
seq_0228,FRONTSIDE CLEAN FINAL
seq_0228,FINAL CLEAN
seq_0228,FINAL THICKNESS MEASURE
seq_0228,FINAL CD INSPECTION
seq_0228,FINAL PARTICLE INSPECTION
seq_0228,FINAL ELECTRICAL TEST PREP
seq_0228,ELECTRICAL PARAMETRIC TEST
seq_0228,LEAKAGE TEST
seq_0228,THRESHOLD VOLTAGE TEST
seq_0228,SWITCHING TEST
seq_0228,WAFER SORT TEST
seq_0228,YIELD ANALYSIS
seq_0228,LOT RELEASE
seq_0228,SHIP LOT
seq_0229,RECEIVE WAFER LOT
seq_0229,LOT IDENTIFICATION
seq_0229,INITIAL WAFER INSPECTION
seq_0229,MEASURE SURFACE DEFECTS
seq_0229,WAFER CLEAN PRE PROCESS
seq_0229,FRONTSIDE CLEAN
seq_0229,WET CLEAN RCA1
seq_0229,WET CLEAN RCA2
seq_0229,HF DIP
seq_0229,DRY WAFER
seq_0229,WAFER CLEAN PRE-GRIND
seq_0229,GRINDING WAFER BACKSIDE
seq_0229,MEASURE GEOMETRY
seq_0229,ETCH WET BACKSIDE
seq_0229,RINSE WET WAFER_EDGE
seq_0229,DRY WAFER BACKSIDE
seq_0229,BACKSIDE CLEAN
seq_0229,MEASURE BACKSIDE ROUGHNESS
seq_0229,THERMAL OXIDATION
seq_0229,MEASURE OXIDE THICKNESS
seq_0229,RCA CLEAN 1
seq_0229,WET CLEAN RCA2
seq_0229,HF DIP
seq_0229,OXIDE STRIP
seq_0229,SURFACE PREP FOR DEPOSITION
seq_0229,DEPOSIT PAD OXIDE
seq_0229,ANNEAL OXIDE
seq_0229,MEASURE OXIDE THICKNESS
seq_0229,SPIN COAT PHOTORESIST
seq_0229,SOFT BAKE
seq_0229,ALIGN MASK LEVEL 1
seq_0229,EXPOSE LITHO LEVEL 1
seq_0229,POST EXPOSE BAKE
seq_0229,DEVELOP PHOTORESIST
seq_0229,INSPECT PATTERN LEVEL 1
seq_0229,HARD BAKE
seq_0229,OXIDE ETCH DRY
seq_0229,STRIP PHOTORESIST
seq_0229,CLEAN AFTER ETCH
seq_0229,MEASURE CD LEVEL 1
seq_0229,DEPOSIT POLYSILICON
seq_0229,ANNEAL POLYSILICON
seq_0229,SPIN COAT PHOTORESIST
seq_0229,SOFT BAKE
seq_0229,ALIGN MASK LEVEL 2
seq_0229,EXPOSE LITHO LEVEL 2
seq_0229,POST EXPOSE BAKE
seq_0229,DEVELOP PHOTORESIST
seq_0229,PATTERN INSPECTION LEVEL 2
seq_0229,POLYSILICON ETCH DRY
seq_0229,STRIP RESIST LEVEL 2
seq_0229,CLEAN AFTER POLY ETCH
seq_0229,MEASURE CD LEVEL 2
seq_0229,IMPLANT N-TYPE
seq_0229,PRE ANNEAL CHECK
seq_0229,RAPID THERMAL ANNEAL
seq_0229,MEASURE SHEET RESISTANCE
seq_0229,DEPOSIT INTERLEVEL DIELECTRIC
seq_0229,DENSIFY DIELECTRIC
seq_0229,MEASURE FILM THICKNESS
seq_0229,CMP INTERLAYER DIELECTRIC
seq_0229,MEASURE SURFACE PLANARITY
seq_0229,SPIN COAT PHOTORESIST
seq_0229,SOFT BAKE
seq_0229,ALIGN MASK LEVEL 3
seq_0229,EXPOSE LITHO LEVEL 3
seq_0229,DEVELOP PHOTORESIST
seq_0229,VIA INSPECTION
seq_0229,DIELECTRIC ETCH VIA
seq_0229,STRIP RESIST
seq_0229,CLEAN AFTER VIA ETCH
seq_0229,MEASURE VIA CD
seq_0229,DEPOSIT BARRIER METAL
seq_0229,DEPOSIT TUNGSTEN SEED
seq_0229,FILL VIA TUNGSTEN
seq_0229,CMP VIA FILL
seq_0229,DEPOSIT METAL 1
seq_0229,ANNEAL METAL
seq_0229,SPIN COAT PHOTORESIST
seq_0229,SOFT BAKE
seq_0229,ALIGN MASK LEVEL 4
seq_0229,EXPOSE LITHO LEVEL 4
seq_0229,DEVELOP PHOTORESIST
seq_0229,METAL PATTERN INSPECTION
seq_0229,HARD BAKE
seq_0229,METAL ETCH DRY
seq_0229,STRIP PHOTORESIST
seq_0229,CLEAN AFTER METAL ETCH
seq_0229,MEASURE LINE WIDTH
seq_0229,DEPOSIT PASSIVATION
seq_0229,CURE PASSIVATION
seq_0229,MEASURE PASSIVATION THICKNESS
seq_0229,OPEN PAD WINDOW
seq_0229,PAD WINDOW LITHO
seq_0229,DEVELOP PHOTORESIST
seq_0229,PASSIVATION ETCH
seq_0229,STRIP PHOTORESIST
seq_0229,CLEAN PAD OPENING
seq_0229,MEASURE PAD OPENING
seq_0229,BACKSIDE THINNING CHECK
seq_0229,BACKSIDE CLEAN FINAL
seq_0229,DEPOSIT BACKSIDE PROTECTION
seq_0229,BACKSIDE ANNEAL
seq_0229,FRONTSIDE CLEAN FINAL
seq_0229,FINAL CLEAN
seq_0229,FINAL THICKNESS MEASURE
seq_0229,FINAL GEOMETRY CHECK
seq_0229,FINAL OXIDE CHECK
seq_0229,FINAL PARTICLE INSPECTION
seq_0229,PARAMETRIC TEST
seq_0229,LEAKAGE TEST
seq_0229,THRESHOLD VOLTAGE TEST
seq_0229,SWITCHING TEST
seq_0229,WAFER SORT TEST
seq_0229,YIELD ANALYSIS
seq_0229,FINAL LOT RELEASE
seq_0229,PACKAGE PREPARATION
seq_0229,SHIP LOT
seq_0230,RECEIVE WAFER LOT
seq_0230,LOT IDENTIFICATION
seq_0230,INITIAL WAFER INSPECTION
seq_0230,MEASURE INITIAL THICKNESS
seq_0230,WAFER CLEAN PRE PROCESS
seq_0230,BACKSIDE CLEAN
seq_0230,RCA CLEAN 1
seq_0230,RCA CLEAN 2
seq_0230,HF DIP
seq_0230,DRY WAFER
seq_0230,WAFER CLEAN PRE-GRIND
seq_0230,GRINDING WAFER BACKSIDE
seq_0230,MEASURE GEOMETRY
seq_0230,ETCH WET BACKSIDE
seq_0230,RINSE WET WAFER_EDGE
seq_0230,DRY WAFER BACKSIDE
seq_0230,BACKSIDE CLEAN
seq_0230,MEASURE BACKSIDE ROUGHNESS
seq_0230,THERMAL OXIDATION
seq_0230,MEASURE OXIDE THICKNESS
seq_0230,RCA CLEAN 1
seq_0230,RCA CLEAN 2
seq_0230,HF DIP
seq_0230,OXIDE STRIP
seq_0230,SURFACE PREP FOR DEPOSITION
seq_0230,DEPOSIT PAD OXIDE
seq_0230,ANNEAL OXIDE
seq_0230,MEASURE OXIDE THICKNESS
seq_0230,SPIN COAT PHOTORESIST
seq_0230,SOFT BAKE
seq_0230,ALIGN MASK LEVEL 1
seq_0230,EXPOSE LITHO LEVEL 1
seq_0230,DEVELOP PHOTORESIST
seq_0230,INSPECT PATTERN LEVEL 1
seq_0230,HARD BAKE
seq_0230,OXIDE ETCH DRY
seq_0230,STRIP RESIST
seq_0230,CLEAN AFTER ETCH
seq_0230,MEASURE CD LEVEL 1
seq_0230,DEPOSIT POLYSILICON
seq_0230,ANNEAL POLYSILICON
seq_0230,SPIN COAT PHOTORESIST
seq_0230,SOFT BAKE
seq_0230,ALIGN MASK LEVEL 2
seq_0230,EXPOSE LITHO LEVEL 2
seq_0230,POST EXPOSE BAKE
seq_0230,DEVELOP PHOTORESIST
seq_0230,PATTERN INSPECTION LEVEL 2
seq_0230,POLYSILICON ETCH DRY
seq_0230,STRIP RESIST
seq_0230,CLEAN AFTER POLY ETCH
seq_0230,IMPLANT N-TYPE
seq_0230,RAPID THERMAL ANNEAL
seq_0230,MEASURE SHEET RESISTANCE
seq_0230,DEPOSIT INTERLAYER DIELECTRIC
seq_0230,DENSIFY OXIDE
seq_0230,MEASURE FILM THICKNESS
seq_0230,CMP DIELECTRIC
seq_0230,MEASURE SURFACE PLANARITY
seq_0230,SPIN COAT PHOTORESIST
seq_0230,SOFT BAKE
seq_0230,ALIGN MASK LEVEL 3
seq_0230,EXPOSE LITHO LEVEL 3
seq_0230,DEVELOP PHOTORESIST
seq_0230,VIA INSPECTION
seq_0230,VIA ETCH THROUGH DIELECTRIC
seq_0230,STRIP PHOTORESIST
seq_0230,CLEAN AFTER VIA ETCH
seq_0230,DEPOSIT BARRIER METAL
seq_0230,DEPOSIT TUNGSTEN SEED
seq_0230,FILL VIA TUNGSTEN
seq_0230,CMP METAL
seq_0230,MEASURE CONTACT RESISTANCE
seq_0230,DEPOSIT METAL 1
seq_0230,ANNEAL METAL 1
seq_0230,MEASURE METAL THICKNESS
seq_0230,SPIN COAT PHOTORESIST
seq_0230,SOFT BAKE
seq_0230,ALIGN MASK LEVEL 4
seq_0230,EXPOSE LITHO LEVEL 4
seq_0230,POST EXPOSE BAKE
seq_0230,DEVELOP PHOTORESIST
seq_0230,METAL PATTERN INSPECTION
seq_0230,METAL ETCH DRY
seq_0230,STRIP RESIST
seq_0230,CLEAN AFTER METAL ETCH
seq_0230,MEASURE LINE WIDTH
seq_0230,DEPOSIT PASSIVATION LAYER
seq_0230,CURE PASSIVATION
seq_0230,MEASURE PASSIVATION THICKNESS
seq_0230,OPEN BOND PAD WINDOW
seq_0230,OPEN PAD WINDOW LITHO
seq_0230,DEVELOP PAD WINDOW
seq_0230,PASSIVATION ETCH
seq_0230,STRIP PHOTORESIST
seq_0230,CLEAN PAD OPENING
seq_0230,MEASURE PAD OPENING
seq_0230,BACKSIDE THINNING CHECK
seq_0230,BACKSIDE CLEAN FINAL
seq_0230,DEPOSIT BACKSIDE PROTECTION
seq_0230,BACKSIDE ANNEAL
seq_0230,FINAL CLEAN
seq_0230,FINAL GEOMETRY CHECK
seq_0230,FINAL PARTICLE INSPECTION
seq_0230,ELECTRICAL PARAMETRIC TEST
seq_0230,LEAKAGE TEST
seq_0230,THRESHOLD VOLTAGE TEST
seq_0230,SWITCHING TEST
seq_0230,WAFER SORT TEST
seq_0230,YIELD ANALYSIS
seq_0230,LOT RELEASE
seq_0230,PACKAGE PREPARATION
seq_0230,SHIP LOT
seq_0231,RECEIVE WAFER LOT
seq_0231,LOT IDENTIFICATION
seq_0231,INITIAL WAFER INSPECTION
seq_0231,MEASURE INITIAL THICKNESS
seq_0231,MEASURE SURFACE DEFECTS
seq_0231,WAFER CLEAN PRE PROCESS
seq_0231,BACKSIDE CLEAN
seq_0231,RCA CLEAN 1
seq_0231,RCA CLEAN 2
seq_0231,HF DIP
seq_0231,DRY WAFER
seq_0231,WAFER CLEAN PRE-GRIND
seq_0231,GRINDING WAFER BACKSIDE
seq_0231,MEASURE GEOMETRY
seq_0231,ETCH WET BACKSIDE
seq_0231,RINSE WET WAFER_EDGE
seq_0231,DRY WAFER BACKSIDE
seq_0231,BACKSIDE CLEAN
seq_0231,MEASURE BACKSIDE ROUGHNESS
seq_0231,THERMAL OXIDATION
seq_0231,MEASURE OXIDE THICKNESS
seq_0231,WET CLEAN RCA1
seq_0231,RCA CLEAN 2
seq_0231,HF DIP
seq_0231,OXIDE STRIP
seq_0231,SURFACE PREP FOR DEPOSITION
seq_0231,DEPOSIT PAD OXIDE
seq_0231,ANNEAL OXIDE
seq_0231,MEASURE FILM THICKNESS
seq_0231,SPIN COAT PHOTORESIST
seq_0231,SOFT BAKE
seq_0231,ALIGN MASK LEVEL 1
seq_0231,EXPOSE LITHO LEVEL 1
seq_0231,POST EXPOSE BAKE
seq_0231,DEVELOP PHOTORESIST
seq_0231,INSPECT PATTERN LEVEL 1
seq_0231,HARD BAKE
seq_0231,OXIDE ETCH DRY
seq_0231,STRIP RESIST
seq_0231,CLEAN AFTER ETCH
seq_0231,MEASURE CD LEVEL 1
seq_0231,DEPOSIT POLYSILICON
seq_0231,ANNEAL POLYSILICON
seq_0231,SPIN COAT PHOTORESIST
seq_0231,SOFT BAKE
seq_0231,ALIGN MASK LEVEL 2
seq_0231,EXPOSE LITHO LEVEL 2
seq_0231,DEVELOP PHOTORESIST
seq_0231,PATTERN INSPECTION LEVEL 2
seq_0231,POLYSILICON ETCH DRY
seq_0231,STRIP RESIST
seq_0231,CLEAN AFTER POLY ETCH
seq_0231,MEASURE CD LEVEL 2
seq_0231,IMPLANT N-TYPE
seq_0231,RAPID THERMAL ANNEAL
seq_0231,DEPOSIT INTERLAYER DIELECTRIC
seq_0231,DENSIFY OXIDE
seq_0231,MEASURE FILM THICKNESS
seq_0231,CMP DIELECTRIC
seq_0231,MEASURE PLANARITY
seq_0231,SPIN COAT PHOTORESIST
seq_0231,SOFT BAKE
seq_0231,ALIGN MASK LEVEL 3
seq_0231,EXPOSE LITHO LEVEL 3
seq_0231,DEVELOP PHOTORESIST
seq_0231,VIA OPENING INSPECTION
seq_0231,VIA ETCH
seq_0231,STRIP RESIST
seq_0231,CLEAN AFTER VIA ETCH
seq_0231,MEASURE VIA CD
seq_0231,DEPOSIT BARRIER METAL
seq_0231,DEPOSIT TUNGSTEN SEED
seq_0231,FILL VIA TUNGSTEN
seq_0231,CMP VIA FILL
seq_0231,MEASURE VIA RESISTANCE
seq_0231,DEPOSIT METAL 1
seq_0231,ANNEAL METAL 1
seq_0231,SPIN COAT PHOTORESIST
seq_0231,SOFT BAKE
seq_0231,ALIGN MASK LEVEL 4
seq_0231,EXPOSE LITHO LEVEL 4
seq_0231,POST EXPOSE BAKE
seq_0231,DEVELOP PHOTORESIST
seq_0231,METAL PATTERN INSPECTION
seq_0231,HARD BAKE
seq_0231,METAL ETCH DRY
seq_0231,STRIP PHOTORESIST
seq_0231,CLEAN AFTER METAL ETCH
seq_0231,MEASURE LINE WIDTH
seq_0231,DEPOSIT PASSIVATION LAYER
seq_0231,CURE PASSIVATION
seq_0231,MEASURE PASSIVATION THICKNESS
seq_0231,OPEN BOND PAD WINDOW
seq_0231,PAD WINDOW LITHO
seq_0231,DEVELOP PAD WINDOW
seq_0231,PASSIVATION ETCH PAD OPENING
seq_0231,STRIP RESIST
seq_0231,CLEAN PAD OPENING
seq_0231,MEASURE PAD OPENING
seq_0231,BACKSIDE THINNING CHECK
seq_0231,BACKSIDE CLEAN FINAL
seq_0231,DEPOSIT BACKSIDE PROTECTION
seq_0231,BACKSIDE ANNEAL
seq_0231,FRONTSIDE CLEAN FINAL
seq_0231,FINAL CLEAN
seq_0231,FINAL THICKNESS MEASURE
seq_0231,FINAL GEOMETRY CHECK
seq_0231,FINAL OXIDE CHECK
seq_0231,FINAL PARTICLE INSPECTION
seq_0231,PARAMETRIC TEST
seq_0231,LEAKAGE TEST
seq_0231,THRESHOLD VOLTAGE TEST
seq_0231,SWITCHING TEST
seq_0231,WAFER SORT TEST
seq_0231,YIELD ANALYSIS
seq_0231,FINAL LOT RELEASE
seq_0231,SHIP LOT
seq_0232,RECEIVE WAFER LOT
seq_0232,LOT IDENTIFICATION
seq_0232,INITIAL WAFER INSPECTION
seq_0232,MEASURE INITIAL GEOMETRY
seq_0232,MEASURE SURFACE PARTICLES
seq_0232,WAFER CLEAN PRE PROCESS
seq_0232,BACKSIDE CLEAN
seq_0232,RCA CLEAN 1
seq_0232,RCA CLEAN 2
seq_0232,HF DIP
seq_0232,DRY WAFER
seq_0232,WAFER CLEAN PRE-GRIND
seq_0232,GRINDING WAFER BACKSIDE
seq_0232,MEASURE GEOMETRY
seq_0232,ETCH WET BACKSIDE
seq_0232,RINSE WET WAFER_EDGE
seq_0232,DRY WAFER BACKSIDE
seq_0232,BACKSIDE CLEAN
seq_0232,MEASURE BACKSIDE ROUGHNESS
seq_0232,THERMAL OXIDATION
seq_0232,MEASURE OXIDE THICKNESS
seq_0232,WET CLEAN RCA1
seq_0232,WET CLEAN RCA2
seq_0232,HF DIP
seq_0232,OXIDE STRIP
seq_0232,SURFACE PREP FOR DEPOSITION
seq_0232,DEPOSIT PAD OXIDE
seq_0232,ANNEAL OXIDE
seq_0232,MEASURE FILM THICKNESS
seq_0232,SPIN COAT PHOTORESIST
seq_0232,SOFT BAKE
seq_0232,ALIGN MASK LEVEL 1
seq_0232,EXPOSE LITHO LEVEL 1
seq_0232,DEVELOP PHOTORESIST
seq_0232,INSPECT PATTERN LEVEL 1
seq_0232,HARD BAKE
seq_0232,OXIDE ETCH DRY
seq_0232,STRIP RESIST
seq_0232,CLEAN AFTER ETCH
seq_0232,MEASURE CD LEVEL 1
seq_0232,DEPOSIT POLYSILICON
seq_0232,ANNEAL POLYSILICON
seq_0232,SPIN COAT PHOTORESIST
seq_0232,SOFT BAKE
seq_0232,ALIGN MASK LEVEL 2
seq_0232,EXPOSE LITHO LEVEL 2
seq_0232,DEVELOP PHOTORESIST
seq_0232,PATTERN INSPECTION LEVEL 2
seq_0232,POLYSILICON ETCH DRY
seq_0232,STRIP RESIST LEVEL 2
seq_0232,CLEAN AFTER POLY ETCH
seq_0232,MEASURE CD LEVEL 2
seq_0232,IMPLANT N-TYPE
seq_0232,PRE ANNEAL CHECK
seq_0232,RAPID THERMAL ANNEAL
seq_0232,MEASURE SHEET RESISTANCE
seq_0232,DEPOSIT INTERLEVEL DIELECTRIC
seq_0232,DENSIFY DIELECTRIC
seq_0232,MEASURE DIELECTRIC THICKNESS
seq_0232,CMP INTERLAYER DIELECTRIC
seq_0232,MEASURE PLANARITY
seq_0232,SPIN COAT PHOTORESIST
seq_0232,SOFT BAKE
seq_0232,ALIGN MASK LEVEL 3
seq_0232,EXPOSE LITHO LEVEL 3
seq_0232,DEVELOP PHOTORESIST
seq_0232,VIA OPENING INSPECTION
seq_0232,VIA ETCH
seq_0232,STRIP PHOTORESIST
seq_0232,CLEAN AFTER VIA ETCH
seq_0232,MEASURE VIA CD
seq_0232,DEPOSIT BARRIER METAL
seq_0232,DEPOSIT TUNGSTEN SEED
seq_0232,FILL VIA TUNGSTEN
seq_0232,CMP METAL
seq_0232,MEASURE CONTACT RESISTANCE
seq_0232,DEPOSIT METAL 1
seq_0232,ANNEAL METAL 1
seq_0232,SPIN COAT PHOTORESIST
seq_0232,SOFT BAKE
seq_0232,ALIGN MASK LEVEL 4
seq_0232,EXPOSE LITHO LEVEL 4
seq_0232,POST EXPOSE BAKE
seq_0232,DEVELOP PHOTORESIST
seq_0232,METAL PATTERN INSPECTION
seq_0232,HARD BAKE
seq_0232,METAL ETCH DRY
seq_0232,STRIP PHOTORESIST
seq_0232,CLEAN AFTER METAL ETCH
seq_0232,MEASURE LINE WIDTH
seq_0232,DEPOSIT PASSIVATION
seq_0232,CURE PASSIVATION
seq_0232,MEASURE PASSIVATION QUALITY
seq_0232,OPEN BOND PAD WINDOW
seq_0232,PAD WINDOW LITHO
seq_0232,DEVELOP PHOTORESIST
seq_0232,PASSIVATION ETCH PAD OPENING
seq_0232,STRIP RESIST
seq_0232,CLEAN PAD OPENING
seq_0232,MEASURE PAD OPENING
seq_0232,BACKSIDE THINNING CHECK
seq_0232,BACKSIDE CLEAN
seq_0232,DEPOSIT BACKSIDE PROTECTION
seq_0232,BACKSIDE ANNEAL
seq_0232,FRONTSIDE CLEAN FINAL
seq_0232,FINAL CLEAN
seq_0232,FINAL GEOMETRY CHECK
seq_0232,FINAL OXIDE CHECK
seq_0232,FINAL CD INSPECTION
seq_0232,FINAL PARTICLE INSPECTION
seq_0232,FINAL ELECTRICAL TEST PREP
seq_0232,ELECTRICAL PARAMETRIC TEST
seq_0232,LEAKAGE TEST
seq_0232,THRESHOLD VOLTAGE TEST
seq_0232,SWITCHING TEST
seq_0232,WAFER SORT TEST
seq_0232,YIELD ANALYSIS
seq_0232,FINAL LOT RELEASE
seq_0232,SHIP LOT
seq_0233,RECEIVE WAFER LOT
seq_0233,LOT IDENTIFICATION
seq_0233,INITIAL WAFER INSPECTION
seq_0233,MEASURE SURFACE PARTICLES
seq_0233,WAFER CLEAN PRE PROCESS
seq_0233,BACKSIDE CLEAN
seq_0233,WET CLEAN RCA1
seq_0233,WET CLEAN RCA2
seq_0233,HF DIP
seq_0233,DRY WAFER
seq_0233,WAFER CLEAN PRE-GRIND
seq_0233,GRINDING WAFER BACKSIDE
seq_0233,MEASURE GEOMETRY
seq_0233,ETCH WET BACKSIDE
seq_0233,RINSE WET WAFER_EDGE
seq_0233,DRY WAFER BACKSIDE
seq_0233,BACKSIDE CLEAN
seq_0233,MEASURE BACKSIDE ROUGHNESS
seq_0233,THERMAL OXIDATION
seq_0233,MEASURE OXIDE THICKNESS
seq_0233,RCA CLEAN 1
seq_0233,WET CLEAN RCA2
seq_0233,HF DIP
seq_0233,OXIDE STRIP
seq_0233,SURFACE PREP FOR DEPOSITION
seq_0233,DEPOSIT PAD OXIDE
seq_0233,ANNEAL OXIDE
seq_0233,MEASURE OXIDE THICKNESS
seq_0233,SPIN COAT PHOTORESIST
seq_0233,SOFT BAKE
seq_0233,ALIGN MASK LEVEL 1
seq_0233,EXPOSE LITHO LEVEL 1
seq_0233,POST EXPOSE BAKE
seq_0233,DEVELOP PHOTORESIST
seq_0233,INSPECT PATTERN LEVEL 1
seq_0233,HARD BAKE
seq_0233,OXIDE ETCH DRY
seq_0233,STRIP RESIST
seq_0233,CLEAN AFTER ETCH
seq_0233,MEASURE CD LEVEL 1
seq_0233,DEPOSIT POLYSILICON
seq_0233,ANNEAL POLYSILICON
seq_0233,SPIN COAT PHOTORESIST
seq_0233,SOFT BAKE
seq_0233,ALIGN MASK LEVEL 2
seq_0233,EXPOSE LITHO LEVEL 2
seq_0233,DEVELOP PHOTORESIST
seq_0233,PATTERN INSPECTION LEVEL 2
seq_0233,HARD BAKE
seq_0233,POLYSILICON ETCH DRY
seq_0233,STRIP RESIST LEVEL 2
seq_0233,CLEAN AFTER POLY ETCH
seq_0233,IMPLANT N-TYPE
seq_0233,PRE ANNEAL CHECK
seq_0233,RAPID THERMAL ANNEAL
seq_0233,MEASURE SHEET RESISTANCE
seq_0233,DEPOSIT INTERLAYER DIELECTRIC
seq_0233,DENSIFY OXIDE
seq_0233,MEASURE FILM THICKNESS
seq_0233,CMP INTERLAYER DIELECTRIC
seq_0233,MEASURE PLANARITY
seq_0233,SPIN COAT PHOTORESIST
seq_0233,SOFT BAKE
seq_0233,ALIGN MASK LEVEL 3
seq_0233,EXPOSE LITHO LEVEL 3
seq_0233,POST EXPOSE BAKE
seq_0233,DEVELOP PHOTORESIST
seq_0233,VIA OPENING INSPECTION
seq_0233,HARD BAKE
seq_0233,VIA ETCH THROUGH DIELECTRIC
seq_0233,STRIP PHOTORESIST
seq_0233,CLEAN AFTER VIA ETCH
seq_0233,MEASURE VIA CD
seq_0233,DEPOSIT BARRIER METAL
seq_0233,DEPOSIT TUNGSTEN SEED
seq_0233,FILL VIA TUNGSTEN
seq_0233,CMP VIA FILL
seq_0233,DEPOSIT TOP METAL
seq_0233,ANNEAL METAL 1
seq_0233,SPIN COAT PHOTORESIST
seq_0233,SOFT BAKE
seq_0233,ALIGN MASK LEVEL 4
seq_0233,EXPOSE LITHO LEVEL 4
seq_0233,DEVELOP PHOTORESIST
seq_0233,METAL PATTERN INSPECTION
seq_0233,METAL ETCH DRY
seq_0233,STRIP RESIST
seq_0233,CLEAN AFTER METAL ETCH
seq_0233,DEPOSIT PASSIVATION
seq_0233,CURE PASSIVATION
seq_0233,MEASURE PASSIVATION THICKNESS
seq_0233,OPEN PAD WINDOW
seq_0233,PAD WINDOW LITHO
seq_0233,DEVELOP PAD WINDOW
seq_0233,PASSIVATION ETCH PAD OPENING
seq_0233,STRIP PHOTORESIST
seq_0233,CLEAN PAD OPENING
seq_0233,MEASURE PAD OPENING
seq_0233,BACKSIDE CLEAN FINAL
seq_0233,DEPOSIT BACKSIDE PROTECTION
seq_0233,BACKSIDE ANNEAL
seq_0233,FRONTSIDE CLEAN FINAL
seq_0233,FINAL CLEAN
seq_0233,FINAL THICKNESS MEASURE
seq_0233,FINAL GEOMETRY CHECK
seq_0233,FINAL OXIDE CHECK
seq_0233,FINAL CD INSPECTION
seq_0233,FINAL PARTICLE INSPECTION
seq_0233,FINAL ELECTRICAL TEST PREP
seq_0233,ELECTRICAL PARAMETRIC TEST
seq_0233,LEAKAGE TEST
seq_0233,THRESHOLD VOLTAGE TEST
seq_0233,SWITCHING TEST
seq_0233,WAFER SORT TEST
seq_0233,YIELD ANALYSIS
seq_0233,LOT RELEASE
seq_0233,SHIP LOT
seq_0234,RECEIVE WAFER LOT
seq_0234,LOT IDENTIFICATION
seq_0234,PRE CLEAN INSPECTION
seq_0234,MEASURE SURFACE PARTICLES
seq_0234,WAFER CLEAN PRE PROCESS
seq_0234,WET CLEAN RCA1
seq_0234,RCA CLEAN 2
seq_0234,HF DIP
seq_0234,DRY WAFER
seq_0234,WAFER CLEAN PRE-GRIND
seq_0234,GRINDING WAFER BACKSIDE
seq_0234,MEASURE INITIAL GEOMETRY
seq_0234,ETCH WET BACKSIDE
seq_0234,RINSE WET WAFER_EDGE
seq_0234,DRY WAFER BACKSIDE
seq_0234,BACKSIDE CLEAN
seq_0234,MEASURE BACKSIDE ROUGHNESS
seq_0234,THERMAL OXIDATION
seq_0234,MEASURE OXIDE THICKNESS
seq_0234,WET CLEAN RCA1
seq_0234,RCA CLEAN 2
seq_0234,HF DIP
seq_0234,OXIDE STRIP
seq_0234,SURFACE PREP FOR DEPOSITION
seq_0234,DEPOSIT PAD OXIDE
seq_0234,ANNEAL OXIDE
seq_0234,MEASURE FILM THICKNESS
seq_0234,SPIN COAT PHOTORESIST
seq_0234,SOFT BAKE
seq_0234,ALIGN MASK LEVEL 1
seq_0234,EXPOSE LITHO LEVEL 1
seq_0234,DEVELOP PHOTORESIST
seq_0234,INSPECT PATTERN LEVEL 1
seq_0234,HARD BAKE
seq_0234,OXIDE ETCH DRY
seq_0234,STRIP RESIST
seq_0234,CLEAN AFTER ETCH
seq_0234,DEPOSIT POLYSILICON
seq_0234,ANNEAL POLYSILICON
seq_0234,SPIN COAT PHOTORESIST
seq_0234,SOFT BAKE
seq_0234,ALIGN MASK LEVEL 2
seq_0234,EXPOSE LITHO LEVEL 2
seq_0234,DEVELOP PHOTORESIST
seq_0234,PATTERN INSPECTION LEVEL 2
seq_0234,POLYSILICON ETCH DRY
seq_0234,STRIP RESIST LEVEL 2
seq_0234,CLEAN AFTER POLY ETCH
seq_0234,MEASURE CD LEVEL 2
seq_0234,IMPLANT N-TYPE
seq_0234,PRE ANNEAL CHECK
seq_0234,RAPID THERMAL ANNEAL
seq_0234,MEASURE SHEET RESISTANCE
seq_0234,DEPOSIT INTERLAYER DIELECTRIC
seq_0234,DENSIFY OXIDE
seq_0234,MEASURE FILM THICKNESS
seq_0234,CMP INTERLAYER DIELECTRIC
seq_0234,MEASURE PLANARITY
seq_0234,SPIN COAT PHOTORESIST
seq_0234,SOFT BAKE
seq_0234,ALIGN MASK LEVEL 3
seq_0234,EXPOSE LITHO LEVEL 3
seq_0234,DEVELOP PHOTORESIST
seq_0234,VIA INSPECTION
seq_0234,DIELECTRIC ETCH VIA
seq_0234,STRIP RESIST
seq_0234,CLEAN AFTER VIA ETCH
seq_0234,MEASURE VIA CD
seq_0234,DEPOSIT BARRIER METAL
seq_0234,DEPOSIT TUNGSTEN SEED
seq_0234,FILL VIA TUNGSTEN
seq_0234,CMP METAL
seq_0234,MEASURE CONTACT RESISTANCE
seq_0234,DEPOSIT TOP METAL
seq_0234,ANNEAL METAL
seq_0234,SPIN COAT PHOTORESIST
seq_0234,SOFT BAKE
seq_0234,ALIGN MASK LEVEL 4
seq_0234,EXPOSE LITHO LEVEL 4
seq_0234,DEVELOP PHOTORESIST
seq_0234,METAL PATTERN INSPECTION
seq_0234,METAL ETCH DRY
seq_0234,STRIP PHOTORESIST
seq_0234,CLEAN AFTER METAL ETCH
seq_0234,DEPOSIT PASSIVATION
seq_0234,CURE PASSIVATION
seq_0234,MEASURE PASSIVATION THICKNESS
seq_0234,OPEN BOND PAD WINDOW
seq_0234,OPEN PAD WINDOW LITHO
seq_0234,DEVELOP PHOTORESIST
seq_0234,PASSIVATION ETCH
seq_0234,STRIP RESIST
seq_0234,CLEAN PAD OPENING
seq_0234,MEASURE PAD OPENING
seq_0234,BACKSIDE CLEAN FINAL
seq_0234,DEPOSIT BACKSIDE PROTECTION
seq_0234,BACKSIDE ANNEAL
seq_0234,FINAL CLEAN
seq_0234,FINAL THICKNESS MEASURE
seq_0234,FINAL GEOMETRY CHECK
seq_0234,FINAL OXIDE CHECK
seq_0234,ELECTRICAL PARAMETRIC TEST
seq_0234,LEAKAGE TEST
seq_0234,THRESHOLD VOLTAGE TEST
seq_0234,SWITCHING TEST
seq_0234,WAFER SORT TEST
seq_0234,YIELD ANALYSIS
seq_0234,LOT RELEASE
seq_0234,SHIP LOT
seq_0235,RECEIVE WAFER LOT
seq_0235,LOT IDENTIFICATION
seq_0235,INITIAL WAFER INSPECTION
seq_0235,MEASURE SURFACE PARTICLES
seq_0235,WAFER CLEAN PRE PROCESS
seq_0235,BACKSIDE CLEAN
seq_0235,WET CLEAN RCA1
seq_0235,WET CLEAN RCA2
seq_0235,HF DIP
seq_0235,WAFER CLEAN PRE-GRIND
seq_0235,GRINDING WAFER BACKSIDE
seq_0235,MEASURE GEOMETRY
seq_0235,ETCH WET BACKSIDE
seq_0235,RINSE WET WAFER_EDGE
seq_0235,DRY WAFER BACKSIDE
seq_0235,BACKSIDE CLEAN
seq_0235,MEASURE BACKSIDE ROUGHNESS
seq_0235,THERMAL OXIDATION
seq_0235,MEASURE OXIDE THICKNESS
seq_0235,WET CLEAN RCA1
seq_0235,WET CLEAN RCA2
seq_0235,HF DIP
seq_0235,OXIDE STRIP
seq_0235,SURFACE PREP FOR DEPOSITION
seq_0235,DEPOSIT PAD OXIDE
seq_0235,ANNEAL OXIDE
seq_0235,MEASURE OXIDE THICKNESS
seq_0235,SPIN COAT PHOTORESIST
seq_0235,SOFT BAKE
seq_0235,ALIGN MASK LEVEL 1
seq_0235,EXPOSE LITHO LEVEL 1
seq_0235,POST EXPOSE BAKE
seq_0235,DEVELOP PHOTORESIST
seq_0235,INSPECT PATTERN LEVEL 1
seq_0235,HARD BAKE
seq_0235,OXIDE ETCH DRY
seq_0235,STRIP PHOTORESIST
seq_0235,CLEAN AFTER ETCH
seq_0235,DEPOSIT POLYSILICON
seq_0235,ANNEAL POLYSILICON
seq_0235,SPIN COAT PHOTORESIST
seq_0235,SOFT BAKE
seq_0235,ALIGN MASK LEVEL 2
seq_0235,EXPOSE LITHO LEVEL 2
seq_0235,POST EXPOSE BAKE
seq_0235,DEVELOP PHOTORESIST
seq_0235,PATTERN INSPECTION LEVEL 2
seq_0235,POLYSILICON ETCH DRY
seq_0235,STRIP RESIST
seq_0235,CLEAN AFTER POLY ETCH
seq_0235,MEASURE CD LEVEL 2
seq_0235,IMPLANT N-TYPE
seq_0235,RAPID THERMAL ANNEAL
seq_0235,DEPOSIT INTERLEVEL DIELECTRIC
seq_0235,DENSIFY DIELECTRIC
seq_0235,MEASURE DIELECTRIC THICKNESS
seq_0235,CMP DIELECTRIC
seq_0235,MEASURE PLANARITY
seq_0235,SPIN COAT PHOTORESIST
seq_0235,SOFT BAKE
seq_0235,ALIGN MASK LEVEL 3
seq_0235,EXPOSE LITHO LEVEL 3
seq_0235,DEVELOP PHOTORESIST
seq_0235,VIA INSPECTION
seq_0235,HARD BAKE
seq_0235,VIA ETCH
seq_0235,STRIP PHOTORESIST
seq_0235,CLEAN AFTER VIA ETCH
seq_0235,MEASURE VIA CD
seq_0235,DEPOSIT BARRIER METAL
seq_0235,DEPOSIT TUNGSTEN SEED
seq_0235,FILL VIA TUNGSTEN
seq_0235,CMP VIA FILL
seq_0235,DEPOSIT METAL 1
seq_0235,ANNEAL METAL
seq_0235,MEASURE METAL THICKNESS
seq_0235,SPIN COAT PHOTORESIST
seq_0235,SOFT BAKE
seq_0235,ALIGN MASK LEVEL 4
seq_0235,EXPOSE LITHO LEVEL 4
seq_0235,DEVELOP PHOTORESIST
seq_0235,METAL PATTERN INSPECTION
seq_0235,METAL ETCH DRY
seq_0235,STRIP RESIST
seq_0235,CLEAN AFTER METAL ETCH
seq_0235,MEASURE LINE WIDTH
seq_0235,DEPOSIT PASSIVATION
seq_0235,CURE PASSIVATION
seq_0235,MEASURE PASSIVATION THICKNESS
seq_0235,OPEN PAD WINDOW
seq_0235,PAD WINDOW LITHO
seq_0235,DEVELOP PAD WINDOW
seq_0235,PASSIVATION ETCH PAD OPENING
seq_0235,STRIP PHOTORESIST
seq_0235,CLEAN PAD OPENING
seq_0235,MEASURE PAD OPENING
seq_0235,BACKSIDE CLEAN FINAL
seq_0235,DEPOSIT BACKSIDE PROTECTION
seq_0235,BACKSIDE ANNEAL
seq_0235,FINAL CLEAN
seq_0235,FINAL THICKNESS MEASURE
seq_0235,FINAL GEOMETRY CHECK
seq_0235,FINAL OXIDE CHECK
seq_0235,FINAL ELECTRICAL TEST PREP
seq_0235,ELECTRICAL PARAMETRIC TEST
seq_0235,LEAKAGE TEST
seq_0235,PARAMETRIC TEST
seq_0235,SWITCHING TEST
seq_0235,WAFER SORT TEST
seq_0235,YIELD ANALYSIS
seq_0235,FINAL LOT RELEASE
seq_0235,SHIP LOT
seq_0236,RECEIVE WAFER LOT
seq_0236,LOT IDENTIFICATION
seq_0236,INITIAL WAFER INSPECTION
seq_0236,MEASURE INITIAL THICKNESS
seq_0236,MEASURE SURFACE DEFECTS
seq_0236,WAFER CLEAN PRE PROCESS
seq_0236,FRONTSIDE CLEAN
seq_0236,RCA CLEAN 1
seq_0236,RCA CLEAN 2
seq_0236,HF DIP
seq_0236,DRY WAFER
seq_0236,WAFER CLEAN PRE-GRIND
seq_0236,GRINDING WAFER BACKSIDE
seq_0236,MEASURE INITIAL GEOMETRY
seq_0236,ETCH WET BACKSIDE
seq_0236,RINSE WET WAFER_EDGE
seq_0236,DRY WAFER BACKSIDE
seq_0236,BACKSIDE CLEAN
seq_0236,MEASURE BACKSIDE ROUGHNESS
seq_0236,THERMAL OXIDATION
seq_0236,MEASURE OXIDE THICKNESS
seq_0236,RCA CLEAN 1
seq_0236,WET CLEAN RCA2
seq_0236,HF DIP
seq_0236,OXIDE STRIP
seq_0236,SURFACE PREP FOR DEPOSITION
seq_0236,DEPOSIT PAD OXIDE
seq_0236,ANNEAL OXIDE
seq_0236,MEASURE OXIDE THICKNESS
seq_0236,SPIN COAT PHOTORESIST
seq_0236,SOFT BAKE
seq_0236,ALIGN MASK LEVEL 1
seq_0236,EXPOSE LITHO LEVEL 1
seq_0236,DEVELOP PHOTORESIST
seq_0236,INSPECT PATTERN LEVEL 1
seq_0236,HARD BAKE
seq_0236,OXIDE ETCH DRY
seq_0236,STRIP PHOTORESIST
seq_0236,CLEAN AFTER ETCH
seq_0236,MEASURE CD LEVEL 1
seq_0236,DEPOSIT POLYSILICON
seq_0236,ANNEAL POLYSILICON
seq_0236,SPIN COAT PHOTORESIST
seq_0236,SOFT BAKE
seq_0236,ALIGN MASK LEVEL 2
seq_0236,EXPOSE LITHO LEVEL 2
seq_0236,DEVELOP PHOTORESIST
seq_0236,PATTERN INSPECTION LEVEL 2
seq_0236,HARD BAKE
seq_0236,POLYSILICON ETCH DRY
seq_0236,STRIP RESIST LEVEL 2
seq_0236,CLEAN AFTER POLY ETCH
seq_0236,MEASURE CD LEVEL 2
seq_0236,IMPLANT N-TYPE
seq_0236,PRE ANNEAL CHECK
seq_0236,RAPID THERMAL ANNEAL
seq_0236,MEASURE SHEET RESISTANCE
seq_0236,DEPOSIT INTERLAYER DIELECTRIC
seq_0236,DENSIFY DIELECTRIC
seq_0236,MEASURE FILM THICKNESS
seq_0236,CMP DIELECTRIC
seq_0236,MEASURE PLANARITY
seq_0236,SPIN COAT PHOTORESIST
seq_0236,SOFT BAKE
seq_0236,ALIGN MASK LEVEL 3
seq_0236,EXPOSE LITHO LEVEL 3
seq_0236,POST EXPOSE BAKE
seq_0236,DEVELOP PHOTORESIST
seq_0236,VIA OPENING INSPECTION
seq_0236,VIA ETCH THROUGH DIELECTRIC
seq_0236,STRIP RESIST
seq_0236,CLEAN AFTER VIA ETCH
seq_0236,MEASURE VIA CD
seq_0236,DEPOSIT BARRIER METAL
seq_0236,DEPOSIT TUNGSTEN SEED
seq_0236,FILL VIA TUNGSTEN
seq_0236,CMP METAL
seq_0236,DEPOSIT METAL 1
seq_0236,ANNEAL METAL
seq_0236,SPIN COAT PHOTORESIST
seq_0236,SOFT BAKE
seq_0236,ALIGN MASK LEVEL 4
seq_0236,EXPOSE LITHO LEVEL 4
seq_0236,DEVELOP PHOTORESIST
seq_0236,METAL PATTERN INSPECTION
seq_0236,METAL ETCH DRY
seq_0236,STRIP RESIST
seq_0236,CLEAN AFTER METAL ETCH
seq_0236,DEPOSIT PASSIVATION
seq_0236,CURE PASSIVATION
seq_0236,MEASURE PASSIVATION THICKNESS
seq_0236,OPEN PAD WINDOW
seq_0236,PAD WINDOW LITHO
seq_0236,DEVELOP PAD WINDOW
seq_0236,PASSIVATION ETCH
seq_0236,STRIP PHOTORESIST
seq_0236,CLEAN PAD OPENING
seq_0236,MEASURE PAD OPENING
seq_0236,BACKSIDE THINNING CHECK
seq_0236,BACKSIDE CLEAN FINAL
seq_0236,DEPOSIT BACKSIDE PROTECTION
seq_0236,BACKSIDE ANNEAL
seq_0236,FINAL CLEAN
seq_0236,FINAL THICKNESS MEASURE
seq_0236,FINAL GEOMETRY CHECK
seq_0236,FINAL PARTICLE INSPECTION
seq_0236,PARAMETRIC TEST
seq_0236,LEAKAGE TEST
seq_0236,THRESHOLD VOLTAGE TEST
seq_0236,SWITCHING TEST
seq_0236,WAFER SORT TEST
seq_0236,YIELD ANALYSIS
seq_0236,LOT RELEASE
seq_0236,PACKAGE PREPARATION
seq_0236,SHIP LOT
seq_0237,RECEIVE WAFER LOT
seq_0237,LOT IDENTIFICATION
seq_0237,PRE CLEAN INSPECTION
seq_0237,MEASURE SURFACE PARTICLES
seq_0237,WAFER CLEAN PRE PROCESS
seq_0237,FRONTSIDE CLEAN
seq_0237,WET CLEAN RCA1
seq_0237,RCA CLEAN 2
seq_0237,HF DIP
seq_0237,WAFER CLEAN PRE-GRIND
seq_0237,GRINDING WAFER BACKSIDE
seq_0237,MEASURE INITIAL GEOMETRY
seq_0237,ETCH WET BACKSIDE
seq_0237,RINSE WET WAFER_EDGE
seq_0237,DRY WAFER BACKSIDE
seq_0237,BACKSIDE CLEAN
seq_0237,MEASURE BACKSIDE ROUGHNESS
seq_0237,THERMAL OXIDATION
seq_0237,MEASURE OXIDE THICKNESS
seq_0237,RCA CLEAN 1
seq_0237,WET CLEAN RCA2
seq_0237,HF DIP
seq_0237,OXIDE STRIP
seq_0237,SURFACE PREP FOR DEPOSITION
seq_0237,DEPOSIT PAD OXIDE
seq_0237,ANNEAL OXIDE
seq_0237,MEASURE OXIDE THICKNESS
seq_0237,SPIN COAT PHOTORESIST
seq_0237,SOFT BAKE
seq_0237,ALIGN MASK LEVEL 1
seq_0237,EXPOSE LITHO LEVEL 1
seq_0237,DEVELOP PHOTORESIST
seq_0237,INSPECT PATTERN LEVEL 1
seq_0237,HARD BAKE
seq_0237,OXIDE ETCH DRY
seq_0237,STRIP PHOTORESIST
seq_0237,CLEAN AFTER ETCH
seq_0237,DEPOSIT POLYSILICON
seq_0237,ANNEAL POLYSILICON
seq_0237,SPIN COAT PHOTORESIST
seq_0237,SOFT BAKE
seq_0237,ALIGN MASK LEVEL 2
seq_0237,EXPOSE LITHO LEVEL 2
seq_0237,DEVELOP PHOTORESIST
seq_0237,PATTERN INSPECTION LEVEL 2
seq_0237,HARD BAKE
seq_0237,POLYSILICON ETCH DRY
seq_0237,STRIP RESIST
seq_0237,CLEAN AFTER POLY ETCH
seq_0237,MEASURE CD LEVEL 2
seq_0237,IMPLANT N-TYPE
seq_0237,RAPID THERMAL ANNEAL
seq_0237,MEASURE SHEET RESISTANCE
seq_0237,DEPOSIT INTERLEVEL DIELECTRIC
seq_0237,DENSIFY OXIDE
seq_0237,MEASURE DIELECTRIC THICKNESS
seq_0237,CMP DIELECTRIC
seq_0237,MEASURE PLANARITY
seq_0237,SPIN COAT PHOTORESIST
seq_0237,SOFT BAKE
seq_0237,ALIGN MASK LEVEL 3
seq_0237,EXPOSE LITHO LEVEL 3
seq_0237,POST EXPOSE BAKE
seq_0237,DEVELOP PHOTORESIST
seq_0237,VIA INSPECTION
seq_0237,VIA ETCH THROUGH DIELECTRIC
seq_0237,STRIP PHOTORESIST
seq_0237,CLEAN AFTER VIA ETCH
seq_0237,MEASURE VIA CD
seq_0237,DEPOSIT BARRIER METAL
seq_0237,DEPOSIT TUNGSTEN SEED
seq_0237,FILL VIA TUNGSTEN
seq_0237,CMP VIA FILL
seq_0237,MEASURE VIA RESISTANCE
seq_0237,DEPOSIT METAL 1
seq_0237,ANNEAL METAL 1
seq_0237,SPIN COAT PHOTORESIST
seq_0237,SOFT BAKE
seq_0237,ALIGN MASK LEVEL 4
seq_0237,EXPOSE LITHO LEVEL 4
seq_0237,DEVELOP PHOTORESIST
seq_0237,METAL PATTERN INSPECTION
seq_0237,METAL ETCH DRY
seq_0237,STRIP RESIST
seq_0237,CLEAN AFTER METAL ETCH
seq_0237,MEASURE LINE WIDTH
seq_0237,DEPOSIT PASSIVATION LAYER
seq_0237,CURE PASSIVATION
seq_0237,MEASURE PASSIVATION QUALITY
seq_0237,OPEN PAD WINDOW
seq_0237,PAD WINDOW LITHO
seq_0237,DEVELOP PAD WINDOW
seq_0237,PASSIVATION ETCH
seq_0237,STRIP RESIST
seq_0237,CLEAN PAD OPENING
seq_0237,MEASURE PAD OPENING
seq_0237,BACKSIDE THINNING CHECK
seq_0237,BACKSIDE CLEAN FINAL
seq_0237,DEPOSIT BACKSIDE PROTECTION
seq_0237,BACKSIDE ANNEAL
seq_0237,FRONTSIDE CLEAN FINAL
seq_0237,FINAL CLEAN
seq_0237,FINAL THICKNESS MEASURE
seq_0237,FINAL GEOMETRY CHECK
seq_0237,FINAL PARTICLE INSPECTION
seq_0237,FINAL ELECTRICAL TEST PREP
seq_0237,ELECTRICAL PARAMETRIC TEST
seq_0237,LEAKAGE TEST
seq_0237,PARAMETRIC TEST
seq_0237,SWITCHING TEST
seq_0237,WAFER SORT TEST
seq_0237,YIELD ANALYSIS
seq_0237,LOT RELEASE
seq_0237,SHIP LOT
seq_0238,RECEIVE WAFER LOT
seq_0238,LOT IDENTIFICATION
seq_0238,INITIAL WAFER INSPECTION
seq_0238,MEASURE SURFACE DEFECTS
seq_0238,WAFER CLEAN PRE PROCESS
seq_0238,RCA CLEAN 1
seq_0238,RCA CLEAN 2
seq_0238,HF DIP
seq_0238,DRY WAFER
seq_0238,WAFER CLEAN PRE-GRIND
seq_0238,GRINDING WAFER BACKSIDE
seq_0238,MEASURE GEOMETRY
seq_0238,ETCH WET BACKSIDE
seq_0238,RINSE WET WAFER_EDGE
seq_0238,DRY WAFER BACKSIDE
seq_0238,BACKSIDE CLEAN
seq_0238,MEASURE BACKSIDE ROUGHNESS
seq_0238,THERMAL OXIDATION
seq_0238,MEASURE OXIDE THICKNESS
seq_0238,RCA CLEAN 1
seq_0238,RCA CLEAN 2
seq_0238,HF DIP
seq_0238,OXIDE STRIP
seq_0238,SURFACE PREP FOR DEPOSITION
seq_0238,DEPOSIT PAD OXIDE
seq_0238,ANNEAL OXIDE
seq_0238,MEASURE FILM THICKNESS
seq_0238,SPIN COAT PHOTORESIST
seq_0238,SOFT BAKE
seq_0238,ALIGN MASK LEVEL 1
seq_0238,EXPOSE LITHO LEVEL 1
seq_0238,POST EXPOSE BAKE
seq_0238,DEVELOP PHOTORESIST
seq_0238,INSPECT PATTERN LEVEL 1
seq_0238,HARD BAKE
seq_0238,OXIDE ETCH DRY
seq_0238,STRIP RESIST
seq_0238,CLEAN AFTER ETCH
seq_0238,MEASURE CD LEVEL 1
seq_0238,DEPOSIT POLYSILICON
seq_0238,ANNEAL POLYSILICON
seq_0238,SPIN COAT PHOTORESIST
seq_0238,SOFT BAKE
seq_0238,ALIGN MASK LEVEL 2
seq_0238,EXPOSE LITHO LEVEL 2
seq_0238,POST EXPOSE BAKE
seq_0238,DEVELOP PHOTORESIST
seq_0238,PATTERN INSPECTION LEVEL 2
seq_0238,POLYSILICON ETCH DRY
seq_0238,STRIP RESIST LEVEL 2
seq_0238,CLEAN AFTER POLY ETCH
seq_0238,MEASURE CD LEVEL 2
seq_0238,IMPLANT N-TYPE
seq_0238,PRE ANNEAL CHECK
seq_0238,RAPID THERMAL ANNEAL
seq_0238,DEPOSIT INTERLAYER DIELECTRIC
seq_0238,DENSIFY OXIDE
seq_0238,MEASURE FILM THICKNESS
seq_0238,CMP DIELECTRIC
seq_0238,MEASURE SURFACE PLANARITY
seq_0238,SPIN COAT PHOTORESIST
seq_0238,SOFT BAKE
seq_0238,ALIGN MASK LEVEL 3
seq_0238,EXPOSE LITHO LEVEL 3
seq_0238,DEVELOP PHOTORESIST
seq_0238,VIA INSPECTION
seq_0238,VIA ETCH THROUGH DIELECTRIC
seq_0238,STRIP RESIST
seq_0238,CLEAN AFTER VIA ETCH
seq_0238,MEASURE VIA CD
seq_0238,DEPOSIT BARRIER METAL
seq_0238,DEPOSIT TUNGSTEN SEED
seq_0238,FILL VIA TUNGSTEN
seq_0238,CMP METAL
seq_0238,MEASURE VIA RESISTANCE
seq_0238,DEPOSIT METAL 1
seq_0238,ANNEAL METAL
seq_0238,MEASURE METAL THICKNESS
seq_0238,SPIN COAT PHOTORESIST
seq_0238,SOFT BAKE
seq_0238,ALIGN MASK LEVEL 4
seq_0238,EXPOSE LITHO LEVEL 4
seq_0238,DEVELOP PHOTORESIST
seq_0238,METAL PATTERN INSPECTION
seq_0238,HARD BAKE
seq_0238,METAL ETCH DRY
seq_0238,STRIP PHOTORESIST
seq_0238,CLEAN AFTER METAL ETCH
seq_0238,MEASURE LINE WIDTH
seq_0238,DEPOSIT PASSIVATION
seq_0238,CURE PASSIVATION
seq_0238,MEASURE PASSIVATION THICKNESS
seq_0238,OPEN PAD WINDOW
seq_0238,OPEN PAD WINDOW LITHO
seq_0238,DEVELOP PHOTORESIST
seq_0238,PASSIVATION ETCH PAD OPENING
seq_0238,STRIP RESIST
seq_0238,CLEAN PAD OPENING
seq_0238,MEASURE PAD OPENING
seq_0238,BACKSIDE THINNING CHECK
seq_0238,BACKSIDE CLEAN FINAL
seq_0238,DEPOSIT BACKSIDE PROTECTION
seq_0238,BACKSIDE ANNEAL
seq_0238,FINAL CLEAN
seq_0238,FINAL PARTICLE INSPECTION
seq_0238,FINAL ELECTRICAL TEST PREP
seq_0238,PARAMETRIC TEST
seq_0238,LEAKAGE TEST
seq_0238,SWITCHING TEST
seq_0238,WAFER SORT TEST
seq_0238,YIELD ANALYSIS
seq_0238,FINAL LOT RELEASE
seq_0238,PACKAGE PREPARATION
seq_0238,SHIP LOT
seq_0239,RECEIVE WAFER LOT
seq_0239,LOT IDENTIFICATION
seq_0239,PRE CLEAN INSPECTION
seq_0239,MEASURE INITIAL GEOMETRY
seq_0239,MEASURE SURFACE DEFECTS
seq_0239,WAFER CLEAN PRE PROCESS
seq_0239,BACKSIDE CLEAN
seq_0239,FRONTSIDE CLEAN
seq_0239,WET CLEAN RCA1
seq_0239,WET CLEAN RCA2
seq_0239,HF DIP
seq_0239,DRY WAFER
seq_0239,WAFER CLEAN PRE-GRIND
seq_0239,GRINDING WAFER BACKSIDE
seq_0239,MEASURE INITIAL GEOMETRY
seq_0239,ETCH WET BACKSIDE
seq_0239,RINSE WET WAFER_EDGE
seq_0239,DRY WAFER BACKSIDE
seq_0239,BACKSIDE CLEAN
seq_0239,MEASURE BACKSIDE ROUGHNESS
seq_0239,THERMAL OXIDATION
seq_0239,MEASURE OXIDE THICKNESS
seq_0239,RCA CLEAN 1
seq_0239,RCA CLEAN 2
seq_0239,HF DIP
seq_0239,OXIDE STRIP
seq_0239,SURFACE PREP FOR DEPOSITION
seq_0239,DEPOSIT PAD OXIDE
seq_0239,ANNEAL OXIDE
seq_0239,MEASURE OXIDE THICKNESS
seq_0239,SPIN COAT PHOTORESIST
seq_0239,SOFT BAKE
seq_0239,ALIGN MASK LEVEL 1
seq_0239,EXPOSE LITHO LEVEL 1
seq_0239,DEVELOP PHOTORESIST
seq_0239,INSPECT PATTERN LEVEL 1
seq_0239,HARD BAKE
seq_0239,OXIDE ETCH DRY
seq_0239,STRIP RESIST
seq_0239,CLEAN AFTER ETCH
seq_0239,MEASURE CD LEVEL 1
seq_0239,DEPOSIT POLYSILICON
seq_0239,ANNEAL POLYSILICON
seq_0239,SPIN COAT PHOTORESIST
seq_0239,SOFT BAKE
seq_0239,ALIGN MASK LEVEL 2
seq_0239,EXPOSE LITHO LEVEL 2
seq_0239,DEVELOP PHOTORESIST
seq_0239,PATTERN INSPECTION LEVEL 2
seq_0239,POLYSILICON ETCH DRY
seq_0239,STRIP RESIST
seq_0239,CLEAN AFTER POLY ETCH
seq_0239,MEASURE CD LEVEL 2
seq_0239,IMPLANT N-TYPE
seq_0239,RAPID THERMAL ANNEAL
seq_0239,MEASURE SHEET RESISTANCE
seq_0239,DEPOSIT INTERLEVEL DIELECTRIC
seq_0239,DENSIFY DIELECTRIC
seq_0239,MEASURE DIELECTRIC THICKNESS
seq_0239,CMP INTERLAYER DIELECTRIC
seq_0239,MEASURE PLANARITY
seq_0239,SPIN COAT PHOTORESIST
seq_0239,SOFT BAKE
seq_0239,ALIGN MASK LEVEL 3
seq_0239,EXPOSE LITHO LEVEL 3
seq_0239,DEVELOP PHOTORESIST
seq_0239,VIA OPENING INSPECTION
seq_0239,HARD BAKE
seq_0239,VIA ETCH THROUGH DIELECTRIC
seq_0239,STRIP PHOTORESIST
seq_0239,CLEAN AFTER VIA ETCH
seq_0239,MEASURE VIA CD
seq_0239,DEPOSIT BARRIER METAL
seq_0239,DEPOSIT TUNGSTEN SEED
seq_0239,FILL VIA TUNGSTEN
seq_0239,CMP VIA FILL
seq_0239,DEPOSIT TOP METAL
seq_0239,ANNEAL METAL
seq_0239,SPIN COAT PHOTORESIST
seq_0239,SOFT BAKE
seq_0239,ALIGN MASK LEVEL 4
seq_0239,EXPOSE LITHO LEVEL 4
seq_0239,DEVELOP PHOTORESIST
seq_0239,METAL PATTERN INSPECTION
seq_0239,METAL ETCH DRY
seq_0239,STRIP PHOTORESIST
seq_0239,CLEAN AFTER METAL ETCH
seq_0239,DEPOSIT PASSIVATION
seq_0239,CURE PASSIVATION
seq_0239,MEASURE PASSIVATION THICKNESS
seq_0239,OPEN BOND PAD WINDOW
seq_0239,PAD WINDOW LITHO
seq_0239,DEVELOP PHOTORESIST
seq_0239,PASSIVATION ETCH
seq_0239,STRIP PHOTORESIST
seq_0239,CLEAN PAD OPENING
seq_0239,MEASURE PAD OPENING
seq_0239,BACKSIDE CLEAN
seq_0239,DEPOSIT BACKSIDE PROTECTION
seq_0239,BACKSIDE ANNEAL
seq_0239,FRONTSIDE CLEAN FINAL
seq_0239,FINAL CLEAN
seq_0239,FINAL THICKNESS MEASURE
seq_0239,FINAL GEOMETRY CHECK
seq_0239,FINAL CD INSPECTION
seq_0239,FINAL PARTICLE INSPECTION
seq_0239,FINAL ELECTRICAL TEST PREP
seq_0239,ELECTRICAL PARAMETRIC TEST
seq_0239,LEAKAGE TEST
seq_0239,PARAMETRIC TEST
seq_0239,SWITCHING TEST
seq_0239,WAFER SORT TEST
seq_0239,YIELD ANALYSIS
seq_0239,FINAL LOT RELEASE
seq_0239,PACKAGE PREPARATION
seq_0239,SHIP LOT
seq_0240,RECEIVE WAFER LOT
seq_0240,LOT IDENTIFICATION
seq_0240,INITIAL WAFER INSPECTION
seq_0240,MEASURE INITIAL THICKNESS
seq_0240,WAFER CLEAN PRE PROCESS
seq_0240,FRONTSIDE CLEAN
seq_0240,WET CLEAN RCA1
seq_0240,WET CLEAN RCA2
seq_0240,HF DIP
seq_0240,DRY WAFER
seq_0240,WAFER CLEAN PRE-GRIND
seq_0240,GRINDING WAFER BACKSIDE
seq_0240,MEASURE INITIAL GEOMETRY
seq_0240,ETCH WET BACKSIDE
seq_0240,RINSE WET WAFER_EDGE
seq_0240,DRY WAFER BACKSIDE
seq_0240,BACKSIDE CLEAN
seq_0240,MEASURE BACKSIDE ROUGHNESS
seq_0240,THERMAL OXIDATION
seq_0240,MEASURE OXIDE THICKNESS
seq_0240,RCA CLEAN 1
seq_0240,RCA CLEAN 2
seq_0240,HF DIP
seq_0240,OXIDE STRIP
seq_0240,SURFACE PREP FOR DEPOSITION
seq_0240,DEPOSIT PAD OXIDE
seq_0240,ANNEAL OXIDE
seq_0240,MEASURE OXIDE THICKNESS
seq_0240,SPIN COAT PHOTORESIST
seq_0240,SOFT BAKE
seq_0240,ALIGN MASK LEVEL 1
seq_0240,EXPOSE LITHO LEVEL 1
seq_0240,DEVELOP PHOTORESIST
seq_0240,INSPECT PATTERN LEVEL 1
seq_0240,HARD BAKE
seq_0240,OXIDE ETCH DRY
seq_0240,STRIP RESIST
seq_0240,CLEAN AFTER ETCH
seq_0240,MEASURE CD LEVEL 1
seq_0240,DEPOSIT POLYSILICON
seq_0240,ANNEAL POLYSILICON
seq_0240,SPIN COAT PHOTORESIST
seq_0240,SOFT BAKE
seq_0240,ALIGN MASK LEVEL 2
seq_0240,EXPOSE LITHO LEVEL 2
seq_0240,DEVELOP PHOTORESIST
seq_0240,PATTERN INSPECTION LEVEL 2
seq_0240,POLYSILICON ETCH DRY
seq_0240,STRIP RESIST LEVEL 2
seq_0240,CLEAN AFTER POLY ETCH
seq_0240,IMPLANT N-TYPE
seq_0240,PRE ANNEAL CHECK
seq_0240,RAPID THERMAL ANNEAL
seq_0240,MEASURE SHEET RESISTANCE
seq_0240,DEPOSIT INTERLAYER DIELECTRIC
seq_0240,DENSIFY OXIDE
seq_0240,MEASURE DIELECTRIC THICKNESS
seq_0240,CMP INTERLAYER DIELECTRIC
seq_0240,MEASURE SURFACE PLANARITY
seq_0240,SPIN COAT PHOTORESIST
seq_0240,SOFT BAKE
seq_0240,ALIGN MASK LEVEL 3
seq_0240,EXPOSE LITHO LEVEL 3
seq_0240,DEVELOP PHOTORESIST
seq_0240,VIA INSPECTION
seq_0240,VIA ETCH THROUGH DIELECTRIC
seq_0240,STRIP PHOTORESIST
seq_0240,CLEAN AFTER VIA ETCH
seq_0240,MEASURE VIA CD
seq_0240,DEPOSIT BARRIER METAL
seq_0240,DEPOSIT TUNGSTEN SEED
seq_0240,FILL VIA TUNGSTEN
seq_0240,CMP METAL
seq_0240,DEPOSIT TOP METAL
seq_0240,ANNEAL METAL
seq_0240,MEASURE METAL THICKNESS
seq_0240,SPIN COAT PHOTORESIST
seq_0240,SOFT BAKE
seq_0240,ALIGN MASK LEVEL 4
seq_0240,EXPOSE LITHO LEVEL 4
seq_0240,DEVELOP PHOTORESIST
seq_0240,METAL PATTERN INSPECTION
seq_0240,METAL ETCH DRY
seq_0240,STRIP RESIST
seq_0240,CLEAN AFTER METAL ETCH
seq_0240,DEPOSIT PASSIVATION LAYER
seq_0240,CURE PASSIVATION
seq_0240,MEASURE PASSIVATION QUALITY
seq_0240,OPEN PAD WINDOW
seq_0240,OPEN PAD WINDOW LITHO
seq_0240,DEVELOP PHOTORESIST
seq_0240,PASSIVATION ETCH PAD OPENING
seq_0240,STRIP RESIST
seq_0240,CLEAN PAD OPENING
seq_0240,MEASURE PAD OPENING
seq_0240,BACKSIDE CLEAN FINAL
seq_0240,DEPOSIT BACKSIDE PROTECTION
seq_0240,BACKSIDE ANNEAL
seq_0240,FINAL CLEAN
seq_0240,FINAL THICKNESS MEASURE
seq_0240,FINAL GEOMETRY CHECK
seq_0240,FINAL PARTICLE INSPECTION
seq_0240,ELECTRICAL PARAMETRIC TEST
seq_0240,LEAKAGE TEST
seq_0240,THRESHOLD VOLTAGE TEST
seq_0240,SWITCHING TEST
seq_0240,WAFER SORT TEST
seq_0240,YIELD ANALYSIS
seq_0240,FINAL LOT RELEASE
seq_0240,PACKAGE PREPARATION
seq_0240,SHIP LOT
seq_0241,RECEIVE WAFER LOT
seq_0241,LOT IDENTIFICATION
seq_0241,INITIAL WAFER INSPECTION
seq_0241,MEASURE INITIAL GEOMETRY
seq_0241,MEASURE SURFACE PARTICLES
seq_0241,WAFER CLEAN PRE PROCESS
seq_0241,RCA CLEAN 1
seq_0241,RCA CLEAN 2
seq_0241,HF DIP
seq_0241,DRY WAFER
seq_0241,WAFER CLEAN PRE-GRIND
seq_0241,GRINDING WAFER BACKSIDE
seq_0241,MEASURE INITIAL GEOMETRY
seq_0241,ETCH WET BACKSIDE
seq_0241,RINSE WET WAFER_EDGE
seq_0241,DRY WAFER BACKSIDE
seq_0241,BACKSIDE CLEAN
seq_0241,MEASURE BACKSIDE ROUGHNESS
seq_0241,THERMAL OXIDATION
seq_0241,MEASURE OXIDE THICKNESS
seq_0241,WET CLEAN RCA1
seq_0241,WET CLEAN RCA2
seq_0241,HF DIP
seq_0241,OXIDE STRIP
seq_0241,SURFACE PREP FOR DEPOSITION
seq_0241,DEPOSIT PAD OXIDE
seq_0241,ANNEAL OXIDE
seq_0241,MEASURE FILM THICKNESS
seq_0241,SPIN COAT PHOTORESIST
seq_0241,SOFT BAKE
seq_0241,ALIGN MASK LEVEL 1
seq_0241,EXPOSE LITHO LEVEL 1
seq_0241,DEVELOP PHOTORESIST
seq_0241,INSPECT PATTERN LEVEL 1
seq_0241,HARD BAKE
seq_0241,OXIDE ETCH DRY
seq_0241,STRIP PHOTORESIST
seq_0241,CLEAN AFTER ETCH
seq_0241,MEASURE CD LEVEL 1
seq_0241,DEPOSIT POLYSILICON
seq_0241,ANNEAL POLYSILICON
seq_0241,SPIN COAT PHOTORESIST
seq_0241,SOFT BAKE
seq_0241,ALIGN MASK LEVEL 2
seq_0241,EXPOSE LITHO LEVEL 2
seq_0241,DEVELOP PHOTORESIST
seq_0241,PATTERN INSPECTION LEVEL 2
seq_0241,POLYSILICON ETCH DRY
seq_0241,STRIP RESIST
seq_0241,CLEAN AFTER POLY ETCH
seq_0241,MEASURE CD LEVEL 2
seq_0241,IMPLANT N-TYPE
seq_0241,RAPID THERMAL ANNEAL
seq_0241,MEASURE SHEET RESISTANCE
seq_0241,DEPOSIT INTERLAYER DIELECTRIC
seq_0241,DENSIFY OXIDE
seq_0241,MEASURE FILM THICKNESS
seq_0241,CMP INTERLAYER DIELECTRIC
seq_0241,MEASURE PLANARITY
seq_0241,SPIN COAT PHOTORESIST
seq_0241,SOFT BAKE
seq_0241,ALIGN MASK LEVEL 3
seq_0241,EXPOSE LITHO LEVEL 3
seq_0241,POST EXPOSE BAKE
seq_0241,DEVELOP PHOTORESIST
seq_0241,VIA OPENING INSPECTION
seq_0241,HARD BAKE
seq_0241,VIA ETCH
seq_0241,STRIP PHOTORESIST
seq_0241,CLEAN AFTER VIA ETCH
seq_0241,MEASURE VIA CD
seq_0241,DEPOSIT BARRIER METAL
seq_0241,DEPOSIT TUNGSTEN SEED
seq_0241,FILL VIA TUNGSTEN
seq_0241,CMP VIA FILL
seq_0241,DEPOSIT METAL 1
seq_0241,ANNEAL METAL 1
seq_0241,MEASURE METAL THICKNESS
seq_0241,SPIN COAT PHOTORESIST
seq_0241,SOFT BAKE
seq_0241,ALIGN MASK LEVEL 4
seq_0241,EXPOSE LITHO LEVEL 4
seq_0241,DEVELOP PHOTORESIST
seq_0241,METAL PATTERN INSPECTION
seq_0241,METAL ETCH DRY
seq_0241,STRIP PHOTORESIST
seq_0241,CLEAN AFTER METAL ETCH
seq_0241,MEASURE LINE WIDTH
seq_0241,DEPOSIT PASSIVATION LAYER
seq_0241,CURE PASSIVATION
seq_0241,MEASURE PASSIVATION THICKNESS
seq_0241,OPEN BOND PAD WINDOW
seq_0241,OPEN PAD WINDOW LITHO
seq_0241,DEVELOP PAD WINDOW
seq_0241,PASSIVATION ETCH PAD OPENING
seq_0241,STRIP PHOTORESIST
seq_0241,CLEAN PAD OPENING
seq_0241,MEASURE PAD OPENING
seq_0241,BACKSIDE THINNING CHECK
seq_0241,BACKSIDE CLEAN FINAL
seq_0241,DEPOSIT BACKSIDE PROTECTION
seq_0241,BACKSIDE ANNEAL
seq_0241,FRONTSIDE CLEAN FINAL
seq_0241,FINAL CLEAN
seq_0241,FINAL THICKNESS MEASURE
seq_0241,FINAL OXIDE CHECK
seq_0241,FINAL CD INSPECTION
seq_0241,FINAL PARTICLE INSPECTION
seq_0241,PARAMETRIC TEST
seq_0241,LEAKAGE TEST
seq_0241,THRESHOLD VOLTAGE TEST
seq_0241,SWITCHING TEST
seq_0241,WAFER SORT TEST
seq_0241,YIELD ANALYSIS
seq_0241,LOT RELEASE
seq_0241,SHIP LOT
seq_0242,RECEIVE WAFER LOT
seq_0242,LOT IDENTIFICATION
seq_0242,PRE CLEAN INSPECTION
seq_0242,MEASURE INITIAL GEOMETRY
seq_0242,MEASURE SURFACE DEFECTS
seq_0242,WAFER CLEAN PRE PROCESS
seq_0242,BACKSIDE CLEAN
seq_0242,FRONTSIDE CLEAN
seq_0242,WET CLEAN RCA1
seq_0242,RCA CLEAN 2
seq_0242,HF DIP
seq_0242,DRY WAFER
seq_0242,WAFER CLEAN PRE-GRIND
seq_0242,GRINDING WAFER BACKSIDE
seq_0242,MEASURE INITIAL GEOMETRY
seq_0242,ETCH WET BACKSIDE
seq_0242,RINSE WET WAFER_EDGE
seq_0242,DRY WAFER BACKSIDE
seq_0242,BACKSIDE CLEAN
seq_0242,MEASURE BACKSIDE ROUGHNESS
seq_0242,THERMAL OXIDATION
seq_0242,MEASURE OXIDE THICKNESS
seq_0242,WET CLEAN RCA1
seq_0242,RCA CLEAN 2
seq_0242,HF DIP
seq_0242,OXIDE STRIP
seq_0242,SURFACE PREP FOR DEPOSITION
seq_0242,DEPOSIT PAD OXIDE
seq_0242,ANNEAL OXIDE
seq_0242,MEASURE OXIDE THICKNESS
seq_0242,SPIN COAT PHOTORESIST
seq_0242,SOFT BAKE
seq_0242,ALIGN MASK LEVEL 1
seq_0242,EXPOSE LITHO LEVEL 1
seq_0242,DEVELOP PHOTORESIST
seq_0242,INSPECT PATTERN LEVEL 1
seq_0242,HARD BAKE
seq_0242,OXIDE ETCH DRY
seq_0242,STRIP PHOTORESIST
seq_0242,CLEAN AFTER ETCH
seq_0242,MEASURE CD LEVEL 1
seq_0242,DEPOSIT POLYSILICON
seq_0242,ANNEAL POLYSILICON
seq_0242,SPIN COAT PHOTORESIST
seq_0242,SOFT BAKE
seq_0242,ALIGN MASK LEVEL 2
seq_0242,EXPOSE LITHO LEVEL 2
seq_0242,DEVELOP PHOTORESIST
seq_0242,PATTERN INSPECTION LEVEL 2
seq_0242,POLYSILICON ETCH DRY
seq_0242,STRIP RESIST LEVEL 2
seq_0242,CLEAN AFTER POLY ETCH
seq_0242,IMPLANT N-TYPE
seq_0242,PRE ANNEAL CHECK
seq_0242,RAPID THERMAL ANNEAL
seq_0242,MEASURE SHEET RESISTANCE
seq_0242,DEPOSIT INTERLAYER DIELECTRIC
seq_0242,DENSIFY DIELECTRIC
seq_0242,MEASURE DIELECTRIC THICKNESS
seq_0242,CMP DIELECTRIC
seq_0242,MEASURE PLANARITY
seq_0242,SPIN COAT PHOTORESIST
seq_0242,SOFT BAKE
seq_0242,ALIGN MASK LEVEL 3
seq_0242,EXPOSE LITHO LEVEL 3
seq_0242,DEVELOP PHOTORESIST
seq_0242,VIA OPENING INSPECTION
seq_0242,VIA ETCH
seq_0242,STRIP RESIST
seq_0242,CLEAN AFTER VIA ETCH
seq_0242,MEASURE VIA CD
seq_0242,DEPOSIT BARRIER METAL
seq_0242,DEPOSIT TUNGSTEN SEED
seq_0242,FILL VIA TUNGSTEN
seq_0242,CMP VIA FILL
seq_0242,DEPOSIT TOP METAL
seq_0242,ANNEAL METAL
seq_0242,SPIN COAT PHOTORESIST
seq_0242,SOFT BAKE
seq_0242,ALIGN MASK LEVEL 4
seq_0242,EXPOSE LITHO LEVEL 4
seq_0242,DEVELOP PHOTORESIST
seq_0242,METAL PATTERN INSPECTION
seq_0242,METAL ETCH DRY
seq_0242,STRIP RESIST
seq_0242,CLEAN AFTER METAL ETCH
seq_0242,MEASURE LINE WIDTH
seq_0242,DEPOSIT PASSIVATION LAYER
seq_0242,CURE PASSIVATION
seq_0242,MEASURE PASSIVATION THICKNESS
seq_0242,OPEN PAD WINDOW
seq_0242,PAD WINDOW LITHO
seq_0242,DEVELOP PAD WINDOW
seq_0242,PASSIVATION ETCH PAD OPENING
seq_0242,STRIP RESIST
seq_0242,CLEAN PAD OPENING
seq_0242,MEASURE PAD OPENING
seq_0242,BACKSIDE THINNING CHECK
seq_0242,BACKSIDE CLEAN FINAL
seq_0242,DEPOSIT BACKSIDE PROTECTION
seq_0242,BACKSIDE ANNEAL
seq_0242,FINAL CLEAN
seq_0242,FINAL GEOMETRY CHECK
seq_0242,FINAL OXIDE CHECK
seq_0242,FINAL PARTICLE INSPECTION
seq_0242,PARAMETRIC TEST
seq_0242,LEAKAGE TEST
seq_0242,THRESHOLD VOLTAGE TEST
seq_0242,SWITCHING TEST
seq_0242,WAFER SORT TEST
seq_0242,YIELD ANALYSIS
seq_0242,LOT RELEASE
seq_0242,PACKAGE PREPARATION
seq_0242,SHIP LOT
seq_0243,RECEIVE WAFER LOT
seq_0243,LOT IDENTIFICATION
seq_0243,PRE CLEAN INSPECTION
seq_0243,MEASURE INITIAL GEOMETRY
seq_0243,MEASURE SURFACE PARTICLES
seq_0243,WAFER CLEAN PRE PROCESS
seq_0243,BACKSIDE CLEAN
seq_0243,WET CLEAN RCA1
seq_0243,RCA CLEAN 2
seq_0243,HF DIP
seq_0243,DRY WAFER
seq_0243,WAFER CLEAN PRE-GRIND
seq_0243,GRINDING WAFER BACKSIDE
seq_0243,MEASURE INITIAL GEOMETRY
seq_0243,ETCH WET BACKSIDE
seq_0243,RINSE WET WAFER_EDGE
seq_0243,DRY WAFER BACKSIDE
seq_0243,BACKSIDE CLEAN
seq_0243,MEASURE BACKSIDE ROUGHNESS
seq_0243,THERMAL OXIDATION
seq_0243,MEASURE OXIDE THICKNESS
seq_0243,RCA CLEAN 1
seq_0243,WET CLEAN RCA2
seq_0243,HF DIP
seq_0243,OXIDE STRIP
seq_0243,SURFACE PREP FOR DEPOSITION
seq_0243,DEPOSIT PAD OXIDE
seq_0243,ANNEAL OXIDE
seq_0243,MEASURE OXIDE THICKNESS
seq_0243,SPIN COAT PHOTORESIST
seq_0243,SOFT BAKE
seq_0243,ALIGN MASK LEVEL 1
seq_0243,EXPOSE LITHO LEVEL 1
seq_0243,POST EXPOSE BAKE
seq_0243,DEVELOP PHOTORESIST
seq_0243,INSPECT PATTERN LEVEL 1
seq_0243,HARD BAKE
seq_0243,OXIDE ETCH DRY
seq_0243,STRIP PHOTORESIST
seq_0243,CLEAN AFTER ETCH
seq_0243,MEASURE CD LEVEL 1
seq_0243,DEPOSIT POLYSILICON
seq_0243,ANNEAL POLYSILICON
seq_0243,SPIN COAT PHOTORESIST
seq_0243,SOFT BAKE
seq_0243,ALIGN MASK LEVEL 2
seq_0243,EXPOSE LITHO LEVEL 2
seq_0243,POST EXPOSE BAKE
seq_0243,DEVELOP PHOTORESIST
seq_0243,PATTERN INSPECTION LEVEL 2
seq_0243,POLYSILICON ETCH DRY
seq_0243,STRIP RESIST LEVEL 2
seq_0243,CLEAN AFTER POLY ETCH
seq_0243,MEASURE CD LEVEL 2
seq_0243,IMPLANT N-TYPE
seq_0243,PRE ANNEAL CHECK
seq_0243,RAPID THERMAL ANNEAL
seq_0243,MEASURE SHEET RESISTANCE
seq_0243,DEPOSIT INTERLEVEL DIELECTRIC
seq_0243,DENSIFY OXIDE
seq_0243,MEASURE DIELECTRIC THICKNESS
seq_0243,CMP DIELECTRIC
seq_0243,MEASURE PLANARITY
seq_0243,SPIN COAT PHOTORESIST
seq_0243,SOFT BAKE
seq_0243,ALIGN MASK LEVEL 3
seq_0243,EXPOSE LITHO LEVEL 3
seq_0243,DEVELOP PHOTORESIST
seq_0243,VIA INSPECTION
seq_0243,DIELECTRIC ETCH VIA
seq_0243,STRIP PHOTORESIST
seq_0243,CLEAN AFTER VIA ETCH
seq_0243,MEASURE VIA CD
seq_0243,DEPOSIT BARRIER METAL
seq_0243,DEPOSIT TUNGSTEN SEED
seq_0243,FILL VIA TUNGSTEN
seq_0243,CMP VIA FILL
seq_0243,MEASURE CONTACT RESISTANCE
seq_0243,DEPOSIT TOP METAL
seq_0243,ANNEAL METAL
seq_0243,MEASURE METAL THICKNESS
seq_0243,SPIN COAT PHOTORESIST
seq_0243,SOFT BAKE
seq_0243,ALIGN MASK LEVEL 4
seq_0243,EXPOSE LITHO LEVEL 4
seq_0243,DEVELOP PHOTORESIST
seq_0243,METAL PATTERN INSPECTION
seq_0243,METAL ETCH DRY
seq_0243,STRIP PHOTORESIST
seq_0243,CLEAN AFTER METAL ETCH
seq_0243,MEASURE LINE WIDTH
seq_0243,DEPOSIT PASSIVATION
seq_0243,CURE PASSIVATION
seq_0243,MEASURE PASSIVATION QUALITY
seq_0243,OPEN PAD WINDOW
seq_0243,PAD WINDOW LITHO
seq_0243,DEVELOP PHOTORESIST
seq_0243,PASSIVATION ETCH PAD OPENING
seq_0243,STRIP RESIST
seq_0243,CLEAN PAD OPENING
seq_0243,MEASURE PAD OPENING
seq_0243,BACKSIDE THINNING CHECK
seq_0243,BACKSIDE CLEAN
seq_0243,DEPOSIT BACKSIDE PROTECTION
seq_0243,BACKSIDE ANNEAL
seq_0243,FRONTSIDE CLEAN FINAL
seq_0243,FINAL CLEAN
seq_0243,FINAL THICKNESS MEASURE
seq_0243,FINAL GEOMETRY CHECK
seq_0243,FINAL OXIDE CHECK
seq_0243,FINAL CD INSPECTION
seq_0243,ELECTRICAL PARAMETRIC TEST
seq_0243,LEAKAGE TEST
seq_0243,THRESHOLD VOLTAGE TEST
seq_0243,SWITCHING TEST
seq_0243,WAFER SORT TEST
seq_0243,YIELD ANALYSIS
seq_0243,LOT RELEASE
seq_0243,PACKAGE PREPARATION
seq_0243,SHIP LOT
seq_0244,RECEIVE WAFER LOT
seq_0244,LOT IDENTIFICATION
seq_0244,PRE CLEAN INSPECTION
seq_0244,MEASURE INITIAL THICKNESS
seq_0244,MEASURE SURFACE PARTICLES
seq_0244,WAFER CLEAN PRE PROCESS
seq_0244,WET CLEAN RCA1
seq_0244,RCA CLEAN 2
seq_0244,HF DIP
seq_0244,DRY WAFER
seq_0244,WAFER CLEAN PRE-GRIND
seq_0244,GRINDING WAFER BACKSIDE
seq_0244,MEASURE GEOMETRY
seq_0244,ETCH WET BACKSIDE
seq_0244,RINSE WET WAFER_EDGE
seq_0244,DRY WAFER BACKSIDE
seq_0244,BACKSIDE CLEAN
seq_0244,MEASURE BACKSIDE ROUGHNESS
seq_0244,THERMAL OXIDATION
seq_0244,MEASURE OXIDE THICKNESS
seq_0244,RCA CLEAN 1
seq_0244,RCA CLEAN 2
seq_0244,HF DIP
seq_0244,OXIDE STRIP
seq_0244,SURFACE PREP FOR DEPOSITION
seq_0244,DEPOSIT PAD OXIDE
seq_0244,ANNEAL OXIDE
seq_0244,MEASURE OXIDE THICKNESS
seq_0244,SPIN COAT PHOTORESIST
seq_0244,SOFT BAKE
seq_0244,ALIGN MASK LEVEL 1
seq_0244,EXPOSE LITHO LEVEL 1
seq_0244,DEVELOP PHOTORESIST
seq_0244,INSPECT PATTERN LEVEL 1
seq_0244,HARD BAKE
seq_0244,OXIDE ETCH DRY
seq_0244,STRIP RESIST
seq_0244,CLEAN AFTER ETCH
seq_0244,MEASURE CD LEVEL 1
seq_0244,DEPOSIT POLYSILICON
seq_0244,ANNEAL POLYSILICON
seq_0244,SPIN COAT PHOTORESIST
seq_0244,SOFT BAKE
seq_0244,ALIGN MASK LEVEL 2
seq_0244,EXPOSE LITHO LEVEL 2
seq_0244,DEVELOP PHOTORESIST
seq_0244,PATTERN INSPECTION LEVEL 2
seq_0244,POLYSILICON ETCH DRY
seq_0244,STRIP RESIST
seq_0244,CLEAN AFTER POLY ETCH
seq_0244,MEASURE CD LEVEL 2
seq_0244,IMPLANT N-TYPE
seq_0244,PRE ANNEAL CHECK
seq_0244,RAPID THERMAL ANNEAL
seq_0244,DEPOSIT INTERLEVEL DIELECTRIC
seq_0244,DENSIFY OXIDE
seq_0244,MEASURE FILM THICKNESS
seq_0244,CMP INTERLAYER DIELECTRIC
seq_0244,MEASURE PLANARITY
seq_0244,SPIN COAT PHOTORESIST
seq_0244,SOFT BAKE
seq_0244,ALIGN MASK LEVEL 3
seq_0244,EXPOSE LITHO LEVEL 3
seq_0244,POST EXPOSE BAKE
seq_0244,DEVELOP PHOTORESIST
seq_0244,VIA INSPECTION
seq_0244,VIA ETCH
seq_0244,STRIP PHOTORESIST
seq_0244,CLEAN AFTER VIA ETCH
seq_0244,MEASURE VIA CD
seq_0244,DEPOSIT BARRIER METAL
seq_0244,DEPOSIT TUNGSTEN SEED
seq_0244,FILL VIA TUNGSTEN
seq_0244,CMP METAL
seq_0244,MEASURE VIA RESISTANCE
seq_0244,DEPOSIT METAL 1
seq_0244,ANNEAL METAL
seq_0244,SPIN COAT PHOTORESIST
seq_0244,SOFT BAKE
seq_0244,ALIGN MASK LEVEL 4
seq_0244,EXPOSE LITHO LEVEL 4
seq_0244,DEVELOP PHOTORESIST
seq_0244,METAL PATTERN INSPECTION
seq_0244,METAL ETCH DRY
seq_0244,STRIP RESIST
seq_0244,CLEAN AFTER METAL ETCH
seq_0244,MEASURE LINE WIDTH
seq_0244,DEPOSIT PASSIVATION LAYER
seq_0244,CURE PASSIVATION
seq_0244,MEASURE PASSIVATION QUALITY
seq_0244,OPEN BOND PAD WINDOW
seq_0244,OPEN PAD WINDOW LITHO
seq_0244,DEVELOP PHOTORESIST
seq_0244,PASSIVATION ETCH
seq_0244,STRIP PHOTORESIST
seq_0244,CLEAN PAD OPENING
seq_0244,MEASURE PAD OPENING
seq_0244,BACKSIDE THINNING CHECK
seq_0244,BACKSIDE CLEAN FINAL
seq_0244,DEPOSIT BACKSIDE PROTECTION
seq_0244,BACKSIDE ANNEAL
seq_0244,FRONTSIDE CLEAN FINAL
seq_0244,FINAL CLEAN
seq_0244,FINAL GEOMETRY CHECK
seq_0244,FINAL OXIDE CHECK
seq_0244,FINAL PARTICLE INSPECTION
seq_0244,PARAMETRIC TEST
seq_0244,LEAKAGE TEST
seq_0244,THRESHOLD VOLTAGE TEST
seq_0244,SWITCHING TEST
seq_0244,WAFER SORT TEST
seq_0244,YIELD ANALYSIS
seq_0244,LOT RELEASE
seq_0244,PACKAGE PREPARATION
seq_0244,SHIP LOT
seq_0245,RECEIVE WAFER LOT
seq_0245,LOT IDENTIFICATION
seq_0245,INITIAL WAFER INSPECTION
seq_0245,MEASURE INITIAL GEOMETRY
seq_0245,MEASURE SURFACE DEFECTS
seq_0245,WAFER CLEAN PRE PROCESS
seq_0245,BACKSIDE CLEAN
seq_0245,WET CLEAN RCA1
seq_0245,WET CLEAN RCA2
seq_0245,HF DIP
seq_0245,DRY WAFER
seq_0245,WAFER CLEAN PRE-GRIND
seq_0245,GRINDING WAFER BACKSIDE
seq_0245,MEASURE INITIAL GEOMETRY
seq_0245,ETCH WET BACKSIDE
seq_0245,RINSE WET WAFER_EDGE
seq_0245,DRY WAFER BACKSIDE
seq_0245,BACKSIDE CLEAN
seq_0245,MEASURE BACKSIDE ROUGHNESS
seq_0245,THERMAL OXIDATION
seq_0245,MEASURE OXIDE THICKNESS
seq_0245,WET CLEAN RCA1
seq_0245,RCA CLEAN 2
seq_0245,HF DIP
seq_0245,OXIDE STRIP
seq_0245,SURFACE PREP FOR DEPOSITION
seq_0245,DEPOSIT PAD OXIDE
seq_0245,ANNEAL OXIDE
seq_0245,MEASURE FILM THICKNESS
seq_0245,SPIN COAT PHOTORESIST
seq_0245,SOFT BAKE
seq_0245,ALIGN MASK LEVEL 1
seq_0245,EXPOSE LITHO LEVEL 1
seq_0245,DEVELOP PHOTORESIST
seq_0245,INSPECT PATTERN LEVEL 1
seq_0245,HARD BAKE
seq_0245,OXIDE ETCH DRY
seq_0245,STRIP RESIST
seq_0245,CLEAN AFTER ETCH
seq_0245,MEASURE CD LEVEL 1
seq_0245,DEPOSIT POLYSILICON
seq_0245,ANNEAL POLYSILICON
seq_0245,SPIN COAT PHOTORESIST
seq_0245,SOFT BAKE
seq_0245,ALIGN MASK LEVEL 2
seq_0245,EXPOSE LITHO LEVEL 2
seq_0245,POST EXPOSE BAKE
seq_0245,DEVELOP PHOTORESIST
seq_0245,PATTERN INSPECTION LEVEL 2
seq_0245,POLYSILICON ETCH DRY
seq_0245,STRIP RESIST LEVEL 2
seq_0245,CLEAN AFTER POLY ETCH
seq_0245,MEASURE CD LEVEL 2
seq_0245,IMPLANT N-TYPE
seq_0245,PRE ANNEAL CHECK
seq_0245,RAPID THERMAL ANNEAL
seq_0245,MEASURE SHEET RESISTANCE
seq_0245,DEPOSIT INTERLAYER DIELECTRIC
seq_0245,DENSIFY OXIDE
seq_0245,MEASURE DIELECTRIC THICKNESS
seq_0245,CMP INTERLAYER DIELECTRIC
seq_0245,MEASURE SURFACE PLANARITY
seq_0245,SPIN COAT PHOTORESIST
seq_0245,SOFT BAKE
seq_0245,ALIGN MASK LEVEL 3
seq_0245,EXPOSE LITHO LEVEL 3
seq_0245,POST EXPOSE BAKE
seq_0245,DEVELOP PHOTORESIST
seq_0245,VIA OPENING INSPECTION
seq_0245,VIA ETCH THROUGH DIELECTRIC
seq_0245,STRIP RESIST
seq_0245,CLEAN AFTER VIA ETCH
seq_0245,DEPOSIT BARRIER METAL
seq_0245,DEPOSIT TUNGSTEN SEED
seq_0245,FILL VIA TUNGSTEN
seq_0245,CMP METAL
seq_0245,MEASURE CONTACT RESISTANCE
seq_0245,DEPOSIT TOP METAL
seq_0245,ANNEAL METAL 1
seq_0245,MEASURE METAL THICKNESS
seq_0245,SPIN COAT PHOTORESIST
seq_0245,SOFT BAKE
seq_0245,ALIGN MASK LEVEL 4
seq_0245,EXPOSE LITHO LEVEL 4
seq_0245,DEVELOP PHOTORESIST
seq_0245,METAL PATTERN INSPECTION
seq_0245,METAL ETCH DRY
seq_0245,STRIP RESIST
seq_0245,CLEAN AFTER METAL ETCH
seq_0245,DEPOSIT PASSIVATION
seq_0245,CURE PASSIVATION
seq_0245,MEASURE PASSIVATION THICKNESS
seq_0245,OPEN BOND PAD WINDOW
seq_0245,PAD WINDOW LITHO
seq_0245,DEVELOP PAD WINDOW
seq_0245,PASSIVATION ETCH PAD OPENING
seq_0245,STRIP PHOTORESIST
seq_0245,CLEAN PAD OPENING
seq_0245,MEASURE PAD OPENING
seq_0245,BACKSIDE THINNING CHECK
seq_0245,BACKSIDE CLEAN FINAL
seq_0245,DEPOSIT BACKSIDE PROTECTION
seq_0245,BACKSIDE ANNEAL
seq_0245,FINAL CLEAN
seq_0245,FINAL THICKNESS MEASURE
seq_0245,FINAL GEOMETRY CHECK
seq_0245,FINAL ELECTRICAL TEST PREP
seq_0245,ELECTRICAL PARAMETRIC TEST
seq_0245,LEAKAGE TEST
seq_0245,THRESHOLD VOLTAGE TEST
seq_0245,SWITCHING TEST
seq_0245,WAFER SORT TEST
seq_0245,YIELD ANALYSIS
seq_0245,FINAL LOT RELEASE
seq_0245,SHIP LOT
seq_0246,RECEIVE WAFER LOT
seq_0246,LOT IDENTIFICATION
seq_0246,INITIAL WAFER INSPECTION
seq_0246,MEASURE INITIAL GEOMETRY
seq_0246,MEASURE SURFACE DEFECTS
seq_0246,WAFER CLEAN PRE PROCESS
seq_0246,FRONTSIDE CLEAN
seq_0246,WET CLEAN RCA1
seq_0246,WET CLEAN RCA2
seq_0246,HF DIP
seq_0246,WAFER CLEAN PRE-GRIND
seq_0246,GRINDING WAFER BACKSIDE
seq_0246,MEASURE INITIAL GEOMETRY
seq_0246,ETCH WET BACKSIDE
seq_0246,RINSE WET WAFER_EDGE
seq_0246,DRY WAFER BACKSIDE
seq_0246,BACKSIDE CLEAN
seq_0246,MEASURE BACKSIDE ROUGHNESS
seq_0246,THERMAL OXIDATION
seq_0246,MEASURE OXIDE THICKNESS
seq_0246,WET CLEAN RCA1
seq_0246,RCA CLEAN 2
seq_0246,HF DIP
seq_0246,OXIDE STRIP
seq_0246,SURFACE PREP FOR DEPOSITION
seq_0246,DEPOSIT PAD OXIDE
seq_0246,ANNEAL OXIDE
seq_0246,MEASURE OXIDE THICKNESS
seq_0246,SPIN COAT PHOTORESIST
seq_0246,SOFT BAKE
seq_0246,ALIGN MASK LEVEL 1
seq_0246,EXPOSE LITHO LEVEL 1
seq_0246,DEVELOP PHOTORESIST
seq_0246,INSPECT PATTERN LEVEL 1
seq_0246,HARD BAKE
seq_0246,OXIDE ETCH DRY
seq_0246,STRIP PHOTORESIST
seq_0246,CLEAN AFTER ETCH
seq_0246,MEASURE CD LEVEL 1
seq_0246,DEPOSIT POLYSILICON
seq_0246,ANNEAL POLYSILICON
seq_0246,SPIN COAT PHOTORESIST
seq_0246,SOFT BAKE
seq_0246,ALIGN MASK LEVEL 2
seq_0246,EXPOSE LITHO LEVEL 2
seq_0246,POST EXPOSE BAKE
seq_0246,DEVELOP PHOTORESIST
seq_0246,PATTERN INSPECTION LEVEL 2
seq_0246,HARD BAKE
seq_0246,POLYSILICON ETCH DRY
seq_0246,STRIP RESIST
seq_0246,CLEAN AFTER POLY ETCH
seq_0246,IMPLANT N-TYPE
seq_0246,PRE ANNEAL CHECK
seq_0246,RAPID THERMAL ANNEAL
seq_0246,MEASURE SHEET RESISTANCE
seq_0246,DEPOSIT INTERLAYER DIELECTRIC
seq_0246,DENSIFY OXIDE
seq_0246,MEASURE FILM THICKNESS
seq_0246,CMP INTERLAYER DIELECTRIC
seq_0246,MEASURE PLANARITY
seq_0246,SPIN COAT PHOTORESIST
seq_0246,SOFT BAKE
seq_0246,ALIGN MASK LEVEL 3
seq_0246,EXPOSE LITHO LEVEL 3
seq_0246,DEVELOP PHOTORESIST
seq_0246,VIA OPENING INSPECTION
seq_0246,HARD BAKE
seq_0246,DIELECTRIC ETCH VIA
seq_0246,STRIP RESIST
seq_0246,CLEAN AFTER VIA ETCH
seq_0246,MEASURE VIA CD
seq_0246,DEPOSIT BARRIER METAL
seq_0246,DEPOSIT TUNGSTEN SEED
seq_0246,FILL VIA TUNGSTEN
seq_0246,CMP VIA FILL
seq_0246,MEASURE CONTACT RESISTANCE
seq_0246,DEPOSIT TOP METAL
seq_0246,ANNEAL METAL
seq_0246,SPIN COAT PHOTORESIST
seq_0246,SOFT BAKE
seq_0246,ALIGN MASK LEVEL 4
seq_0246,EXPOSE LITHO LEVEL 4
seq_0246,POST EXPOSE BAKE
seq_0246,DEVELOP PHOTORESIST
seq_0246,METAL PATTERN INSPECTION
seq_0246,METAL ETCH DRY
seq_0246,STRIP RESIST
seq_0246,CLEAN AFTER METAL ETCH
seq_0246,MEASURE LINE WIDTH
seq_0246,DEPOSIT PASSIVATION
seq_0246,CURE PASSIVATION
seq_0246,MEASURE PASSIVATION THICKNESS
seq_0246,OPEN BOND PAD WINDOW
seq_0246,PAD WINDOW LITHO
seq_0246,DEVELOP PAD WINDOW
seq_0246,PASSIVATION ETCH PAD OPENING
seq_0246,STRIP PHOTORESIST
seq_0246,CLEAN PAD OPENING
seq_0246,MEASURE PAD OPENING
seq_0246,BACKSIDE CLEAN
seq_0246,DEPOSIT BACKSIDE PROTECTION
seq_0246,BACKSIDE ANNEAL
seq_0246,FINAL CLEAN
seq_0246,FINAL THICKNESS MEASURE
seq_0246,FINAL GEOMETRY CHECK
seq_0246,FINAL OXIDE CHECK
seq_0246,FINAL CD INSPECTION
seq_0246,FINAL PARTICLE INSPECTION
seq_0246,FINAL ELECTRICAL TEST PREP
seq_0246,PARAMETRIC TEST
seq_0246,LEAKAGE TEST
seq_0246,THRESHOLD VOLTAGE TEST
seq_0246,SWITCHING TEST
seq_0246,WAFER SORT TEST
seq_0246,YIELD ANALYSIS
seq_0246,FINAL LOT RELEASE
seq_0246,PACKAGE PREPARATION
seq_0246,SHIP LOT
seq_0247,RECEIVE WAFER LOT
seq_0247,LOT IDENTIFICATION
seq_0247,PRE CLEAN INSPECTION
seq_0247,MEASURE INITIAL THICKNESS
seq_0247,MEASURE SURFACE PARTICLES
seq_0247,WAFER CLEAN PRE PROCESS
seq_0247,FRONTSIDE CLEAN
seq_0247,WET CLEAN RCA1
seq_0247,WET CLEAN RCA2
seq_0247,HF DIP
seq_0247,WAFER CLEAN PRE-GRIND
seq_0247,GRINDING WAFER BACKSIDE
seq_0247,MEASURE INITIAL GEOMETRY
seq_0247,ETCH WET BACKSIDE
seq_0247,RINSE WET WAFER_EDGE
seq_0247,DRY WAFER BACKSIDE
seq_0247,BACKSIDE CLEAN
seq_0247,MEASURE BACKSIDE ROUGHNESS
seq_0247,THERMAL OXIDATION
seq_0247,MEASURE OXIDE THICKNESS
seq_0247,RCA CLEAN 1
seq_0247,RCA CLEAN 2
seq_0247,HF DIP
seq_0247,OXIDE STRIP
seq_0247,SURFACE PREP FOR DEPOSITION
seq_0247,DEPOSIT PAD OXIDE
seq_0247,ANNEAL OXIDE
seq_0247,MEASURE FILM THICKNESS
seq_0247,SPIN COAT PHOTORESIST
seq_0247,SOFT BAKE
seq_0247,ALIGN MASK LEVEL 1
seq_0247,EXPOSE LITHO LEVEL 1
seq_0247,DEVELOP PHOTORESIST
seq_0247,INSPECT PATTERN LEVEL 1
seq_0247,HARD BAKE
seq_0247,OXIDE ETCH DRY
seq_0247,STRIP RESIST
seq_0247,CLEAN AFTER ETCH
seq_0247,MEASURE CD LEVEL 1
seq_0247,DEPOSIT POLYSILICON
seq_0247,ANNEAL POLYSILICON
seq_0247,SPIN COAT PHOTORESIST
seq_0247,SOFT BAKE
seq_0247,ALIGN MASK LEVEL 2
seq_0247,EXPOSE LITHO LEVEL 2
seq_0247,DEVELOP PHOTORESIST
seq_0247,PATTERN INSPECTION LEVEL 2
seq_0247,POLYSILICON ETCH DRY
seq_0247,STRIP RESIST LEVEL 2
seq_0247,CLEAN AFTER POLY ETCH
seq_0247,MEASURE CD LEVEL 2
seq_0247,IMPLANT N-TYPE
seq_0247,PRE ANNEAL CHECK
seq_0247,RAPID THERMAL ANNEAL
seq_0247,MEASURE SHEET RESISTANCE
seq_0247,DEPOSIT INTERLEVEL DIELECTRIC
seq_0247,DENSIFY OXIDE
seq_0247,MEASURE DIELECTRIC THICKNESS
seq_0247,CMP INTERLAYER DIELECTRIC
seq_0247,MEASURE SURFACE PLANARITY
seq_0247,SPIN COAT PHOTORESIST
seq_0247,SOFT BAKE
seq_0247,ALIGN MASK LEVEL 3
seq_0247,EXPOSE LITHO LEVEL 3
seq_0247,POST EXPOSE BAKE
seq_0247,DEVELOP PHOTORESIST
seq_0247,VIA OPENING INSPECTION
seq_0247,VIA ETCH THROUGH DIELECTRIC
seq_0247,STRIP RESIST
seq_0247,CLEAN AFTER VIA ETCH
seq_0247,MEASURE VIA CD
seq_0247,DEPOSIT BARRIER METAL
seq_0247,DEPOSIT TUNGSTEN SEED
seq_0247,FILL VIA TUNGSTEN
seq_0247,CMP VIA FILL
seq_0247,DEPOSIT METAL 1
seq_0247,ANNEAL METAL 1
seq_0247,SPIN COAT PHOTORESIST
seq_0247,SOFT BAKE
seq_0247,ALIGN MASK LEVEL 4
seq_0247,EXPOSE LITHO LEVEL 4
seq_0247,DEVELOP PHOTORESIST
seq_0247,METAL PATTERN INSPECTION
seq_0247,METAL ETCH DRY
seq_0247,STRIP RESIST
seq_0247,CLEAN AFTER METAL ETCH
seq_0247,MEASURE LINE WIDTH
seq_0247,DEPOSIT PASSIVATION
seq_0247,CURE PASSIVATION
seq_0247,MEASURE PASSIVATION QUALITY
seq_0247,OPEN BOND PAD WINDOW
seq_0247,PAD WINDOW LITHO
seq_0247,DEVELOP PAD WINDOW
seq_0247,PASSIVATION ETCH PAD OPENING
seq_0247,STRIP PHOTORESIST
seq_0247,CLEAN PAD OPENING
seq_0247,MEASURE PAD OPENING
seq_0247,BACKSIDE THINNING CHECK
seq_0247,BACKSIDE CLEAN
seq_0247,DEPOSIT BACKSIDE PROTECTION
seq_0247,BACKSIDE ANNEAL
seq_0247,FRONTSIDE CLEAN FINAL
seq_0247,FINAL CLEAN
seq_0247,FINAL THICKNESS MEASURE
seq_0247,FINAL GEOMETRY CHECK
seq_0247,FINAL OXIDE CHECK
seq_0247,PARAMETRIC TEST
seq_0247,LEAKAGE TEST
seq_0247,SWITCHING TEST
seq_0247,WAFER SORT TEST
seq_0247,YIELD ANALYSIS
seq_0247,LOT RELEASE
seq_0247,SHIP LOT
seq_0248,RECEIVE WAFER LOT
seq_0248,LOT IDENTIFICATION
seq_0248,PRE CLEAN INSPECTION
seq_0248,MEASURE INITIAL THICKNESS
seq_0248,MEASURE SURFACE DEFECTS
seq_0248,WAFER CLEAN PRE PROCESS
seq_0248,BACKSIDE CLEAN
seq_0248,RCA CLEAN 1
seq_0248,WET CLEAN RCA2
seq_0248,HF DIP
seq_0248,DRY WAFER
seq_0248,WAFER CLEAN PRE-GRIND
seq_0248,GRINDING WAFER BACKSIDE
seq_0248,MEASURE INITIAL GEOMETRY
seq_0248,ETCH WET BACKSIDE
seq_0248,RINSE WET WAFER_EDGE
seq_0248,DRY WAFER BACKSIDE
seq_0248,BACKSIDE CLEAN
seq_0248,MEASURE BACKSIDE ROUGHNESS
seq_0248,THERMAL OXIDATION
seq_0248,MEASURE OXIDE THICKNESS
seq_0248,WET CLEAN RCA1
seq_0248,RCA CLEAN 2
seq_0248,HF DIP
seq_0248,OXIDE STRIP
seq_0248,SURFACE PREP FOR DEPOSITION
seq_0248,DEPOSIT PAD OXIDE
seq_0248,ANNEAL OXIDE
seq_0248,MEASURE OXIDE THICKNESS
seq_0248,SPIN COAT PHOTORESIST
seq_0248,SOFT BAKE
seq_0248,ALIGN MASK LEVEL 1
seq_0248,EXPOSE LITHO LEVEL 1
seq_0248,DEVELOP PHOTORESIST
seq_0248,INSPECT PATTERN LEVEL 1
seq_0248,HARD BAKE
seq_0248,OXIDE ETCH DRY
seq_0248,STRIP RESIST
seq_0248,CLEAN AFTER ETCH
seq_0248,DEPOSIT POLYSILICON
seq_0248,ANNEAL POLYSILICON
seq_0248,SPIN COAT PHOTORESIST
seq_0248,SOFT BAKE
seq_0248,ALIGN MASK LEVEL 2
seq_0248,EXPOSE LITHO LEVEL 2
seq_0248,DEVELOP PHOTORESIST
seq_0248,PATTERN INSPECTION LEVEL 2
seq_0248,HARD BAKE
seq_0248,POLYSILICON ETCH DRY
seq_0248,STRIP RESIST
seq_0248,CLEAN AFTER POLY ETCH
seq_0248,IMPLANT N-TYPE
seq_0248,PRE ANNEAL CHECK
seq_0248,RAPID THERMAL ANNEAL
seq_0248,DEPOSIT INTERLAYER DIELECTRIC
seq_0248,DENSIFY DIELECTRIC
seq_0248,MEASURE FILM THICKNESS
seq_0248,CMP DIELECTRIC
seq_0248,MEASURE SURFACE PLANARITY
seq_0248,SPIN COAT PHOTORESIST
seq_0248,SOFT BAKE
seq_0248,ALIGN MASK LEVEL 3
seq_0248,EXPOSE LITHO LEVEL 3
seq_0248,DEVELOP PHOTORESIST
seq_0248,VIA OPENING INSPECTION
seq_0248,HARD BAKE
seq_0248,VIA ETCH THROUGH DIELECTRIC
seq_0248,STRIP PHOTORESIST
seq_0248,CLEAN AFTER VIA ETCH
seq_0248,MEASURE VIA CD
seq_0248,DEPOSIT BARRIER METAL
seq_0248,DEPOSIT TUNGSTEN SEED
seq_0248,FILL VIA TUNGSTEN
seq_0248,CMP VIA FILL
seq_0248,MEASURE CONTACT RESISTANCE
seq_0248,DEPOSIT METAL 1
seq_0248,ANNEAL METAL
seq_0248,SPIN COAT PHOTORESIST
seq_0248,SOFT BAKE
seq_0248,ALIGN MASK LEVEL 4
seq_0248,EXPOSE LITHO LEVEL 4
seq_0248,POST EXPOSE BAKE
seq_0248,DEVELOP PHOTORESIST
seq_0248,METAL PATTERN INSPECTION
seq_0248,METAL ETCH DRY
seq_0248,STRIP PHOTORESIST
seq_0248,CLEAN AFTER METAL ETCH
seq_0248,MEASURE LINE WIDTH
seq_0248,DEPOSIT PASSIVATION LAYER
seq_0248,CURE PASSIVATION
seq_0248,MEASURE PASSIVATION THICKNESS
seq_0248,OPEN BOND PAD WINDOW
seq_0248,OPEN PAD WINDOW LITHO
seq_0248,DEVELOP PHOTORESIST
seq_0248,PASSIVATION ETCH PAD OPENING
seq_0248,STRIP PHOTORESIST
seq_0248,CLEAN PAD OPENING
seq_0248,MEASURE PAD OPENING
seq_0248,BACKSIDE CLEAN FINAL
seq_0248,DEPOSIT BACKSIDE PROTECTION
seq_0248,BACKSIDE ANNEAL
seq_0248,FINAL CLEAN
seq_0248,FINAL THICKNESS MEASURE
seq_0248,FINAL GEOMETRY CHECK
seq_0248,FINAL OXIDE CHECK
seq_0248,FINAL CD INSPECTION
seq_0248,FINAL PARTICLE INSPECTION
seq_0248,ELECTRICAL PARAMETRIC TEST
seq_0248,LEAKAGE TEST
seq_0248,PARAMETRIC TEST
seq_0248,SWITCHING TEST
seq_0248,WAFER SORT TEST
seq_0248,YIELD ANALYSIS
seq_0248,LOT RELEASE
seq_0248,SHIP LOT
seq_0249,RECEIVE WAFER LOT
seq_0249,LOT IDENTIFICATION
seq_0249,INITIAL WAFER INSPECTION
seq_0249,MEASURE INITIAL THICKNESS
seq_0249,MEASURE SURFACE DEFECTS
seq_0249,WAFER CLEAN PRE PROCESS
seq_0249,FRONTSIDE CLEAN
seq_0249,WET CLEAN RCA1
seq_0249,RCA CLEAN 2
seq_0249,HF DIP
seq_0249,DRY WAFER
seq_0249,WAFER CLEAN PRE-GRIND
seq_0249,GRINDING WAFER BACKSIDE
seq_0249,MEASURE INITIAL GEOMETRY
seq_0249,ETCH WET BACKSIDE
seq_0249,RINSE WET WAFER_EDGE
seq_0249,DRY WAFER BACKSIDE
seq_0249,BACKSIDE CLEAN
seq_0249,MEASURE BACKSIDE ROUGHNESS
seq_0249,THERMAL OXIDATION
seq_0249,MEASURE OXIDE THICKNESS
seq_0249,RCA CLEAN 1
seq_0249,WET CLEAN RCA2
seq_0249,HF DIP
seq_0249,OXIDE STRIP
seq_0249,SURFACE PREP FOR DEPOSITION
seq_0249,DEPOSIT PAD OXIDE
seq_0249,ANNEAL OXIDE
seq_0249,MEASURE OXIDE THICKNESS
seq_0249,SPIN COAT PHOTORESIST
seq_0249,SOFT BAKE
seq_0249,ALIGN MASK LEVEL 1
seq_0249,EXPOSE LITHO LEVEL 1
seq_0249,POST EXPOSE BAKE
seq_0249,DEVELOP PHOTORESIST
seq_0249,INSPECT PATTERN LEVEL 1
seq_0249,HARD BAKE
seq_0249,OXIDE ETCH DRY
seq_0249,STRIP RESIST
seq_0249,CLEAN AFTER ETCH
seq_0249,MEASURE CD LEVEL 1
seq_0249,DEPOSIT POLYSILICON
seq_0249,ANNEAL POLYSILICON
seq_0249,SPIN COAT PHOTORESIST
seq_0249,SOFT BAKE
seq_0249,ALIGN MASK LEVEL 2
seq_0249,EXPOSE LITHO LEVEL 2
seq_0249,DEVELOP PHOTORESIST
seq_0249,PATTERN INSPECTION LEVEL 2
seq_0249,HARD BAKE
seq_0249,POLYSILICON ETCH DRY
seq_0249,STRIP RESIST LEVEL 2
seq_0249,CLEAN AFTER POLY ETCH
seq_0249,MEASURE CD LEVEL 2
seq_0249,IMPLANT N-TYPE
seq_0249,PRE ANNEAL CHECK
seq_0249,RAPID THERMAL ANNEAL
seq_0249,DEPOSIT INTERLEVEL DIELECTRIC
seq_0249,DENSIFY OXIDE
seq_0249,MEASURE FILM THICKNESS
seq_0249,CMP DIELECTRIC
seq_0249,MEASURE PLANARITY
seq_0249,SPIN COAT PHOTORESIST
seq_0249,SOFT BAKE
seq_0249,ALIGN MASK LEVEL 3
seq_0249,EXPOSE LITHO LEVEL 3
seq_0249,DEVELOP PHOTORESIST
seq_0249,VIA OPENING INSPECTION
seq_0249,VIA ETCH
seq_0249,STRIP PHOTORESIST
seq_0249,CLEAN AFTER VIA ETCH
seq_0249,MEASURE VIA CD
seq_0249,DEPOSIT BARRIER METAL
seq_0249,DEPOSIT TUNGSTEN SEED
seq_0249,FILL VIA TUNGSTEN
seq_0249,CMP METAL
seq_0249,MEASURE CONTACT RESISTANCE
seq_0249,DEPOSIT TOP METAL
seq_0249,ANNEAL METAL
seq_0249,SPIN COAT PHOTORESIST
seq_0249,SOFT BAKE
seq_0249,ALIGN MASK LEVEL 4
seq_0249,EXPOSE LITHO LEVEL 4
seq_0249,POST EXPOSE BAKE
seq_0249,DEVELOP PHOTORESIST
seq_0249,METAL PATTERN INSPECTION
seq_0249,HARD BAKE
seq_0249,METAL ETCH DRY
seq_0249,STRIP RESIST
seq_0249,CLEAN AFTER METAL ETCH
seq_0249,DEPOSIT PASSIVATION LAYER
seq_0249,CURE PASSIVATION
seq_0249,MEASURE PASSIVATION QUALITY
seq_0249,OPEN BOND PAD WINDOW
seq_0249,PAD WINDOW LITHO
seq_0249,DEVELOP PHOTORESIST
seq_0249,PASSIVATION ETCH PAD OPENING
seq_0249,STRIP PHOTORESIST
seq_0249,CLEAN PAD OPENING
seq_0249,MEASURE PAD OPENING
seq_0249,BACKSIDE THINNING CHECK
seq_0249,BACKSIDE CLEAN FINAL
seq_0249,DEPOSIT BACKSIDE PROTECTION
seq_0249,BACKSIDE ANNEAL
seq_0249,FRONTSIDE CLEAN FINAL
seq_0249,FINAL CLEAN
seq_0249,FINAL THICKNESS MEASURE
seq_0249,FINAL GEOMETRY CHECK
seq_0249,FINAL OXIDE CHECK
seq_0249,FINAL PARTICLE INSPECTION
seq_0249,FINAL ELECTRICAL TEST PREP
seq_0249,PARAMETRIC TEST
seq_0249,LEAKAGE TEST
seq_0249,SWITCHING TEST
seq_0249,WAFER SORT TEST
seq_0249,YIELD ANALYSIS
seq_0249,LOT RELEASE
seq_0249,PACKAGE PREPARATION
seq_0249,SHIP LOT
seq_0250,RECEIVE WAFER LOT
seq_0250,LOT IDENTIFICATION
seq_0250,INITIAL WAFER INSPECTION
seq_0250,MEASURE INITIAL THICKNESS
seq_0250,MEASURE SURFACE PARTICLES
seq_0250,WAFER CLEAN PRE PROCESS
seq_0250,WET CLEAN RCA1
seq_0250,RCA CLEAN 2
seq_0250,HF DIP
seq_0250,DRY WAFER
seq_0250,WAFER CLEAN PRE-GRIND
seq_0250,GRINDING WAFER BACKSIDE
seq_0250,MEASURE INITIAL GEOMETRY
seq_0250,ETCH WET BACKSIDE
seq_0250,RINSE WET WAFER_EDGE
seq_0250,DRY WAFER BACKSIDE
seq_0250,BACKSIDE CLEAN
seq_0250,MEASURE BACKSIDE ROUGHNESS
seq_0250,THERMAL OXIDATION
seq_0250,MEASURE OXIDE THICKNESS
seq_0250,WET CLEAN RCA1
seq_0250,RCA CLEAN 2
seq_0250,HF DIP
seq_0250,OXIDE STRIP
seq_0250,SURFACE PREP FOR DEPOSITION
seq_0250,DEPOSIT PAD OXIDE
seq_0250,ANNEAL OXIDE
seq_0250,MEASURE FILM THICKNESS
seq_0250,SPIN COAT PHOTORESIST
seq_0250,SOFT BAKE
seq_0250,ALIGN MASK LEVEL 1
seq_0250,EXPOSE LITHO LEVEL 1
seq_0250,POST EXPOSE BAKE
seq_0250,DEVELOP PHOTORESIST
seq_0250,INSPECT PATTERN LEVEL 1
seq_0250,HARD BAKE
seq_0250,OXIDE ETCH DRY
seq_0250,STRIP PHOTORESIST
seq_0250,CLEAN AFTER ETCH
seq_0250,MEASURE CD LEVEL 1
seq_0250,DEPOSIT POLYSILICON
seq_0250,ANNEAL POLYSILICON
seq_0250,SPIN COAT PHOTORESIST
seq_0250,SOFT BAKE
seq_0250,ALIGN MASK LEVEL 2
seq_0250,EXPOSE LITHO LEVEL 2
seq_0250,POST EXPOSE BAKE
seq_0250,DEVELOP PHOTORESIST
seq_0250,PATTERN INSPECTION LEVEL 2
seq_0250,POLYSILICON ETCH DRY
seq_0250,STRIP RESIST
seq_0250,CLEAN AFTER POLY ETCH
seq_0250,MEASURE CD LEVEL 2
seq_0250,IMPLANT N-TYPE
seq_0250,RAPID THERMAL ANNEAL
seq_0250,DEPOSIT INTERLAYER DIELECTRIC
seq_0250,DENSIFY OXIDE
seq_0250,MEASURE FILM THICKNESS
seq_0250,CMP INTERLAYER DIELECTRIC
seq_0250,MEASURE SURFACE PLANARITY
seq_0250,SPIN COAT PHOTORESIST
seq_0250,SOFT BAKE
seq_0250,ALIGN MASK LEVEL 3
seq_0250,EXPOSE LITHO LEVEL 3
seq_0250,DEVELOP PHOTORESIST
seq_0250,VIA OPENING INSPECTION
seq_0250,VIA ETCH
seq_0250,STRIP PHOTORESIST
seq_0250,CLEAN AFTER VIA ETCH
seq_0250,MEASURE VIA CD
seq_0250,DEPOSIT BARRIER METAL
seq_0250,DEPOSIT TUNGSTEN SEED
seq_0250,FILL VIA TUNGSTEN
seq_0250,CMP VIA FILL
seq_0250,DEPOSIT METAL 1
seq_0250,ANNEAL METAL 1
seq_0250,MEASURE METAL THICKNESS
seq_0250,SPIN COAT PHOTORESIST
seq_0250,SOFT BAKE
seq_0250,ALIGN MASK LEVEL 4
seq_0250,EXPOSE LITHO LEVEL 4
seq_0250,DEVELOP PHOTORESIST
seq_0250,METAL PATTERN INSPECTION
seq_0250,METAL ETCH DRY
seq_0250,STRIP PHOTORESIST
seq_0250,CLEAN AFTER METAL ETCH
seq_0250,DEPOSIT PASSIVATION LAYER
seq_0250,CURE PASSIVATION
seq_0250,MEASURE PASSIVATION THICKNESS
seq_0250,OPEN BOND PAD WINDOW
seq_0250,OPEN PAD WINDOW LITHO
seq_0250,DEVELOP PAD WINDOW
seq_0250,PASSIVATION ETCH
seq_0250,STRIP PHOTORESIST
seq_0250,CLEAN PAD OPENING
seq_0250,MEASURE PAD OPENING
seq_0250,BACKSIDE THINNING CHECK
seq_0250,BACKSIDE CLEAN
seq_0250,DEPOSIT BACKSIDE PROTECTION
seq_0250,BACKSIDE ANNEAL
seq_0250,FRONTSIDE CLEAN FINAL
seq_0250,FINAL CLEAN
seq_0250,FINAL THICKNESS MEASURE
seq_0250,FINAL GEOMETRY CHECK
seq_0250,FINAL OXIDE CHECK
seq_0250,FINAL PARTICLE INSPECTION
seq_0250,ELECTRICAL PARAMETRIC TEST
seq_0250,LEAKAGE TEST
seq_0250,THRESHOLD VOLTAGE TEST
seq_0250,SWITCHING TEST
seq_0250,WAFER SORT TEST
seq_0250,YIELD ANALYSIS
seq_0250,LOT RELEASE
seq_0250,SHIP LOT
