SEQUENCE_ID,STEP
seq_0001,RECEIVE WAFER LOT
seq_0001,LOT IDENTIFICATION
seq_0001,INITIAL WAFER INSPECTION
seq_0001,MEASURE THICKNESS
seq_0001,MEASURE SURFACE PARTICLES
seq_0001,PRE CLEAN WAFER
seq_0001,BACKSIDE CLEAN
seq_0001,FRONTSIDE CLEAN
seq_0001,WET CLEAN RCA1
seq_0001,RCA CLEAN 2
seq_0001,HF DIP
seq_0001,DRY WAFER
seq_0001,SUBSTRATE CHECK
seq_0001,EPITAXY PREP
seq_0001,EPITAXIAL DEPOSITION
seq_0001,MEASURE EPITAXY THICKNESS
seq_0001,MEASURE RESISTIVITY
seq_0001,EPITAXY ANNEAL
seq_0001,WAFER SURFACE CLEAN
seq_0001,THERMAL OXIDATION
seq_0001,MEASURE OXIDE THICKNESS
seq_0001,SPIN COAT PHOTORESIST
seq_0001,SOFT BAKE
seq_0001,ALIGN MASK LEVEL 1
seq_0001,EXPOSE LITHO LEVEL 1
seq_0001,DEVELOP PHOTORESIST
seq_0001,PATTERN INSPECTION LEVEL 1
seq_0001,HARD BAKE
seq_0001,OXIDE ETCH
seq_0001,STRIP PHOTORESIST
seq_0001,CLEAN AFTER ETCH
seq_0001,MEASURE OPENING CD
seq_0001,IMPLANT WELL
seq_0001,PRE ANNEAL CHECK
seq_0001,DRIVE IN DIFFUSION
seq_0001,RAPID THERMAL ANNEAL
seq_0001,MEASURE JUNCTION DEPTH
seq_0001,THERMAL OXIDATION
seq_0001,GATE OXIDE PREP
seq_0001,GATE OXIDE GROWTH
seq_0001,MEASURE GATE OXIDE THICKNESS
seq_0001,DEPOSIT POLYSILICON
seq_0001,POLYSILICON ANNEAL
seq_0001,MEASURE POLY THICKNESS
seq_0001,SPIN COAT PHOTORESIST
seq_0001,SOFT BAKE
seq_0001,ALIGN MASK LEVEL 2
seq_0001,EXPOSE LITHO LEVEL 2
seq_0001,DEVELOP PHOTORESIST
seq_0001,POLY PATTERN INSPECTION
seq_0001,POLYSILICON ETCH
seq_0001,STRIP PHOTORESIST
seq_0001,CLEAN AFTER POLY ETCH
seq_0001,MEASURE GATE CD
seq_0001,IMPLANT SOURCE DRAIN
seq_0001,LIGHT ANNEAL
seq_0001,MEASURE SHEET RESISTANCE
seq_0001,DEPOSIT SPACER DIELECTRIC
seq_0001,ANISOTROPIC ETCH SPACER
seq_0001,MEASURE SPACER WIDTH
seq_0001,IMPLANT LDD
seq_0001,PRE ANNEAL CHECK
seq_0001,RAPID THERMAL ANNEAL
seq_0001,MEASURE JUNCTION PROFILE
seq_0001,DEPOSIT INTERLEVEL DIELECTRIC
seq_0001,DENSIFY OXIDE
seq_0001,MEASURE DIELECTRIC THICKNESS
seq_0001,CMP INTERLAYER DIELECTRIC
seq_0001,MEASURE PLANARITY
seq_0001,SPIN COAT PHOTORESIST
seq_0001,SOFT BAKE
seq_0001,ALIGN MASK LEVEL 3
seq_0001,EXPOSE LITHO LEVEL 3
seq_0001,POST EXPOSE BAKE
seq_0001,DEVELOP PHOTORESIST
seq_0001,VIA OPENING INSPECTION
seq_0001,VIA ETCH THROUGH DIELECTRIC
seq_0001,STRIP PHOTORESIST
seq_0001,CLEAN AFTER VIA ETCH
seq_0001,DEPOSIT BARRIER METAL
seq_0001,DEPOSIT METAL SEED
seq_0001,FILL VIA METAL
seq_0001,CMP METAL
seq_0001,MEASURE CONTACT RESISTANCE
seq_0001,DEPOSIT METAL 1
seq_0001,ANNEAL METAL
seq_0001,SPIN COAT PHOTORESIST
seq_0001,SOFT BAKE
seq_0001,ALIGN MASK LEVEL 4
seq_0001,EXPOSE LITHO LEVEL 4
seq_0001,POST EXPOSE BAKE
seq_0001,DEVELOP PHOTORESIST
seq_0001,METAL PATTERN INSPECTION
seq_0001,METAL ETCH
seq_0001,STRIP RESIST
seq_0001,CLEAN AFTER METAL ETCH
seq_0001,DEPOSIT PASSIVATION LAYER
seq_0001,CURE PASSIVATION
seq_0001,MEASURE PASSIVATION THICKNESS
seq_0001,OPEN BOND PAD WINDOW
seq_0001,PAD WINDOW LITHO
seq_0001,DEVELOP PHOTORESIST
seq_0001,PASSIVATION ETCH
seq_0001,STRIP PHOTORESIST
seq_0001,CLEAN PAD OPENING
seq_0001,MEASURE PAD OPENING
seq_0001,BACKSIDE CLEAN
seq_0001,BACKSIDE GRIND
seq_0001,MEASURE WAFER THICKNESS
seq_0001,BACKSIDE ETCH CLEAN
seq_0001,BACKSIDE RINSE
seq_0001,BACKSIDE DRY
seq_0001,BACKSIDE METALLIZATION PREP
seq_0001,DEPOSIT BACKSIDE METAL
seq_0001,BACKSIDE ANNEAL
seq_0001,MEASURE BACKSIDE CONTACT
seq_0001,FINAL CLEAN
seq_0001,FINAL THICKNESS MEASURE
seq_0001,PARAMETRIC TEST
seq_0001,LEAKAGE TEST
seq_0001,THRESHOLD VOLTAGE TEST
seq_0001,SWITCHING TEST
seq_0001,WAFER SORT TEST
seq_0001,YIELD ANALYSIS
seq_0001,LOT RELEASE
seq_0001,SHIP LOT
seq_0002,RECEIVE WAFER LOT
seq_0002,LOT IDENTIFICATION
seq_0002,INITIAL WAFER INSPECTION
seq_0002,MEASURE SURFACE PARTICLES
seq_0002,PRE CLEAN WAFER
seq_0002,BACKSIDE CLEAN
seq_0002,WET CLEAN RCA1
seq_0002,RCA CLEAN 2
seq_0002,HF DIP
seq_0002,SUBSTRATE CHECK
seq_0002,EPITAXY PREP
seq_0002,EPITAXIAL DEPOSITION
seq_0002,MEASURE EPITAXY THICKNESS
seq_0002,MEASURE RESISTIVITY
seq_0002,EPITAXY ANNEAL
seq_0002,WAFER SURFACE CLEAN
seq_0002,THERMAL OXIDATION
seq_0002,MEASURE OXIDE THICKNESS
seq_0002,SPIN COAT PHOTORESIST
seq_0002,SOFT BAKE
seq_0002,ALIGN MASK LEVEL 1
seq_0002,EXPOSE LITHO LEVEL 1
seq_0002,DEVELOP PHOTORESIST
seq_0002,PATTERN INSPECTION LEVEL 1
seq_0002,HARD BAKE
seq_0002,OXIDE ETCH
seq_0002,STRIP RESIST
seq_0002,CLEAN AFTER ETCH
seq_0002,IMPLANT WELL
seq_0002,PRE ANNEAL CHECK
seq_0002,DRIVE IN DIFFUSION
seq_0002,RAPID THERMAL ANNEAL
seq_0002,MEASURE JUNCTION DEPTH
seq_0002,THERMAL OXIDATION
seq_0002,GATE OXIDE PREP
seq_0002,GATE OXIDE GROWTH
seq_0002,MEASURE GATE OXIDE THICKNESS
seq_0002,DEPOSIT POLYSILICON
seq_0002,POLYSILICON ANNEAL
seq_0002,MEASURE POLY THICKNESS
seq_0002,SPIN COAT PHOTORESIST
seq_0002,SOFT BAKE
seq_0002,ALIGN MASK LEVEL 2
seq_0002,EXPOSE LITHO LEVEL 2
seq_0002,DEVELOP PHOTORESIST
seq_0002,POLY PATTERN INSPECTION
seq_0002,POLYSILICON ETCH
seq_0002,STRIP RESIST
seq_0002,CLEAN AFTER POLY ETCH
seq_0002,MEASURE GATE CD
seq_0002,IMPLANT SOURCE DRAIN
seq_0002,PRE ANNEAL CHECK
seq_0002,LIGHT ANNEAL
seq_0002,MEASURE SHEET RESISTANCE
seq_0002,DEPOSIT SPACER DIELECTRIC
seq_0002,ANISOTROPIC ETCH SPACER
seq_0002,MEASURE SPACER WIDTH
seq_0002,IMPLANT LDD
seq_0002,RAPID THERMAL ANNEAL
seq_0002,DEPOSIT INTERLAYER DIELECTRIC
seq_0002,DENSIFY OXIDE
seq_0002,MEASURE FILM THICKNESS
seq_0002,CMP INTERLAYER DIELECTRIC
seq_0002,MEASURE SURFACE PLANARITY
seq_0002,SPIN COAT PHOTORESIST
seq_0002,SOFT BAKE
seq_0002,ALIGN MASK LEVEL 3
seq_0002,EXPOSE LITHO LEVEL 3
seq_0002,DEVELOP PHOTORESIST
seq_0002,VIA INSPECTION
seq_0002,VIA ETCH THROUGH DIELECTRIC
seq_0002,STRIP PHOTORESIST
seq_0002,CLEAN AFTER VIA ETCH
seq_0002,MEASURE VIA CD
seq_0002,DEPOSIT BARRIER METAL
seq_0002,DEPOSIT METAL SEED
seq_0002,FILL VIA METAL
seq_0002,CMP METAL
seq_0002,MEASURE CONTACT RESISTANCE
seq_0002,DEPOSIT TOP METAL
seq_0002,ANNEAL METAL
seq_0002,SPIN COAT PHOTORESIST
seq_0002,SOFT BAKE
seq_0002,ALIGN MASK LEVEL 4
seq_0002,EXPOSE LITHO LEVEL 4
seq_0002,POST EXPOSE BAKE
seq_0002,DEVELOP PHOTORESIST
seq_0002,METAL PATTERN INSPECTION
seq_0002,METAL ETCH
seq_0002,STRIP PHOTORESIST
seq_0002,CLEAN AFTER METAL ETCH
seq_0002,MEASURE LINE WIDTH
seq_0002,DEPOSIT PASSIVATION
seq_0002,CURE PASSIVATION
seq_0002,MEASURE PASSIVATION QUALITY
seq_0002,OPEN BOND PAD WINDOW
seq_0002,PAD WINDOW LITHO
seq_0002,DEVELOP PHOTORESIST
seq_0002,PASSIVATION ETCH
seq_0002,STRIP PHOTORESIST
seq_0002,CLEAN PAD OPENING
seq_0002,MEASURE PAD OPENING
seq_0002,BACKSIDE CLEAN
seq_0002,BACKSIDE GRIND
seq_0002,MEASURE WAFER THICKNESS
seq_0002,BACKSIDE ETCH CLEAN
seq_0002,BACKSIDE RINSE
seq_0002,BACKSIDE DRY
seq_0002,BACKSIDE METALLIZATION PREP
seq_0002,DEPOSIT BACKSIDE METAL
seq_0002,BACKSIDE ANNEAL
seq_0002,MEASURE BACKSIDE CONTACT
seq_0002,FINAL CLEAN
seq_0002,FINAL GEOMETRY CHECK
seq_0002,FINAL CD INSPECTION
seq_0002,FINAL PARTICLE INSPECTION
seq_0002,PARAMETRIC TEST
seq_0002,LEAKAGE TEST
seq_0002,THRESHOLD VOLTAGE TEST
seq_0002,SWITCHING TEST
seq_0002,WAFER SORT TEST
seq_0002,YIELD ANALYSIS
seq_0002,LOT RELEASE
seq_0002,SHIP LOT
seq_0003,RECEIVE WAFER LOT
seq_0003,LOT IDENTIFICATION
seq_0003,INITIAL WAFER INSPECTION
seq_0003,PRE CLEAN WAFER
seq_0003,FRONTSIDE CLEAN
seq_0003,RCA CLEAN 1
seq_0003,WET CLEAN RCA2
seq_0003,HF DIP
seq_0003,DRY WAFER
seq_0003,SUBSTRATE CHECK
seq_0003,EPITAXY PREP
seq_0003,EPITAXIAL DEPOSITION
seq_0003,MEASURE EPITAXY THICKNESS
seq_0003,MEASURE RESISTIVITY
seq_0003,EPITAXY ANNEAL
seq_0003,WAFER SURFACE CLEAN
seq_0003,THERMAL OXIDATION
seq_0003,MEASURE OXIDE THICKNESS
seq_0003,SPIN COAT PHOTORESIST
seq_0003,SOFT BAKE
seq_0003,ALIGN MASK LEVEL 1
seq_0003,EXPOSE LITHO LEVEL 1
seq_0003,DEVELOP PHOTORESIST
seq_0003,PATTERN INSPECTION LEVEL 1
seq_0003,HARD BAKE
seq_0003,OXIDE ETCH
seq_0003,STRIP RESIST
seq_0003,CLEAN AFTER ETCH
seq_0003,MEASURE OPENING CD
seq_0003,IMPLANT WELL
seq_0003,DRIVE IN DIFFUSION
seq_0003,RAPID THERMAL ANNEAL
seq_0003,MEASURE JUNCTION DEPTH
seq_0003,THERMAL OXIDATION
seq_0003,GATE OXIDE PREP
seq_0003,GATE OXIDE GROWTH
seq_0003,MEASURE GATE OXIDE THICKNESS
seq_0003,DEPOSIT POLYSILICON
seq_0003,POLYSILICON ANNEAL
seq_0003,MEASURE POLY THICKNESS
seq_0003,SPIN COAT PHOTORESIST
seq_0003,SOFT BAKE
seq_0003,ALIGN MASK LEVEL 2
seq_0003,EXPOSE LITHO LEVEL 2
seq_0003,POST EXPOSE BAKE
seq_0003,DEVELOP PHOTORESIST
seq_0003,POLY PATTERN INSPECTION
seq_0003,POLYSILICON ETCH
seq_0003,STRIP PHOTORESIST
seq_0003,CLEAN AFTER POLY ETCH
seq_0003,IMPLANT SOURCE DRAIN
seq_0003,PRE ANNEAL CHECK
seq_0003,LIGHT ANNEAL
seq_0003,MEASURE SHEET RESISTANCE
seq_0003,DEPOSIT SPACER DIELECTRIC
seq_0003,ANISOTROPIC ETCH SPACER
seq_0003,MEASURE SPACER WIDTH
seq_0003,IMPLANT LDD
seq_0003,RAPID THERMAL ANNEAL
seq_0003,DEPOSIT INTERLEVEL DIELECTRIC
seq_0003,DENSIFY DIELECTRIC
seq_0003,MEASURE DIELECTRIC THICKNESS
seq_0003,CMP DIELECTRIC
seq_0003,MEASURE PLANARITY
seq_0003,SPIN COAT PHOTORESIST
seq_0003,SOFT BAKE
seq_0003,ALIGN MASK LEVEL 3
seq_0003,EXPOSE LITHO LEVEL 3
seq_0003,DEVELOP PHOTORESIST
seq_0003,VIA OPENING INSPECTION
seq_0003,VIA ETCH
seq_0003,STRIP PHOTORESIST
seq_0003,CLEAN AFTER VIA ETCH
seq_0003,MEASURE VIA CD
seq_0003,DEPOSIT BARRIER METAL
seq_0003,DEPOSIT METAL SEED
seq_0003,FILL VIA METAL
seq_0003,CMP VIA FILL
seq_0003,DEPOSIT METAL 1
seq_0003,ANNEAL METAL
seq_0003,SPIN COAT PHOTORESIST
seq_0003,SOFT BAKE
seq_0003,ALIGN MASK LEVEL 4
seq_0003,EXPOSE LITHO LEVEL 4
seq_0003,DEVELOP PHOTORESIST
seq_0003,METAL PATTERN INSPECTION
seq_0003,HARD BAKE
seq_0003,METAL ETCH
seq_0003,STRIP PHOTORESIST
seq_0003,CLEAN AFTER METAL ETCH
seq_0003,MEASURE LINE WIDTH
seq_0003,DEPOSIT PASSIVATION
seq_0003,CURE PASSIVATION
seq_0003,MEASURE PASSIVATION THICKNESS
seq_0003,OPEN BOND PAD WINDOW
seq_0003,OPEN PAD WINDOW LITHO
seq_0003,DEVELOP PHOTORESIST
seq_0003,PASSIVATION ETCH PAD OPENING
seq_0003,STRIP PHOTORESIST
seq_0003,CLEAN PAD OPENING
seq_0003,MEASURE PAD OPENING
seq_0003,BACKSIDE CLEAN
seq_0003,BACKSIDE GRIND
seq_0003,MEASURE WAFER THICKNESS
seq_0003,BACKSIDE ETCH CLEAN
seq_0003,BACKSIDE RINSE
seq_0003,BACKSIDE DRY
seq_0003,BACKSIDE METALLIZATION PREP
seq_0003,DEPOSIT BACKSIDE METAL
seq_0003,BACKSIDE ANNEAL
seq_0003,MEASURE BACKSIDE CONTACT
seq_0003,FINAL CLEAN
seq_0003,FINAL THICKNESS MEASURE
seq_0003,FINAL GEOMETRY CHECK
seq_0003,FINAL CD INSPECTION
seq_0003,FINAL PARTICLE INSPECTION
seq_0003,PARAMETRIC TEST
seq_0003,LEAKAGE TEST
seq_0003,THRESHOLD VOLTAGE TEST
seq_0003,SWITCHING TEST
seq_0003,WAFER SORT TEST
seq_0003,YIELD ANALYSIS
seq_0003,LOT RELEASE
seq_0003,SHIP LOT
seq_0004,RECEIVE WAFER LOT
seq_0004,LOT IDENTIFICATION
seq_0004,INITIAL WAFER INSPECTION
seq_0004,MEASURE THICKNESS
seq_0004,MEASURE SURFACE PARTICLES
seq_0004,PRE CLEAN WAFER
seq_0004,BACKSIDE CLEAN
seq_0004,FRONTSIDE CLEAN
seq_0004,RCA CLEAN 1
seq_0004,RCA CLEAN 2
seq_0004,HF DIP
seq_0004,DRY WAFER
seq_0004,SUBSTRATE CHECK
seq_0004,EPITAXY PREP
seq_0004,EPITAXIAL DEPOSITION
seq_0004,MEASURE EPITAXY THICKNESS
seq_0004,MEASURE RESISTIVITY
seq_0004,EPITAXY ANNEAL
seq_0004,WAFER SURFACE CLEAN
seq_0004,THERMAL OXIDATION
seq_0004,MEASURE OXIDE THICKNESS
seq_0004,SPIN COAT PHOTORESIST
seq_0004,SOFT BAKE
seq_0004,ALIGN MASK LEVEL 1
seq_0004,EXPOSE LITHO LEVEL 1
seq_0004,DEVELOP PHOTORESIST
seq_0004,PATTERN INSPECTION LEVEL 1
seq_0004,OXIDE ETCH
seq_0004,STRIP PHOTORESIST
seq_0004,CLEAN AFTER ETCH
seq_0004,MEASURE OPENING CD
seq_0004,IMPLANT WELL
seq_0004,PRE ANNEAL CHECK
seq_0004,DRIVE IN DIFFUSION
seq_0004,RAPID THERMAL ANNEAL
seq_0004,MEASURE JUNCTION DEPTH
seq_0004,THERMAL OXIDATION
seq_0004,GATE OXIDE PREP
seq_0004,GATE OXIDE GROWTH
seq_0004,MEASURE GATE OXIDE THICKNESS
seq_0004,DEPOSIT POLYSILICON
seq_0004,POLYSILICON ANNEAL
seq_0004,MEASURE POLY THICKNESS
seq_0004,SPIN COAT PHOTORESIST
seq_0004,SOFT BAKE
seq_0004,ALIGN MASK LEVEL 2
seq_0004,EXPOSE LITHO LEVEL 2
seq_0004,POST EXPOSE BAKE
seq_0004,DEVELOP PHOTORESIST
seq_0004,POLY PATTERN INSPECTION
seq_0004,POLYSILICON ETCH
seq_0004,STRIP RESIST
seq_0004,CLEAN AFTER POLY ETCH
seq_0004,IMPLANT SOURCE DRAIN
seq_0004,PRE ANNEAL CHECK
seq_0004,LIGHT ANNEAL
seq_0004,MEASURE SHEET RESISTANCE
seq_0004,DEPOSIT SPACER DIELECTRIC
seq_0004,ANISOTROPIC ETCH SPACER
seq_0004,MEASURE SPACER WIDTH
seq_0004,IMPLANT LDD
seq_0004,RAPID THERMAL ANNEAL
seq_0004,MEASURE JUNCTION PROFILE
seq_0004,DEPOSIT INTERLAYER DIELECTRIC
seq_0004,DENSIFY OXIDE
seq_0004,MEASURE DIELECTRIC THICKNESS
seq_0004,CMP DIELECTRIC
seq_0004,MEASURE PLANARITY
seq_0004,SPIN COAT PHOTORESIST
seq_0004,SOFT BAKE
seq_0004,ALIGN MASK LEVEL 3
seq_0004,EXPOSE LITHO LEVEL 3
seq_0004,DEVELOP PHOTORESIST
seq_0004,VIA OPENING INSPECTION
seq_0004,DIELECTRIC ETCH VIA
seq_0004,STRIP RESIST
seq_0004,CLEAN AFTER VIA ETCH
seq_0004,MEASURE VIA CD
seq_0004,DEPOSIT BARRIER METAL
seq_0004,DEPOSIT METAL SEED
seq_0004,FILL VIA METAL
seq_0004,CMP METAL
seq_0004,MEASURE VIA RESISTANCE
seq_0004,DEPOSIT METAL 1
seq_0004,ANNEAL METAL
seq_0004,MEASURE METAL THICKNESS
seq_0004,SPIN COAT PHOTORESIST
seq_0004,SOFT BAKE
seq_0004,ALIGN MASK LEVEL 4
seq_0004,EXPOSE LITHO LEVEL 4
seq_0004,DEVELOP PHOTORESIST
seq_0004,METAL PATTERN INSPECTION
seq_0004,METAL ETCH
seq_0004,STRIP PHOTORESIST
seq_0004,CLEAN AFTER METAL ETCH
seq_0004,MEASURE LINE WIDTH
seq_0004,DEPOSIT PASSIVATION
seq_0004,CURE PASSIVATION
seq_0004,MEASURE PASSIVATION QUALITY
seq_0004,OPEN PAD WINDOW
seq_0004,PAD WINDOW LITHO
seq_0004,DEVELOP PAD WINDOW
seq_0004,PASSIVATION ETCH PAD OPENING
seq_0004,STRIP RESIST
seq_0004,CLEAN PAD OPENING
seq_0004,MEASURE PAD OPENING
seq_0004,BACKSIDE CLEAN
seq_0004,BACKSIDE GRIND
seq_0004,MEASURE WAFER THICKNESS
seq_0004,BACKSIDE ETCH CLEAN
seq_0004,BACKSIDE RINSE
seq_0004,BACKSIDE DRY
seq_0004,BACKSIDE METALLIZATION PREP
seq_0004,DEPOSIT BACKSIDE METAL
seq_0004,BACKSIDE ANNEAL
seq_0004,MEASURE BACKSIDE CONTACT
seq_0004,FINAL CLEAN
seq_0004,FINAL THICKNESS MEASURE
seq_0004,FINAL GEOMETRY CHECK
seq_0004,FINAL PARTICLE INSPECTION
seq_0004,ELECTRICAL PARAMETRIC TEST
seq_0004,LEAKAGE TEST
seq_0004,THRESHOLD VOLTAGE TEST
seq_0004,SWITCHING TEST
seq_0004,WAFER SORT TEST
seq_0004,YIELD ANALYSIS
seq_0004,FINAL LOT RELEASE
seq_0004,SHIP LOT
seq_0005,RECEIVE WAFER LOT
seq_0005,LOT IDENTIFICATION
seq_0005,INITIAL WAFER INSPECTION
seq_0005,MEASURE THICKNESS
seq_0005,PRE CLEAN WAFER
seq_0005,BACKSIDE CLEAN
seq_0005,RCA CLEAN 1
seq_0005,WET CLEAN RCA2
seq_0005,HF DIP
seq_0005,DRY WAFER
seq_0005,SUBSTRATE CHECK
seq_0005,EPITAXY PREP
seq_0005,EPITAXIAL DEPOSITION
seq_0005,MEASURE EPITAXY THICKNESS
seq_0005,MEASURE RESISTIVITY
seq_0005,EPITAXY ANNEAL
seq_0005,WAFER SURFACE CLEAN
seq_0005,THERMAL OXIDATION
seq_0005,MEASURE OXIDE THICKNESS
seq_0005,SPIN COAT PHOTORESIST
seq_0005,SOFT BAKE
seq_0005,ALIGN MASK LEVEL 1
seq_0005,EXPOSE LITHO LEVEL 1
seq_0005,POST EXPOSE BAKE
seq_0005,DEVELOP PHOTORESIST
seq_0005,PATTERN INSPECTION LEVEL 1
seq_0005,HARD BAKE
seq_0005,OXIDE ETCH
seq_0005,STRIP PHOTORESIST
seq_0005,CLEAN AFTER ETCH
seq_0005,MEASURE OPENING CD
seq_0005,IMPLANT WELL
seq_0005,DRIVE IN DIFFUSION
seq_0005,RAPID THERMAL ANNEAL
seq_0005,MEASURE JUNCTION DEPTH
seq_0005,THERMAL OXIDATION
seq_0005,GATE OXIDE PREP
seq_0005,GATE OXIDE GROWTH
seq_0005,MEASURE GATE OXIDE THICKNESS
seq_0005,DEPOSIT POLYSILICON
seq_0005,POLYSILICON ANNEAL
seq_0005,MEASURE POLY THICKNESS
seq_0005,SPIN COAT PHOTORESIST
seq_0005,SOFT BAKE
seq_0005,ALIGN MASK LEVEL 2
seq_0005,EXPOSE LITHO LEVEL 2
seq_0005,DEVELOP PHOTORESIST
seq_0005,POLY PATTERN INSPECTION
seq_0005,POLYSILICON ETCH
seq_0005,STRIP PHOTORESIST
seq_0005,CLEAN AFTER POLY ETCH
seq_0005,MEASURE GATE CD
seq_0005,IMPLANT SOURCE DRAIN
seq_0005,PRE ANNEAL CHECK
seq_0005,LIGHT ANNEAL
seq_0005,MEASURE SHEET RESISTANCE
seq_0005,DEPOSIT SPACER DIELECTRIC
seq_0005,ANISOTROPIC ETCH SPACER
seq_0005,MEASURE SPACER WIDTH
seq_0005,IMPLANT LDD
seq_0005,RAPID THERMAL ANNEAL
seq_0005,MEASURE JUNCTION PROFILE
seq_0005,DEPOSIT INTERLAYER DIELECTRIC
seq_0005,DENSIFY OXIDE
seq_0005,MEASURE DIELECTRIC THICKNESS
seq_0005,CMP DIELECTRIC
seq_0005,MEASURE SURFACE PLANARITY
seq_0005,SPIN COAT PHOTORESIST
seq_0005,SOFT BAKE
seq_0005,ALIGN MASK LEVEL 3
seq_0005,EXPOSE LITHO LEVEL 3
seq_0005,POST EXPOSE BAKE
seq_0005,DEVELOP PHOTORESIST
seq_0005,VIA INSPECTION
seq_0005,HARD BAKE
seq_0005,DIELECTRIC ETCH VIA
seq_0005,STRIP PHOTORESIST
seq_0005,CLEAN AFTER VIA ETCH
seq_0005,DEPOSIT BARRIER METAL
seq_0005,DEPOSIT METAL SEED
seq_0005,FILL VIA METAL
seq_0005,CMP VIA FILL
seq_0005,MEASURE VIA RESISTANCE
seq_0005,DEPOSIT TOP METAL
seq_0005,ANNEAL METAL
seq_0005,MEASURE METAL THICKNESS
seq_0005,SPIN COAT PHOTORESIST
seq_0005,SOFT BAKE
seq_0005,ALIGN MASK LEVEL 4
seq_0005,EXPOSE LITHO LEVEL 4
seq_0005,DEVELOP PHOTORESIST
seq_0005,METAL PATTERN INSPECTION
seq_0005,HARD BAKE
seq_0005,METAL ETCH
seq_0005,STRIP RESIST
seq_0005,CLEAN AFTER METAL ETCH
seq_0005,DEPOSIT PASSIVATION
seq_0005,CURE PASSIVATION
seq_0005,MEASURE PASSIVATION QUALITY
seq_0005,OPEN PAD WINDOW
seq_0005,OPEN PAD WINDOW LITHO
seq_0005,DEVELOP PHOTORESIST
seq_0005,PASSIVATION ETCH PAD OPENING
seq_0005,STRIP PHOTORESIST
seq_0005,CLEAN PAD OPENING
seq_0005,MEASURE PAD OPENING
seq_0005,BACKSIDE CLEAN
seq_0005,BACKSIDE GRIND
seq_0005,MEASURE WAFER THICKNESS
seq_0005,BACKSIDE ETCH CLEAN
seq_0005,BACKSIDE RINSE
seq_0005,BACKSIDE DRY
seq_0005,BACKSIDE METALLIZATION PREP
seq_0005,DEPOSIT BACKSIDE METAL
seq_0005,BACKSIDE ANNEAL
seq_0005,MEASURE BACKSIDE CONTACT
seq_0005,FINAL CLEAN
seq_0005,FINAL CD INSPECTION
seq_0005,FINAL PARTICLE INSPECTION
seq_0005,PARAMETRIC TEST
seq_0005,LEAKAGE TEST
seq_0005,THRESHOLD VOLTAGE TEST
seq_0005,SWITCHING TEST
seq_0005,WAFER SORT TEST
seq_0005,YIELD ANALYSIS
seq_0005,FINAL LOT RELEASE
seq_0005,SHIP LOT
seq_0006,RECEIVE WAFER LOT
seq_0006,LOT IDENTIFICATION
seq_0006,INITIAL WAFER INSPECTION
seq_0006,MEASURE THICKNESS
seq_0006,MEASURE SURFACE PARTICLES
seq_0006,PRE CLEAN WAFER
seq_0006,RCA CLEAN 1
seq_0006,RCA CLEAN 2
seq_0006,HF DIP
seq_0006,DRY WAFER
seq_0006,SUBSTRATE CHECK
seq_0006,EPITAXY PREP
seq_0006,EPITAXIAL DEPOSITION
seq_0006,MEASURE EPITAXY THICKNESS
seq_0006,MEASURE RESISTIVITY
seq_0006,EPITAXY ANNEAL
seq_0006,WAFER SURFACE CLEAN
seq_0006,THERMAL OXIDATION
seq_0006,MEASURE OXIDE THICKNESS
seq_0006,SPIN COAT PHOTORESIST
seq_0006,SOFT BAKE
seq_0006,ALIGN MASK LEVEL 1
seq_0006,EXPOSE LITHO LEVEL 1
seq_0006,POST EXPOSE BAKE
seq_0006,DEVELOP PHOTORESIST
seq_0006,PATTERN INSPECTION LEVEL 1
seq_0006,OXIDE ETCH
seq_0006,STRIP PHOTORESIST
seq_0006,CLEAN AFTER ETCH
seq_0006,MEASURE OPENING CD
seq_0006,IMPLANT WELL
seq_0006,PRE ANNEAL CHECK
seq_0006,DRIVE IN DIFFUSION
seq_0006,RAPID THERMAL ANNEAL
seq_0006,MEASURE JUNCTION DEPTH
seq_0006,THERMAL OXIDATION
seq_0006,GATE OXIDE PREP
seq_0006,GATE OXIDE GROWTH
seq_0006,MEASURE GATE OXIDE THICKNESS
seq_0006,DEPOSIT POLYSILICON
seq_0006,POLYSILICON ANNEAL
seq_0006,MEASURE POLY THICKNESS
seq_0006,SPIN COAT PHOTORESIST
seq_0006,SOFT BAKE
seq_0006,ALIGN MASK LEVEL 2
seq_0006,EXPOSE LITHO LEVEL 2
seq_0006,DEVELOP PHOTORESIST
seq_0006,POLY PATTERN INSPECTION
seq_0006,POLYSILICON ETCH
seq_0006,STRIP RESIST
seq_0006,CLEAN AFTER POLY ETCH
seq_0006,MEASURE GATE CD
seq_0006,IMPLANT SOURCE DRAIN
seq_0006,PRE ANNEAL CHECK
seq_0006,LIGHT ANNEAL
seq_0006,DEPOSIT SPACER DIELECTRIC
seq_0006,ANISOTROPIC ETCH SPACER
seq_0006,MEASURE SPACER WIDTH
seq_0006,IMPLANT LDD
seq_0006,RAPID THERMAL ANNEAL
seq_0006,MEASURE JUNCTION PROFILE
seq_0006,DEPOSIT INTERLEVEL DIELECTRIC
seq_0006,DENSIFY DIELECTRIC
seq_0006,MEASURE FILM THICKNESS
seq_0006,CMP INTERLAYER DIELECTRIC
seq_0006,MEASURE PLANARITY
seq_0006,SPIN COAT PHOTORESIST
seq_0006,SOFT BAKE
seq_0006,ALIGN MASK LEVEL 3
seq_0006,EXPOSE LITHO LEVEL 3
seq_0006,POST EXPOSE BAKE
seq_0006,DEVELOP PHOTORESIST
seq_0006,VIA OPENING INSPECTION
seq_0006,HARD BAKE
seq_0006,VIA ETCH THROUGH DIELECTRIC
seq_0006,STRIP PHOTORESIST
seq_0006,CLEAN AFTER VIA ETCH
seq_0006,MEASURE VIA CD
seq_0006,DEPOSIT BARRIER METAL
seq_0006,DEPOSIT METAL SEED
seq_0006,FILL VIA METAL
seq_0006,CMP METAL
seq_0006,DEPOSIT TOP METAL
seq_0006,ANNEAL METAL 1
seq_0006,SPIN COAT PHOTORESIST
seq_0006,SOFT BAKE
seq_0006,ALIGN MASK LEVEL 4
seq_0006,EXPOSE LITHO LEVEL 4
seq_0006,POST EXPOSE BAKE
seq_0006,DEVELOP PHOTORESIST
seq_0006,METAL PATTERN INSPECTION
seq_0006,HARD BAKE
seq_0006,METAL ETCH
seq_0006,STRIP PHOTORESIST
seq_0006,CLEAN AFTER METAL ETCH
seq_0006,MEASURE LINE WIDTH
seq_0006,DEPOSIT PASSIVATION LAYER
seq_0006,CURE PASSIVATION
seq_0006,MEASURE PASSIVATION QUALITY
seq_0006,OPEN PAD WINDOW
seq_0006,OPEN PAD WINDOW LITHO
seq_0006,DEVELOP PAD WINDOW
seq_0006,PASSIVATION ETCH
seq_0006,STRIP PHOTORESIST
seq_0006,CLEAN PAD OPENING
seq_0006,MEASURE PAD OPENING
seq_0006,BACKSIDE CLEAN
seq_0006,BACKSIDE GRIND
seq_0006,MEASURE THICKNESS
seq_0006,BACKSIDE ETCH CLEAN
seq_0006,BACKSIDE RINSE
seq_0006,BACKSIDE DRY
seq_0006,BACKSIDE METALLIZATION PREP
seq_0006,DEPOSIT BACKSIDE METAL
seq_0006,BACKSIDE ANNEAL
seq_0006,MEASURE BACKSIDE CONTACT
seq_0006,FINAL CLEAN
seq_0006,FINAL THICKNESS MEASURE
seq_0006,FINAL GEOMETRY CHECK
seq_0006,FINAL PARTICLE INSPECTION
seq_0006,ELECTRICAL PARAMETRIC TEST
seq_0006,LEAKAGE TEST
seq_0006,THRESHOLD VOLTAGE TEST
seq_0006,SWITCHING TEST
seq_0006,WAFER SORT TEST
seq_0006,YIELD ANALYSIS
seq_0006,FINAL LOT RELEASE
seq_0006,SHIP LOT
seq_0007,RECEIVE WAFER LOT
seq_0007,LOT IDENTIFICATION
seq_0007,INITIAL WAFER INSPECTION
seq_0007,MEASURE THICKNESS
seq_0007,PRE CLEAN WAFER
seq_0007,FRONTSIDE CLEAN
seq_0007,WET CLEAN RCA1
seq_0007,RCA CLEAN 2
seq_0007,HF DIP
seq_0007,DRY WAFER
seq_0007,SUBSTRATE CHECK
seq_0007,EPITAXY PREP
seq_0007,EPITAXIAL DEPOSITION
seq_0007,MEASURE EPITAXY THICKNESS
seq_0007,MEASURE RESISTIVITY
seq_0007,EPITAXY ANNEAL
seq_0007,WAFER SURFACE CLEAN
seq_0007,THERMAL OXIDATION
seq_0007,MEASURE OXIDE THICKNESS
seq_0007,SPIN COAT PHOTORESIST
seq_0007,SOFT BAKE
seq_0007,ALIGN MASK LEVEL 1
seq_0007,EXPOSE LITHO LEVEL 1
seq_0007,DEVELOP PHOTORESIST
seq_0007,PATTERN INSPECTION LEVEL 1
seq_0007,OXIDE ETCH
seq_0007,STRIP RESIST
seq_0007,CLEAN AFTER ETCH
seq_0007,MEASURE OPENING CD
seq_0007,IMPLANT WELL
seq_0007,PRE ANNEAL CHECK
seq_0007,DRIVE IN DIFFUSION
seq_0007,RAPID THERMAL ANNEAL
seq_0007,MEASURE JUNCTION DEPTH
seq_0007,THERMAL OXIDATION
seq_0007,GATE OXIDE PREP
seq_0007,GATE OXIDE GROWTH
seq_0007,MEASURE GATE OXIDE THICKNESS
seq_0007,DEPOSIT POLYSILICON
seq_0007,POLYSILICON ANNEAL
seq_0007,MEASURE POLY THICKNESS
seq_0007,SPIN COAT PHOTORESIST
seq_0007,SOFT BAKE
seq_0007,ALIGN MASK LEVEL 2
seq_0007,EXPOSE LITHO LEVEL 2
seq_0007,POST EXPOSE BAKE
seq_0007,DEVELOP PHOTORESIST
seq_0007,POLY PATTERN INSPECTION
seq_0007,POLYSILICON ETCH
seq_0007,STRIP PHOTORESIST
seq_0007,CLEAN AFTER POLY ETCH
seq_0007,IMPLANT SOURCE DRAIN
seq_0007,LIGHT ANNEAL
seq_0007,MEASURE SHEET RESISTANCE
seq_0007,DEPOSIT SPACER DIELECTRIC
seq_0007,ANISOTROPIC ETCH SPACER
seq_0007,MEASURE SPACER WIDTH
seq_0007,IMPLANT LDD
seq_0007,PRE ANNEAL CHECK
seq_0007,RAPID THERMAL ANNEAL
seq_0007,MEASURE JUNCTION PROFILE
seq_0007,DEPOSIT INTERLEVEL DIELECTRIC
seq_0007,DENSIFY DIELECTRIC
seq_0007,MEASURE FILM THICKNESS
seq_0007,CMP INTERLAYER DIELECTRIC
seq_0007,MEASURE PLANARITY
seq_0007,SPIN COAT PHOTORESIST
seq_0007,SOFT BAKE
seq_0007,ALIGN MASK LEVEL 3
seq_0007,EXPOSE LITHO LEVEL 3
seq_0007,DEVELOP PHOTORESIST
seq_0007,VIA INSPECTION
seq_0007,DIELECTRIC ETCH VIA
seq_0007,STRIP PHOTORESIST
seq_0007,CLEAN AFTER VIA ETCH
seq_0007,MEASURE VIA CD
seq_0007,DEPOSIT BARRIER METAL
seq_0007,DEPOSIT METAL SEED
seq_0007,FILL VIA METAL
seq_0007,CMP VIA FILL
seq_0007,MEASURE VIA RESISTANCE
seq_0007,DEPOSIT TOP METAL
seq_0007,ANNEAL METAL
seq_0007,SPIN COAT PHOTORESIST
seq_0007,SOFT BAKE
seq_0007,ALIGN MASK LEVEL 4
seq_0007,EXPOSE LITHO LEVEL 4
seq_0007,POST EXPOSE BAKE
seq_0007,DEVELOP PHOTORESIST
seq_0007,METAL PATTERN INSPECTION
seq_0007,METAL ETCH
seq_0007,STRIP PHOTORESIST
seq_0007,CLEAN AFTER METAL ETCH
seq_0007,MEASURE LINE WIDTH
seq_0007,DEPOSIT PASSIVATION
seq_0007,CURE PASSIVATION
seq_0007,MEASURE PASSIVATION QUALITY
seq_0007,OPEN BOND PAD WINDOW
seq_0007,OPEN PAD WINDOW LITHO
seq_0007,DEVELOP PHOTORESIST
seq_0007,PASSIVATION ETCH PAD OPENING
seq_0007,STRIP RESIST
seq_0007,CLEAN PAD OPENING
seq_0007,MEASURE PAD OPENING
seq_0007,BACKSIDE CLEAN
seq_0007,BACKSIDE GRIND
seq_0007,MEASURE WAFER THICKNESS
seq_0007,BACKSIDE ETCH CLEAN
seq_0007,BACKSIDE RINSE
seq_0007,BACKSIDE DRY
seq_0007,BACKSIDE METALLIZATION PREP
seq_0007,DEPOSIT BACKSIDE METAL
seq_0007,BACKSIDE ANNEAL
seq_0007,MEASURE BACKSIDE CONTACT
seq_0007,FINAL CLEAN
seq_0007,FINAL THICKNESS MEASURE
seq_0007,FINAL GEOMETRY CHECK
seq_0007,FINAL PARTICLE INSPECTION
seq_0007,PARAMETRIC TEST
seq_0007,LEAKAGE TEST
seq_0007,THRESHOLD VOLTAGE TEST
seq_0007,SWITCHING TEST
seq_0007,WAFER SORT TEST
seq_0007,YIELD ANALYSIS
seq_0007,FINAL LOT RELEASE
seq_0007,SHIP LOT
seq_0008,RECEIVE WAFER LOT
seq_0008,LOT IDENTIFICATION
seq_0008,PRE CLEAN INSPECTION
seq_0008,MEASURE THICKNESS
seq_0008,MEASURE SURFACE PARTICLES
seq_0008,PRE CLEAN WAFER
seq_0008,FRONTSIDE CLEAN
seq_0008,RCA CLEAN 1
seq_0008,WET CLEAN RCA2
seq_0008,HF DIP
seq_0008,SUBSTRATE CHECK
seq_0008,EPITAXY PREP
seq_0008,EPITAXIAL DEPOSITION
seq_0008,MEASURE EPITAXY THICKNESS
seq_0008,MEASURE RESISTIVITY
seq_0008,EPITAXY ANNEAL
seq_0008,WAFER SURFACE CLEAN
seq_0008,THERMAL OXIDATION
seq_0008,MEASURE OXIDE THICKNESS
seq_0008,SPIN COAT PHOTORESIST
seq_0008,SOFT BAKE
seq_0008,ALIGN MASK LEVEL 1
seq_0008,EXPOSE LITHO LEVEL 1
seq_0008,DEVELOP PHOTORESIST
seq_0008,PATTERN INSPECTION LEVEL 1
seq_0008,OXIDE ETCH
seq_0008,STRIP RESIST
seq_0008,CLEAN AFTER ETCH
seq_0008,MEASURE OPENING CD
seq_0008,IMPLANT WELL
seq_0008,PRE ANNEAL CHECK
seq_0008,DRIVE IN DIFFUSION
seq_0008,RAPID THERMAL ANNEAL
seq_0008,MEASURE JUNCTION DEPTH
seq_0008,THERMAL OXIDATION
seq_0008,GATE OXIDE PREP
seq_0008,GATE OXIDE GROWTH
seq_0008,MEASURE GATE OXIDE THICKNESS
seq_0008,DEPOSIT POLYSILICON
seq_0008,POLYSILICON ANNEAL
seq_0008,SPIN COAT PHOTORESIST
seq_0008,SOFT BAKE
seq_0008,ALIGN MASK LEVEL 2
seq_0008,EXPOSE LITHO LEVEL 2
seq_0008,POST EXPOSE BAKE
seq_0008,DEVELOP PHOTORESIST
seq_0008,POLY PATTERN INSPECTION
seq_0008,POLYSILICON ETCH
seq_0008,STRIP RESIST
seq_0008,CLEAN AFTER POLY ETCH
seq_0008,MEASURE GATE CD
seq_0008,IMPLANT SOURCE DRAIN
seq_0008,PRE ANNEAL CHECK
seq_0008,LIGHT ANNEAL
seq_0008,MEASURE SHEET RESISTANCE
seq_0008,DEPOSIT SPACER DIELECTRIC
seq_0008,ANISOTROPIC ETCH SPACER
seq_0008,IMPLANT LDD
seq_0008,PRE ANNEAL CHECK
seq_0008,RAPID THERMAL ANNEAL
seq_0008,MEASURE JUNCTION PROFILE
seq_0008,DEPOSIT INTERLEVEL DIELECTRIC
seq_0008,DENSIFY DIELECTRIC
seq_0008,MEASURE DIELECTRIC THICKNESS
seq_0008,CMP INTERLAYER DIELECTRIC
seq_0008,MEASURE PLANARITY
seq_0008,SPIN COAT PHOTORESIST
seq_0008,SOFT BAKE
seq_0008,ALIGN MASK LEVEL 3
seq_0008,EXPOSE LITHO LEVEL 3
seq_0008,POST EXPOSE BAKE
seq_0008,DEVELOP PHOTORESIST
seq_0008,VIA OPENING INSPECTION
seq_0008,HARD BAKE
seq_0008,DIELECTRIC ETCH VIA
seq_0008,STRIP PHOTORESIST
seq_0008,CLEAN AFTER VIA ETCH
seq_0008,MEASURE VIA CD
seq_0008,DEPOSIT BARRIER METAL
seq_0008,DEPOSIT METAL SEED
seq_0008,FILL VIA METAL
seq_0008,CMP VIA FILL
seq_0008,MEASURE VIA RESISTANCE
seq_0008,DEPOSIT TOP METAL
seq_0008,ANNEAL METAL 1
seq_0008,MEASURE METAL THICKNESS
seq_0008,SPIN COAT PHOTORESIST
seq_0008,SOFT BAKE
seq_0008,ALIGN MASK LEVEL 4
seq_0008,EXPOSE LITHO LEVEL 4
seq_0008,DEVELOP PHOTORESIST
seq_0008,METAL PATTERN INSPECTION
seq_0008,METAL ETCH
seq_0008,STRIP PHOTORESIST
seq_0008,CLEAN AFTER METAL ETCH
seq_0008,MEASURE LINE WIDTH
seq_0008,DEPOSIT PASSIVATION
seq_0008,CURE PASSIVATION
seq_0008,MEASURE PASSIVATION THICKNESS
seq_0008,OPEN BOND PAD WINDOW
seq_0008,OPEN PAD WINDOW LITHO
seq_0008,DEVELOP PAD WINDOW
seq_0008,PASSIVATION ETCH PAD OPENING
seq_0008,STRIP PHOTORESIST
seq_0008,CLEAN PAD OPENING
seq_0008,MEASURE PAD OPENING
seq_0008,BACKSIDE CLEAN
seq_0008,BACKSIDE GRIND
seq_0008,MEASURE THICKNESS
seq_0008,BACKSIDE ETCH CLEAN
seq_0008,BACKSIDE RINSE
seq_0008,BACKSIDE DRY
seq_0008,BACKSIDE METALLIZATION PREP
seq_0008,DEPOSIT BACKSIDE METAL
seq_0008,BACKSIDE ANNEAL
seq_0008,MEASURE BACKSIDE CONTACT
seq_0008,FINAL CLEAN
seq_0008,FINAL THICKNESS MEASURE
seq_0008,FINAL GEOMETRY CHECK
seq_0008,FINAL CD INSPECTION
seq_0008,FINAL PARTICLE INSPECTION
seq_0008,PARAMETRIC TEST
seq_0008,LEAKAGE TEST
seq_0008,THRESHOLD VOLTAGE TEST
seq_0008,SWITCHING TEST
seq_0008,WAFER SORT TEST
seq_0008,YIELD ANALYSIS
seq_0008,LOT RELEASE
seq_0008,SHIP LOT
seq_0009,RECEIVE WAFER LOT
seq_0009,LOT IDENTIFICATION
seq_0009,PRE CLEAN INSPECTION
seq_0009,MEASURE THICKNESS
seq_0009,PRE CLEAN WAFER
seq_0009,RCA CLEAN 1
seq_0009,RCA CLEAN 2
seq_0009,HF DIP
seq_0009,SUBSTRATE CHECK
seq_0009,EPITAXY PREP
seq_0009,EPITAXIAL DEPOSITION
seq_0009,MEASURE EPITAXY THICKNESS
seq_0009,MEASURE RESISTIVITY
seq_0009,EPITAXY ANNEAL
seq_0009,WAFER SURFACE CLEAN
seq_0009,THERMAL OXIDATION
seq_0009,MEASURE OXIDE THICKNESS
seq_0009,SPIN COAT PHOTORESIST
seq_0009,SOFT BAKE
seq_0009,ALIGN MASK LEVEL 1
seq_0009,EXPOSE LITHO LEVEL 1
seq_0009,DEVELOP PHOTORESIST
seq_0009,PATTERN INSPECTION LEVEL 1
seq_0009,OXIDE ETCH
seq_0009,STRIP RESIST
seq_0009,CLEAN AFTER ETCH
seq_0009,MEASURE OPENING CD
seq_0009,IMPLANT WELL
seq_0009,PRE ANNEAL CHECK
seq_0009,DRIVE IN DIFFUSION
seq_0009,RAPID THERMAL ANNEAL
seq_0009,MEASURE JUNCTION DEPTH
seq_0009,THERMAL OXIDATION
seq_0009,GATE OXIDE PREP
seq_0009,GATE OXIDE GROWTH
seq_0009,MEASURE GATE OXIDE THICKNESS
seq_0009,DEPOSIT POLYSILICON
seq_0009,POLYSILICON ANNEAL
seq_0009,MEASURE POLY THICKNESS
seq_0009,SPIN COAT PHOTORESIST
seq_0009,SOFT BAKE
seq_0009,ALIGN MASK LEVEL 2
seq_0009,EXPOSE LITHO LEVEL 2
seq_0009,DEVELOP PHOTORESIST
seq_0009,POLY PATTERN INSPECTION
seq_0009,POLYSILICON ETCH
seq_0009,STRIP PHOTORESIST
seq_0009,CLEAN AFTER POLY ETCH
seq_0009,MEASURE GATE CD
seq_0009,IMPLANT SOURCE DRAIN
seq_0009,LIGHT ANNEAL
seq_0009,MEASURE SHEET RESISTANCE
seq_0009,DEPOSIT SPACER DIELECTRIC
seq_0009,ANISOTROPIC ETCH SPACER
seq_0009,MEASURE SPACER WIDTH
seq_0009,IMPLANT LDD
seq_0009,PRE ANNEAL CHECK
seq_0009,RAPID THERMAL ANNEAL
seq_0009,DEPOSIT INTERLAYER DIELECTRIC
seq_0009,DENSIFY DIELECTRIC
seq_0009,MEASURE FILM THICKNESS
seq_0009,CMP INTERLAYER DIELECTRIC
seq_0009,MEASURE PLANARITY
seq_0009,SPIN COAT PHOTORESIST
seq_0009,SOFT BAKE
seq_0009,ALIGN MASK LEVEL 3
seq_0009,EXPOSE LITHO LEVEL 3
seq_0009,POST EXPOSE BAKE
seq_0009,DEVELOP PHOTORESIST
seq_0009,VIA OPENING INSPECTION
seq_0009,HARD BAKE
seq_0009,DIELECTRIC ETCH VIA
seq_0009,STRIP RESIST
seq_0009,CLEAN AFTER VIA ETCH
seq_0009,DEPOSIT BARRIER METAL
seq_0009,DEPOSIT METAL SEED
seq_0009,FILL VIA METAL
seq_0009,CMP METAL
seq_0009,MEASURE CONTACT RESISTANCE
seq_0009,DEPOSIT TOP METAL
seq_0009,ANNEAL METAL 1
seq_0009,SPIN COAT PHOTORESIST
seq_0009,SOFT BAKE
seq_0009,ALIGN MASK LEVEL 4
seq_0009,EXPOSE LITHO LEVEL 4
seq_0009,DEVELOP PHOTORESIST
seq_0009,METAL PATTERN INSPECTION
seq_0009,METAL ETCH
seq_0009,STRIP RESIST
seq_0009,CLEAN AFTER METAL ETCH
seq_0009,MEASURE LINE WIDTH
seq_0009,DEPOSIT PASSIVATION LAYER
seq_0009,CURE PASSIVATION
seq_0009,MEASURE PASSIVATION QUALITY
seq_0009,OPEN PAD WINDOW
seq_0009,PAD WINDOW LITHO
seq_0009,DEVELOP PHOTORESIST
seq_0009,PASSIVATION ETCH
seq_0009,STRIP RESIST
seq_0009,CLEAN PAD OPENING
seq_0009,MEASURE PAD OPENING
seq_0009,BACKSIDE CLEAN
seq_0009,BACKSIDE GRIND
seq_0009,MEASURE THICKNESS
seq_0009,BACKSIDE ETCH CLEAN
seq_0009,BACKSIDE RINSE
seq_0009,BACKSIDE DRY
seq_0009,BACKSIDE METALLIZATION PREP
seq_0009,DEPOSIT BACKSIDE METAL
seq_0009,BACKSIDE ANNEAL
seq_0009,MEASURE BACKSIDE CONTACT
seq_0009,FINAL CLEAN
seq_0009,FINAL THICKNESS MEASURE
seq_0009,FINAL GEOMETRY CHECK
seq_0009,FINAL PARTICLE INSPECTION
seq_0009,PARAMETRIC TEST
seq_0009,LEAKAGE TEST
seq_0009,THRESHOLD VOLTAGE TEST
seq_0009,SWITCHING TEST
seq_0009,WAFER SORT TEST
seq_0009,YIELD ANALYSIS
seq_0009,FINAL LOT RELEASE
seq_0009,SHIP LOT
seq_0010,RECEIVE WAFER LOT
seq_0010,LOT IDENTIFICATION
seq_0010,INITIAL WAFER INSPECTION
seq_0010,MEASURE THICKNESS
seq_0010,PRE CLEAN WAFER
seq_0010,RCA CLEAN 1
seq_0010,WET CLEAN RCA2
seq_0010,HF DIP
seq_0010,SUBSTRATE CHECK
seq_0010,EPITAXY PREP
seq_0010,EPITAXIAL DEPOSITION
seq_0010,MEASURE EPITAXY THICKNESS
seq_0010,MEASURE RESISTIVITY
seq_0010,EPITAXY ANNEAL
seq_0010,WAFER SURFACE CLEAN
seq_0010,THERMAL OXIDATION
seq_0010,MEASURE OXIDE THICKNESS
seq_0010,SPIN COAT PHOTORESIST
seq_0010,SOFT BAKE
seq_0010,ALIGN MASK LEVEL 1
seq_0010,EXPOSE LITHO LEVEL 1
seq_0010,DEVELOP PHOTORESIST
seq_0010,PATTERN INSPECTION LEVEL 1
seq_0010,OXIDE ETCH
seq_0010,STRIP RESIST
seq_0010,CLEAN AFTER ETCH
seq_0010,IMPLANT WELL
seq_0010,DRIVE IN DIFFUSION
seq_0010,RAPID THERMAL ANNEAL
seq_0010,MEASURE JUNCTION DEPTH
seq_0010,THERMAL OXIDATION
seq_0010,GATE OXIDE PREP
seq_0010,GATE OXIDE GROWTH
seq_0010,MEASURE GATE OXIDE THICKNESS
seq_0010,DEPOSIT POLYSILICON
seq_0010,POLYSILICON ANNEAL
seq_0010,MEASURE POLY THICKNESS
seq_0010,SPIN COAT PHOTORESIST
seq_0010,SOFT BAKE
seq_0010,ALIGN MASK LEVEL 2
seq_0010,EXPOSE LITHO LEVEL 2
seq_0010,DEVELOP PHOTORESIST
seq_0010,POLY PATTERN INSPECTION
seq_0010,POLYSILICON ETCH
seq_0010,STRIP PHOTORESIST
seq_0010,CLEAN AFTER POLY ETCH
seq_0010,MEASURE GATE CD
seq_0010,IMPLANT SOURCE DRAIN
seq_0010,PRE ANNEAL CHECK
seq_0010,LIGHT ANNEAL
seq_0010,DEPOSIT SPACER DIELECTRIC
seq_0010,ANISOTROPIC ETCH SPACER
seq_0010,MEASURE SPACER WIDTH
seq_0010,IMPLANT LDD
seq_0010,RAPID THERMAL ANNEAL
seq_0010,DEPOSIT INTERLEVEL DIELECTRIC
seq_0010,DENSIFY OXIDE
seq_0010,MEASURE FILM THICKNESS
seq_0010,CMP DIELECTRIC
seq_0010,MEASURE PLANARITY
seq_0010,SPIN COAT PHOTORESIST
seq_0010,SOFT BAKE
seq_0010,ALIGN MASK LEVEL 3
seq_0010,EXPOSE LITHO LEVEL 3
seq_0010,DEVELOP PHOTORESIST
seq_0010,VIA INSPECTION
seq_0010,VIA ETCH
seq_0010,STRIP RESIST
seq_0010,CLEAN AFTER VIA ETCH
seq_0010,MEASURE VIA CD
seq_0010,DEPOSIT BARRIER METAL
seq_0010,DEPOSIT METAL SEED
seq_0010,FILL VIA METAL
seq_0010,CMP METAL
seq_0010,DEPOSIT METAL 1
seq_0010,ANNEAL METAL
seq_0010,SPIN COAT PHOTORESIST
seq_0010,SOFT BAKE
seq_0010,ALIGN MASK LEVEL 4
seq_0010,EXPOSE LITHO LEVEL 4
seq_0010,POST EXPOSE BAKE
seq_0010,DEVELOP PHOTORESIST
seq_0010,METAL PATTERN INSPECTION
seq_0010,METAL ETCH
seq_0010,STRIP PHOTORESIST
seq_0010,CLEAN AFTER METAL ETCH
seq_0010,MEASURE LINE WIDTH
seq_0010,DEPOSIT PASSIVATION
seq_0010,CURE PASSIVATION
seq_0010,MEASURE PASSIVATION THICKNESS
seq_0010,OPEN PAD WINDOW
seq_0010,PAD WINDOW LITHO
seq_0010,DEVELOP PAD WINDOW
seq_0010,PASSIVATION ETCH
seq_0010,STRIP PHOTORESIST
seq_0010,CLEAN PAD OPENING
seq_0010,MEASURE PAD OPENING
seq_0010,BACKSIDE CLEAN
seq_0010,BACKSIDE GRIND
seq_0010,MEASURE WAFER THICKNESS
seq_0010,BACKSIDE ETCH CLEAN
seq_0010,BACKSIDE RINSE
seq_0010,BACKSIDE DRY
seq_0010,BACKSIDE METALLIZATION PREP
seq_0010,DEPOSIT BACKSIDE METAL
seq_0010,BACKSIDE ANNEAL
seq_0010,MEASURE BACKSIDE CONTACT
seq_0010,FINAL CLEAN
seq_0010,FINAL THICKNESS MEASURE
seq_0010,FINAL GEOMETRY CHECK
seq_0010,FINAL CD INSPECTION
seq_0010,FINAL PARTICLE INSPECTION
seq_0010,ELECTRICAL PARAMETRIC TEST
seq_0010,LEAKAGE TEST
seq_0010,THRESHOLD VOLTAGE TEST
seq_0010,SWITCHING TEST
seq_0010,WAFER SORT TEST
seq_0010,YIELD ANALYSIS
seq_0010,FINAL LOT RELEASE
seq_0010,SHIP LOT
seq_0011,RECEIVE WAFER LOT
seq_0011,LOT IDENTIFICATION
seq_0011,PRE CLEAN INSPECTION
seq_0011,MEASURE THICKNESS
seq_0011,MEASURE SURFACE PARTICLES
seq_0011,PRE CLEAN WAFER
seq_0011,WET CLEAN RCA1
seq_0011,RCA CLEAN 2
seq_0011,HF DIP
seq_0011,SUBSTRATE CHECK
seq_0011,EPITAXY PREP
seq_0011,EPITAXIAL DEPOSITION
seq_0011,MEASURE EPITAXY THICKNESS
seq_0011,MEASURE RESISTIVITY
seq_0011,EPITAXY ANNEAL
seq_0011,WAFER SURFACE CLEAN
seq_0011,THERMAL OXIDATION
seq_0011,MEASURE OXIDE THICKNESS
seq_0011,SPIN COAT PHOTORESIST
seq_0011,SOFT BAKE
seq_0011,ALIGN MASK LEVEL 1
seq_0011,EXPOSE LITHO LEVEL 1
seq_0011,DEVELOP PHOTORESIST
seq_0011,PATTERN INSPECTION LEVEL 1
seq_0011,OXIDE ETCH
seq_0011,STRIP RESIST
seq_0011,CLEAN AFTER ETCH
seq_0011,MEASURE OPENING CD
seq_0011,IMPLANT WELL
seq_0011,PRE ANNEAL CHECK
seq_0011,DRIVE IN DIFFUSION
seq_0011,RAPID THERMAL ANNEAL
seq_0011,MEASURE JUNCTION DEPTH
seq_0011,THERMAL OXIDATION
seq_0011,GATE OXIDE PREP
seq_0011,GATE OXIDE GROWTH
seq_0011,MEASURE GATE OXIDE THICKNESS
seq_0011,DEPOSIT POLYSILICON
seq_0011,POLYSILICON ANNEAL
seq_0011,SPIN COAT PHOTORESIST
seq_0011,SOFT BAKE
seq_0011,ALIGN MASK LEVEL 2
seq_0011,EXPOSE LITHO LEVEL 2
seq_0011,DEVELOP PHOTORESIST
seq_0011,POLY PATTERN INSPECTION
seq_0011,HARD BAKE
seq_0011,POLYSILICON ETCH
seq_0011,STRIP RESIST
seq_0011,CLEAN AFTER POLY ETCH
seq_0011,MEASURE GATE CD
seq_0011,IMPLANT SOURCE DRAIN
seq_0011,PRE ANNEAL CHECK
seq_0011,LIGHT ANNEAL
seq_0011,MEASURE SHEET RESISTANCE
seq_0011,DEPOSIT SPACER DIELECTRIC
seq_0011,ANISOTROPIC ETCH SPACER
seq_0011,MEASURE SPACER WIDTH
seq_0011,IMPLANT LDD
seq_0011,RAPID THERMAL ANNEAL
seq_0011,MEASURE JUNCTION PROFILE
seq_0011,DEPOSIT INTERLEVEL DIELECTRIC
seq_0011,DENSIFY OXIDE
seq_0011,MEASURE FILM THICKNESS
seq_0011,CMP DIELECTRIC
seq_0011,MEASURE SURFACE PLANARITY
seq_0011,SPIN COAT PHOTORESIST
seq_0011,SOFT BAKE
seq_0011,ALIGN MASK LEVEL 3
seq_0011,EXPOSE LITHO LEVEL 3
seq_0011,DEVELOP PHOTORESIST
seq_0011,VIA INSPECTION
seq_0011,VIA ETCH
seq_0011,STRIP PHOTORESIST
seq_0011,CLEAN AFTER VIA ETCH
seq_0011,DEPOSIT BARRIER METAL
seq_0011,DEPOSIT METAL SEED
seq_0011,FILL VIA METAL
seq_0011,CMP METAL
seq_0011,DEPOSIT TOP METAL
seq_0011,ANNEAL METAL
seq_0011,SPIN COAT PHOTORESIST
seq_0011,SOFT BAKE
seq_0011,ALIGN MASK LEVEL 4
seq_0011,EXPOSE LITHO LEVEL 4
seq_0011,DEVELOP PHOTORESIST
seq_0011,METAL PATTERN INSPECTION
seq_0011,METAL ETCH
seq_0011,STRIP PHOTORESIST
seq_0011,CLEAN AFTER METAL ETCH
seq_0011,MEASURE LINE WIDTH
seq_0011,DEPOSIT PASSIVATION LAYER
seq_0011,CURE PASSIVATION
seq_0011,MEASURE PASSIVATION QUALITY
seq_0011,OPEN BOND PAD WINDOW
seq_0011,PAD WINDOW LITHO
seq_0011,DEVELOP PHOTORESIST
seq_0011,PASSIVATION ETCH
seq_0011,STRIP PHOTORESIST
seq_0011,CLEAN PAD OPENING
seq_0011,MEASURE PAD OPENING
seq_0011,BACKSIDE CLEAN
seq_0011,BACKSIDE GRIND
seq_0011,MEASURE WAFER THICKNESS
seq_0011,BACKSIDE ETCH CLEAN
seq_0011,BACKSIDE RINSE
seq_0011,BACKSIDE DRY
seq_0011,BACKSIDE METALLIZATION PREP
seq_0011,DEPOSIT BACKSIDE METAL
seq_0011,BACKSIDE ANNEAL
seq_0011,MEASURE BACKSIDE CONTACT
seq_0011,FINAL CLEAN
seq_0011,FINAL THICKNESS MEASURE
seq_0011,FINAL CD INSPECTION
seq_0011,FINAL PARTICLE INSPECTION
seq_0011,PARAMETRIC TEST
seq_0011,LEAKAGE TEST
seq_0011,THRESHOLD VOLTAGE TEST
seq_0011,SWITCHING TEST
seq_0011,WAFER SORT TEST
seq_0011,YIELD ANALYSIS
seq_0011,FINAL LOT RELEASE
seq_0011,SHIP LOT
seq_0012,RECEIVE WAFER LOT
seq_0012,LOT IDENTIFICATION
seq_0012,PRE CLEAN INSPECTION
seq_0012,MEASURE THICKNESS
seq_0012,PRE CLEAN WAFER
seq_0012,WET CLEAN RCA1
seq_0012,WET CLEAN RCA2
seq_0012,HF DIP
seq_0012,SUBSTRATE CHECK
seq_0012,EPITAXY PREP
seq_0012,EPITAXIAL DEPOSITION
seq_0012,MEASURE EPITAXY THICKNESS
seq_0012,MEASURE RESISTIVITY
seq_0012,EPITAXY ANNEAL
seq_0012,WAFER SURFACE CLEAN
seq_0012,THERMAL OXIDATION
seq_0012,MEASURE OXIDE THICKNESS
seq_0012,SPIN COAT PHOTORESIST
seq_0012,SOFT BAKE
seq_0012,ALIGN MASK LEVEL 1
seq_0012,EXPOSE LITHO LEVEL 1
seq_0012,DEVELOP PHOTORESIST
seq_0012,PATTERN INSPECTION LEVEL 1
seq_0012,HARD BAKE
seq_0012,OXIDE ETCH
seq_0012,STRIP PHOTORESIST
seq_0012,CLEAN AFTER ETCH
seq_0012,MEASURE OPENING CD
seq_0012,IMPLANT WELL
seq_0012,PRE ANNEAL CHECK
seq_0012,DRIVE IN DIFFUSION
seq_0012,RAPID THERMAL ANNEAL
seq_0012,THERMAL OXIDATION
seq_0012,GATE OXIDE PREP
seq_0012,GATE OXIDE GROWTH
seq_0012,MEASURE GATE OXIDE THICKNESS
seq_0012,DEPOSIT POLYSILICON
seq_0012,POLYSILICON ANNEAL
seq_0012,MEASURE POLY THICKNESS
seq_0012,SPIN COAT PHOTORESIST
seq_0012,SOFT BAKE
seq_0012,ALIGN MASK LEVEL 2
seq_0012,EXPOSE LITHO LEVEL 2
seq_0012,DEVELOP PHOTORESIST
seq_0012,POLY PATTERN INSPECTION
seq_0012,POLYSILICON ETCH
seq_0012,STRIP PHOTORESIST
seq_0012,CLEAN AFTER POLY ETCH
seq_0012,MEASURE GATE CD
seq_0012,IMPLANT SOURCE DRAIN
seq_0012,PRE ANNEAL CHECK
seq_0012,LIGHT ANNEAL
seq_0012,MEASURE SHEET RESISTANCE
seq_0012,DEPOSIT SPACER DIELECTRIC
seq_0012,ANISOTROPIC ETCH SPACER
seq_0012,IMPLANT LDD
seq_0012,PRE ANNEAL CHECK
seq_0012,RAPID THERMAL ANNEAL
seq_0012,MEASURE JUNCTION PROFILE
seq_0012,DEPOSIT INTERLEVEL DIELECTRIC
seq_0012,DENSIFY DIELECTRIC
seq_0012,MEASURE FILM THICKNESS
seq_0012,CMP INTERLAYER DIELECTRIC
seq_0012,MEASURE SURFACE PLANARITY
seq_0012,SPIN COAT PHOTORESIST
seq_0012,SOFT BAKE
seq_0012,ALIGN MASK LEVEL 3
seq_0012,EXPOSE LITHO LEVEL 3
seq_0012,DEVELOP PHOTORESIST
seq_0012,VIA INSPECTION
seq_0012,VIA ETCH THROUGH DIELECTRIC
seq_0012,STRIP RESIST
seq_0012,CLEAN AFTER VIA ETCH
seq_0012,MEASURE VIA CD
seq_0012,DEPOSIT BARRIER METAL
seq_0012,DEPOSIT METAL SEED
seq_0012,FILL VIA METAL
seq_0012,CMP VIA FILL
seq_0012,DEPOSIT TOP METAL
seq_0012,ANNEAL METAL
seq_0012,SPIN COAT PHOTORESIST
seq_0012,SOFT BAKE
seq_0012,ALIGN MASK LEVEL 4
seq_0012,EXPOSE LITHO LEVEL 4
seq_0012,POST EXPOSE BAKE
seq_0012,DEVELOP PHOTORESIST
seq_0012,METAL PATTERN INSPECTION
seq_0012,HARD BAKE
seq_0012,METAL ETCH
seq_0012,STRIP RESIST
seq_0012,CLEAN AFTER METAL ETCH
seq_0012,MEASURE LINE WIDTH
seq_0012,DEPOSIT PASSIVATION LAYER
seq_0012,CURE PASSIVATION
seq_0012,MEASURE PASSIVATION QUALITY
seq_0012,OPEN BOND PAD WINDOW
seq_0012,OPEN PAD WINDOW LITHO
seq_0012,DEVELOP PAD WINDOW
seq_0012,PASSIVATION ETCH PAD OPENING
seq_0012,STRIP RESIST
seq_0012,CLEAN PAD OPENING
seq_0012,MEASURE PAD OPENING
seq_0012,BACKSIDE CLEAN
seq_0012,BACKSIDE GRIND
seq_0012,MEASURE THICKNESS
seq_0012,BACKSIDE ETCH CLEAN
seq_0012,BACKSIDE RINSE
seq_0012,BACKSIDE DRY
seq_0012,BACKSIDE METALLIZATION PREP
seq_0012,DEPOSIT BACKSIDE METAL
seq_0012,BACKSIDE ANNEAL
seq_0012,MEASURE BACKSIDE CONTACT
seq_0012,FINAL CLEAN
seq_0012,FINAL THICKNESS MEASURE
seq_0012,FINAL GEOMETRY CHECK
seq_0012,FINAL CD INSPECTION
seq_0012,FINAL PARTICLE INSPECTION
seq_0012,PARAMETRIC TEST
seq_0012,LEAKAGE TEST
seq_0012,THRESHOLD VOLTAGE TEST
seq_0012,SWITCHING TEST
seq_0012,WAFER SORT TEST
seq_0012,YIELD ANALYSIS
seq_0012,LOT RELEASE
seq_0012,SHIP LOT
seq_0013,RECEIVE WAFER LOT
seq_0013,LOT IDENTIFICATION
seq_0013,INITIAL WAFER INSPECTION
seq_0013,MEASURE SURFACE PARTICLES
seq_0013,PRE CLEAN WAFER
seq_0013,WET CLEAN RCA1
seq_0013,RCA CLEAN 2
seq_0013,HF DIP
seq_0013,SUBSTRATE CHECK
seq_0013,EPITAXY PREP
seq_0013,EPITAXIAL DEPOSITION
seq_0013,MEASURE EPITAXY THICKNESS
seq_0013,MEASURE RESISTIVITY
seq_0013,EPITAXY ANNEAL
seq_0013,WAFER SURFACE CLEAN
seq_0013,THERMAL OXIDATION
seq_0013,MEASURE OXIDE THICKNESS
seq_0013,SPIN COAT PHOTORESIST
seq_0013,SOFT BAKE
seq_0013,ALIGN MASK LEVEL 1
seq_0013,EXPOSE LITHO LEVEL 1
seq_0013,POST EXPOSE BAKE
seq_0013,DEVELOP PHOTORESIST
seq_0013,PATTERN INSPECTION LEVEL 1
seq_0013,OXIDE ETCH
seq_0013,STRIP PHOTORESIST
seq_0013,CLEAN AFTER ETCH
seq_0013,MEASURE OPENING CD
seq_0013,IMPLANT WELL
seq_0013,PRE ANNEAL CHECK
seq_0013,DRIVE IN DIFFUSION
seq_0013,RAPID THERMAL ANNEAL
seq_0013,THERMAL OXIDATION
seq_0013,GATE OXIDE PREP
seq_0013,GATE OXIDE GROWTH
seq_0013,MEASURE GATE OXIDE THICKNESS
seq_0013,DEPOSIT POLYSILICON
seq_0013,POLYSILICON ANNEAL
seq_0013,SPIN COAT PHOTORESIST
seq_0013,SOFT BAKE
seq_0013,ALIGN MASK LEVEL 2
seq_0013,EXPOSE LITHO LEVEL 2
seq_0013,DEVELOP PHOTORESIST
seq_0013,POLY PATTERN INSPECTION
seq_0013,POLYSILICON ETCH
seq_0013,STRIP RESIST
seq_0013,CLEAN AFTER POLY ETCH
seq_0013,MEASURE GATE CD
seq_0013,IMPLANT SOURCE DRAIN
seq_0013,LIGHT ANNEAL
seq_0013,MEASURE SHEET RESISTANCE
seq_0013,DEPOSIT SPACER DIELECTRIC
seq_0013,ANISOTROPIC ETCH SPACER
seq_0013,MEASURE SPACER WIDTH
seq_0013,IMPLANT LDD
seq_0013,RAPID THERMAL ANNEAL
seq_0013,MEASURE JUNCTION PROFILE
seq_0013,DEPOSIT INTERLEVEL DIELECTRIC
seq_0013,DENSIFY DIELECTRIC
seq_0013,MEASURE DIELECTRIC THICKNESS
seq_0013,CMP INTERLAYER DIELECTRIC
seq_0013,MEASURE PLANARITY
seq_0013,SPIN COAT PHOTORESIST
seq_0013,SOFT BAKE
seq_0013,ALIGN MASK LEVEL 3
seq_0013,EXPOSE LITHO LEVEL 3
seq_0013,POST EXPOSE BAKE
seq_0013,DEVELOP PHOTORESIST
seq_0013,VIA INSPECTION
seq_0013,HARD BAKE
seq_0013,VIA ETCH THROUGH DIELECTRIC
seq_0013,STRIP PHOTORESIST
seq_0013,CLEAN AFTER VIA ETCH
seq_0013,MEASURE VIA CD
seq_0013,DEPOSIT BARRIER METAL
seq_0013,DEPOSIT METAL SEED
seq_0013,FILL VIA METAL
seq_0013,CMP VIA FILL
seq_0013,DEPOSIT TOP METAL
seq_0013,ANNEAL METAL 1
seq_0013,SPIN COAT PHOTORESIST
seq_0013,SOFT BAKE
seq_0013,ALIGN MASK LEVEL 4
seq_0013,EXPOSE LITHO LEVEL 4
seq_0013,DEVELOP PHOTORESIST
seq_0013,METAL PATTERN INSPECTION
seq_0013,HARD BAKE
seq_0013,METAL ETCH
seq_0013,STRIP PHOTORESIST
seq_0013,CLEAN AFTER METAL ETCH
seq_0013,MEASURE LINE WIDTH
seq_0013,DEPOSIT PASSIVATION LAYER
seq_0013,CURE PASSIVATION
seq_0013,MEASURE PASSIVATION THICKNESS
seq_0013,OPEN BOND PAD WINDOW
seq_0013,PAD WINDOW LITHO
seq_0013,DEVELOP PAD WINDOW
seq_0013,PASSIVATION ETCH PAD OPENING
seq_0013,STRIP PHOTORESIST
seq_0013,CLEAN PAD OPENING
seq_0013,MEASURE PAD OPENING
seq_0013,BACKSIDE CLEAN
seq_0013,BACKSIDE GRIND
seq_0013,MEASURE THICKNESS
seq_0013,BACKSIDE ETCH CLEAN
seq_0013,BACKSIDE RINSE
seq_0013,BACKSIDE DRY
seq_0013,BACKSIDE METALLIZATION PREP
seq_0013,DEPOSIT BACKSIDE METAL
seq_0013,BACKSIDE ANNEAL
seq_0013,MEASURE BACKSIDE CONTACT
seq_0013,FINAL CLEAN
seq_0013,FINAL THICKNESS MEASURE
seq_0013,FINAL GEOMETRY CHECK
seq_0013,FINAL CD INSPECTION
seq_0013,FINAL PARTICLE INSPECTION
seq_0013,ELECTRICAL PARAMETRIC TEST
seq_0013,LEAKAGE TEST
seq_0013,THRESHOLD VOLTAGE TEST
seq_0013,SWITCHING TEST
seq_0013,WAFER SORT TEST
seq_0013,YIELD ANALYSIS
seq_0013,FINAL LOT RELEASE
seq_0013,SHIP LOT
seq_0014,RECEIVE WAFER LOT
seq_0014,LOT IDENTIFICATION
seq_0014,INITIAL WAFER INSPECTION
seq_0014,MEASURE THICKNESS
seq_0014,MEASURE SURFACE PARTICLES
seq_0014,PRE CLEAN WAFER
seq_0014,BACKSIDE CLEAN
seq_0014,RCA CLEAN 1
seq_0014,WET CLEAN RCA2
seq_0014,HF DIP
seq_0014,DRY WAFER
seq_0014,SUBSTRATE CHECK
seq_0014,EPITAXY PREP
seq_0014,EPITAXIAL DEPOSITION
seq_0014,MEASURE EPITAXY THICKNESS
seq_0014,MEASURE RESISTIVITY
seq_0014,EPITAXY ANNEAL
seq_0014,WAFER SURFACE CLEAN
seq_0014,THERMAL OXIDATION
seq_0014,MEASURE OXIDE THICKNESS
seq_0014,SPIN COAT PHOTORESIST
seq_0014,SOFT BAKE
seq_0014,ALIGN MASK LEVEL 1
seq_0014,EXPOSE LITHO LEVEL 1
seq_0014,DEVELOP PHOTORESIST
seq_0014,PATTERN INSPECTION LEVEL 1
seq_0014,OXIDE ETCH
seq_0014,STRIP PHOTORESIST
seq_0014,CLEAN AFTER ETCH
seq_0014,MEASURE OPENING CD
seq_0014,IMPLANT WELL
seq_0014,PRE ANNEAL CHECK
seq_0014,DRIVE IN DIFFUSION
seq_0014,RAPID THERMAL ANNEAL
seq_0014,THERMAL OXIDATION
seq_0014,GATE OXIDE PREP
seq_0014,GATE OXIDE GROWTH
seq_0014,MEASURE GATE OXIDE THICKNESS
seq_0014,DEPOSIT POLYSILICON
seq_0014,POLYSILICON ANNEAL
seq_0014,MEASURE POLY THICKNESS
seq_0014,SPIN COAT PHOTORESIST
seq_0014,SOFT BAKE
seq_0014,ALIGN MASK LEVEL 2
seq_0014,EXPOSE LITHO LEVEL 2
seq_0014,DEVELOP PHOTORESIST
seq_0014,POLY PATTERN INSPECTION
seq_0014,POLYSILICON ETCH
seq_0014,STRIP RESIST
seq_0014,CLEAN AFTER POLY ETCH
seq_0014,MEASURE GATE CD
seq_0014,IMPLANT SOURCE DRAIN
seq_0014,LIGHT ANNEAL
seq_0014,MEASURE SHEET RESISTANCE
seq_0014,DEPOSIT SPACER DIELECTRIC
seq_0014,ANISOTROPIC ETCH SPACER
seq_0014,MEASURE SPACER WIDTH
seq_0014,IMPLANT LDD
seq_0014,RAPID THERMAL ANNEAL
seq_0014,MEASURE JUNCTION PROFILE
seq_0014,DEPOSIT INTERLEVEL DIELECTRIC
seq_0014,DENSIFY DIELECTRIC
seq_0014,MEASURE FILM THICKNESS
seq_0014,CMP DIELECTRIC
seq_0014,MEASURE SURFACE PLANARITY
seq_0014,SPIN COAT PHOTORESIST
seq_0014,SOFT BAKE
seq_0014,ALIGN MASK LEVEL 3
seq_0014,EXPOSE LITHO LEVEL 3
seq_0014,POST EXPOSE BAKE
seq_0014,DEVELOP PHOTORESIST
seq_0014,VIA INSPECTION
seq_0014,VIA ETCH THROUGH DIELECTRIC
seq_0014,STRIP RESIST
seq_0014,CLEAN AFTER VIA ETCH
seq_0014,MEASURE VIA CD
seq_0014,DEPOSIT BARRIER METAL
seq_0014,DEPOSIT METAL SEED
seq_0014,FILL VIA METAL
seq_0014,CMP METAL
seq_0014,DEPOSIT TOP METAL
seq_0014,ANNEAL METAL
seq_0014,SPIN COAT PHOTORESIST
seq_0014,SOFT BAKE
seq_0014,ALIGN MASK LEVEL 4
seq_0014,EXPOSE LITHO LEVEL 4
seq_0014,DEVELOP PHOTORESIST
seq_0014,METAL PATTERN INSPECTION
seq_0014,METAL ETCH
seq_0014,STRIP PHOTORESIST
seq_0014,CLEAN AFTER METAL ETCH
seq_0014,MEASURE LINE WIDTH
seq_0014,DEPOSIT PASSIVATION LAYER
seq_0014,CURE PASSIVATION
seq_0014,MEASURE PASSIVATION QUALITY
seq_0014,OPEN PAD WINDOW
seq_0014,PAD WINDOW LITHO
seq_0014,DEVELOP PHOTORESIST
seq_0014,PASSIVATION ETCH
seq_0014,STRIP PHOTORESIST
seq_0014,CLEAN PAD OPENING
seq_0014,MEASURE PAD OPENING
seq_0014,BACKSIDE CLEAN
seq_0014,BACKSIDE GRIND
seq_0014,MEASURE THICKNESS
seq_0014,BACKSIDE ETCH CLEAN
seq_0014,BACKSIDE RINSE
seq_0014,BACKSIDE DRY
seq_0014,BACKSIDE METALLIZATION PREP
seq_0014,DEPOSIT BACKSIDE METAL
seq_0014,BACKSIDE ANNEAL
seq_0014,MEASURE BACKSIDE CONTACT
seq_0014,FINAL CLEAN
seq_0014,FINAL THICKNESS MEASURE
seq_0014,FINAL GEOMETRY CHECK
seq_0014,FINAL CD INSPECTION
seq_0014,FINAL PARTICLE INSPECTION
seq_0014,PARAMETRIC TEST
seq_0014,LEAKAGE TEST
seq_0014,THRESHOLD VOLTAGE TEST
seq_0014,SWITCHING TEST
seq_0014,WAFER SORT TEST
seq_0014,YIELD ANALYSIS
seq_0014,LOT RELEASE
seq_0014,SHIP LOT
seq_0015,RECEIVE WAFER LOT
seq_0015,LOT IDENTIFICATION
seq_0015,INITIAL WAFER INSPECTION
seq_0015,MEASURE THICKNESS
seq_0015,MEASURE SURFACE PARTICLES
seq_0015,PRE CLEAN WAFER
seq_0015,BACKSIDE CLEAN
seq_0015,RCA CLEAN 1
seq_0015,RCA CLEAN 2
seq_0015,HF DIP
seq_0015,DRY WAFER
seq_0015,SUBSTRATE CHECK
seq_0015,EPITAXY PREP
seq_0015,EPITAXIAL DEPOSITION
seq_0015,MEASURE EPITAXY THICKNESS
seq_0015,MEASURE RESISTIVITY
seq_0015,EPITAXY ANNEAL
seq_0015,WAFER SURFACE CLEAN
seq_0015,THERMAL OXIDATION
seq_0015,MEASURE OXIDE THICKNESS
seq_0015,SPIN COAT PHOTORESIST
seq_0015,SOFT BAKE
seq_0015,ALIGN MASK LEVEL 1
seq_0015,EXPOSE LITHO LEVEL 1
seq_0015,POST EXPOSE BAKE
seq_0015,DEVELOP PHOTORESIST
seq_0015,PATTERN INSPECTION LEVEL 1
seq_0015,OXIDE ETCH
seq_0015,STRIP PHOTORESIST
seq_0015,CLEAN AFTER ETCH
seq_0015,MEASURE OPENING CD
seq_0015,IMPLANT WELL
seq_0015,PRE ANNEAL CHECK
seq_0015,DRIVE IN DIFFUSION
seq_0015,RAPID THERMAL ANNEAL
seq_0015,MEASURE JUNCTION DEPTH
seq_0015,THERMAL OXIDATION
seq_0015,GATE OXIDE PREP
seq_0015,GATE OXIDE GROWTH
seq_0015,MEASURE GATE OXIDE THICKNESS
seq_0015,DEPOSIT POLYSILICON
seq_0015,POLYSILICON ANNEAL
seq_0015,MEASURE POLY THICKNESS
seq_0015,SPIN COAT PHOTORESIST
seq_0015,SOFT BAKE
seq_0015,ALIGN MASK LEVEL 2
seq_0015,EXPOSE LITHO LEVEL 2
seq_0015,POST EXPOSE BAKE
seq_0015,DEVELOP PHOTORESIST
seq_0015,POLY PATTERN INSPECTION
seq_0015,HARD BAKE
seq_0015,POLYSILICON ETCH
seq_0015,STRIP RESIST
seq_0015,CLEAN AFTER POLY ETCH
seq_0015,IMPLANT SOURCE DRAIN
seq_0015,PRE ANNEAL CHECK
seq_0015,LIGHT ANNEAL
seq_0015,MEASURE SHEET RESISTANCE
seq_0015,DEPOSIT SPACER DIELECTRIC
seq_0015,ANISOTROPIC ETCH SPACER
seq_0015,MEASURE SPACER WIDTH
seq_0015,IMPLANT LDD
seq_0015,PRE ANNEAL CHECK
seq_0015,RAPID THERMAL ANNEAL
seq_0015,MEASURE JUNCTION PROFILE
seq_0015,DEPOSIT INTERLAYER DIELECTRIC
seq_0015,DENSIFY OXIDE
seq_0015,MEASURE DIELECTRIC THICKNESS
seq_0015,CMP INTERLAYER DIELECTRIC
seq_0015,MEASURE PLANARITY
seq_0015,SPIN COAT PHOTORESIST
seq_0015,SOFT BAKE
seq_0015,ALIGN MASK LEVEL 3
seq_0015,EXPOSE LITHO LEVEL 3
seq_0015,DEVELOP PHOTORESIST
seq_0015,VIA INSPECTION
seq_0015,VIA ETCH THROUGH DIELECTRIC
seq_0015,STRIP PHOTORESIST
seq_0015,CLEAN AFTER VIA ETCH
seq_0015,MEASURE VIA CD
seq_0015,DEPOSIT BARRIER METAL
seq_0015,DEPOSIT METAL SEED
seq_0015,FILL VIA METAL
seq_0015,CMP METAL
seq_0015,MEASURE CONTACT RESISTANCE
seq_0015,DEPOSIT TOP METAL
seq_0015,ANNEAL METAL 1
seq_0015,SPIN COAT PHOTORESIST
seq_0015,SOFT BAKE
seq_0015,ALIGN MASK LEVEL 4
seq_0015,EXPOSE LITHO LEVEL 4
seq_0015,DEVELOP PHOTORESIST
seq_0015,METAL PATTERN INSPECTION
seq_0015,HARD BAKE
seq_0015,METAL ETCH
seq_0015,STRIP PHOTORESIST
seq_0015,CLEAN AFTER METAL ETCH
seq_0015,MEASURE LINE WIDTH
seq_0015,DEPOSIT PASSIVATION LAYER
seq_0015,CURE PASSIVATION
seq_0015,MEASURE PASSIVATION THICKNESS
seq_0015,OPEN BOND PAD WINDOW
seq_0015,OPEN PAD WINDOW LITHO
seq_0015,DEVELOP PAD WINDOW
seq_0015,PASSIVATION ETCH
seq_0015,STRIP PHOTORESIST
seq_0015,CLEAN PAD OPENING
seq_0015,MEASURE PAD OPENING
seq_0015,BACKSIDE CLEAN
seq_0015,BACKSIDE GRIND
seq_0015,MEASURE WAFER THICKNESS
seq_0015,BACKSIDE ETCH CLEAN
seq_0015,BACKSIDE RINSE
seq_0015,BACKSIDE DRY
seq_0015,BACKSIDE METALLIZATION PREP
seq_0015,DEPOSIT BACKSIDE METAL
seq_0015,BACKSIDE ANNEAL
seq_0015,MEASURE BACKSIDE CONTACT
seq_0015,FINAL CLEAN
seq_0015,FINAL THICKNESS MEASURE
seq_0015,FINAL GEOMETRY CHECK
seq_0015,FINAL CD INSPECTION
seq_0015,FINAL PARTICLE INSPECTION
seq_0015,ELECTRICAL PARAMETRIC TEST
seq_0015,LEAKAGE TEST
seq_0015,THRESHOLD VOLTAGE TEST
seq_0015,SWITCHING TEST
seq_0015,WAFER SORT TEST
seq_0015,YIELD ANALYSIS
seq_0015,FINAL LOT RELEASE
seq_0015,SHIP LOT
seq_0016,RECEIVE WAFER LOT
seq_0016,LOT IDENTIFICATION
seq_0016,INITIAL WAFER INSPECTION
seq_0016,MEASURE THICKNESS
seq_0016,MEASURE SURFACE PARTICLES
seq_0016,PRE CLEAN WAFER
seq_0016,RCA CLEAN 1
seq_0016,WET CLEAN RCA2
seq_0016,HF DIP
seq_0016,SUBSTRATE CHECK
seq_0016,EPITAXY PREP
seq_0016,EPITAXIAL DEPOSITION
seq_0016,MEASURE EPITAXY THICKNESS
seq_0016,MEASURE RESISTIVITY
seq_0016,EPITAXY ANNEAL
seq_0016,WAFER SURFACE CLEAN
seq_0016,THERMAL OXIDATION
seq_0016,MEASURE OXIDE THICKNESS
seq_0016,SPIN COAT PHOTORESIST
seq_0016,SOFT BAKE
seq_0016,ALIGN MASK LEVEL 1
seq_0016,EXPOSE LITHO LEVEL 1
seq_0016,POST EXPOSE BAKE
seq_0016,DEVELOP PHOTORESIST
seq_0016,PATTERN INSPECTION LEVEL 1
seq_0016,OXIDE ETCH
seq_0016,STRIP PHOTORESIST
seq_0016,CLEAN AFTER ETCH
seq_0016,MEASURE OPENING CD
seq_0016,IMPLANT WELL
seq_0016,PRE ANNEAL CHECK
seq_0016,DRIVE IN DIFFUSION
seq_0016,RAPID THERMAL ANNEAL
seq_0016,MEASURE JUNCTION DEPTH
seq_0016,THERMAL OXIDATION
seq_0016,GATE OXIDE PREP
seq_0016,GATE OXIDE GROWTH
seq_0016,MEASURE GATE OXIDE THICKNESS
seq_0016,DEPOSIT POLYSILICON
seq_0016,POLYSILICON ANNEAL
seq_0016,MEASURE POLY THICKNESS
seq_0016,SPIN COAT PHOTORESIST
seq_0016,SOFT BAKE
seq_0016,ALIGN MASK LEVEL 2
seq_0016,EXPOSE LITHO LEVEL 2
seq_0016,DEVELOP PHOTORESIST
seq_0016,POLY PATTERN INSPECTION
seq_0016,POLYSILICON ETCH
seq_0016,STRIP PHOTORESIST
seq_0016,CLEAN AFTER POLY ETCH
seq_0016,MEASURE GATE CD
seq_0016,IMPLANT SOURCE DRAIN
seq_0016,LIGHT ANNEAL
seq_0016,MEASURE SHEET RESISTANCE
seq_0016,DEPOSIT SPACER DIELECTRIC
seq_0016,ANISOTROPIC ETCH SPACER
seq_0016,IMPLANT LDD
seq_0016,PRE ANNEAL CHECK
seq_0016,RAPID THERMAL ANNEAL
seq_0016,MEASURE JUNCTION PROFILE
seq_0016,DEPOSIT INTERLAYER DIELECTRIC
seq_0016,DENSIFY DIELECTRIC
seq_0016,MEASURE DIELECTRIC THICKNESS
seq_0016,CMP INTERLAYER DIELECTRIC
seq_0016,MEASURE SURFACE PLANARITY
seq_0016,SPIN COAT PHOTORESIST
seq_0016,SOFT BAKE
seq_0016,ALIGN MASK LEVEL 3
seq_0016,EXPOSE LITHO LEVEL 3
seq_0016,DEVELOP PHOTORESIST
seq_0016,VIA OPENING INSPECTION
seq_0016,HARD BAKE
seq_0016,VIA ETCH THROUGH DIELECTRIC
seq_0016,STRIP PHOTORESIST
seq_0016,CLEAN AFTER VIA ETCH
seq_0016,DEPOSIT BARRIER METAL
seq_0016,DEPOSIT METAL SEED
seq_0016,FILL VIA METAL
seq_0016,CMP METAL
seq_0016,DEPOSIT METAL 1
seq_0016,ANNEAL METAL 1
seq_0016,MEASURE METAL THICKNESS
seq_0016,SPIN COAT PHOTORESIST
seq_0016,SOFT BAKE
seq_0016,ALIGN MASK LEVEL 4
seq_0016,EXPOSE LITHO LEVEL 4
seq_0016,DEVELOP PHOTORESIST
seq_0016,METAL PATTERN INSPECTION
seq_0016,METAL ETCH
seq_0016,STRIP RESIST
seq_0016,CLEAN AFTER METAL ETCH
seq_0016,MEASURE LINE WIDTH
seq_0016,DEPOSIT PASSIVATION
seq_0016,CURE PASSIVATION
seq_0016,MEASURE PASSIVATION QUALITY
seq_0016,OPEN PAD WINDOW
seq_0016,OPEN PAD WINDOW LITHO
seq_0016,DEVELOP PHOTORESIST
seq_0016,PASSIVATION ETCH PAD OPENING
seq_0016,STRIP RESIST
seq_0016,CLEAN PAD OPENING
seq_0016,MEASURE PAD OPENING
seq_0016,BACKSIDE CLEAN
seq_0016,BACKSIDE GRIND
seq_0016,MEASURE WAFER THICKNESS
seq_0016,BACKSIDE ETCH CLEAN
seq_0016,BACKSIDE RINSE
seq_0016,BACKSIDE DRY
seq_0016,BACKSIDE METALLIZATION PREP
seq_0016,DEPOSIT BACKSIDE METAL
seq_0016,BACKSIDE ANNEAL
seq_0016,MEASURE BACKSIDE CONTACT
seq_0016,FINAL CLEAN
seq_0016,FINAL THICKNESS MEASURE
seq_0016,FINAL GEOMETRY CHECK
seq_0016,FINAL CD INSPECTION
seq_0016,FINAL PARTICLE INSPECTION
seq_0016,ELECTRICAL PARAMETRIC TEST
seq_0016,LEAKAGE TEST
seq_0016,THRESHOLD VOLTAGE TEST
seq_0016,SWITCHING TEST
seq_0016,WAFER SORT TEST
seq_0016,YIELD ANALYSIS
seq_0016,FINAL LOT RELEASE
seq_0016,SHIP LOT
seq_0017,RECEIVE WAFER LOT
seq_0017,LOT IDENTIFICATION
seq_0017,INITIAL WAFER INSPECTION
seq_0017,MEASURE THICKNESS
seq_0017,MEASURE SURFACE PARTICLES
seq_0017,PRE CLEAN WAFER
seq_0017,FRONTSIDE CLEAN
seq_0017,RCA CLEAN 1
seq_0017,WET CLEAN RCA2
seq_0017,HF DIP
seq_0017,DRY WAFER
seq_0017,SUBSTRATE CHECK
seq_0017,EPITAXY PREP
seq_0017,EPITAXIAL DEPOSITION
seq_0017,MEASURE EPITAXY THICKNESS
seq_0017,MEASURE RESISTIVITY
seq_0017,EPITAXY ANNEAL
seq_0017,WAFER SURFACE CLEAN
seq_0017,THERMAL OXIDATION
seq_0017,MEASURE OXIDE THICKNESS
seq_0017,SPIN COAT PHOTORESIST
seq_0017,SOFT BAKE
seq_0017,ALIGN MASK LEVEL 1
seq_0017,EXPOSE LITHO LEVEL 1
seq_0017,DEVELOP PHOTORESIST
seq_0017,PATTERN INSPECTION LEVEL 1
seq_0017,OXIDE ETCH
seq_0017,STRIP RESIST
seq_0017,CLEAN AFTER ETCH
seq_0017,MEASURE OPENING CD
seq_0017,IMPLANT WELL
seq_0017,PRE ANNEAL CHECK
seq_0017,DRIVE IN DIFFUSION
seq_0017,RAPID THERMAL ANNEAL
seq_0017,THERMAL OXIDATION
seq_0017,GATE OXIDE PREP
seq_0017,GATE OXIDE GROWTH
seq_0017,MEASURE GATE OXIDE THICKNESS
seq_0017,DEPOSIT POLYSILICON
seq_0017,POLYSILICON ANNEAL
seq_0017,MEASURE POLY THICKNESS
seq_0017,SPIN COAT PHOTORESIST
seq_0017,SOFT BAKE
seq_0017,ALIGN MASK LEVEL 2
seq_0017,EXPOSE LITHO LEVEL 2
seq_0017,POST EXPOSE BAKE
seq_0017,DEVELOP PHOTORESIST
seq_0017,POLY PATTERN INSPECTION
seq_0017,POLYSILICON ETCH
seq_0017,STRIP RESIST
seq_0017,CLEAN AFTER POLY ETCH
seq_0017,IMPLANT SOURCE DRAIN
seq_0017,PRE ANNEAL CHECK
seq_0017,LIGHT ANNEAL
seq_0017,MEASURE SHEET RESISTANCE
seq_0017,DEPOSIT SPACER DIELECTRIC
seq_0017,ANISOTROPIC ETCH SPACER
seq_0017,IMPLANT LDD
seq_0017,RAPID THERMAL ANNEAL
seq_0017,MEASURE JUNCTION PROFILE
seq_0017,DEPOSIT INTERLEVEL DIELECTRIC
seq_0017,DENSIFY OXIDE
seq_0017,MEASURE DIELECTRIC THICKNESS
seq_0017,CMP INTERLAYER DIELECTRIC
seq_0017,MEASURE SURFACE PLANARITY
seq_0017,SPIN COAT PHOTORESIST
seq_0017,SOFT BAKE
seq_0017,ALIGN MASK LEVEL 3
seq_0017,EXPOSE LITHO LEVEL 3
seq_0017,DEVELOP PHOTORESIST
seq_0017,VIA INSPECTION
seq_0017,DIELECTRIC ETCH VIA
seq_0017,STRIP RESIST
seq_0017,CLEAN AFTER VIA ETCH
seq_0017,MEASURE VIA CD
seq_0017,DEPOSIT BARRIER METAL
seq_0017,DEPOSIT METAL SEED
seq_0017,FILL VIA METAL
seq_0017,CMP VIA FILL
seq_0017,DEPOSIT TOP METAL
seq_0017,ANNEAL METAL
seq_0017,SPIN COAT PHOTORESIST
seq_0017,SOFT BAKE
seq_0017,ALIGN MASK LEVEL 4
seq_0017,EXPOSE LITHO LEVEL 4
seq_0017,DEVELOP PHOTORESIST
seq_0017,METAL PATTERN INSPECTION
seq_0017,HARD BAKE
seq_0017,METAL ETCH
seq_0017,STRIP PHOTORESIST
seq_0017,CLEAN AFTER METAL ETCH
seq_0017,MEASURE LINE WIDTH
seq_0017,DEPOSIT PASSIVATION LAYER
seq_0017,CURE PASSIVATION
seq_0017,MEASURE PASSIVATION QUALITY
seq_0017,OPEN PAD WINDOW
seq_0017,PAD WINDOW LITHO
seq_0017,DEVELOP PAD WINDOW
seq_0017,PASSIVATION ETCH PAD OPENING
seq_0017,STRIP RESIST
seq_0017,CLEAN PAD OPENING
seq_0017,MEASURE PAD OPENING
seq_0017,BACKSIDE CLEAN
seq_0017,BACKSIDE GRIND
seq_0017,MEASURE THICKNESS
seq_0017,BACKSIDE ETCH CLEAN
seq_0017,BACKSIDE RINSE
seq_0017,BACKSIDE DRY
seq_0017,BACKSIDE METALLIZATION PREP
seq_0017,DEPOSIT BACKSIDE METAL
seq_0017,BACKSIDE ANNEAL
seq_0017,MEASURE BACKSIDE CONTACT
seq_0017,FINAL CLEAN
seq_0017,FINAL THICKNESS MEASURE
seq_0017,FINAL GEOMETRY CHECK
seq_0017,FINAL PARTICLE INSPECTION
seq_0017,PARAMETRIC TEST
seq_0017,LEAKAGE TEST
seq_0017,THRESHOLD VOLTAGE TEST
seq_0017,SWITCHING TEST
seq_0017,WAFER SORT TEST
seq_0017,YIELD ANALYSIS
seq_0017,LOT RELEASE
seq_0017,SHIP LOT
seq_0018,RECEIVE WAFER LOT
seq_0018,LOT IDENTIFICATION
seq_0018,PRE CLEAN INSPECTION
seq_0018,MEASURE THICKNESS
seq_0018,MEASURE SURFACE PARTICLES
seq_0018,PRE CLEAN WAFER
seq_0018,RCA CLEAN 1
seq_0018,WET CLEAN RCA2
seq_0018,HF DIP
seq_0018,DRY WAFER
seq_0018,SUBSTRATE CHECK
seq_0018,EPITAXY PREP
seq_0018,EPITAXIAL DEPOSITION
seq_0018,MEASURE EPITAXY THICKNESS
seq_0018,MEASURE RESISTIVITY
seq_0018,EPITAXY ANNEAL
seq_0018,WAFER SURFACE CLEAN
seq_0018,THERMAL OXIDATION
seq_0018,MEASURE OXIDE THICKNESS
seq_0018,SPIN COAT PHOTORESIST
seq_0018,SOFT BAKE
seq_0018,ALIGN MASK LEVEL 1
seq_0018,EXPOSE LITHO LEVEL 1
seq_0018,DEVELOP PHOTORESIST
seq_0018,PATTERN INSPECTION LEVEL 1
seq_0018,OXIDE ETCH
seq_0018,STRIP PHOTORESIST
seq_0018,CLEAN AFTER ETCH
seq_0018,IMPLANT WELL
seq_0018,DRIVE IN DIFFUSION
seq_0018,RAPID THERMAL ANNEAL
seq_0018,MEASURE JUNCTION DEPTH
seq_0018,THERMAL OXIDATION
seq_0018,GATE OXIDE PREP
seq_0018,GATE OXIDE GROWTH
seq_0018,MEASURE GATE OXIDE THICKNESS
seq_0018,DEPOSIT POLYSILICON
seq_0018,POLYSILICON ANNEAL
seq_0018,MEASURE POLY THICKNESS
seq_0018,SPIN COAT PHOTORESIST
seq_0018,SOFT BAKE
seq_0018,ALIGN MASK LEVEL 2
seq_0018,EXPOSE LITHO LEVEL 2
seq_0018,DEVELOP PHOTORESIST
seq_0018,POLY PATTERN INSPECTION
seq_0018,POLYSILICON ETCH
seq_0018,STRIP RESIST
seq_0018,CLEAN AFTER POLY ETCH
seq_0018,MEASURE GATE CD
seq_0018,IMPLANT SOURCE DRAIN
seq_0018,LIGHT ANNEAL
seq_0018,MEASURE SHEET RESISTANCE
seq_0018,DEPOSIT SPACER DIELECTRIC
seq_0018,ANISOTROPIC ETCH SPACER
seq_0018,MEASURE SPACER WIDTH
seq_0018,IMPLANT LDD
seq_0018,PRE ANNEAL CHECK
seq_0018,RAPID THERMAL ANNEAL
seq_0018,DEPOSIT INTERLAYER DIELECTRIC
seq_0018,DENSIFY DIELECTRIC
seq_0018,MEASURE DIELECTRIC THICKNESS
seq_0018,CMP INTERLAYER DIELECTRIC
seq_0018,MEASURE PLANARITY
seq_0018,SPIN COAT PHOTORESIST
seq_0018,SOFT BAKE
seq_0018,ALIGN MASK LEVEL 3
seq_0018,EXPOSE LITHO LEVEL 3
seq_0018,DEVELOP PHOTORESIST
seq_0018,VIA OPENING INSPECTION
seq_0018,VIA ETCH
seq_0018,STRIP RESIST
seq_0018,CLEAN AFTER VIA ETCH
seq_0018,MEASURE VIA CD
seq_0018,DEPOSIT BARRIER METAL
seq_0018,DEPOSIT METAL SEED
seq_0018,FILL VIA METAL
seq_0018,CMP VIA FILL
seq_0018,DEPOSIT METAL 1
seq_0018,ANNEAL METAL 1
seq_0018,SPIN COAT PHOTORESIST
seq_0018,SOFT BAKE
seq_0018,ALIGN MASK LEVEL 4
seq_0018,EXPOSE LITHO LEVEL 4
seq_0018,DEVELOP PHOTORESIST
seq_0018,METAL PATTERN INSPECTION
seq_0018,METAL ETCH
seq_0018,STRIP PHOTORESIST
seq_0018,CLEAN AFTER METAL ETCH
seq_0018,MEASURE LINE WIDTH
seq_0018,DEPOSIT PASSIVATION LAYER
seq_0018,CURE PASSIVATION
seq_0018,MEASURE PASSIVATION QUALITY
seq_0018,OPEN BOND PAD WINDOW
seq_0018,OPEN PAD WINDOW LITHO
seq_0018,DEVELOP PHOTORESIST
seq_0018,PASSIVATION ETCH PAD OPENING
seq_0018,STRIP PHOTORESIST
seq_0018,CLEAN PAD OPENING
seq_0018,MEASURE PAD OPENING
seq_0018,BACKSIDE CLEAN
seq_0018,BACKSIDE GRIND
seq_0018,MEASURE THICKNESS
seq_0018,BACKSIDE ETCH CLEAN
seq_0018,BACKSIDE RINSE
seq_0018,BACKSIDE DRY
seq_0018,BACKSIDE METALLIZATION PREP
seq_0018,DEPOSIT BACKSIDE METAL
seq_0018,BACKSIDE ANNEAL
seq_0018,MEASURE BACKSIDE CONTACT
seq_0018,FINAL CLEAN
seq_0018,FINAL THICKNESS MEASURE
seq_0018,FINAL GEOMETRY CHECK
seq_0018,FINAL PARTICLE INSPECTION
seq_0018,PARAMETRIC TEST
seq_0018,LEAKAGE TEST
seq_0018,THRESHOLD VOLTAGE TEST
seq_0018,SWITCHING TEST
seq_0018,WAFER SORT TEST
seq_0018,YIELD ANALYSIS
seq_0018,FINAL LOT RELEASE
seq_0018,SHIP LOT
seq_0019,RECEIVE WAFER LOT
seq_0019,LOT IDENTIFICATION
seq_0019,INITIAL WAFER INSPECTION
seq_0019,MEASURE THICKNESS
seq_0019,MEASURE SURFACE PARTICLES
seq_0019,PRE CLEAN WAFER
seq_0019,BACKSIDE CLEAN
seq_0019,FRONTSIDE CLEAN
seq_0019,RCA CLEAN 1
seq_0019,RCA CLEAN 2
seq_0019,HF DIP
seq_0019,DRY WAFER
seq_0019,SUBSTRATE CHECK
seq_0019,EPITAXY PREP
seq_0019,EPITAXIAL DEPOSITION
seq_0019,MEASURE EPITAXY THICKNESS
seq_0019,MEASURE RESISTIVITY
seq_0019,EPITAXY ANNEAL
seq_0019,WAFER SURFACE CLEAN
seq_0019,THERMAL OXIDATION
seq_0019,MEASURE OXIDE THICKNESS
seq_0019,SPIN COAT PHOTORESIST
seq_0019,SOFT BAKE
seq_0019,ALIGN MASK LEVEL 1
seq_0019,EXPOSE LITHO LEVEL 1
seq_0019,DEVELOP PHOTORESIST
seq_0019,PATTERN INSPECTION LEVEL 1
seq_0019,HARD BAKE
seq_0019,OXIDE ETCH
seq_0019,STRIP PHOTORESIST
seq_0019,CLEAN AFTER ETCH
seq_0019,IMPLANT WELL
seq_0019,PRE ANNEAL CHECK
seq_0019,DRIVE IN DIFFUSION
seq_0019,RAPID THERMAL ANNEAL
seq_0019,MEASURE JUNCTION DEPTH
seq_0019,THERMAL OXIDATION
seq_0019,GATE OXIDE PREP
seq_0019,GATE OXIDE GROWTH
seq_0019,MEASURE GATE OXIDE THICKNESS
seq_0019,DEPOSIT POLYSILICON
seq_0019,POLYSILICON ANNEAL
seq_0019,MEASURE POLY THICKNESS
seq_0019,SPIN COAT PHOTORESIST
seq_0019,SOFT BAKE
seq_0019,ALIGN MASK LEVEL 2
seq_0019,EXPOSE LITHO LEVEL 2
seq_0019,DEVELOP PHOTORESIST
seq_0019,POLY PATTERN INSPECTION
seq_0019,POLYSILICON ETCH
seq_0019,STRIP PHOTORESIST
seq_0019,CLEAN AFTER POLY ETCH
seq_0019,MEASURE GATE CD
seq_0019,IMPLANT SOURCE DRAIN
seq_0019,PRE ANNEAL CHECK
seq_0019,LIGHT ANNEAL
seq_0019,MEASURE SHEET RESISTANCE
seq_0019,DEPOSIT SPACER DIELECTRIC
seq_0019,ANISOTROPIC ETCH SPACER
seq_0019,MEASURE SPACER WIDTH
seq_0019,IMPLANT LDD
seq_0019,PRE ANNEAL CHECK
seq_0019,RAPID THERMAL ANNEAL
seq_0019,DEPOSIT INTERLEVEL DIELECTRIC
seq_0019,DENSIFY OXIDE
seq_0019,MEASURE FILM THICKNESS
seq_0019,CMP INTERLAYER DIELECTRIC
seq_0019,MEASURE PLANARITY
seq_0019,SPIN COAT PHOTORESIST
seq_0019,SOFT BAKE
seq_0019,ALIGN MASK LEVEL 3
seq_0019,EXPOSE LITHO LEVEL 3
seq_0019,DEVELOP PHOTORESIST
seq_0019,VIA INSPECTION
seq_0019,HARD BAKE
seq_0019,DIELECTRIC ETCH VIA
seq_0019,STRIP PHOTORESIST
seq_0019,CLEAN AFTER VIA ETCH
seq_0019,MEASURE VIA CD
seq_0019,DEPOSIT BARRIER METAL
seq_0019,DEPOSIT METAL SEED
seq_0019,FILL VIA METAL
seq_0019,CMP VIA FILL
seq_0019,MEASURE CONTACT RESISTANCE
seq_0019,DEPOSIT METAL 1
seq_0019,ANNEAL METAL
seq_0019,SPIN COAT PHOTORESIST
seq_0019,SOFT BAKE
seq_0019,ALIGN MASK LEVEL 4
seq_0019,EXPOSE LITHO LEVEL 4
seq_0019,DEVELOP PHOTORESIST
seq_0019,METAL PATTERN INSPECTION
seq_0019,HARD BAKE
seq_0019,METAL ETCH
seq_0019,STRIP RESIST
seq_0019,CLEAN AFTER METAL ETCH
seq_0019,MEASURE LINE WIDTH
seq_0019,DEPOSIT PASSIVATION LAYER
seq_0019,CURE PASSIVATION
seq_0019,MEASURE PASSIVATION QUALITY
seq_0019,OPEN BOND PAD WINDOW
seq_0019,OPEN PAD WINDOW LITHO
seq_0019,DEVELOP PHOTORESIST
seq_0019,PASSIVATION ETCH
seq_0019,STRIP RESIST
seq_0019,CLEAN PAD OPENING
seq_0019,MEASURE PAD OPENING
seq_0019,BACKSIDE CLEAN
seq_0019,BACKSIDE GRIND
seq_0019,MEASURE THICKNESS
seq_0019,BACKSIDE ETCH CLEAN
seq_0019,BACKSIDE RINSE
seq_0019,BACKSIDE DRY
seq_0019,BACKSIDE METALLIZATION PREP
seq_0019,DEPOSIT BACKSIDE METAL
seq_0019,BACKSIDE ANNEAL
seq_0019,MEASURE BACKSIDE CONTACT
seq_0019,FINAL CLEAN
seq_0019,FINAL THICKNESS MEASURE
seq_0019,FINAL GEOMETRY CHECK
seq_0019,FINAL PARTICLE INSPECTION
seq_0019,PARAMETRIC TEST
seq_0019,LEAKAGE TEST
seq_0019,THRESHOLD VOLTAGE TEST
seq_0019,SWITCHING TEST
seq_0019,WAFER SORT TEST
seq_0019,YIELD ANALYSIS
seq_0019,LOT RELEASE
seq_0019,SHIP LOT
seq_0020,RECEIVE WAFER LOT
seq_0020,LOT IDENTIFICATION
seq_0020,PRE CLEAN INSPECTION
seq_0020,MEASURE THICKNESS
seq_0020,MEASURE SURFACE PARTICLES
seq_0020,PRE CLEAN WAFER
seq_0020,BACKSIDE CLEAN
seq_0020,RCA CLEAN 1
seq_0020,WET CLEAN RCA2
seq_0020,HF DIP
seq_0020,SUBSTRATE CHECK
seq_0020,EPITAXY PREP
seq_0020,EPITAXIAL DEPOSITION
seq_0020,MEASURE EPITAXY THICKNESS
seq_0020,MEASURE RESISTIVITY
seq_0020,EPITAXY ANNEAL
seq_0020,WAFER SURFACE CLEAN
seq_0020,THERMAL OXIDATION
seq_0020,MEASURE OXIDE THICKNESS
seq_0020,SPIN COAT PHOTORESIST
seq_0020,SOFT BAKE
seq_0020,ALIGN MASK LEVEL 1
seq_0020,EXPOSE LITHO LEVEL 1
seq_0020,POST EXPOSE BAKE
seq_0020,DEVELOP PHOTORESIST
seq_0020,PATTERN INSPECTION LEVEL 1
seq_0020,OXIDE ETCH
seq_0020,STRIP RESIST
seq_0020,CLEAN AFTER ETCH
seq_0020,IMPLANT WELL
seq_0020,PRE ANNEAL CHECK
seq_0020,DRIVE IN DIFFUSION
seq_0020,RAPID THERMAL ANNEAL
seq_0020,MEASURE JUNCTION DEPTH
seq_0020,THERMAL OXIDATION
seq_0020,GATE OXIDE PREP
seq_0020,GATE OXIDE GROWTH
seq_0020,MEASURE GATE OXIDE THICKNESS
seq_0020,DEPOSIT POLYSILICON
seq_0020,POLYSILICON ANNEAL
seq_0020,MEASURE POLY THICKNESS
seq_0020,SPIN COAT PHOTORESIST
seq_0020,SOFT BAKE
seq_0020,ALIGN MASK LEVEL 2
seq_0020,EXPOSE LITHO LEVEL 2
seq_0020,POST EXPOSE BAKE
seq_0020,DEVELOP PHOTORESIST
seq_0020,POLY PATTERN INSPECTION
seq_0020,HARD BAKE
seq_0020,POLYSILICON ETCH
seq_0020,STRIP RESIST
seq_0020,CLEAN AFTER POLY ETCH
seq_0020,MEASURE GATE CD
seq_0020,IMPLANT SOURCE DRAIN
seq_0020,LIGHT ANNEAL
seq_0020,MEASURE SHEET RESISTANCE
seq_0020,DEPOSIT SPACER DIELECTRIC
seq_0020,ANISOTROPIC ETCH SPACER
seq_0020,MEASURE SPACER WIDTH
seq_0020,IMPLANT LDD
seq_0020,RAPID THERMAL ANNEAL
seq_0020,DEPOSIT INTERLAYER DIELECTRIC
seq_0020,DENSIFY DIELECTRIC
seq_0020,MEASURE FILM THICKNESS
seq_0020,CMP INTERLAYER DIELECTRIC
seq_0020,MEASURE PLANARITY
seq_0020,SPIN COAT PHOTORESIST
seq_0020,SOFT BAKE
seq_0020,ALIGN MASK LEVEL 3
seq_0020,EXPOSE LITHO LEVEL 3
seq_0020,DEVELOP PHOTORESIST
seq_0020,VIA INSPECTION
seq_0020,VIA ETCH THROUGH DIELECTRIC
seq_0020,STRIP RESIST
seq_0020,CLEAN AFTER VIA ETCH
seq_0020,MEASURE VIA CD
seq_0020,DEPOSIT BARRIER METAL
seq_0020,DEPOSIT METAL SEED
seq_0020,FILL VIA METAL
seq_0020,CMP VIA FILL
seq_0020,MEASURE VIA RESISTANCE
seq_0020,DEPOSIT TOP METAL
seq_0020,ANNEAL METAL 1
seq_0020,MEASURE METAL THICKNESS
seq_0020,SPIN COAT PHOTORESIST
seq_0020,SOFT BAKE
seq_0020,ALIGN MASK LEVEL 4
seq_0020,EXPOSE LITHO LEVEL 4
seq_0020,DEVELOP PHOTORESIST
seq_0020,METAL PATTERN INSPECTION
seq_0020,METAL ETCH
seq_0020,STRIP RESIST
seq_0020,CLEAN AFTER METAL ETCH
seq_0020,MEASURE LINE WIDTH
seq_0020,DEPOSIT PASSIVATION LAYER
seq_0020,CURE PASSIVATION
seq_0020,MEASURE PASSIVATION QUALITY
seq_0020,OPEN BOND PAD WINDOW
seq_0020,PAD WINDOW LITHO
seq_0020,DEVELOP PAD WINDOW
seq_0020,PASSIVATION ETCH PAD OPENING
seq_0020,STRIP RESIST
seq_0020,CLEAN PAD OPENING
seq_0020,MEASURE PAD OPENING
seq_0020,BACKSIDE CLEAN
seq_0020,BACKSIDE GRIND
seq_0020,MEASURE THICKNESS
seq_0020,BACKSIDE ETCH CLEAN
seq_0020,BACKSIDE RINSE
seq_0020,BACKSIDE DRY
seq_0020,BACKSIDE METALLIZATION PREP
seq_0020,DEPOSIT BACKSIDE METAL
seq_0020,BACKSIDE ANNEAL
seq_0020,MEASURE BACKSIDE CONTACT
seq_0020,FINAL CLEAN
seq_0020,FINAL THICKNESS MEASURE
seq_0020,FINAL PARTICLE INSPECTION
seq_0020,PARAMETRIC TEST
seq_0020,LEAKAGE TEST
seq_0020,THRESHOLD VOLTAGE TEST
seq_0020,SWITCHING TEST
seq_0020,WAFER SORT TEST
seq_0020,YIELD ANALYSIS
seq_0020,FINAL LOT RELEASE
seq_0020,SHIP LOT
seq_0021,RECEIVE WAFER LOT
seq_0021,LOT IDENTIFICATION
seq_0021,INITIAL WAFER INSPECTION
seq_0021,MEASURE SURFACE PARTICLES
seq_0021,PRE CLEAN WAFER
seq_0021,WET CLEAN RCA1
seq_0021,RCA CLEAN 2
seq_0021,HF DIP
seq_0021,DRY WAFER
seq_0021,SUBSTRATE CHECK
seq_0021,EPITAXY PREP
seq_0021,EPITAXIAL DEPOSITION
seq_0021,MEASURE EPITAXY THICKNESS
seq_0021,MEASURE RESISTIVITY
seq_0021,EPITAXY ANNEAL
seq_0021,WAFER SURFACE CLEAN
seq_0021,THERMAL OXIDATION
seq_0021,MEASURE OXIDE THICKNESS
seq_0021,SPIN COAT PHOTORESIST
seq_0021,SOFT BAKE
seq_0021,ALIGN MASK LEVEL 1
seq_0021,EXPOSE LITHO LEVEL 1
seq_0021,DEVELOP PHOTORESIST
seq_0021,PATTERN INSPECTION LEVEL 1
seq_0021,OXIDE ETCH
seq_0021,STRIP PHOTORESIST
seq_0021,CLEAN AFTER ETCH
seq_0021,IMPLANT WELL
seq_0021,PRE ANNEAL CHECK
seq_0021,DRIVE IN DIFFUSION
seq_0021,RAPID THERMAL ANNEAL
seq_0021,MEASURE JUNCTION DEPTH
seq_0021,THERMAL OXIDATION
seq_0021,GATE OXIDE PREP
seq_0021,GATE OXIDE GROWTH
seq_0021,MEASURE GATE OXIDE THICKNESS
seq_0021,DEPOSIT POLYSILICON
seq_0021,POLYSILICON ANNEAL
seq_0021,MEASURE POLY THICKNESS
seq_0021,SPIN COAT PHOTORESIST
seq_0021,SOFT BAKE
seq_0021,ALIGN MASK LEVEL 2
seq_0021,EXPOSE LITHO LEVEL 2
seq_0021,DEVELOP PHOTORESIST
seq_0021,POLY PATTERN INSPECTION
seq_0021,POLYSILICON ETCH
seq_0021,STRIP PHOTORESIST
seq_0021,CLEAN AFTER POLY ETCH
seq_0021,IMPLANT SOURCE DRAIN
seq_0021,PRE ANNEAL CHECK
seq_0021,LIGHT ANNEAL
seq_0021,MEASURE SHEET RESISTANCE
seq_0021,DEPOSIT SPACER DIELECTRIC
seq_0021,ANISOTROPIC ETCH SPACER
seq_0021,MEASURE SPACER WIDTH
seq_0021,IMPLANT LDD
seq_0021,PRE ANNEAL CHECK
seq_0021,RAPID THERMAL ANNEAL
seq_0021,MEASURE JUNCTION PROFILE
seq_0021,DEPOSIT INTERLEVEL DIELECTRIC
seq_0021,DENSIFY OXIDE
seq_0021,MEASURE DIELECTRIC THICKNESS
seq_0021,CMP DIELECTRIC
seq_0021,MEASURE SURFACE PLANARITY
seq_0021,SPIN COAT PHOTORESIST
seq_0021,SOFT BAKE
seq_0021,ALIGN MASK LEVEL 3
seq_0021,EXPOSE LITHO LEVEL 3
seq_0021,POST EXPOSE BAKE
seq_0021,DEVELOP PHOTORESIST
seq_0021,VIA OPENING INSPECTION
seq_0021,VIA ETCH
seq_0021,STRIP PHOTORESIST
seq_0021,CLEAN AFTER VIA ETCH
seq_0021,MEASURE VIA CD
seq_0021,DEPOSIT BARRIER METAL
seq_0021,DEPOSIT METAL SEED
seq_0021,FILL VIA METAL
seq_0021,CMP METAL
seq_0021,MEASURE VIA RESISTANCE
seq_0021,DEPOSIT METAL 1
seq_0021,ANNEAL METAL
seq_0021,SPIN COAT PHOTORESIST
seq_0021,SOFT BAKE
seq_0021,ALIGN MASK LEVEL 4
seq_0021,EXPOSE LITHO LEVEL 4
seq_0021,DEVELOP PHOTORESIST
seq_0021,METAL PATTERN INSPECTION
seq_0021,HARD BAKE
seq_0021,METAL ETCH
seq_0021,STRIP RESIST
seq_0021,CLEAN AFTER METAL ETCH
seq_0021,MEASURE LINE WIDTH
seq_0021,DEPOSIT PASSIVATION
seq_0021,CURE PASSIVATION
seq_0021,MEASURE PASSIVATION QUALITY
seq_0021,OPEN BOND PAD WINDOW
seq_0021,PAD WINDOW LITHO
seq_0021,DEVELOP PHOTORESIST
seq_0021,PASSIVATION ETCH
seq_0021,STRIP RESIST
seq_0021,CLEAN PAD OPENING
seq_0021,MEASURE PAD OPENING
seq_0021,BACKSIDE CLEAN
seq_0021,BACKSIDE GRIND
seq_0021,MEASURE WAFER THICKNESS
seq_0021,BACKSIDE ETCH CLEAN
seq_0021,BACKSIDE RINSE
seq_0021,BACKSIDE DRY
seq_0021,BACKSIDE METALLIZATION PREP
seq_0021,DEPOSIT BACKSIDE METAL
seq_0021,BACKSIDE ANNEAL
seq_0021,MEASURE BACKSIDE CONTACT
seq_0021,FINAL CLEAN
seq_0021,FINAL THICKNESS MEASURE
seq_0021,FINAL GEOMETRY CHECK
seq_0021,FINAL CD INSPECTION
seq_0021,FINAL PARTICLE INSPECTION
seq_0021,ELECTRICAL PARAMETRIC TEST
seq_0021,LEAKAGE TEST
seq_0021,THRESHOLD VOLTAGE TEST
seq_0021,SWITCHING TEST
seq_0021,WAFER SORT TEST
seq_0021,YIELD ANALYSIS
seq_0021,FINAL LOT RELEASE
seq_0021,SHIP LOT
seq_0022,RECEIVE WAFER LOT
seq_0022,LOT IDENTIFICATION
seq_0022,PRE CLEAN INSPECTION
seq_0022,MEASURE THICKNESS
seq_0022,MEASURE SURFACE PARTICLES
seq_0022,PRE CLEAN WAFER
seq_0022,BACKSIDE CLEAN
seq_0022,FRONTSIDE CLEAN
seq_0022,WET CLEAN RCA1
seq_0022,WET CLEAN RCA2
seq_0022,HF DIP
seq_0022,DRY WAFER
seq_0022,SUBSTRATE CHECK
seq_0022,EPITAXY PREP
seq_0022,EPITAXIAL DEPOSITION
seq_0022,MEASURE EPITAXY THICKNESS
seq_0022,MEASURE RESISTIVITY
seq_0022,EPITAXY ANNEAL
seq_0022,WAFER SURFACE CLEAN
seq_0022,THERMAL OXIDATION
seq_0022,MEASURE OXIDE THICKNESS
seq_0022,SPIN COAT PHOTORESIST
seq_0022,SOFT BAKE
seq_0022,ALIGN MASK LEVEL 1
seq_0022,EXPOSE LITHO LEVEL 1
seq_0022,POST EXPOSE BAKE
seq_0022,DEVELOP PHOTORESIST
seq_0022,PATTERN INSPECTION LEVEL 1
seq_0022,OXIDE ETCH
seq_0022,STRIP PHOTORESIST
seq_0022,CLEAN AFTER ETCH
seq_0022,MEASURE OPENING CD
seq_0022,IMPLANT WELL
seq_0022,DRIVE IN DIFFUSION
seq_0022,RAPID THERMAL ANNEAL
seq_0022,MEASURE JUNCTION DEPTH
seq_0022,THERMAL OXIDATION
seq_0022,GATE OXIDE PREP
seq_0022,GATE OXIDE GROWTH
seq_0022,MEASURE GATE OXIDE THICKNESS
seq_0022,DEPOSIT POLYSILICON
seq_0022,POLYSILICON ANNEAL
seq_0022,MEASURE POLY THICKNESS
seq_0022,SPIN COAT PHOTORESIST
seq_0022,SOFT BAKE
seq_0022,ALIGN MASK LEVEL 2
seq_0022,EXPOSE LITHO LEVEL 2
seq_0022,DEVELOP PHOTORESIST
seq_0022,POLY PATTERN INSPECTION
seq_0022,POLYSILICON ETCH
seq_0022,STRIP PHOTORESIST
seq_0022,CLEAN AFTER POLY ETCH
seq_0022,MEASURE GATE CD
seq_0022,IMPLANT SOURCE DRAIN
seq_0022,PRE ANNEAL CHECK
seq_0022,LIGHT ANNEAL
seq_0022,MEASURE SHEET RESISTANCE
seq_0022,DEPOSIT SPACER DIELECTRIC
seq_0022,ANISOTROPIC ETCH SPACER
seq_0022,MEASURE SPACER WIDTH
seq_0022,IMPLANT LDD
seq_0022,RAPID THERMAL ANNEAL
seq_0022,MEASURE JUNCTION PROFILE
seq_0022,DEPOSIT INTERLAYER DIELECTRIC
seq_0022,DENSIFY OXIDE
seq_0022,MEASURE FILM THICKNESS
seq_0022,CMP INTERLAYER DIELECTRIC
seq_0022,MEASURE SURFACE PLANARITY
seq_0022,SPIN COAT PHOTORESIST
seq_0022,SOFT BAKE
seq_0022,ALIGN MASK LEVEL 3
seq_0022,EXPOSE LITHO LEVEL 3
seq_0022,DEVELOP PHOTORESIST
seq_0022,VIA INSPECTION
seq_0022,HARD BAKE
seq_0022,VIA ETCH
seq_0022,STRIP RESIST
seq_0022,CLEAN AFTER VIA ETCH
seq_0022,MEASURE VIA CD
seq_0022,DEPOSIT BARRIER METAL
seq_0022,DEPOSIT METAL SEED
seq_0022,FILL VIA METAL
seq_0022,CMP METAL
seq_0022,MEASURE CONTACT RESISTANCE
seq_0022,DEPOSIT TOP METAL
seq_0022,ANNEAL METAL 1
seq_0022,SPIN COAT PHOTORESIST
seq_0022,SOFT BAKE
seq_0022,ALIGN MASK LEVEL 4
seq_0022,EXPOSE LITHO LEVEL 4
seq_0022,DEVELOP PHOTORESIST
seq_0022,METAL PATTERN INSPECTION
seq_0022,HARD BAKE
seq_0022,METAL ETCH
seq_0022,STRIP PHOTORESIST
seq_0022,CLEAN AFTER METAL ETCH
seq_0022,DEPOSIT PASSIVATION
seq_0022,CURE PASSIVATION
seq_0022,MEASURE PASSIVATION QUALITY
seq_0022,OPEN BOND PAD WINDOW
seq_0022,PAD WINDOW LITHO
seq_0022,DEVELOP PHOTORESIST
seq_0022,PASSIVATION ETCH
seq_0022,STRIP RESIST
seq_0022,CLEAN PAD OPENING
seq_0022,MEASURE PAD OPENING
seq_0022,BACKSIDE CLEAN
seq_0022,BACKSIDE GRIND
seq_0022,MEASURE WAFER THICKNESS
seq_0022,BACKSIDE ETCH CLEAN
seq_0022,BACKSIDE RINSE
seq_0022,BACKSIDE DRY
seq_0022,BACKSIDE METALLIZATION PREP
seq_0022,DEPOSIT BACKSIDE METAL
seq_0022,BACKSIDE ANNEAL
seq_0022,MEASURE BACKSIDE CONTACT
seq_0022,FINAL CLEAN
seq_0022,FINAL THICKNESS MEASURE
seq_0022,FINAL GEOMETRY CHECK
seq_0022,FINAL PARTICLE INSPECTION
seq_0022,ELECTRICAL PARAMETRIC TEST
seq_0022,LEAKAGE TEST
seq_0022,THRESHOLD VOLTAGE TEST
seq_0022,SWITCHING TEST
seq_0022,WAFER SORT TEST
seq_0022,YIELD ANALYSIS
seq_0022,FINAL LOT RELEASE
seq_0022,SHIP LOT
seq_0023,RECEIVE WAFER LOT
seq_0023,LOT IDENTIFICATION
seq_0023,PRE CLEAN INSPECTION
seq_0023,MEASURE THICKNESS
seq_0023,MEASURE SURFACE PARTICLES
seq_0023,PRE CLEAN WAFER
seq_0023,RCA CLEAN 1
seq_0023,RCA CLEAN 2
seq_0023,HF DIP
seq_0023,SUBSTRATE CHECK
seq_0023,EPITAXY PREP
seq_0023,EPITAXIAL DEPOSITION
seq_0023,MEASURE EPITAXY THICKNESS
seq_0023,MEASURE RESISTIVITY
seq_0023,EPITAXY ANNEAL
seq_0023,WAFER SURFACE CLEAN
seq_0023,THERMAL OXIDATION
seq_0023,MEASURE OXIDE THICKNESS
seq_0023,SPIN COAT PHOTORESIST
seq_0023,SOFT BAKE
seq_0023,ALIGN MASK LEVEL 1
seq_0023,EXPOSE LITHO LEVEL 1
seq_0023,POST EXPOSE BAKE
seq_0023,DEVELOP PHOTORESIST
seq_0023,PATTERN INSPECTION LEVEL 1
seq_0023,OXIDE ETCH
seq_0023,STRIP RESIST
seq_0023,CLEAN AFTER ETCH
seq_0023,MEASURE OPENING CD
seq_0023,IMPLANT WELL
seq_0023,PRE ANNEAL CHECK
seq_0023,DRIVE IN DIFFUSION
seq_0023,RAPID THERMAL ANNEAL
seq_0023,MEASURE JUNCTION DEPTH
seq_0023,THERMAL OXIDATION
seq_0023,GATE OXIDE PREP
seq_0023,GATE OXIDE GROWTH
seq_0023,MEASURE GATE OXIDE THICKNESS
seq_0023,DEPOSIT POLYSILICON
seq_0023,POLYSILICON ANNEAL
seq_0023,MEASURE POLY THICKNESS
seq_0023,SPIN COAT PHOTORESIST
seq_0023,SOFT BAKE
seq_0023,ALIGN MASK LEVEL 2
seq_0023,EXPOSE LITHO LEVEL 2
seq_0023,DEVELOP PHOTORESIST
seq_0023,POLY PATTERN INSPECTION
seq_0023,HARD BAKE
seq_0023,POLYSILICON ETCH
seq_0023,STRIP PHOTORESIST
seq_0023,CLEAN AFTER POLY ETCH
seq_0023,MEASURE GATE CD
seq_0023,IMPLANT SOURCE DRAIN
seq_0023,LIGHT ANNEAL
seq_0023,MEASURE SHEET RESISTANCE
seq_0023,DEPOSIT SPACER DIELECTRIC
seq_0023,ANISOTROPIC ETCH SPACER
seq_0023,MEASURE SPACER WIDTH
seq_0023,IMPLANT LDD
seq_0023,PRE ANNEAL CHECK
seq_0023,RAPID THERMAL ANNEAL
seq_0023,DEPOSIT INTERLEVEL DIELECTRIC
seq_0023,DENSIFY OXIDE
seq_0023,MEASURE DIELECTRIC THICKNESS
seq_0023,CMP DIELECTRIC
seq_0023,MEASURE SURFACE PLANARITY
seq_0023,SPIN COAT PHOTORESIST
seq_0023,SOFT BAKE
seq_0023,ALIGN MASK LEVEL 3
seq_0023,EXPOSE LITHO LEVEL 3
seq_0023,DEVELOP PHOTORESIST
seq_0023,VIA INSPECTION
seq_0023,DIELECTRIC ETCH VIA
seq_0023,STRIP RESIST
seq_0023,CLEAN AFTER VIA ETCH
seq_0023,MEASURE VIA CD
seq_0023,DEPOSIT BARRIER METAL
seq_0023,DEPOSIT METAL SEED
seq_0023,FILL VIA METAL
seq_0023,CMP VIA FILL
seq_0023,MEASURE VIA RESISTANCE
seq_0023,DEPOSIT METAL 1
seq_0023,ANNEAL METAL 1
seq_0023,MEASURE METAL THICKNESS
seq_0023,SPIN COAT PHOTORESIST
seq_0023,SOFT BAKE
seq_0023,ALIGN MASK LEVEL 4
seq_0023,EXPOSE LITHO LEVEL 4
seq_0023,POST EXPOSE BAKE
seq_0023,DEVELOP PHOTORESIST
seq_0023,METAL PATTERN INSPECTION
seq_0023,METAL ETCH
seq_0023,STRIP RESIST
seq_0023,CLEAN AFTER METAL ETCH
seq_0023,DEPOSIT PASSIVATION LAYER
seq_0023,CURE PASSIVATION
seq_0023,MEASURE PASSIVATION QUALITY
seq_0023,OPEN PAD WINDOW
seq_0023,PAD WINDOW LITHO
seq_0023,DEVELOP PAD WINDOW
seq_0023,PASSIVATION ETCH
seq_0023,STRIP RESIST
seq_0023,CLEAN PAD OPENING
seq_0023,MEASURE PAD OPENING
seq_0023,BACKSIDE CLEAN
seq_0023,BACKSIDE GRIND
seq_0023,MEASURE THICKNESS
seq_0023,BACKSIDE ETCH CLEAN
seq_0023,BACKSIDE RINSE
seq_0023,BACKSIDE DRY
seq_0023,BACKSIDE METALLIZATION PREP
seq_0023,DEPOSIT BACKSIDE METAL
seq_0023,BACKSIDE ANNEAL
seq_0023,MEASURE BACKSIDE CONTACT
seq_0023,FINAL CLEAN
seq_0023,FINAL THICKNESS MEASURE
seq_0023,FINAL GEOMETRY CHECK
seq_0023,FINAL CD INSPECTION
seq_0023,ELECTRICAL PARAMETRIC TEST
seq_0023,LEAKAGE TEST
seq_0023,THRESHOLD VOLTAGE TEST
seq_0023,SWITCHING TEST
seq_0023,WAFER SORT TEST
seq_0023,YIELD ANALYSIS
seq_0023,FINAL LOT RELEASE
seq_0023,SHIP LOT
seq_0024,RECEIVE WAFER LOT
seq_0024,LOT IDENTIFICATION
seq_0024,INITIAL WAFER INSPECTION
seq_0024,MEASURE THICKNESS
seq_0024,MEASURE SURFACE PARTICLES
seq_0024,PRE CLEAN WAFER
seq_0024,BACKSIDE CLEAN
seq_0024,FRONTSIDE CLEAN
seq_0024,WET CLEAN RCA1
seq_0024,WET CLEAN RCA2
seq_0024,HF DIP
seq_0024,DRY WAFER
seq_0024,SUBSTRATE CHECK
seq_0024,EPITAXY PREP
seq_0024,EPITAXIAL DEPOSITION
seq_0024,MEASURE EPITAXY THICKNESS
seq_0024,MEASURE RESISTIVITY
seq_0024,EPITAXY ANNEAL
seq_0024,WAFER SURFACE CLEAN
seq_0024,THERMAL OXIDATION
seq_0024,MEASURE OXIDE THICKNESS
seq_0024,SPIN COAT PHOTORESIST
seq_0024,SOFT BAKE
seq_0024,ALIGN MASK LEVEL 1
seq_0024,EXPOSE LITHO LEVEL 1
seq_0024,DEVELOP PHOTORESIST
seq_0024,PATTERN INSPECTION LEVEL 1
seq_0024,OXIDE ETCH
seq_0024,STRIP PHOTORESIST
seq_0024,CLEAN AFTER ETCH
seq_0024,MEASURE OPENING CD
seq_0024,IMPLANT WELL
seq_0024,DRIVE IN DIFFUSION
seq_0024,RAPID THERMAL ANNEAL
seq_0024,MEASURE JUNCTION DEPTH
seq_0024,THERMAL OXIDATION
seq_0024,GATE OXIDE PREP
seq_0024,GATE OXIDE GROWTH
seq_0024,MEASURE GATE OXIDE THICKNESS
seq_0024,DEPOSIT POLYSILICON
seq_0024,POLYSILICON ANNEAL
seq_0024,MEASURE POLY THICKNESS
seq_0024,SPIN COAT PHOTORESIST
seq_0024,SOFT BAKE
seq_0024,ALIGN MASK LEVEL 2
seq_0024,EXPOSE LITHO LEVEL 2
seq_0024,POST EXPOSE BAKE
seq_0024,DEVELOP PHOTORESIST
seq_0024,POLY PATTERN INSPECTION
seq_0024,POLYSILICON ETCH
seq_0024,STRIP RESIST
seq_0024,CLEAN AFTER POLY ETCH
seq_0024,IMPLANT SOURCE DRAIN
seq_0024,PRE ANNEAL CHECK
seq_0024,LIGHT ANNEAL
seq_0024,MEASURE SHEET RESISTANCE
seq_0024,DEPOSIT SPACER DIELECTRIC
seq_0024,ANISOTROPIC ETCH SPACER
seq_0024,MEASURE SPACER WIDTH
seq_0024,IMPLANT LDD
seq_0024,RAPID THERMAL ANNEAL
seq_0024,DEPOSIT INTERLAYER DIELECTRIC
seq_0024,DENSIFY DIELECTRIC
seq_0024,MEASURE FILM THICKNESS
seq_0024,CMP DIELECTRIC
seq_0024,MEASURE SURFACE PLANARITY
seq_0024,SPIN COAT PHOTORESIST
seq_0024,SOFT BAKE
seq_0024,ALIGN MASK LEVEL 3
seq_0024,EXPOSE LITHO LEVEL 3
seq_0024,DEVELOP PHOTORESIST
seq_0024,VIA OPENING INSPECTION
seq_0024,VIA ETCH
seq_0024,STRIP RESIST
seq_0024,CLEAN AFTER VIA ETCH
seq_0024,MEASURE VIA CD
seq_0024,DEPOSIT BARRIER METAL
seq_0024,DEPOSIT METAL SEED
seq_0024,FILL VIA METAL
seq_0024,CMP METAL
seq_0024,MEASURE CONTACT RESISTANCE
seq_0024,DEPOSIT TOP METAL
seq_0024,ANNEAL METAL
seq_0024,MEASURE METAL THICKNESS
seq_0024,SPIN COAT PHOTORESIST
seq_0024,SOFT BAKE
seq_0024,ALIGN MASK LEVEL 4
seq_0024,EXPOSE LITHO LEVEL 4
seq_0024,POST EXPOSE BAKE
seq_0024,DEVELOP PHOTORESIST
seq_0024,METAL PATTERN INSPECTION
seq_0024,METAL ETCH
seq_0024,STRIP PHOTORESIST
seq_0024,CLEAN AFTER METAL ETCH
seq_0024,DEPOSIT PASSIVATION LAYER
seq_0024,CURE PASSIVATION
seq_0024,MEASURE PASSIVATION QUALITY
seq_0024,OPEN BOND PAD WINDOW
seq_0024,OPEN PAD WINDOW LITHO
seq_0024,DEVELOP PAD WINDOW
seq_0024,PASSIVATION ETCH PAD OPENING
seq_0024,STRIP PHOTORESIST
seq_0024,CLEAN PAD OPENING
seq_0024,MEASURE PAD OPENING
seq_0024,BACKSIDE CLEAN
seq_0024,BACKSIDE GRIND
seq_0024,MEASURE THICKNESS
seq_0024,BACKSIDE ETCH CLEAN
seq_0024,BACKSIDE RINSE
seq_0024,BACKSIDE DRY
seq_0024,BACKSIDE METALLIZATION PREP
seq_0024,DEPOSIT BACKSIDE METAL
seq_0024,BACKSIDE ANNEAL
seq_0024,MEASURE BACKSIDE CONTACT
seq_0024,FINAL CLEAN
seq_0024,FINAL GEOMETRY CHECK
seq_0024,FINAL CD INSPECTION
seq_0024,PARAMETRIC TEST
seq_0024,LEAKAGE TEST
seq_0024,THRESHOLD VOLTAGE TEST
seq_0024,SWITCHING TEST
seq_0024,WAFER SORT TEST
seq_0024,YIELD ANALYSIS
seq_0024,LOT RELEASE
seq_0024,SHIP LOT
seq_0025,RECEIVE WAFER LOT
seq_0025,LOT IDENTIFICATION
seq_0025,PRE CLEAN INSPECTION
seq_0025,MEASURE THICKNESS
seq_0025,MEASURE SURFACE PARTICLES
seq_0025,PRE CLEAN WAFER
seq_0025,WET CLEAN RCA1
seq_0025,RCA CLEAN 2
seq_0025,HF DIP
seq_0025,DRY WAFER
seq_0025,SUBSTRATE CHECK
seq_0025,EPITAXY PREP
seq_0025,EPITAXIAL DEPOSITION
seq_0025,MEASURE EPITAXY THICKNESS
seq_0025,MEASURE RESISTIVITY
seq_0025,EPITAXY ANNEAL
seq_0025,WAFER SURFACE CLEAN
seq_0025,THERMAL OXIDATION
seq_0025,MEASURE OXIDE THICKNESS
seq_0025,SPIN COAT PHOTORESIST
seq_0025,SOFT BAKE
seq_0025,ALIGN MASK LEVEL 1
seq_0025,EXPOSE LITHO LEVEL 1
seq_0025,DEVELOP PHOTORESIST
seq_0025,PATTERN INSPECTION LEVEL 1
seq_0025,OXIDE ETCH
seq_0025,STRIP PHOTORESIST
seq_0025,CLEAN AFTER ETCH
seq_0025,MEASURE OPENING CD
seq_0025,IMPLANT WELL
seq_0025,PRE ANNEAL CHECK
seq_0025,DRIVE IN DIFFUSION
seq_0025,RAPID THERMAL ANNEAL
seq_0025,MEASURE JUNCTION DEPTH
seq_0025,THERMAL OXIDATION
seq_0025,GATE OXIDE PREP
seq_0025,GATE OXIDE GROWTH
seq_0025,MEASURE GATE OXIDE THICKNESS
seq_0025,DEPOSIT POLYSILICON
seq_0025,POLYSILICON ANNEAL
seq_0025,SPIN COAT PHOTORESIST
seq_0025,SOFT BAKE
seq_0025,ALIGN MASK LEVEL 2
seq_0025,EXPOSE LITHO LEVEL 2
seq_0025,POST EXPOSE BAKE
seq_0025,DEVELOP PHOTORESIST
seq_0025,POLY PATTERN INSPECTION
seq_0025,HARD BAKE
seq_0025,POLYSILICON ETCH
seq_0025,STRIP RESIST
seq_0025,CLEAN AFTER POLY ETCH
seq_0025,MEASURE GATE CD
seq_0025,IMPLANT SOURCE DRAIN
seq_0025,PRE ANNEAL CHECK
seq_0025,LIGHT ANNEAL
seq_0025,MEASURE SHEET RESISTANCE
seq_0025,DEPOSIT SPACER DIELECTRIC
seq_0025,ANISOTROPIC ETCH SPACER
seq_0025,IMPLANT LDD
seq_0025,PRE ANNEAL CHECK
seq_0025,RAPID THERMAL ANNEAL
seq_0025,MEASURE JUNCTION PROFILE
seq_0025,DEPOSIT INTERLAYER DIELECTRIC
seq_0025,DENSIFY DIELECTRIC
seq_0025,MEASURE FILM THICKNESS
seq_0025,CMP DIELECTRIC
seq_0025,MEASURE SURFACE PLANARITY
seq_0025,SPIN COAT PHOTORESIST
seq_0025,SOFT BAKE
seq_0025,ALIGN MASK LEVEL 3
seq_0025,EXPOSE LITHO LEVEL 3
seq_0025,POST EXPOSE BAKE
seq_0025,DEVELOP PHOTORESIST
seq_0025,VIA INSPECTION
seq_0025,VIA ETCH THROUGH DIELECTRIC
seq_0025,STRIP PHOTORESIST
seq_0025,CLEAN AFTER VIA ETCH
seq_0025,MEASURE VIA CD
seq_0025,DEPOSIT BARRIER METAL
seq_0025,DEPOSIT METAL SEED
seq_0025,FILL VIA METAL
seq_0025,CMP METAL
seq_0025,MEASURE VIA RESISTANCE
seq_0025,DEPOSIT METAL 1
seq_0025,ANNEAL METAL
seq_0025,MEASURE METAL THICKNESS
seq_0025,SPIN COAT PHOTORESIST
seq_0025,SOFT BAKE
seq_0025,ALIGN MASK LEVEL 4
seq_0025,EXPOSE LITHO LEVEL 4
seq_0025,DEVELOP PHOTORESIST
seq_0025,METAL PATTERN INSPECTION
seq_0025,METAL ETCH
seq_0025,STRIP RESIST
seq_0025,CLEAN AFTER METAL ETCH
seq_0025,DEPOSIT PASSIVATION
seq_0025,CURE PASSIVATION
seq_0025,MEASURE PASSIVATION THICKNESS
seq_0025,OPEN BOND PAD WINDOW
seq_0025,OPEN PAD WINDOW LITHO
seq_0025,DEVELOP PHOTORESIST
seq_0025,PASSIVATION ETCH
seq_0025,STRIP RESIST
seq_0025,CLEAN PAD OPENING
seq_0025,MEASURE PAD OPENING
seq_0025,BACKSIDE CLEAN
seq_0025,BACKSIDE GRIND
seq_0025,MEASURE WAFER THICKNESS
seq_0025,BACKSIDE ETCH CLEAN
seq_0025,BACKSIDE RINSE
seq_0025,BACKSIDE DRY
seq_0025,BACKSIDE METALLIZATION PREP
seq_0025,DEPOSIT BACKSIDE METAL
seq_0025,BACKSIDE ANNEAL
seq_0025,MEASURE BACKSIDE CONTACT
seq_0025,FINAL CLEAN
seq_0025,FINAL GEOMETRY CHECK
seq_0025,FINAL CD INSPECTION
seq_0025,FINAL PARTICLE INSPECTION
seq_0025,PARAMETRIC TEST
seq_0025,LEAKAGE TEST
seq_0025,THRESHOLD VOLTAGE TEST
seq_0025,SWITCHING TEST
seq_0025,WAFER SORT TEST
seq_0025,YIELD ANALYSIS
seq_0025,LOT RELEASE
seq_0025,SHIP LOT
seq_0026,RECEIVE WAFER LOT
seq_0026,LOT IDENTIFICATION
seq_0026,PRE CLEAN INSPECTION
seq_0026,MEASURE THICKNESS
seq_0026,MEASURE SURFACE PARTICLES
seq_0026,PRE CLEAN WAFER
seq_0026,WET CLEAN RCA1
seq_0026,RCA CLEAN 2
seq_0026,HF DIP
seq_0026,DRY WAFER
seq_0026,SUBSTRATE CHECK
seq_0026,EPITAXY PREP
seq_0026,EPITAXIAL DEPOSITION
seq_0026,MEASURE EPITAXY THICKNESS
seq_0026,MEASURE RESISTIVITY
seq_0026,EPITAXY ANNEAL
seq_0026,WAFER SURFACE CLEAN
seq_0026,THERMAL OXIDATION
seq_0026,MEASURE OXIDE THICKNESS
seq_0026,SPIN COAT PHOTORESIST
seq_0026,SOFT BAKE
seq_0026,ALIGN MASK LEVEL 1
seq_0026,EXPOSE LITHO LEVEL 1
seq_0026,DEVELOP PHOTORESIST
seq_0026,PATTERN INSPECTION LEVEL 1
seq_0026,OXIDE ETCH
seq_0026,STRIP RESIST
seq_0026,CLEAN AFTER ETCH
seq_0026,MEASURE OPENING CD
seq_0026,IMPLANT WELL
seq_0026,PRE ANNEAL CHECK
seq_0026,DRIVE IN DIFFUSION
seq_0026,RAPID THERMAL ANNEAL
seq_0026,MEASURE JUNCTION DEPTH
seq_0026,THERMAL OXIDATION
seq_0026,GATE OXIDE PREP
seq_0026,GATE OXIDE GROWTH
seq_0026,MEASURE GATE OXIDE THICKNESS
seq_0026,DEPOSIT POLYSILICON
seq_0026,POLYSILICON ANNEAL
seq_0026,MEASURE POLY THICKNESS
seq_0026,SPIN COAT PHOTORESIST
seq_0026,SOFT BAKE
seq_0026,ALIGN MASK LEVEL 2
seq_0026,EXPOSE LITHO LEVEL 2
seq_0026,POST EXPOSE BAKE
seq_0026,DEVELOP PHOTORESIST
seq_0026,POLY PATTERN INSPECTION
seq_0026,POLYSILICON ETCH
seq_0026,STRIP RESIST
seq_0026,CLEAN AFTER POLY ETCH
seq_0026,MEASURE GATE CD
seq_0026,IMPLANT SOURCE DRAIN
seq_0026,PRE ANNEAL CHECK
seq_0026,LIGHT ANNEAL
seq_0026,MEASURE SHEET RESISTANCE
seq_0026,DEPOSIT SPACER DIELECTRIC
seq_0026,ANISOTROPIC ETCH SPACER
seq_0026,IMPLANT LDD
seq_0026,RAPID THERMAL ANNEAL
seq_0026,DEPOSIT INTERLAYER DIELECTRIC
seq_0026,DENSIFY OXIDE
seq_0026,MEASURE DIELECTRIC THICKNESS
seq_0026,CMP INTERLAYER DIELECTRIC
seq_0026,MEASURE SURFACE PLANARITY
seq_0026,SPIN COAT PHOTORESIST
seq_0026,SOFT BAKE
seq_0026,ALIGN MASK LEVEL 3
seq_0026,EXPOSE LITHO LEVEL 3
seq_0026,DEVELOP PHOTORESIST
seq_0026,VIA OPENING INSPECTION
seq_0026,DIELECTRIC ETCH VIA
seq_0026,STRIP PHOTORESIST
seq_0026,CLEAN AFTER VIA ETCH
seq_0026,MEASURE VIA CD
seq_0026,DEPOSIT BARRIER METAL
seq_0026,DEPOSIT METAL SEED
seq_0026,FILL VIA METAL
seq_0026,CMP VIA FILL
seq_0026,MEASURE CONTACT RESISTANCE
seq_0026,DEPOSIT METAL 1
seq_0026,ANNEAL METAL 1
seq_0026,MEASURE METAL THICKNESS
seq_0026,SPIN COAT PHOTORESIST
seq_0026,SOFT BAKE
seq_0026,ALIGN MASK LEVEL 4
seq_0026,EXPOSE LITHO LEVEL 4
seq_0026,DEVELOP PHOTORESIST
seq_0026,METAL PATTERN INSPECTION
seq_0026,METAL ETCH
seq_0026,STRIP PHOTORESIST
seq_0026,CLEAN AFTER METAL ETCH
seq_0026,MEASURE LINE WIDTH
seq_0026,DEPOSIT PASSIVATION LAYER
seq_0026,CURE PASSIVATION
seq_0026,MEASURE PASSIVATION QUALITY
seq_0026,OPEN PAD WINDOW
seq_0026,PAD WINDOW LITHO
seq_0026,DEVELOP PAD WINDOW
seq_0026,PASSIVATION ETCH
seq_0026,STRIP PHOTORESIST
seq_0026,CLEAN PAD OPENING
seq_0026,MEASURE PAD OPENING
seq_0026,BACKSIDE CLEAN
seq_0026,BACKSIDE GRIND
seq_0026,MEASURE WAFER THICKNESS
seq_0026,BACKSIDE ETCH CLEAN
seq_0026,BACKSIDE RINSE
seq_0026,BACKSIDE DRY
seq_0026,BACKSIDE METALLIZATION PREP
seq_0026,DEPOSIT BACKSIDE METAL
seq_0026,BACKSIDE ANNEAL
seq_0026,MEASURE BACKSIDE CONTACT
seq_0026,FINAL CLEAN
seq_0026,FINAL THICKNESS MEASURE
seq_0026,FINAL GEOMETRY CHECK
seq_0026,FINAL PARTICLE INSPECTION
seq_0026,PARAMETRIC TEST
seq_0026,LEAKAGE TEST
seq_0026,THRESHOLD VOLTAGE TEST
seq_0026,SWITCHING TEST
seq_0026,WAFER SORT TEST
seq_0026,YIELD ANALYSIS
seq_0026,FINAL LOT RELEASE
seq_0026,SHIP LOT
seq_0027,RECEIVE WAFER LOT
seq_0027,LOT IDENTIFICATION
seq_0027,PRE CLEAN INSPECTION
seq_0027,MEASURE THICKNESS
seq_0027,MEASURE SURFACE PARTICLES
seq_0027,PRE CLEAN WAFER
seq_0027,BACKSIDE CLEAN
seq_0027,WET CLEAN RCA1
seq_0027,RCA CLEAN 2
seq_0027,HF DIP
seq_0027,SUBSTRATE CHECK
seq_0027,EPITAXY PREP
seq_0027,EPITAXIAL DEPOSITION
seq_0027,MEASURE EPITAXY THICKNESS
seq_0027,MEASURE RESISTIVITY
seq_0027,EPITAXY ANNEAL
seq_0027,WAFER SURFACE CLEAN
seq_0027,THERMAL OXIDATION
seq_0027,MEASURE OXIDE THICKNESS
seq_0027,SPIN COAT PHOTORESIST
seq_0027,SOFT BAKE
seq_0027,ALIGN MASK LEVEL 1
seq_0027,EXPOSE LITHO LEVEL 1
seq_0027,DEVELOP PHOTORESIST
seq_0027,PATTERN INSPECTION LEVEL 1
seq_0027,OXIDE ETCH
seq_0027,STRIP PHOTORESIST
seq_0027,CLEAN AFTER ETCH
seq_0027,MEASURE OPENING CD
seq_0027,IMPLANT WELL
seq_0027,DRIVE IN DIFFUSION
seq_0027,RAPID THERMAL ANNEAL
seq_0027,THERMAL OXIDATION
seq_0027,GATE OXIDE PREP
seq_0027,GATE OXIDE GROWTH
seq_0027,MEASURE GATE OXIDE THICKNESS
seq_0027,DEPOSIT POLYSILICON
seq_0027,POLYSILICON ANNEAL
seq_0027,SPIN COAT PHOTORESIST
seq_0027,SOFT BAKE
seq_0027,ALIGN MASK LEVEL 2
seq_0027,EXPOSE LITHO LEVEL 2
seq_0027,DEVELOP PHOTORESIST
seq_0027,POLY PATTERN INSPECTION
seq_0027,POLYSILICON ETCH
seq_0027,STRIP PHOTORESIST
seq_0027,CLEAN AFTER POLY ETCH
seq_0027,MEASURE GATE CD
seq_0027,IMPLANT SOURCE DRAIN
seq_0027,PRE ANNEAL CHECK
seq_0027,LIGHT ANNEAL
seq_0027,MEASURE SHEET RESISTANCE
seq_0027,DEPOSIT SPACER DIELECTRIC
seq_0027,ANISOTROPIC ETCH SPACER
seq_0027,MEASURE SPACER WIDTH
seq_0027,IMPLANT LDD
seq_0027,PRE ANNEAL CHECK
seq_0027,RAPID THERMAL ANNEAL
seq_0027,DEPOSIT INTERLEVEL DIELECTRIC
seq_0027,DENSIFY OXIDE
seq_0027,MEASURE DIELECTRIC THICKNESS
seq_0027,CMP INTERLAYER DIELECTRIC
seq_0027,MEASURE PLANARITY
seq_0027,SPIN COAT PHOTORESIST
seq_0027,SOFT BAKE
seq_0027,ALIGN MASK LEVEL 3
seq_0027,EXPOSE LITHO LEVEL 3
seq_0027,DEVELOP PHOTORESIST
seq_0027,VIA OPENING INSPECTION
seq_0027,VIA ETCH
seq_0027,STRIP RESIST
seq_0027,CLEAN AFTER VIA ETCH
seq_0027,MEASURE VIA CD
seq_0027,DEPOSIT BARRIER METAL
seq_0027,DEPOSIT METAL SEED
seq_0027,FILL VIA METAL
seq_0027,CMP METAL
seq_0027,DEPOSIT TOP METAL
seq_0027,ANNEAL METAL
seq_0027,MEASURE METAL THICKNESS
seq_0027,SPIN COAT PHOTORESIST
seq_0027,SOFT BAKE
seq_0027,ALIGN MASK LEVEL 4
seq_0027,EXPOSE LITHO LEVEL 4
seq_0027,POST EXPOSE BAKE
seq_0027,DEVELOP PHOTORESIST
seq_0027,METAL PATTERN INSPECTION
seq_0027,HARD BAKE
seq_0027,METAL ETCH
seq_0027,STRIP RESIST
seq_0027,CLEAN AFTER METAL ETCH
seq_0027,MEASURE LINE WIDTH
seq_0027,DEPOSIT PASSIVATION
seq_0027,CURE PASSIVATION
seq_0027,MEASURE PASSIVATION THICKNESS
seq_0027,OPEN PAD WINDOW
seq_0027,OPEN PAD WINDOW LITHO
seq_0027,DEVELOP PAD WINDOW
seq_0027,PASSIVATION ETCH
seq_0027,STRIP PHOTORESIST
seq_0027,CLEAN PAD OPENING
seq_0027,MEASURE PAD OPENING
seq_0027,BACKSIDE CLEAN
seq_0027,BACKSIDE GRIND
seq_0027,MEASURE WAFER THICKNESS
seq_0027,BACKSIDE ETCH CLEAN
seq_0027,BACKSIDE RINSE
seq_0027,BACKSIDE DRY
seq_0027,BACKSIDE METALLIZATION PREP
seq_0027,DEPOSIT BACKSIDE METAL
seq_0027,BACKSIDE ANNEAL
seq_0027,MEASURE BACKSIDE CONTACT
seq_0027,FINAL CLEAN
seq_0027,FINAL GEOMETRY CHECK
seq_0027,FINAL CD INSPECTION
seq_0027,FINAL PARTICLE INSPECTION
seq_0027,PARAMETRIC TEST
seq_0027,LEAKAGE TEST
seq_0027,THRESHOLD VOLTAGE TEST
seq_0027,SWITCHING TEST
seq_0027,WAFER SORT TEST
seq_0027,YIELD ANALYSIS
seq_0027,LOT RELEASE
seq_0027,SHIP LOT
seq_0028,RECEIVE WAFER LOT
seq_0028,LOT IDENTIFICATION
seq_0028,PRE CLEAN INSPECTION
seq_0028,MEASURE THICKNESS
seq_0028,PRE CLEAN WAFER
seq_0028,WET CLEAN RCA1
seq_0028,WET CLEAN RCA2
seq_0028,HF DIP
seq_0028,DRY WAFER
seq_0028,SUBSTRATE CHECK
seq_0028,EPITAXY PREP
seq_0028,EPITAXIAL DEPOSITION
seq_0028,MEASURE EPITAXY THICKNESS
seq_0028,MEASURE RESISTIVITY
seq_0028,EPITAXY ANNEAL
seq_0028,WAFER SURFACE CLEAN
seq_0028,THERMAL OXIDATION
seq_0028,MEASURE OXIDE THICKNESS
seq_0028,SPIN COAT PHOTORESIST
seq_0028,SOFT BAKE
seq_0028,ALIGN MASK LEVEL 1
seq_0028,EXPOSE LITHO LEVEL 1
seq_0028,DEVELOP PHOTORESIST
seq_0028,PATTERN INSPECTION LEVEL 1
seq_0028,OXIDE ETCH
seq_0028,STRIP PHOTORESIST
seq_0028,CLEAN AFTER ETCH
seq_0028,MEASURE OPENING CD
seq_0028,IMPLANT WELL
seq_0028,DRIVE IN DIFFUSION
seq_0028,RAPID THERMAL ANNEAL
seq_0028,THERMAL OXIDATION
seq_0028,GATE OXIDE PREP
seq_0028,GATE OXIDE GROWTH
seq_0028,MEASURE GATE OXIDE THICKNESS
seq_0028,DEPOSIT POLYSILICON
seq_0028,POLYSILICON ANNEAL
seq_0028,MEASURE POLY THICKNESS
seq_0028,SPIN COAT PHOTORESIST
seq_0028,SOFT BAKE
seq_0028,ALIGN MASK LEVEL 2
seq_0028,EXPOSE LITHO LEVEL 2
seq_0028,DEVELOP PHOTORESIST
seq_0028,POLY PATTERN INSPECTION
seq_0028,POLYSILICON ETCH
seq_0028,STRIP RESIST
seq_0028,CLEAN AFTER POLY ETCH
seq_0028,IMPLANT SOURCE DRAIN
seq_0028,PRE ANNEAL CHECK
seq_0028,LIGHT ANNEAL
seq_0028,MEASURE SHEET RESISTANCE
seq_0028,DEPOSIT SPACER DIELECTRIC
seq_0028,ANISOTROPIC ETCH SPACER
seq_0028,MEASURE SPACER WIDTH
seq_0028,IMPLANT LDD
seq_0028,PRE ANNEAL CHECK
seq_0028,RAPID THERMAL ANNEAL
seq_0028,MEASURE JUNCTION PROFILE
seq_0028,DEPOSIT INTERLEVEL DIELECTRIC
seq_0028,DENSIFY OXIDE
seq_0028,MEASURE DIELECTRIC THICKNESS
seq_0028,CMP DIELECTRIC
seq_0028,MEASURE PLANARITY
seq_0028,SPIN COAT PHOTORESIST
seq_0028,SOFT BAKE
seq_0028,ALIGN MASK LEVEL 3
seq_0028,EXPOSE LITHO LEVEL 3
seq_0028,POST EXPOSE BAKE
seq_0028,DEVELOP PHOTORESIST
seq_0028,VIA INSPECTION
seq_0028,HARD BAKE
seq_0028,VIA ETCH
seq_0028,STRIP RESIST
seq_0028,CLEAN AFTER VIA ETCH
seq_0028,DEPOSIT BARRIER METAL
seq_0028,DEPOSIT METAL SEED
seq_0028,FILL VIA METAL
seq_0028,CMP VIA FILL
seq_0028,MEASURE CONTACT RESISTANCE
seq_0028,DEPOSIT TOP METAL
seq_0028,ANNEAL METAL
seq_0028,SPIN COAT PHOTORESIST
seq_0028,SOFT BAKE
seq_0028,ALIGN MASK LEVEL 4
seq_0028,EXPOSE LITHO LEVEL 4
seq_0028,POST EXPOSE BAKE
seq_0028,DEVELOP PHOTORESIST
seq_0028,METAL PATTERN INSPECTION
seq_0028,METAL ETCH
seq_0028,STRIP RESIST
seq_0028,CLEAN AFTER METAL ETCH
seq_0028,MEASURE LINE WIDTH
seq_0028,DEPOSIT PASSIVATION
seq_0028,CURE PASSIVATION
seq_0028,MEASURE PASSIVATION QUALITY
seq_0028,OPEN BOND PAD WINDOW
seq_0028,OPEN PAD WINDOW LITHO
seq_0028,DEVELOP PHOTORESIST
seq_0028,PASSIVATION ETCH
seq_0028,STRIP RESIST
seq_0028,CLEAN PAD OPENING
seq_0028,MEASURE PAD OPENING
seq_0028,BACKSIDE CLEAN
seq_0028,BACKSIDE GRIND
seq_0028,MEASURE THICKNESS
seq_0028,BACKSIDE ETCH CLEAN
seq_0028,BACKSIDE RINSE
seq_0028,BACKSIDE DRY
seq_0028,BACKSIDE METALLIZATION PREP
seq_0028,DEPOSIT BACKSIDE METAL
seq_0028,BACKSIDE ANNEAL
seq_0028,MEASURE BACKSIDE CONTACT
seq_0028,FINAL CLEAN
seq_0028,FINAL THICKNESS MEASURE
seq_0028,FINAL PARTICLE INSPECTION
seq_0028,ELECTRICAL PARAMETRIC TEST
seq_0028,LEAKAGE TEST
seq_0028,THRESHOLD VOLTAGE TEST
seq_0028,SWITCHING TEST
seq_0028,WAFER SORT TEST
seq_0028,YIELD ANALYSIS
seq_0028,FINAL LOT RELEASE
seq_0028,SHIP LOT
seq_0029,RECEIVE WAFER LOT
seq_0029,LOT IDENTIFICATION
seq_0029,PRE CLEAN INSPECTION
seq_0029,MEASURE THICKNESS
seq_0029,MEASURE SURFACE PARTICLES
seq_0029,PRE CLEAN WAFER
seq_0029,WET CLEAN RCA1
seq_0029,WET CLEAN RCA2
seq_0029,HF DIP
seq_0029,SUBSTRATE CHECK
seq_0029,EPITAXY PREP
seq_0029,EPITAXIAL DEPOSITION
seq_0029,MEASURE EPITAXY THICKNESS
seq_0029,MEASURE RESISTIVITY
seq_0029,EPITAXY ANNEAL
seq_0029,WAFER SURFACE CLEAN
seq_0029,THERMAL OXIDATION
seq_0029,MEASURE OXIDE THICKNESS
seq_0029,SPIN COAT PHOTORESIST
seq_0029,SOFT BAKE
seq_0029,ALIGN MASK LEVEL 1
seq_0029,EXPOSE LITHO LEVEL 1
seq_0029,DEVELOP PHOTORESIST
seq_0029,PATTERN INSPECTION LEVEL 1
seq_0029,OXIDE ETCH
seq_0029,STRIP RESIST
seq_0029,CLEAN AFTER ETCH
seq_0029,MEASURE OPENING CD
seq_0029,IMPLANT WELL
seq_0029,DRIVE IN DIFFUSION
seq_0029,RAPID THERMAL ANNEAL
seq_0029,MEASURE JUNCTION DEPTH
seq_0029,THERMAL OXIDATION
seq_0029,GATE OXIDE PREP
seq_0029,GATE OXIDE GROWTH
seq_0029,MEASURE GATE OXIDE THICKNESS
seq_0029,DEPOSIT POLYSILICON
seq_0029,POLYSILICON ANNEAL
seq_0029,MEASURE POLY THICKNESS
seq_0029,SPIN COAT PHOTORESIST
seq_0029,SOFT BAKE
seq_0029,ALIGN MASK LEVEL 2
seq_0029,EXPOSE LITHO LEVEL 2
seq_0029,DEVELOP PHOTORESIST
seq_0029,POLY PATTERN INSPECTION
seq_0029,HARD BAKE
seq_0029,POLYSILICON ETCH
seq_0029,STRIP RESIST
seq_0029,CLEAN AFTER POLY ETCH
seq_0029,IMPLANT SOURCE DRAIN
seq_0029,PRE ANNEAL CHECK
seq_0029,LIGHT ANNEAL
seq_0029,MEASURE SHEET RESISTANCE
seq_0029,DEPOSIT SPACER DIELECTRIC
seq_0029,ANISOTROPIC ETCH SPACER
seq_0029,MEASURE SPACER WIDTH
seq_0029,IMPLANT LDD
seq_0029,RAPID THERMAL ANNEAL
seq_0029,MEASURE JUNCTION PROFILE
seq_0029,DEPOSIT INTERLAYER DIELECTRIC
seq_0029,DENSIFY DIELECTRIC
seq_0029,MEASURE DIELECTRIC THICKNESS
seq_0029,CMP INTERLAYER DIELECTRIC
seq_0029,MEASURE PLANARITY
seq_0029,SPIN COAT PHOTORESIST
seq_0029,SOFT BAKE
seq_0029,ALIGN MASK LEVEL 3
seq_0029,EXPOSE LITHO LEVEL 3
seq_0029,POST EXPOSE BAKE
seq_0029,DEVELOP PHOTORESIST
seq_0029,VIA INSPECTION
seq_0029,DIELECTRIC ETCH VIA
seq_0029,STRIP PHOTORESIST
seq_0029,CLEAN AFTER VIA ETCH
seq_0029,MEASURE VIA CD
seq_0029,DEPOSIT BARRIER METAL
seq_0029,DEPOSIT METAL SEED
seq_0029,FILL VIA METAL
seq_0029,CMP VIA FILL
seq_0029,MEASURE CONTACT RESISTANCE
seq_0029,DEPOSIT METAL 1
seq_0029,ANNEAL METAL 1
seq_0029,SPIN COAT PHOTORESIST
seq_0029,SOFT BAKE
seq_0029,ALIGN MASK LEVEL 4
seq_0029,EXPOSE LITHO LEVEL 4
seq_0029,DEVELOP PHOTORESIST
seq_0029,METAL PATTERN INSPECTION
seq_0029,HARD BAKE
seq_0029,METAL ETCH
seq_0029,STRIP RESIST
seq_0029,CLEAN AFTER METAL ETCH
seq_0029,DEPOSIT PASSIVATION LAYER
seq_0029,CURE PASSIVATION
seq_0029,MEASURE PASSIVATION QUALITY
seq_0029,OPEN BOND PAD WINDOW
seq_0029,OPEN PAD WINDOW LITHO
seq_0029,DEVELOP PAD WINDOW
seq_0029,PASSIVATION ETCH
seq_0029,STRIP PHOTORESIST
seq_0029,CLEAN PAD OPENING
seq_0029,MEASURE PAD OPENING
seq_0029,BACKSIDE CLEAN
seq_0029,BACKSIDE GRIND
seq_0029,MEASURE THICKNESS
seq_0029,BACKSIDE ETCH CLEAN
seq_0029,BACKSIDE RINSE
seq_0029,BACKSIDE DRY
seq_0029,BACKSIDE METALLIZATION PREP
seq_0029,DEPOSIT BACKSIDE METAL
seq_0029,BACKSIDE ANNEAL
seq_0029,MEASURE BACKSIDE CONTACT
seq_0029,FINAL CLEAN
seq_0029,FINAL THICKNESS MEASURE
seq_0029,FINAL GEOMETRY CHECK
seq_0029,FINAL CD INSPECTION
seq_0029,PARAMETRIC TEST
seq_0029,LEAKAGE TEST
seq_0029,THRESHOLD VOLTAGE TEST
seq_0029,SWITCHING TEST
seq_0029,WAFER SORT TEST
seq_0029,YIELD ANALYSIS
seq_0029,FINAL LOT RELEASE
seq_0029,SHIP LOT
seq_0030,RECEIVE WAFER LOT
seq_0030,LOT IDENTIFICATION
seq_0030,PRE CLEAN INSPECTION
seq_0030,MEASURE THICKNESS
seq_0030,MEASURE SURFACE PARTICLES
seq_0030,PRE CLEAN WAFER
seq_0030,BACKSIDE CLEAN
seq_0030,RCA CLEAN 1
seq_0030,RCA CLEAN 2
seq_0030,HF DIP
seq_0030,DRY WAFER
seq_0030,SUBSTRATE CHECK
seq_0030,EPITAXY PREP
seq_0030,EPITAXIAL DEPOSITION
seq_0030,MEASURE EPITAXY THICKNESS
seq_0030,MEASURE RESISTIVITY
seq_0030,EPITAXY ANNEAL
seq_0030,WAFER SURFACE CLEAN
seq_0030,THERMAL OXIDATION
seq_0030,MEASURE OXIDE THICKNESS
seq_0030,SPIN COAT PHOTORESIST
seq_0030,SOFT BAKE
seq_0030,ALIGN MASK LEVEL 1
seq_0030,EXPOSE LITHO LEVEL 1
seq_0030,DEVELOP PHOTORESIST
seq_0030,PATTERN INSPECTION LEVEL 1
seq_0030,HARD BAKE
seq_0030,OXIDE ETCH
seq_0030,STRIP PHOTORESIST
seq_0030,CLEAN AFTER ETCH
seq_0030,MEASURE OPENING CD
seq_0030,IMPLANT WELL
seq_0030,PRE ANNEAL CHECK
seq_0030,DRIVE IN DIFFUSION
seq_0030,RAPID THERMAL ANNEAL
seq_0030,MEASURE JUNCTION DEPTH
seq_0030,THERMAL OXIDATION
seq_0030,GATE OXIDE PREP
seq_0030,GATE OXIDE GROWTH
seq_0030,MEASURE GATE OXIDE THICKNESS
seq_0030,DEPOSIT POLYSILICON
seq_0030,POLYSILICON ANNEAL
seq_0030,SPIN COAT PHOTORESIST
seq_0030,SOFT BAKE
seq_0030,ALIGN MASK LEVEL 2
seq_0030,EXPOSE LITHO LEVEL 2
seq_0030,POST EXPOSE BAKE
seq_0030,DEVELOP PHOTORESIST
seq_0030,POLY PATTERN INSPECTION
seq_0030,HARD BAKE
seq_0030,POLYSILICON ETCH
seq_0030,STRIP PHOTORESIST
seq_0030,CLEAN AFTER POLY ETCH
seq_0030,MEASURE GATE CD
seq_0030,IMPLANT SOURCE DRAIN
seq_0030,PRE ANNEAL CHECK
seq_0030,LIGHT ANNEAL
seq_0030,MEASURE SHEET RESISTANCE
seq_0030,DEPOSIT SPACER DIELECTRIC
seq_0030,ANISOTROPIC ETCH SPACER
seq_0030,MEASURE SPACER WIDTH
seq_0030,IMPLANT LDD
seq_0030,PRE ANNEAL CHECK
seq_0030,RAPID THERMAL ANNEAL
seq_0030,MEASURE JUNCTION PROFILE
seq_0030,DEPOSIT INTERLAYER DIELECTRIC
seq_0030,DENSIFY OXIDE
seq_0030,MEASURE DIELECTRIC THICKNESS
seq_0030,CMP DIELECTRIC
seq_0030,MEASURE SURFACE PLANARITY
seq_0030,SPIN COAT PHOTORESIST
seq_0030,SOFT BAKE
seq_0030,ALIGN MASK LEVEL 3
seq_0030,EXPOSE LITHO LEVEL 3
seq_0030,DEVELOP PHOTORESIST
seq_0030,VIA OPENING INSPECTION
seq_0030,VIA ETCH
seq_0030,STRIP RESIST
seq_0030,CLEAN AFTER VIA ETCH
seq_0030,MEASURE VIA CD
seq_0030,DEPOSIT BARRIER METAL
seq_0030,DEPOSIT METAL SEED
seq_0030,FILL VIA METAL
seq_0030,CMP VIA FILL
seq_0030,DEPOSIT TOP METAL
seq_0030,ANNEAL METAL 1
seq_0030,MEASURE METAL THICKNESS
seq_0030,SPIN COAT PHOTORESIST
seq_0030,SOFT BAKE
seq_0030,ALIGN MASK LEVEL 4
seq_0030,EXPOSE LITHO LEVEL 4
seq_0030,POST EXPOSE BAKE
seq_0030,DEVELOP PHOTORESIST
seq_0030,METAL PATTERN INSPECTION
seq_0030,HARD BAKE
seq_0030,METAL ETCH
seq_0030,STRIP RESIST
seq_0030,CLEAN AFTER METAL ETCH
seq_0030,MEASURE LINE WIDTH
seq_0030,DEPOSIT PASSIVATION
seq_0030,CURE PASSIVATION
seq_0030,MEASURE PASSIVATION QUALITY
seq_0030,OPEN PAD WINDOW
seq_0030,PAD WINDOW LITHO
seq_0030,DEVELOP PHOTORESIST
seq_0030,PASSIVATION ETCH PAD OPENING
seq_0030,STRIP PHOTORESIST
seq_0030,CLEAN PAD OPENING
seq_0030,MEASURE PAD OPENING
seq_0030,BACKSIDE CLEAN
seq_0030,BACKSIDE GRIND
seq_0030,MEASURE THICKNESS
seq_0030,BACKSIDE ETCH CLEAN
seq_0030,BACKSIDE RINSE
seq_0030,BACKSIDE DRY
seq_0030,BACKSIDE METALLIZATION PREP
seq_0030,DEPOSIT BACKSIDE METAL
seq_0030,BACKSIDE ANNEAL
seq_0030,MEASURE BACKSIDE CONTACT
seq_0030,FINAL CLEAN
seq_0030,FINAL THICKNESS MEASURE
seq_0030,FINAL GEOMETRY CHECK
seq_0030,FINAL PARTICLE INSPECTION
seq_0030,ELECTRICAL PARAMETRIC TEST
seq_0030,LEAKAGE TEST
seq_0030,THRESHOLD VOLTAGE TEST
seq_0030,SWITCHING TEST
seq_0030,WAFER SORT TEST
seq_0030,YIELD ANALYSIS
seq_0030,LOT RELEASE
seq_0030,SHIP LOT
seq_0031,RECEIVE WAFER LOT
seq_0031,LOT IDENTIFICATION
seq_0031,INITIAL WAFER INSPECTION
seq_0031,MEASURE THICKNESS
seq_0031,MEASURE SURFACE PARTICLES
seq_0031,PRE CLEAN WAFER
seq_0031,WET CLEAN RCA1
seq_0031,RCA CLEAN 2
seq_0031,HF DIP
seq_0031,DRY WAFER
seq_0031,SUBSTRATE CHECK
seq_0031,EPITAXY PREP
seq_0031,EPITAXIAL DEPOSITION
seq_0031,MEASURE EPITAXY THICKNESS
seq_0031,MEASURE RESISTIVITY
seq_0031,EPITAXY ANNEAL
seq_0031,WAFER SURFACE CLEAN
seq_0031,THERMAL OXIDATION
seq_0031,MEASURE OXIDE THICKNESS
seq_0031,SPIN COAT PHOTORESIST
seq_0031,SOFT BAKE
seq_0031,ALIGN MASK LEVEL 1
seq_0031,EXPOSE LITHO LEVEL 1
seq_0031,DEVELOP PHOTORESIST
seq_0031,PATTERN INSPECTION LEVEL 1
seq_0031,OXIDE ETCH
seq_0031,STRIP PHOTORESIST
seq_0031,CLEAN AFTER ETCH
seq_0031,MEASURE OPENING CD
seq_0031,IMPLANT WELL
seq_0031,DRIVE IN DIFFUSION
seq_0031,RAPID THERMAL ANNEAL
seq_0031,MEASURE JUNCTION DEPTH
seq_0031,THERMAL OXIDATION
seq_0031,GATE OXIDE PREP
seq_0031,GATE OXIDE GROWTH
seq_0031,MEASURE GATE OXIDE THICKNESS
seq_0031,DEPOSIT POLYSILICON
seq_0031,POLYSILICON ANNEAL
seq_0031,SPIN COAT PHOTORESIST
seq_0031,SOFT BAKE
seq_0031,ALIGN MASK LEVEL 2
seq_0031,EXPOSE LITHO LEVEL 2
seq_0031,DEVELOP PHOTORESIST
seq_0031,POLY PATTERN INSPECTION
seq_0031,POLYSILICON ETCH
seq_0031,STRIP PHOTORESIST
seq_0031,CLEAN AFTER POLY ETCH
seq_0031,MEASURE GATE CD
seq_0031,IMPLANT SOURCE DRAIN
seq_0031,LIGHT ANNEAL
seq_0031,MEASURE SHEET RESISTANCE
seq_0031,DEPOSIT SPACER DIELECTRIC
seq_0031,ANISOTROPIC ETCH SPACER
seq_0031,MEASURE SPACER WIDTH
seq_0031,IMPLANT LDD
seq_0031,PRE ANNEAL CHECK
seq_0031,RAPID THERMAL ANNEAL
seq_0031,MEASURE JUNCTION PROFILE
seq_0031,DEPOSIT INTERLEVEL DIELECTRIC
seq_0031,DENSIFY OXIDE
seq_0031,MEASURE DIELECTRIC THICKNESS
seq_0031,CMP INTERLAYER DIELECTRIC
seq_0031,MEASURE SURFACE PLANARITY
seq_0031,SPIN COAT PHOTORESIST
seq_0031,SOFT BAKE
seq_0031,ALIGN MASK LEVEL 3
seq_0031,EXPOSE LITHO LEVEL 3
seq_0031,POST EXPOSE BAKE
seq_0031,DEVELOP PHOTORESIST
seq_0031,VIA INSPECTION
seq_0031,VIA ETCH THROUGH DIELECTRIC
seq_0031,STRIP PHOTORESIST
seq_0031,CLEAN AFTER VIA ETCH
seq_0031,MEASURE VIA CD
seq_0031,DEPOSIT BARRIER METAL
seq_0031,DEPOSIT METAL SEED
seq_0031,FILL VIA METAL
seq_0031,CMP VIA FILL
seq_0031,DEPOSIT TOP METAL
seq_0031,ANNEAL METAL 1
seq_0031,MEASURE METAL THICKNESS
seq_0031,SPIN COAT PHOTORESIST
seq_0031,SOFT BAKE
seq_0031,ALIGN MASK LEVEL 4
seq_0031,EXPOSE LITHO LEVEL 4
seq_0031,POST EXPOSE BAKE
seq_0031,DEVELOP PHOTORESIST
seq_0031,METAL PATTERN INSPECTION
seq_0031,METAL ETCH
seq_0031,STRIP RESIST
seq_0031,CLEAN AFTER METAL ETCH
seq_0031,MEASURE LINE WIDTH
seq_0031,DEPOSIT PASSIVATION
seq_0031,CURE PASSIVATION
seq_0031,MEASURE PASSIVATION THICKNESS
seq_0031,OPEN BOND PAD WINDOW
seq_0031,PAD WINDOW LITHO
seq_0031,DEVELOP PHOTORESIST
seq_0031,PASSIVATION ETCH
seq_0031,STRIP RESIST
seq_0031,CLEAN PAD OPENING
seq_0031,MEASURE PAD OPENING
seq_0031,BACKSIDE CLEAN
seq_0031,BACKSIDE GRIND
seq_0031,MEASURE WAFER THICKNESS
seq_0031,BACKSIDE ETCH CLEAN
seq_0031,BACKSIDE RINSE
seq_0031,BACKSIDE DRY
seq_0031,BACKSIDE METALLIZATION PREP
seq_0031,DEPOSIT BACKSIDE METAL
seq_0031,BACKSIDE ANNEAL
seq_0031,MEASURE BACKSIDE CONTACT
seq_0031,FINAL CLEAN
seq_0031,FINAL GEOMETRY CHECK
seq_0031,FINAL CD INSPECTION
seq_0031,FINAL PARTICLE INSPECTION
seq_0031,PARAMETRIC TEST
seq_0031,LEAKAGE TEST
seq_0031,THRESHOLD VOLTAGE TEST
seq_0031,SWITCHING TEST
seq_0031,WAFER SORT TEST
seq_0031,YIELD ANALYSIS
seq_0031,FINAL LOT RELEASE
seq_0031,SHIP LOT
seq_0032,RECEIVE WAFER LOT
seq_0032,LOT IDENTIFICATION
seq_0032,INITIAL WAFER INSPECTION
seq_0032,MEASURE THICKNESS
seq_0032,MEASURE SURFACE PARTICLES
seq_0032,PRE CLEAN WAFER
seq_0032,BACKSIDE CLEAN
seq_0032,RCA CLEAN 1
seq_0032,WET CLEAN RCA2
seq_0032,HF DIP
seq_0032,SUBSTRATE CHECK
seq_0032,EPITAXY PREP
seq_0032,EPITAXIAL DEPOSITION
seq_0032,MEASURE EPITAXY THICKNESS
seq_0032,MEASURE RESISTIVITY
seq_0032,EPITAXY ANNEAL
seq_0032,WAFER SURFACE CLEAN
seq_0032,THERMAL OXIDATION
seq_0032,MEASURE OXIDE THICKNESS
seq_0032,SPIN COAT PHOTORESIST
seq_0032,SOFT BAKE
seq_0032,ALIGN MASK LEVEL 1
seq_0032,EXPOSE LITHO LEVEL 1
seq_0032,DEVELOP PHOTORESIST
seq_0032,PATTERN INSPECTION LEVEL 1
seq_0032,OXIDE ETCH
seq_0032,STRIP RESIST
seq_0032,CLEAN AFTER ETCH
seq_0032,MEASURE OPENING CD
seq_0032,IMPLANT WELL
seq_0032,DRIVE IN DIFFUSION
seq_0032,RAPID THERMAL ANNEAL
seq_0032,MEASURE JUNCTION DEPTH
seq_0032,THERMAL OXIDATION
seq_0032,GATE OXIDE PREP
seq_0032,GATE OXIDE GROWTH
seq_0032,MEASURE GATE OXIDE THICKNESS
seq_0032,DEPOSIT POLYSILICON
seq_0032,POLYSILICON ANNEAL
seq_0032,MEASURE POLY THICKNESS
seq_0032,SPIN COAT PHOTORESIST
seq_0032,SOFT BAKE
seq_0032,ALIGN MASK LEVEL 2
seq_0032,EXPOSE LITHO LEVEL 2
seq_0032,DEVELOP PHOTORESIST
seq_0032,POLY PATTERN INSPECTION
seq_0032,HARD BAKE
seq_0032,POLYSILICON ETCH
seq_0032,STRIP PHOTORESIST
seq_0032,CLEAN AFTER POLY ETCH
seq_0032,IMPLANT SOURCE DRAIN
seq_0032,LIGHT ANNEAL
seq_0032,MEASURE SHEET RESISTANCE
seq_0032,DEPOSIT SPACER DIELECTRIC
seq_0032,ANISOTROPIC ETCH SPACER
seq_0032,IMPLANT LDD
seq_0032,PRE ANNEAL CHECK
seq_0032,RAPID THERMAL ANNEAL
seq_0032,DEPOSIT INTERLEVEL DIELECTRIC
seq_0032,DENSIFY OXIDE
seq_0032,MEASURE DIELECTRIC THICKNESS
seq_0032,CMP DIELECTRIC
seq_0032,MEASURE PLANARITY
seq_0032,SPIN COAT PHOTORESIST
seq_0032,SOFT BAKE
seq_0032,ALIGN MASK LEVEL 3
seq_0032,EXPOSE LITHO LEVEL 3
seq_0032,POST EXPOSE BAKE
seq_0032,DEVELOP PHOTORESIST
seq_0032,VIA INSPECTION
seq_0032,HARD BAKE
seq_0032,VIA ETCH THROUGH DIELECTRIC
seq_0032,STRIP PHOTORESIST
seq_0032,CLEAN AFTER VIA ETCH
seq_0032,MEASURE VIA CD
seq_0032,DEPOSIT BARRIER METAL
seq_0032,DEPOSIT METAL SEED
seq_0032,FILL VIA METAL
seq_0032,CMP METAL
seq_0032,MEASURE VIA RESISTANCE
seq_0032,DEPOSIT METAL 1
seq_0032,ANNEAL METAL 1
seq_0032,SPIN COAT PHOTORESIST
seq_0032,SOFT BAKE
seq_0032,ALIGN MASK LEVEL 4
seq_0032,EXPOSE LITHO LEVEL 4
seq_0032,DEVELOP PHOTORESIST
seq_0032,METAL PATTERN INSPECTION
seq_0032,METAL ETCH
seq_0032,STRIP PHOTORESIST
seq_0032,CLEAN AFTER METAL ETCH
seq_0032,MEASURE LINE WIDTH
seq_0032,DEPOSIT PASSIVATION
seq_0032,CURE PASSIVATION
seq_0032,MEASURE PASSIVATION THICKNESS
seq_0032,OPEN BOND PAD WINDOW
seq_0032,PAD WINDOW LITHO
seq_0032,DEVELOP PAD WINDOW
seq_0032,PASSIVATION ETCH PAD OPENING
seq_0032,STRIP RESIST
seq_0032,CLEAN PAD OPENING
seq_0032,MEASURE PAD OPENING
seq_0032,BACKSIDE CLEAN
seq_0032,BACKSIDE GRIND
seq_0032,MEASURE THICKNESS
seq_0032,BACKSIDE ETCH CLEAN
seq_0032,BACKSIDE RINSE
seq_0032,BACKSIDE DRY
seq_0032,BACKSIDE METALLIZATION PREP
seq_0032,DEPOSIT BACKSIDE METAL
seq_0032,BACKSIDE ANNEAL
seq_0032,MEASURE BACKSIDE CONTACT
seq_0032,FINAL CLEAN
seq_0032,FINAL GEOMETRY CHECK
seq_0032,FINAL PARTICLE INSPECTION
seq_0032,ELECTRICAL PARAMETRIC TEST
seq_0032,LEAKAGE TEST
seq_0032,THRESHOLD VOLTAGE TEST
seq_0032,SWITCHING TEST
seq_0032,WAFER SORT TEST
seq_0032,YIELD ANALYSIS
seq_0032,FINAL LOT RELEASE
seq_0032,SHIP LOT
seq_0033,RECEIVE WAFER LOT
seq_0033,LOT IDENTIFICATION
seq_0033,PRE CLEAN INSPECTION
seq_0033,MEASURE THICKNESS
seq_0033,MEASURE SURFACE PARTICLES
seq_0033,PRE CLEAN WAFER
seq_0033,BACKSIDE CLEAN
seq_0033,FRONTSIDE CLEAN
seq_0033,RCA CLEAN 1
seq_0033,RCA CLEAN 2
seq_0033,HF DIP
seq_0033,DRY WAFER
seq_0033,SUBSTRATE CHECK
seq_0033,EPITAXY PREP
seq_0033,EPITAXIAL DEPOSITION
seq_0033,MEASURE EPITAXY THICKNESS
seq_0033,MEASURE RESISTIVITY
seq_0033,EPITAXY ANNEAL
seq_0033,WAFER SURFACE CLEAN
seq_0033,THERMAL OXIDATION
seq_0033,MEASURE OXIDE THICKNESS
seq_0033,SPIN COAT PHOTORESIST
seq_0033,SOFT BAKE
seq_0033,ALIGN MASK LEVEL 1
seq_0033,EXPOSE LITHO LEVEL 1
seq_0033,POST EXPOSE BAKE
seq_0033,DEVELOP PHOTORESIST
seq_0033,PATTERN INSPECTION LEVEL 1
seq_0033,OXIDE ETCH
seq_0033,STRIP PHOTORESIST
seq_0033,CLEAN AFTER ETCH
seq_0033,MEASURE OPENING CD
seq_0033,IMPLANT WELL
seq_0033,DRIVE IN DIFFUSION
seq_0033,RAPID THERMAL ANNEAL
seq_0033,MEASURE JUNCTION DEPTH
seq_0033,THERMAL OXIDATION
seq_0033,GATE OXIDE PREP
seq_0033,GATE OXIDE GROWTH
seq_0033,MEASURE GATE OXIDE THICKNESS
seq_0033,DEPOSIT POLYSILICON
seq_0033,POLYSILICON ANNEAL
seq_0033,MEASURE POLY THICKNESS
seq_0033,SPIN COAT PHOTORESIST
seq_0033,SOFT BAKE
seq_0033,ALIGN MASK LEVEL 2
seq_0033,EXPOSE LITHO LEVEL 2
seq_0033,POST EXPOSE BAKE
seq_0033,DEVELOP PHOTORESIST
seq_0033,POLY PATTERN INSPECTION
seq_0033,HARD BAKE
seq_0033,POLYSILICON ETCH
seq_0033,STRIP RESIST
seq_0033,CLEAN AFTER POLY ETCH
seq_0033,MEASURE GATE CD
seq_0033,IMPLANT SOURCE DRAIN
seq_0033,PRE ANNEAL CHECK
seq_0033,LIGHT ANNEAL
seq_0033,MEASURE SHEET RESISTANCE
seq_0033,DEPOSIT SPACER DIELECTRIC
seq_0033,ANISOTROPIC ETCH SPACER
seq_0033,MEASURE SPACER WIDTH
seq_0033,IMPLANT LDD
seq_0033,RAPID THERMAL ANNEAL
seq_0033,MEASURE JUNCTION PROFILE
seq_0033,DEPOSIT INTERLAYER DIELECTRIC
seq_0033,DENSIFY DIELECTRIC
seq_0033,MEASURE FILM THICKNESS
seq_0033,CMP DIELECTRIC
seq_0033,MEASURE SURFACE PLANARITY
seq_0033,SPIN COAT PHOTORESIST
seq_0033,SOFT BAKE
seq_0033,ALIGN MASK LEVEL 3
seq_0033,EXPOSE LITHO LEVEL 3
seq_0033,POST EXPOSE BAKE
seq_0033,DEVELOP PHOTORESIST
seq_0033,VIA OPENING INSPECTION
seq_0033,VIA ETCH
seq_0033,STRIP RESIST
seq_0033,CLEAN AFTER VIA ETCH
seq_0033,MEASURE VIA CD
seq_0033,DEPOSIT BARRIER METAL
seq_0033,DEPOSIT METAL SEED
seq_0033,FILL VIA METAL
seq_0033,CMP VIA FILL
seq_0033,MEASURE VIA RESISTANCE
seq_0033,DEPOSIT TOP METAL
seq_0033,ANNEAL METAL
seq_0033,SPIN COAT PHOTORESIST
seq_0033,SOFT BAKE
seq_0033,ALIGN MASK LEVEL 4
seq_0033,EXPOSE LITHO LEVEL 4
seq_0033,POST EXPOSE BAKE
seq_0033,DEVELOP PHOTORESIST
seq_0033,METAL PATTERN INSPECTION
seq_0033,METAL ETCH
seq_0033,STRIP PHOTORESIST
seq_0033,CLEAN AFTER METAL ETCH
seq_0033,DEPOSIT PASSIVATION
seq_0033,CURE PASSIVATION
seq_0033,MEASURE PASSIVATION QUALITY
seq_0033,OPEN BOND PAD WINDOW
seq_0033,OPEN PAD WINDOW LITHO
seq_0033,DEVELOP PAD WINDOW
seq_0033,PASSIVATION ETCH
seq_0033,STRIP RESIST
seq_0033,CLEAN PAD OPENING
seq_0033,MEASURE PAD OPENING
seq_0033,BACKSIDE CLEAN
seq_0033,BACKSIDE GRIND
seq_0033,MEASURE THICKNESS
seq_0033,BACKSIDE ETCH CLEAN
seq_0033,BACKSIDE RINSE
seq_0033,BACKSIDE DRY
seq_0033,BACKSIDE METALLIZATION PREP
seq_0033,DEPOSIT BACKSIDE METAL
seq_0033,BACKSIDE ANNEAL
seq_0033,MEASURE BACKSIDE CONTACT
seq_0033,FINAL CLEAN
seq_0033,FINAL PARTICLE INSPECTION
seq_0033,ELECTRICAL PARAMETRIC TEST
seq_0033,LEAKAGE TEST
seq_0033,THRESHOLD VOLTAGE TEST
seq_0033,SWITCHING TEST
seq_0033,WAFER SORT TEST
seq_0033,YIELD ANALYSIS
seq_0033,FINAL LOT RELEASE
seq_0033,SHIP LOT
seq_0034,RECEIVE WAFER LOT
seq_0034,LOT IDENTIFICATION
seq_0034,PRE CLEAN INSPECTION
seq_0034,MEASURE THICKNESS
seq_0034,MEASURE SURFACE PARTICLES
seq_0034,PRE CLEAN WAFER
seq_0034,BACKSIDE CLEAN
seq_0034,WET CLEAN RCA1
seq_0034,RCA CLEAN 2
seq_0034,HF DIP
seq_0034,SUBSTRATE CHECK
seq_0034,EPITAXY PREP
seq_0034,EPITAXIAL DEPOSITION
seq_0034,MEASURE EPITAXY THICKNESS
seq_0034,MEASURE RESISTIVITY
seq_0034,EPITAXY ANNEAL
seq_0034,WAFER SURFACE CLEAN
seq_0034,THERMAL OXIDATION
seq_0034,MEASURE OXIDE THICKNESS
seq_0034,SPIN COAT PHOTORESIST
seq_0034,SOFT BAKE
seq_0034,ALIGN MASK LEVEL 1
seq_0034,EXPOSE LITHO LEVEL 1
seq_0034,DEVELOP PHOTORESIST
seq_0034,PATTERN INSPECTION LEVEL 1
seq_0034,OXIDE ETCH
seq_0034,STRIP PHOTORESIST
seq_0034,CLEAN AFTER ETCH
seq_0034,MEASURE OPENING CD
seq_0034,IMPLANT WELL
seq_0034,DRIVE IN DIFFUSION
seq_0034,RAPID THERMAL ANNEAL
seq_0034,MEASURE JUNCTION DEPTH
seq_0034,THERMAL OXIDATION
seq_0034,GATE OXIDE PREP
seq_0034,GATE OXIDE GROWTH
seq_0034,MEASURE GATE OXIDE THICKNESS
seq_0034,DEPOSIT POLYSILICON
seq_0034,POLYSILICON ANNEAL
seq_0034,MEASURE POLY THICKNESS
seq_0034,SPIN COAT PHOTORESIST
seq_0034,SOFT BAKE
seq_0034,ALIGN MASK LEVEL 2
seq_0034,EXPOSE LITHO LEVEL 2
seq_0034,DEVELOP PHOTORESIST
seq_0034,POLY PATTERN INSPECTION
seq_0034,POLYSILICON ETCH
seq_0034,STRIP RESIST
seq_0034,CLEAN AFTER POLY ETCH
seq_0034,MEASURE GATE CD
seq_0034,IMPLANT SOURCE DRAIN
seq_0034,LIGHT ANNEAL
seq_0034,MEASURE SHEET RESISTANCE
seq_0034,DEPOSIT SPACER DIELECTRIC
seq_0034,ANISOTROPIC ETCH SPACER
seq_0034,MEASURE SPACER WIDTH
seq_0034,IMPLANT LDD
seq_0034,RAPID THERMAL ANNEAL
seq_0034,MEASURE JUNCTION PROFILE
seq_0034,DEPOSIT INTERLEVEL DIELECTRIC
seq_0034,DENSIFY OXIDE
seq_0034,MEASURE FILM THICKNESS
seq_0034,CMP DIELECTRIC
seq_0034,MEASURE SURFACE PLANARITY
seq_0034,SPIN COAT PHOTORESIST
seq_0034,SOFT BAKE
seq_0034,ALIGN MASK LEVEL 3
seq_0034,EXPOSE LITHO LEVEL 3
seq_0034,POST EXPOSE BAKE
seq_0034,DEVELOP PHOTORESIST
seq_0034,VIA OPENING INSPECTION
seq_0034,DIELECTRIC ETCH VIA
seq_0034,STRIP RESIST
seq_0034,CLEAN AFTER VIA ETCH
seq_0034,DEPOSIT BARRIER METAL
seq_0034,DEPOSIT METAL SEED
seq_0034,FILL VIA METAL
seq_0034,CMP VIA FILL
seq_0034,MEASURE CONTACT RESISTANCE
seq_0034,DEPOSIT TOP METAL
seq_0034,ANNEAL METAL
seq_0034,SPIN COAT PHOTORESIST
seq_0034,SOFT BAKE
seq_0034,ALIGN MASK LEVEL 4
seq_0034,EXPOSE LITHO LEVEL 4
seq_0034,POST EXPOSE BAKE
seq_0034,DEVELOP PHOTORESIST
seq_0034,METAL PATTERN INSPECTION
seq_0034,HARD BAKE
seq_0034,METAL ETCH
seq_0034,STRIP PHOTORESIST
seq_0034,CLEAN AFTER METAL ETCH
seq_0034,MEASURE LINE WIDTH
seq_0034,DEPOSIT PASSIVATION LAYER
seq_0034,CURE PASSIVATION
seq_0034,MEASURE PASSIVATION QUALITY
seq_0034,OPEN PAD WINDOW
seq_0034,PAD WINDOW LITHO
seq_0034,DEVELOP PAD WINDOW
seq_0034,PASSIVATION ETCH
seq_0034,STRIP RESIST
seq_0034,CLEAN PAD OPENING
seq_0034,MEASURE PAD OPENING
seq_0034,BACKSIDE CLEAN
seq_0034,BACKSIDE GRIND
seq_0034,MEASURE THICKNESS
seq_0034,BACKSIDE ETCH CLEAN
seq_0034,BACKSIDE RINSE
seq_0034,BACKSIDE DRY
seq_0034,BACKSIDE METALLIZATION PREP
seq_0034,DEPOSIT BACKSIDE METAL
seq_0034,BACKSIDE ANNEAL
seq_0034,MEASURE BACKSIDE CONTACT
seq_0034,FINAL CLEAN
seq_0034,FINAL THICKNESS MEASURE
seq_0034,FINAL PARTICLE INSPECTION
seq_0034,ELECTRICAL PARAMETRIC TEST
seq_0034,LEAKAGE TEST
seq_0034,THRESHOLD VOLTAGE TEST
seq_0034,SWITCHING TEST
seq_0034,WAFER SORT TEST
seq_0034,YIELD ANALYSIS
seq_0034,FINAL LOT RELEASE
seq_0034,SHIP LOT
seq_0035,RECEIVE WAFER LOT
seq_0035,LOT IDENTIFICATION
seq_0035,PRE CLEAN INSPECTION
seq_0035,MEASURE THICKNESS
seq_0035,MEASURE SURFACE PARTICLES
seq_0035,PRE CLEAN WAFER
seq_0035,BACKSIDE CLEAN
seq_0035,FRONTSIDE CLEAN
seq_0035,WET CLEAN RCA1
seq_0035,RCA CLEAN 2
seq_0035,HF DIP
seq_0035,DRY WAFER
seq_0035,SUBSTRATE CHECK
seq_0035,EPITAXY PREP
seq_0035,EPITAXIAL DEPOSITION
seq_0035,MEASURE EPITAXY THICKNESS
seq_0035,MEASURE RESISTIVITY
seq_0035,EPITAXY ANNEAL
seq_0035,WAFER SURFACE CLEAN
seq_0035,THERMAL OXIDATION
seq_0035,MEASURE OXIDE THICKNESS
seq_0035,SPIN COAT PHOTORESIST
seq_0035,SOFT BAKE
seq_0035,ALIGN MASK LEVEL 1
seq_0035,EXPOSE LITHO LEVEL 1
seq_0035,POST EXPOSE BAKE
seq_0035,DEVELOP PHOTORESIST
seq_0035,PATTERN INSPECTION LEVEL 1
seq_0035,HARD BAKE
seq_0035,OXIDE ETCH
seq_0035,STRIP PHOTORESIST
seq_0035,CLEAN AFTER ETCH
seq_0035,MEASURE OPENING CD
seq_0035,IMPLANT WELL
seq_0035,DRIVE IN DIFFUSION
seq_0035,RAPID THERMAL ANNEAL
seq_0035,THERMAL OXIDATION
seq_0035,GATE OXIDE PREP
seq_0035,GATE OXIDE GROWTH
seq_0035,MEASURE GATE OXIDE THICKNESS
seq_0035,DEPOSIT POLYSILICON
seq_0035,POLYSILICON ANNEAL
seq_0035,SPIN COAT PHOTORESIST
seq_0035,SOFT BAKE
seq_0035,ALIGN MASK LEVEL 2
seq_0035,EXPOSE LITHO LEVEL 2
seq_0035,DEVELOP PHOTORESIST
seq_0035,POLY PATTERN INSPECTION
seq_0035,POLYSILICON ETCH
seq_0035,STRIP PHOTORESIST
seq_0035,CLEAN AFTER POLY ETCH
seq_0035,MEASURE GATE CD
seq_0035,IMPLANT SOURCE DRAIN
seq_0035,LIGHT ANNEAL
seq_0035,MEASURE SHEET RESISTANCE
seq_0035,DEPOSIT SPACER DIELECTRIC
seq_0035,ANISOTROPIC ETCH SPACER
seq_0035,IMPLANT LDD
seq_0035,PRE ANNEAL CHECK
seq_0035,RAPID THERMAL ANNEAL
seq_0035,DEPOSIT INTERLAYER DIELECTRIC
seq_0035,DENSIFY OXIDE
seq_0035,MEASURE DIELECTRIC THICKNESS
seq_0035,CMP INTERLAYER DIELECTRIC
seq_0035,MEASURE SURFACE PLANARITY
seq_0035,SPIN COAT PHOTORESIST
seq_0035,SOFT BAKE
seq_0035,ALIGN MASK LEVEL 3
seq_0035,EXPOSE LITHO LEVEL 3
seq_0035,DEVELOP PHOTORESIST
seq_0035,VIA INSPECTION
seq_0035,HARD BAKE
seq_0035,DIELECTRIC ETCH VIA
seq_0035,STRIP PHOTORESIST
seq_0035,CLEAN AFTER VIA ETCH
seq_0035,MEASURE VIA CD
seq_0035,DEPOSIT BARRIER METAL
seq_0035,DEPOSIT METAL SEED
seq_0035,FILL VIA METAL
seq_0035,CMP VIA FILL
seq_0035,MEASURE VIA RESISTANCE
seq_0035,DEPOSIT METAL 1
seq_0035,ANNEAL METAL 1
seq_0035,MEASURE METAL THICKNESS
seq_0035,SPIN COAT PHOTORESIST
seq_0035,SOFT BAKE
seq_0035,ALIGN MASK LEVEL 4
seq_0035,EXPOSE LITHO LEVEL 4
seq_0035,DEVELOP PHOTORESIST
seq_0035,METAL PATTERN INSPECTION
seq_0035,METAL ETCH
seq_0035,STRIP PHOTORESIST
seq_0035,CLEAN AFTER METAL ETCH
seq_0035,MEASURE LINE WIDTH
seq_0035,DEPOSIT PASSIVATION LAYER
seq_0035,CURE PASSIVATION
seq_0035,MEASURE PASSIVATION QUALITY
seq_0035,OPEN PAD WINDOW
seq_0035,OPEN PAD WINDOW LITHO
seq_0035,DEVELOP PAD WINDOW
seq_0035,PASSIVATION ETCH PAD OPENING
seq_0035,STRIP RESIST
seq_0035,CLEAN PAD OPENING
seq_0035,MEASURE PAD OPENING
seq_0035,BACKSIDE CLEAN
seq_0035,BACKSIDE GRIND
seq_0035,MEASURE WAFER THICKNESS
seq_0035,BACKSIDE ETCH CLEAN
seq_0035,BACKSIDE RINSE
seq_0035,BACKSIDE DRY
seq_0035,BACKSIDE METALLIZATION PREP
seq_0035,DEPOSIT BACKSIDE METAL
seq_0035,BACKSIDE ANNEAL
seq_0035,MEASURE BACKSIDE CONTACT
seq_0035,FINAL CLEAN
seq_0035,FINAL THICKNESS MEASURE
seq_0035,FINAL GEOMETRY CHECK
seq_0035,FINAL PARTICLE INSPECTION
seq_0035,PARAMETRIC TEST
seq_0035,LEAKAGE TEST
seq_0035,THRESHOLD VOLTAGE TEST
seq_0035,SWITCHING TEST
seq_0035,WAFER SORT TEST
seq_0035,YIELD ANALYSIS
seq_0035,LOT RELEASE
seq_0035,SHIP LOT
seq_0036,RECEIVE WAFER LOT
seq_0036,LOT IDENTIFICATION
seq_0036,PRE CLEAN INSPECTION
seq_0036,MEASURE SURFACE PARTICLES
seq_0036,PRE CLEAN WAFER
seq_0036,RCA CLEAN 1
seq_0036,RCA CLEAN 2
seq_0036,HF DIP
seq_0036,DRY WAFER
seq_0036,SUBSTRATE CHECK
seq_0036,EPITAXY PREP
seq_0036,EPITAXIAL DEPOSITION
seq_0036,MEASURE EPITAXY THICKNESS
seq_0036,MEASURE RESISTIVITY
seq_0036,EPITAXY ANNEAL
seq_0036,WAFER SURFACE CLEAN
seq_0036,THERMAL OXIDATION
seq_0036,MEASURE OXIDE THICKNESS
seq_0036,SPIN COAT PHOTORESIST
seq_0036,SOFT BAKE
seq_0036,ALIGN MASK LEVEL 1
seq_0036,EXPOSE LITHO LEVEL 1
seq_0036,DEVELOP PHOTORESIST
seq_0036,PATTERN INSPECTION LEVEL 1
seq_0036,OXIDE ETCH
seq_0036,STRIP RESIST
seq_0036,CLEAN AFTER ETCH
seq_0036,MEASURE OPENING CD
seq_0036,IMPLANT WELL
seq_0036,DRIVE IN DIFFUSION
seq_0036,RAPID THERMAL ANNEAL
seq_0036,MEASURE JUNCTION DEPTH
seq_0036,THERMAL OXIDATION
seq_0036,GATE OXIDE PREP
seq_0036,GATE OXIDE GROWTH
seq_0036,MEASURE GATE OXIDE THICKNESS
seq_0036,DEPOSIT POLYSILICON
seq_0036,POLYSILICON ANNEAL
seq_0036,SPIN COAT PHOTORESIST
seq_0036,SOFT BAKE
seq_0036,ALIGN MASK LEVEL 2
seq_0036,EXPOSE LITHO LEVEL 2
seq_0036,POST EXPOSE BAKE
seq_0036,DEVELOP PHOTORESIST
seq_0036,POLY PATTERN INSPECTION
seq_0036,HARD BAKE
seq_0036,POLYSILICON ETCH
seq_0036,STRIP PHOTORESIST
seq_0036,CLEAN AFTER POLY ETCH
seq_0036,MEASURE GATE CD
seq_0036,IMPLANT SOURCE DRAIN
seq_0036,PRE ANNEAL CHECK
seq_0036,LIGHT ANNEAL
seq_0036,MEASURE SHEET RESISTANCE
seq_0036,DEPOSIT SPACER DIELECTRIC
seq_0036,ANISOTROPIC ETCH SPACER
seq_0036,MEASURE SPACER WIDTH
seq_0036,IMPLANT LDD
seq_0036,PRE ANNEAL CHECK
seq_0036,RAPID THERMAL ANNEAL
seq_0036,DEPOSIT INTERLAYER DIELECTRIC
seq_0036,DENSIFY OXIDE
seq_0036,MEASURE DIELECTRIC THICKNESS
seq_0036,CMP DIELECTRIC
seq_0036,MEASURE PLANARITY
seq_0036,SPIN COAT PHOTORESIST
seq_0036,SOFT BAKE
seq_0036,ALIGN MASK LEVEL 3
seq_0036,EXPOSE LITHO LEVEL 3
seq_0036,POST EXPOSE BAKE
seq_0036,DEVELOP PHOTORESIST
seq_0036,VIA OPENING INSPECTION
seq_0036,HARD BAKE
seq_0036,DIELECTRIC ETCH VIA
seq_0036,STRIP RESIST
seq_0036,CLEAN AFTER VIA ETCH
seq_0036,MEASURE VIA CD
seq_0036,DEPOSIT BARRIER METAL
seq_0036,DEPOSIT METAL SEED
seq_0036,FILL VIA METAL
seq_0036,CMP VIA FILL
seq_0036,MEASURE VIA RESISTANCE
seq_0036,DEPOSIT METAL 1
seq_0036,ANNEAL METAL 1
seq_0036,SPIN COAT PHOTORESIST
seq_0036,SOFT BAKE
seq_0036,ALIGN MASK LEVEL 4
seq_0036,EXPOSE LITHO LEVEL 4
seq_0036,DEVELOP PHOTORESIST
seq_0036,METAL PATTERN INSPECTION
seq_0036,METAL ETCH
seq_0036,STRIP PHOTORESIST
seq_0036,CLEAN AFTER METAL ETCH
seq_0036,MEASURE LINE WIDTH
seq_0036,DEPOSIT PASSIVATION
seq_0036,CURE PASSIVATION
seq_0036,MEASURE PASSIVATION THICKNESS
seq_0036,OPEN BOND PAD WINDOW
seq_0036,PAD WINDOW LITHO
seq_0036,DEVELOP PHOTORESIST
seq_0036,PASSIVATION ETCH
seq_0036,STRIP RESIST
seq_0036,CLEAN PAD OPENING
seq_0036,MEASURE PAD OPENING
seq_0036,BACKSIDE CLEAN
seq_0036,BACKSIDE GRIND
seq_0036,MEASURE WAFER THICKNESS
seq_0036,BACKSIDE ETCH CLEAN
seq_0036,BACKSIDE RINSE
seq_0036,BACKSIDE DRY
seq_0036,BACKSIDE METALLIZATION PREP
seq_0036,DEPOSIT BACKSIDE METAL
seq_0036,BACKSIDE ANNEAL
seq_0036,MEASURE BACKSIDE CONTACT
seq_0036,FINAL CLEAN
seq_0036,FINAL THICKNESS MEASURE
seq_0036,FINAL GEOMETRY CHECK
seq_0036,FINAL PARTICLE INSPECTION
seq_0036,ELECTRICAL PARAMETRIC TEST
seq_0036,LEAKAGE TEST
seq_0036,THRESHOLD VOLTAGE TEST
seq_0036,SWITCHING TEST
seq_0036,WAFER SORT TEST
seq_0036,YIELD ANALYSIS
seq_0036,LOT RELEASE
seq_0036,SHIP LOT
seq_0037,RECEIVE WAFER LOT
seq_0037,LOT IDENTIFICATION
seq_0037,PRE CLEAN INSPECTION
seq_0037,MEASURE THICKNESS
seq_0037,MEASURE SURFACE PARTICLES
seq_0037,PRE CLEAN WAFER
seq_0037,BACKSIDE CLEAN
seq_0037,FRONTSIDE CLEAN
seq_0037,WET CLEAN RCA1
seq_0037,WET CLEAN RCA2
seq_0037,HF DIP
seq_0037,DRY WAFER
seq_0037,SUBSTRATE CHECK
seq_0037,EPITAXY PREP
seq_0037,EPITAXIAL DEPOSITION
seq_0037,MEASURE EPITAXY THICKNESS
seq_0037,MEASURE RESISTIVITY
seq_0037,EPITAXY ANNEAL
seq_0037,WAFER SURFACE CLEAN
seq_0037,THERMAL OXIDATION
seq_0037,MEASURE OXIDE THICKNESS
seq_0037,SPIN COAT PHOTORESIST
seq_0037,SOFT BAKE
seq_0037,ALIGN MASK LEVEL 1
seq_0037,EXPOSE LITHO LEVEL 1
seq_0037,DEVELOP PHOTORESIST
seq_0037,PATTERN INSPECTION LEVEL 1
seq_0037,OXIDE ETCH
seq_0037,STRIP PHOTORESIST
seq_0037,CLEAN AFTER ETCH
seq_0037,MEASURE OPENING CD
seq_0037,IMPLANT WELL
seq_0037,PRE ANNEAL CHECK
seq_0037,DRIVE IN DIFFUSION
seq_0037,RAPID THERMAL ANNEAL
seq_0037,MEASURE JUNCTION DEPTH
seq_0037,THERMAL OXIDATION
seq_0037,GATE OXIDE PREP
seq_0037,GATE OXIDE GROWTH
seq_0037,MEASURE GATE OXIDE THICKNESS
seq_0037,DEPOSIT POLYSILICON
seq_0037,POLYSILICON ANNEAL
seq_0037,MEASURE POLY THICKNESS
seq_0037,SPIN COAT PHOTORESIST
seq_0037,SOFT BAKE
seq_0037,ALIGN MASK LEVEL 2
seq_0037,EXPOSE LITHO LEVEL 2
seq_0037,DEVELOP PHOTORESIST
seq_0037,POLY PATTERN INSPECTION
seq_0037,POLYSILICON ETCH
seq_0037,STRIP PHOTORESIST
seq_0037,CLEAN AFTER POLY ETCH
seq_0037,MEASURE GATE CD
seq_0037,IMPLANT SOURCE DRAIN
seq_0037,LIGHT ANNEAL
seq_0037,MEASURE SHEET RESISTANCE
seq_0037,DEPOSIT SPACER DIELECTRIC
seq_0037,ANISOTROPIC ETCH SPACER
seq_0037,MEASURE SPACER WIDTH
seq_0037,IMPLANT LDD
seq_0037,RAPID THERMAL ANNEAL
seq_0037,MEASURE JUNCTION PROFILE
seq_0037,DEPOSIT INTERLEVEL DIELECTRIC
seq_0037,DENSIFY OXIDE
seq_0037,MEASURE FILM THICKNESS
seq_0037,CMP INTERLAYER DIELECTRIC
seq_0037,MEASURE SURFACE PLANARITY
seq_0037,SPIN COAT PHOTORESIST
seq_0037,SOFT BAKE
seq_0037,ALIGN MASK LEVEL 3
seq_0037,EXPOSE LITHO LEVEL 3
seq_0037,DEVELOP PHOTORESIST
seq_0037,VIA INSPECTION
seq_0037,VIA ETCH THROUGH DIELECTRIC
seq_0037,STRIP PHOTORESIST
seq_0037,CLEAN AFTER VIA ETCH
seq_0037,MEASURE VIA CD
seq_0037,DEPOSIT BARRIER METAL
seq_0037,DEPOSIT METAL SEED
seq_0037,FILL VIA METAL
seq_0037,CMP VIA FILL
seq_0037,MEASURE VIA RESISTANCE
seq_0037,DEPOSIT METAL 1
seq_0037,ANNEAL METAL
seq_0037,SPIN COAT PHOTORESIST
seq_0037,SOFT BAKE
seq_0037,ALIGN MASK LEVEL 4
seq_0037,EXPOSE LITHO LEVEL 4
seq_0037,DEVELOP PHOTORESIST
seq_0037,METAL PATTERN INSPECTION
seq_0037,METAL ETCH
seq_0037,STRIP PHOTORESIST
seq_0037,CLEAN AFTER METAL ETCH
seq_0037,DEPOSIT PASSIVATION
seq_0037,CURE PASSIVATION
seq_0037,MEASURE PASSIVATION QUALITY
seq_0037,OPEN PAD WINDOW
seq_0037,OPEN PAD WINDOW LITHO
seq_0037,DEVELOP PAD WINDOW
seq_0037,PASSIVATION ETCH
seq_0037,STRIP RESIST
seq_0037,CLEAN PAD OPENING
seq_0037,MEASURE PAD OPENING
seq_0037,BACKSIDE CLEAN
seq_0037,BACKSIDE GRIND
seq_0037,MEASURE WAFER THICKNESS
seq_0037,BACKSIDE ETCH CLEAN
seq_0037,BACKSIDE RINSE
seq_0037,BACKSIDE DRY
seq_0037,BACKSIDE METALLIZATION PREP
seq_0037,DEPOSIT BACKSIDE METAL
seq_0037,BACKSIDE ANNEAL
seq_0037,MEASURE BACKSIDE CONTACT
seq_0037,FINAL CLEAN
seq_0037,FINAL THICKNESS MEASURE
seq_0037,FINAL CD INSPECTION
seq_0037,FINAL PARTICLE INSPECTION
seq_0037,ELECTRICAL PARAMETRIC TEST
seq_0037,LEAKAGE TEST
seq_0037,THRESHOLD VOLTAGE TEST
seq_0037,SWITCHING TEST
seq_0037,WAFER SORT TEST
seq_0037,YIELD ANALYSIS
seq_0037,LOT RELEASE
seq_0037,SHIP LOT
seq_0038,RECEIVE WAFER LOT
seq_0038,LOT IDENTIFICATION
seq_0038,INITIAL WAFER INSPECTION
seq_0038,MEASURE THICKNESS
seq_0038,MEASURE SURFACE PARTICLES
seq_0038,PRE CLEAN WAFER
seq_0038,BACKSIDE CLEAN
seq_0038,FRONTSIDE CLEAN
seq_0038,RCA CLEAN 1
seq_0038,RCA CLEAN 2
seq_0038,HF DIP
seq_0038,SUBSTRATE CHECK
seq_0038,EPITAXY PREP
seq_0038,EPITAXIAL DEPOSITION
seq_0038,MEASURE EPITAXY THICKNESS
seq_0038,MEASURE RESISTIVITY
seq_0038,EPITAXY ANNEAL
seq_0038,WAFER SURFACE CLEAN
seq_0038,THERMAL OXIDATION
seq_0038,MEASURE OXIDE THICKNESS
seq_0038,SPIN COAT PHOTORESIST
seq_0038,SOFT BAKE
seq_0038,ALIGN MASK LEVEL 1
seq_0038,EXPOSE LITHO LEVEL 1
seq_0038,DEVELOP PHOTORESIST
seq_0038,PATTERN INSPECTION LEVEL 1
seq_0038,HARD BAKE
seq_0038,OXIDE ETCH
seq_0038,STRIP PHOTORESIST
seq_0038,CLEAN AFTER ETCH
seq_0038,MEASURE OPENING CD
seq_0038,IMPLANT WELL
seq_0038,PRE ANNEAL CHECK
seq_0038,DRIVE IN DIFFUSION
seq_0038,RAPID THERMAL ANNEAL
seq_0038,MEASURE JUNCTION DEPTH
seq_0038,THERMAL OXIDATION
seq_0038,GATE OXIDE PREP
seq_0038,GATE OXIDE GROWTH
seq_0038,MEASURE GATE OXIDE THICKNESS
seq_0038,DEPOSIT POLYSILICON
seq_0038,POLYSILICON ANNEAL
seq_0038,MEASURE POLY THICKNESS
seq_0038,SPIN COAT PHOTORESIST
seq_0038,SOFT BAKE
seq_0038,ALIGN MASK LEVEL 2
seq_0038,EXPOSE LITHO LEVEL 2
seq_0038,POST EXPOSE BAKE
seq_0038,DEVELOP PHOTORESIST
seq_0038,POLY PATTERN INSPECTION
seq_0038,HARD BAKE
seq_0038,POLYSILICON ETCH
seq_0038,STRIP PHOTORESIST
seq_0038,CLEAN AFTER POLY ETCH
seq_0038,MEASURE GATE CD
seq_0038,IMPLANT SOURCE DRAIN
seq_0038,LIGHT ANNEAL
seq_0038,MEASURE SHEET RESISTANCE
seq_0038,DEPOSIT SPACER DIELECTRIC
seq_0038,ANISOTROPIC ETCH SPACER
seq_0038,MEASURE SPACER WIDTH
seq_0038,IMPLANT LDD
seq_0038,RAPID THERMAL ANNEAL
seq_0038,MEASURE JUNCTION PROFILE
seq_0038,DEPOSIT INTERLAYER DIELECTRIC
seq_0038,DENSIFY OXIDE
seq_0038,MEASURE FILM THICKNESS
seq_0038,CMP DIELECTRIC
seq_0038,MEASURE SURFACE PLANARITY
seq_0038,SPIN COAT PHOTORESIST
seq_0038,SOFT BAKE
seq_0038,ALIGN MASK LEVEL 3
seq_0038,EXPOSE LITHO LEVEL 3
seq_0038,DEVELOP PHOTORESIST
seq_0038,VIA INSPECTION
seq_0038,HARD BAKE
seq_0038,DIELECTRIC ETCH VIA
seq_0038,STRIP RESIST
seq_0038,CLEAN AFTER VIA ETCH
seq_0038,MEASURE VIA CD
seq_0038,DEPOSIT BARRIER METAL
seq_0038,DEPOSIT METAL SEED
seq_0038,FILL VIA METAL
seq_0038,CMP VIA FILL
seq_0038,MEASURE VIA RESISTANCE
seq_0038,DEPOSIT METAL 1
seq_0038,ANNEAL METAL
seq_0038,SPIN COAT PHOTORESIST
seq_0038,SOFT BAKE
seq_0038,ALIGN MASK LEVEL 4
seq_0038,EXPOSE LITHO LEVEL 4
seq_0038,DEVELOP PHOTORESIST
seq_0038,METAL PATTERN INSPECTION
seq_0038,METAL ETCH
seq_0038,STRIP RESIST
seq_0038,CLEAN AFTER METAL ETCH
seq_0038,MEASURE LINE WIDTH
seq_0038,DEPOSIT PASSIVATION LAYER
seq_0038,CURE PASSIVATION
seq_0038,MEASURE PASSIVATION THICKNESS
seq_0038,OPEN PAD WINDOW
seq_0038,PAD WINDOW LITHO
seq_0038,DEVELOP PAD WINDOW
seq_0038,PASSIVATION ETCH PAD OPENING
seq_0038,STRIP RESIST
seq_0038,CLEAN PAD OPENING
seq_0038,MEASURE PAD OPENING
seq_0038,BACKSIDE CLEAN
seq_0038,BACKSIDE GRIND
seq_0038,MEASURE WAFER THICKNESS
seq_0038,BACKSIDE ETCH CLEAN
seq_0038,BACKSIDE RINSE
seq_0038,BACKSIDE DRY
seq_0038,BACKSIDE METALLIZATION PREP
seq_0038,DEPOSIT BACKSIDE METAL
seq_0038,BACKSIDE ANNEAL
seq_0038,MEASURE BACKSIDE CONTACT
seq_0038,FINAL CLEAN
seq_0038,FINAL THICKNESS MEASURE
seq_0038,FINAL GEOMETRY CHECK
seq_0038,PARAMETRIC TEST
seq_0038,LEAKAGE TEST
seq_0038,THRESHOLD VOLTAGE TEST
seq_0038,SWITCHING TEST
seq_0038,WAFER SORT TEST
seq_0038,YIELD ANALYSIS
seq_0038,LOT RELEASE
seq_0038,SHIP LOT
seq_0039,RECEIVE WAFER LOT
seq_0039,LOT IDENTIFICATION
seq_0039,PRE CLEAN INSPECTION
seq_0039,MEASURE THICKNESS
seq_0039,MEASURE SURFACE PARTICLES
seq_0039,PRE CLEAN WAFER
seq_0039,BACKSIDE CLEAN
seq_0039,WET CLEAN RCA1
seq_0039,RCA CLEAN 2
seq_0039,HF DIP
seq_0039,DRY WAFER
seq_0039,SUBSTRATE CHECK
seq_0039,EPITAXY PREP
seq_0039,EPITAXIAL DEPOSITION
seq_0039,MEASURE EPITAXY THICKNESS
seq_0039,MEASURE RESISTIVITY
seq_0039,EPITAXY ANNEAL
seq_0039,WAFER SURFACE CLEAN
seq_0039,THERMAL OXIDATION
seq_0039,MEASURE OXIDE THICKNESS
seq_0039,SPIN COAT PHOTORESIST
seq_0039,SOFT BAKE
seq_0039,ALIGN MASK LEVEL 1
seq_0039,EXPOSE LITHO LEVEL 1
seq_0039,DEVELOP PHOTORESIST
seq_0039,PATTERN INSPECTION LEVEL 1
seq_0039,OXIDE ETCH
seq_0039,STRIP RESIST
seq_0039,CLEAN AFTER ETCH
seq_0039,IMPLANT WELL
seq_0039,PRE ANNEAL CHECK
seq_0039,DRIVE IN DIFFUSION
seq_0039,RAPID THERMAL ANNEAL
seq_0039,MEASURE JUNCTION DEPTH
seq_0039,THERMAL OXIDATION
seq_0039,GATE OXIDE PREP
seq_0039,GATE OXIDE GROWTH
seq_0039,MEASURE GATE OXIDE THICKNESS
seq_0039,DEPOSIT POLYSILICON
seq_0039,POLYSILICON ANNEAL
seq_0039,MEASURE POLY THICKNESS
seq_0039,SPIN COAT PHOTORESIST
seq_0039,SOFT BAKE
seq_0039,ALIGN MASK LEVEL 2
seq_0039,EXPOSE LITHO LEVEL 2
seq_0039,DEVELOP PHOTORESIST
seq_0039,POLY PATTERN INSPECTION
seq_0039,POLYSILICON ETCH
seq_0039,STRIP RESIST
seq_0039,CLEAN AFTER POLY ETCH
seq_0039,MEASURE GATE CD
seq_0039,IMPLANT SOURCE DRAIN
seq_0039,PRE ANNEAL CHECK
seq_0039,LIGHT ANNEAL
seq_0039,MEASURE SHEET RESISTANCE
seq_0039,DEPOSIT SPACER DIELECTRIC
seq_0039,ANISOTROPIC ETCH SPACER
seq_0039,IMPLANT LDD
seq_0039,RAPID THERMAL ANNEAL
seq_0039,DEPOSIT INTERLEVEL DIELECTRIC
seq_0039,DENSIFY OXIDE
seq_0039,MEASURE FILM THICKNESS
seq_0039,CMP INTERLAYER DIELECTRIC
seq_0039,MEASURE SURFACE PLANARITY
seq_0039,SPIN COAT PHOTORESIST
seq_0039,SOFT BAKE
seq_0039,ALIGN MASK LEVEL 3
seq_0039,EXPOSE LITHO LEVEL 3
seq_0039,POST EXPOSE BAKE
seq_0039,DEVELOP PHOTORESIST
seq_0039,VIA OPENING INSPECTION
seq_0039,VIA ETCH
seq_0039,STRIP PHOTORESIST
seq_0039,CLEAN AFTER VIA ETCH
seq_0039,MEASURE VIA CD
seq_0039,DEPOSIT BARRIER METAL
seq_0039,DEPOSIT METAL SEED
seq_0039,FILL VIA METAL
seq_0039,CMP METAL
seq_0039,MEASURE CONTACT RESISTANCE
seq_0039,DEPOSIT TOP METAL
seq_0039,ANNEAL METAL
seq_0039,SPIN COAT PHOTORESIST
seq_0039,SOFT BAKE
seq_0039,ALIGN MASK LEVEL 4
seq_0039,EXPOSE LITHO LEVEL 4
seq_0039,DEVELOP PHOTORESIST
seq_0039,METAL PATTERN INSPECTION
seq_0039,HARD BAKE
seq_0039,METAL ETCH
seq_0039,STRIP PHOTORESIST
seq_0039,CLEAN AFTER METAL ETCH
seq_0039,MEASURE LINE WIDTH
seq_0039,DEPOSIT PASSIVATION LAYER
seq_0039,CURE PASSIVATION
seq_0039,MEASURE PASSIVATION QUALITY
seq_0039,OPEN PAD WINDOW
seq_0039,PAD WINDOW LITHO
seq_0039,DEVELOP PAD WINDOW
seq_0039,PASSIVATION ETCH
seq_0039,STRIP PHOTORESIST
seq_0039,CLEAN PAD OPENING
seq_0039,MEASURE PAD OPENING
seq_0039,BACKSIDE CLEAN
seq_0039,BACKSIDE GRIND
seq_0039,MEASURE WAFER THICKNESS
seq_0039,BACKSIDE ETCH CLEAN
seq_0039,BACKSIDE RINSE
seq_0039,BACKSIDE DRY
seq_0039,BACKSIDE METALLIZATION PREP
seq_0039,DEPOSIT BACKSIDE METAL
seq_0039,BACKSIDE ANNEAL
seq_0039,MEASURE BACKSIDE CONTACT
seq_0039,FINAL CLEAN
seq_0039,FINAL THICKNESS MEASURE
seq_0039,FINAL CD INSPECTION
seq_0039,FINAL PARTICLE INSPECTION
seq_0039,ELECTRICAL PARAMETRIC TEST
seq_0039,LEAKAGE TEST
seq_0039,THRESHOLD VOLTAGE TEST
seq_0039,SWITCHING TEST
seq_0039,WAFER SORT TEST
seq_0039,YIELD ANALYSIS
seq_0039,FINAL LOT RELEASE
seq_0039,SHIP LOT
seq_0040,RECEIVE WAFER LOT
seq_0040,LOT IDENTIFICATION
seq_0040,INITIAL WAFER INSPECTION
seq_0040,MEASURE THICKNESS
seq_0040,MEASURE SURFACE PARTICLES
seq_0040,PRE CLEAN WAFER
seq_0040,BACKSIDE CLEAN
seq_0040,FRONTSIDE CLEAN
seq_0040,WET CLEAN RCA1
seq_0040,RCA CLEAN 2
seq_0040,HF DIP
seq_0040,SUBSTRATE CHECK
seq_0040,EPITAXY PREP
seq_0040,EPITAXIAL DEPOSITION
seq_0040,MEASURE EPITAXY THICKNESS
seq_0040,MEASURE RESISTIVITY
seq_0040,EPITAXY ANNEAL
seq_0040,WAFER SURFACE CLEAN
seq_0040,THERMAL OXIDATION
seq_0040,MEASURE OXIDE THICKNESS
seq_0040,SPIN COAT PHOTORESIST
seq_0040,SOFT BAKE
seq_0040,ALIGN MASK LEVEL 1
seq_0040,EXPOSE LITHO LEVEL 1
seq_0040,DEVELOP PHOTORESIST
seq_0040,PATTERN INSPECTION LEVEL 1
seq_0040,OXIDE ETCH
seq_0040,STRIP PHOTORESIST
seq_0040,CLEAN AFTER ETCH
seq_0040,MEASURE OPENING CD
seq_0040,IMPLANT WELL
seq_0040,PRE ANNEAL CHECK
seq_0040,DRIVE IN DIFFUSION
seq_0040,RAPID THERMAL ANNEAL
seq_0040,MEASURE JUNCTION DEPTH
seq_0040,THERMAL OXIDATION
seq_0040,GATE OXIDE PREP
seq_0040,GATE OXIDE GROWTH
seq_0040,MEASURE GATE OXIDE THICKNESS
seq_0040,DEPOSIT POLYSILICON
seq_0040,POLYSILICON ANNEAL
seq_0040,SPIN COAT PHOTORESIST
seq_0040,SOFT BAKE
seq_0040,ALIGN MASK LEVEL 2
seq_0040,EXPOSE LITHO LEVEL 2
seq_0040,DEVELOP PHOTORESIST
seq_0040,POLY PATTERN INSPECTION
seq_0040,POLYSILICON ETCH
seq_0040,STRIP PHOTORESIST
seq_0040,CLEAN AFTER POLY ETCH
seq_0040,MEASURE GATE CD
seq_0040,IMPLANT SOURCE DRAIN
seq_0040,LIGHT ANNEAL
seq_0040,MEASURE SHEET RESISTANCE
seq_0040,DEPOSIT SPACER DIELECTRIC
seq_0040,ANISOTROPIC ETCH SPACER
seq_0040,MEASURE SPACER WIDTH
seq_0040,IMPLANT LDD
seq_0040,PRE ANNEAL CHECK
seq_0040,RAPID THERMAL ANNEAL
seq_0040,MEASURE JUNCTION PROFILE
seq_0040,DEPOSIT INTERLAYER DIELECTRIC
seq_0040,DENSIFY DIELECTRIC
seq_0040,MEASURE DIELECTRIC THICKNESS
seq_0040,CMP DIELECTRIC
seq_0040,MEASURE SURFACE PLANARITY
seq_0040,SPIN COAT PHOTORESIST
seq_0040,SOFT BAKE
seq_0040,ALIGN MASK LEVEL 3
seq_0040,EXPOSE LITHO LEVEL 3
seq_0040,DEVELOP PHOTORESIST
seq_0040,VIA OPENING INSPECTION
seq_0040,HARD BAKE
seq_0040,DIELECTRIC ETCH VIA
seq_0040,STRIP PHOTORESIST
seq_0040,CLEAN AFTER VIA ETCH
seq_0040,MEASURE VIA CD
seq_0040,DEPOSIT BARRIER METAL
seq_0040,DEPOSIT METAL SEED
seq_0040,FILL VIA METAL
seq_0040,CMP VIA FILL
seq_0040,MEASURE CONTACT RESISTANCE
seq_0040,DEPOSIT TOP METAL
seq_0040,ANNEAL METAL
seq_0040,SPIN COAT PHOTORESIST
seq_0040,SOFT BAKE
seq_0040,ALIGN MASK LEVEL 4
seq_0040,EXPOSE LITHO LEVEL 4
seq_0040,DEVELOP PHOTORESIST
seq_0040,METAL PATTERN INSPECTION
seq_0040,HARD BAKE
seq_0040,METAL ETCH
seq_0040,STRIP PHOTORESIST
seq_0040,CLEAN AFTER METAL ETCH
seq_0040,DEPOSIT PASSIVATION LAYER
seq_0040,CURE PASSIVATION
seq_0040,MEASURE PASSIVATION QUALITY
seq_0040,OPEN PAD WINDOW
seq_0040,PAD WINDOW LITHO
seq_0040,DEVELOP PHOTORESIST
seq_0040,PASSIVATION ETCH PAD OPENING
seq_0040,STRIP RESIST
seq_0040,CLEAN PAD OPENING
seq_0040,MEASURE PAD OPENING
seq_0040,BACKSIDE CLEAN
seq_0040,BACKSIDE GRIND
seq_0040,MEASURE WAFER THICKNESS
seq_0040,BACKSIDE ETCH CLEAN
seq_0040,BACKSIDE RINSE
seq_0040,BACKSIDE DRY
seq_0040,BACKSIDE METALLIZATION PREP
seq_0040,DEPOSIT BACKSIDE METAL
seq_0040,BACKSIDE ANNEAL
seq_0040,MEASURE BACKSIDE CONTACT
seq_0040,FINAL CLEAN
seq_0040,FINAL THICKNESS MEASURE
seq_0040,FINAL GEOMETRY CHECK
seq_0040,FINAL PARTICLE INSPECTION
seq_0040,PARAMETRIC TEST
seq_0040,LEAKAGE TEST
seq_0040,THRESHOLD VOLTAGE TEST
seq_0040,SWITCHING TEST
seq_0040,WAFER SORT TEST
seq_0040,YIELD ANALYSIS
seq_0040,LOT RELEASE
seq_0040,SHIP LOT
seq_0041,RECEIVE WAFER LOT
seq_0041,LOT IDENTIFICATION
seq_0041,PRE CLEAN INSPECTION
seq_0041,MEASURE THICKNESS
seq_0041,MEASURE SURFACE PARTICLES
seq_0041,PRE CLEAN WAFER
seq_0041,BACKSIDE CLEAN
seq_0041,WET CLEAN RCA1
seq_0041,WET CLEAN RCA2
seq_0041,HF DIP
seq_0041,SUBSTRATE CHECK
seq_0041,EPITAXY PREP
seq_0041,EPITAXIAL DEPOSITION
seq_0041,MEASURE EPITAXY THICKNESS
seq_0041,MEASURE RESISTIVITY
seq_0041,EPITAXY ANNEAL
seq_0041,WAFER SURFACE CLEAN
seq_0041,THERMAL OXIDATION
seq_0041,MEASURE OXIDE THICKNESS
seq_0041,SPIN COAT PHOTORESIST
seq_0041,SOFT BAKE
seq_0041,ALIGN MASK LEVEL 1
seq_0041,EXPOSE LITHO LEVEL 1
seq_0041,DEVELOP PHOTORESIST
seq_0041,PATTERN INSPECTION LEVEL 1
seq_0041,HARD BAKE
seq_0041,OXIDE ETCH
seq_0041,STRIP PHOTORESIST
seq_0041,CLEAN AFTER ETCH
seq_0041,MEASURE OPENING CD
seq_0041,IMPLANT WELL
seq_0041,DRIVE IN DIFFUSION
seq_0041,RAPID THERMAL ANNEAL
seq_0041,THERMAL OXIDATION
seq_0041,GATE OXIDE PREP
seq_0041,GATE OXIDE GROWTH
seq_0041,MEASURE GATE OXIDE THICKNESS
seq_0041,DEPOSIT POLYSILICON
seq_0041,POLYSILICON ANNEAL
seq_0041,MEASURE POLY THICKNESS
seq_0041,SPIN COAT PHOTORESIST
seq_0041,SOFT BAKE
seq_0041,ALIGN MASK LEVEL 2
seq_0041,EXPOSE LITHO LEVEL 2
seq_0041,DEVELOP PHOTORESIST
seq_0041,POLY PATTERN INSPECTION
seq_0041,POLYSILICON ETCH
seq_0041,STRIP RESIST
seq_0041,CLEAN AFTER POLY ETCH
seq_0041,MEASURE GATE CD
seq_0041,IMPLANT SOURCE DRAIN
seq_0041,PRE ANNEAL CHECK
seq_0041,LIGHT ANNEAL
seq_0041,MEASURE SHEET RESISTANCE
seq_0041,DEPOSIT SPACER DIELECTRIC
seq_0041,ANISOTROPIC ETCH SPACER
seq_0041,MEASURE SPACER WIDTH
seq_0041,IMPLANT LDD
seq_0041,PRE ANNEAL CHECK
seq_0041,RAPID THERMAL ANNEAL
seq_0041,MEASURE JUNCTION PROFILE
seq_0041,DEPOSIT INTERLAYER DIELECTRIC
seq_0041,DENSIFY OXIDE
seq_0041,MEASURE DIELECTRIC THICKNESS
seq_0041,CMP INTERLAYER DIELECTRIC
seq_0041,MEASURE PLANARITY
seq_0041,SPIN COAT PHOTORESIST
seq_0041,SOFT BAKE
seq_0041,ALIGN MASK LEVEL 3
seq_0041,EXPOSE LITHO LEVEL 3
seq_0041,DEVELOP PHOTORESIST
seq_0041,VIA INSPECTION
seq_0041,HARD BAKE
seq_0041,VIA ETCH
seq_0041,STRIP PHOTORESIST
seq_0041,CLEAN AFTER VIA ETCH
seq_0041,MEASURE VIA CD
seq_0041,DEPOSIT BARRIER METAL
seq_0041,DEPOSIT METAL SEED
seq_0041,FILL VIA METAL
seq_0041,CMP METAL
seq_0041,MEASURE VIA RESISTANCE
seq_0041,DEPOSIT METAL 1
seq_0041,ANNEAL METAL 1
seq_0041,SPIN COAT PHOTORESIST
seq_0041,SOFT BAKE
seq_0041,ALIGN MASK LEVEL 4
seq_0041,EXPOSE LITHO LEVEL 4
seq_0041,DEVELOP PHOTORESIST
seq_0041,METAL PATTERN INSPECTION
seq_0041,HARD BAKE
seq_0041,METAL ETCH
seq_0041,STRIP RESIST
seq_0041,CLEAN AFTER METAL ETCH
seq_0041,MEASURE LINE WIDTH
seq_0041,DEPOSIT PASSIVATION LAYER
seq_0041,CURE PASSIVATION
seq_0041,MEASURE PASSIVATION QUALITY
seq_0041,OPEN PAD WINDOW
seq_0041,OPEN PAD WINDOW LITHO
seq_0041,DEVELOP PAD WINDOW
seq_0041,PASSIVATION ETCH PAD OPENING
seq_0041,STRIP RESIST
seq_0041,CLEAN PAD OPENING
seq_0041,MEASURE PAD OPENING
seq_0041,BACKSIDE CLEAN
seq_0041,BACKSIDE GRIND
seq_0041,MEASURE WAFER THICKNESS
seq_0041,BACKSIDE ETCH CLEAN
seq_0041,BACKSIDE RINSE
seq_0041,BACKSIDE DRY
seq_0041,BACKSIDE METALLIZATION PREP
seq_0041,DEPOSIT BACKSIDE METAL
seq_0041,BACKSIDE ANNEAL
seq_0041,MEASURE BACKSIDE CONTACT
seq_0041,FINAL CLEAN
seq_0041,FINAL GEOMETRY CHECK
seq_0041,FINAL PARTICLE INSPECTION
seq_0041,PARAMETRIC TEST
seq_0041,LEAKAGE TEST
seq_0041,THRESHOLD VOLTAGE TEST
seq_0041,SWITCHING TEST
seq_0041,WAFER SORT TEST
seq_0041,YIELD ANALYSIS
seq_0041,LOT RELEASE
seq_0041,SHIP LOT
seq_0042,RECEIVE WAFER LOT
seq_0042,LOT IDENTIFICATION
seq_0042,PRE CLEAN INSPECTION
seq_0042,MEASURE THICKNESS
seq_0042,MEASURE SURFACE PARTICLES
seq_0042,PRE CLEAN WAFER
seq_0042,RCA CLEAN 1
seq_0042,WET CLEAN RCA2
seq_0042,HF DIP
seq_0042,DRY WAFER
seq_0042,SUBSTRATE CHECK
seq_0042,EPITAXY PREP
seq_0042,EPITAXIAL DEPOSITION
seq_0042,MEASURE EPITAXY THICKNESS
seq_0042,MEASURE RESISTIVITY
seq_0042,EPITAXY ANNEAL
seq_0042,WAFER SURFACE CLEAN
seq_0042,THERMAL OXIDATION
seq_0042,MEASURE OXIDE THICKNESS
seq_0042,SPIN COAT PHOTORESIST
seq_0042,SOFT BAKE
seq_0042,ALIGN MASK LEVEL 1
seq_0042,EXPOSE LITHO LEVEL 1
seq_0042,DEVELOP PHOTORESIST
seq_0042,PATTERN INSPECTION LEVEL 1
seq_0042,OXIDE ETCH
seq_0042,STRIP PHOTORESIST
seq_0042,CLEAN AFTER ETCH
seq_0042,MEASURE OPENING CD
seq_0042,IMPLANT WELL
seq_0042,DRIVE IN DIFFUSION
seq_0042,RAPID THERMAL ANNEAL
seq_0042,THERMAL OXIDATION
seq_0042,GATE OXIDE PREP
seq_0042,GATE OXIDE GROWTH
seq_0042,MEASURE GATE OXIDE THICKNESS
seq_0042,DEPOSIT POLYSILICON
seq_0042,POLYSILICON ANNEAL
seq_0042,MEASURE POLY THICKNESS
seq_0042,SPIN COAT PHOTORESIST
seq_0042,SOFT BAKE
seq_0042,ALIGN MASK LEVEL 2
seq_0042,EXPOSE LITHO LEVEL 2
seq_0042,DEVELOP PHOTORESIST
seq_0042,POLY PATTERN INSPECTION
seq_0042,HARD BAKE
seq_0042,POLYSILICON ETCH
seq_0042,STRIP RESIST
seq_0042,CLEAN AFTER POLY ETCH
seq_0042,MEASURE GATE CD
seq_0042,IMPLANT SOURCE DRAIN
seq_0042,LIGHT ANNEAL
seq_0042,MEASURE SHEET RESISTANCE
seq_0042,DEPOSIT SPACER DIELECTRIC
seq_0042,ANISOTROPIC ETCH SPACER
seq_0042,IMPLANT LDD
seq_0042,RAPID THERMAL ANNEAL
seq_0042,MEASURE JUNCTION PROFILE
seq_0042,DEPOSIT INTERLAYER DIELECTRIC
seq_0042,DENSIFY DIELECTRIC
seq_0042,MEASURE FILM THICKNESS
seq_0042,CMP DIELECTRIC
seq_0042,MEASURE PLANARITY
seq_0042,SPIN COAT PHOTORESIST
seq_0042,SOFT BAKE
seq_0042,ALIGN MASK LEVEL 3
seq_0042,EXPOSE LITHO LEVEL 3
seq_0042,DEVELOP PHOTORESIST
seq_0042,VIA INSPECTION
seq_0042,VIA ETCH THROUGH DIELECTRIC
seq_0042,STRIP RESIST
seq_0042,CLEAN AFTER VIA ETCH
seq_0042,MEASURE VIA CD
seq_0042,DEPOSIT BARRIER METAL
seq_0042,DEPOSIT METAL SEED
seq_0042,FILL VIA METAL
seq_0042,CMP METAL
seq_0042,MEASURE VIA RESISTANCE
seq_0042,DEPOSIT METAL 1
seq_0042,ANNEAL METAL
seq_0042,SPIN COAT PHOTORESIST
seq_0042,SOFT BAKE
seq_0042,ALIGN MASK LEVEL 4
seq_0042,EXPOSE LITHO LEVEL 4
seq_0042,DEVELOP PHOTORESIST
seq_0042,METAL PATTERN INSPECTION
seq_0042,HARD BAKE
seq_0042,METAL ETCH
seq_0042,STRIP PHOTORESIST
seq_0042,CLEAN AFTER METAL ETCH
seq_0042,MEASURE LINE WIDTH
seq_0042,DEPOSIT PASSIVATION LAYER
seq_0042,CURE PASSIVATION
seq_0042,MEASURE PASSIVATION QUALITY
seq_0042,OPEN BOND PAD WINDOW
seq_0042,PAD WINDOW LITHO
seq_0042,DEVELOP PHOTORESIST
seq_0042,PASSIVATION ETCH PAD OPENING
seq_0042,STRIP RESIST
seq_0042,CLEAN PAD OPENING
seq_0042,MEASURE PAD OPENING
seq_0042,BACKSIDE CLEAN
seq_0042,BACKSIDE GRIND
seq_0042,MEASURE WAFER THICKNESS
seq_0042,BACKSIDE ETCH CLEAN
seq_0042,BACKSIDE RINSE
seq_0042,BACKSIDE DRY
seq_0042,BACKSIDE METALLIZATION PREP
seq_0042,DEPOSIT BACKSIDE METAL
seq_0042,BACKSIDE ANNEAL
seq_0042,MEASURE BACKSIDE CONTACT
seq_0042,FINAL CLEAN
seq_0042,FINAL PARTICLE INSPECTION
seq_0042,PARAMETRIC TEST
seq_0042,LEAKAGE TEST
seq_0042,THRESHOLD VOLTAGE TEST
seq_0042,SWITCHING TEST
seq_0042,WAFER SORT TEST
seq_0042,YIELD ANALYSIS
seq_0042,FINAL LOT RELEASE
seq_0042,SHIP LOT
seq_0043,RECEIVE WAFER LOT
seq_0043,LOT IDENTIFICATION
seq_0043,PRE CLEAN INSPECTION
seq_0043,MEASURE THICKNESS
seq_0043,MEASURE SURFACE PARTICLES
seq_0043,PRE CLEAN WAFER
seq_0043,RCA CLEAN 1
seq_0043,RCA CLEAN 2
seq_0043,HF DIP
seq_0043,DRY WAFER
seq_0043,SUBSTRATE CHECK
seq_0043,EPITAXY PREP
seq_0043,EPITAXIAL DEPOSITION
seq_0043,MEASURE EPITAXY THICKNESS
seq_0043,MEASURE RESISTIVITY
seq_0043,EPITAXY ANNEAL
seq_0043,WAFER SURFACE CLEAN
seq_0043,THERMAL OXIDATION
seq_0043,MEASURE OXIDE THICKNESS
seq_0043,SPIN COAT PHOTORESIST
seq_0043,SOFT BAKE
seq_0043,ALIGN MASK LEVEL 1
seq_0043,EXPOSE LITHO LEVEL 1
seq_0043,POST EXPOSE BAKE
seq_0043,DEVELOP PHOTORESIST
seq_0043,PATTERN INSPECTION LEVEL 1
seq_0043,HARD BAKE
seq_0043,OXIDE ETCH
seq_0043,STRIP RESIST
seq_0043,CLEAN AFTER ETCH
seq_0043,MEASURE OPENING CD
seq_0043,IMPLANT WELL
seq_0043,PRE ANNEAL CHECK
seq_0043,DRIVE IN DIFFUSION
seq_0043,RAPID THERMAL ANNEAL
seq_0043,THERMAL OXIDATION
seq_0043,GATE OXIDE PREP
seq_0043,GATE OXIDE GROWTH
seq_0043,MEASURE GATE OXIDE THICKNESS
seq_0043,DEPOSIT POLYSILICON
seq_0043,POLYSILICON ANNEAL
seq_0043,SPIN COAT PHOTORESIST
seq_0043,SOFT BAKE
seq_0043,ALIGN MASK LEVEL 2
seq_0043,EXPOSE LITHO LEVEL 2
seq_0043,DEVELOP PHOTORESIST
seq_0043,POLY PATTERN INSPECTION
seq_0043,POLYSILICON ETCH
seq_0043,STRIP PHOTORESIST
seq_0043,CLEAN AFTER POLY ETCH
seq_0043,MEASURE GATE CD
seq_0043,IMPLANT SOURCE DRAIN
seq_0043,PRE ANNEAL CHECK
seq_0043,LIGHT ANNEAL
seq_0043,MEASURE SHEET RESISTANCE
seq_0043,DEPOSIT SPACER DIELECTRIC
seq_0043,ANISOTROPIC ETCH SPACER
seq_0043,MEASURE SPACER WIDTH
seq_0043,IMPLANT LDD
seq_0043,RAPID THERMAL ANNEAL
seq_0043,MEASURE JUNCTION PROFILE
seq_0043,DEPOSIT INTERLEVEL DIELECTRIC
seq_0043,DENSIFY OXIDE
seq_0043,MEASURE DIELECTRIC THICKNESS
seq_0043,CMP INTERLAYER DIELECTRIC
seq_0043,MEASURE PLANARITY
seq_0043,SPIN COAT PHOTORESIST
seq_0043,SOFT BAKE
seq_0043,ALIGN MASK LEVEL 3
seq_0043,EXPOSE LITHO LEVEL 3
seq_0043,POST EXPOSE BAKE
seq_0043,DEVELOP PHOTORESIST
seq_0043,VIA OPENING INSPECTION
seq_0043,VIA ETCH THROUGH DIELECTRIC
seq_0043,STRIP PHOTORESIST
seq_0043,CLEAN AFTER VIA ETCH
seq_0043,MEASURE VIA CD
seq_0043,DEPOSIT BARRIER METAL
seq_0043,DEPOSIT METAL SEED
seq_0043,FILL VIA METAL
seq_0043,CMP VIA FILL
seq_0043,MEASURE CONTACT RESISTANCE
seq_0043,DEPOSIT TOP METAL
seq_0043,ANNEAL METAL
seq_0043,SPIN COAT PHOTORESIST
seq_0043,SOFT BAKE
seq_0043,ALIGN MASK LEVEL 4
seq_0043,EXPOSE LITHO LEVEL 4
seq_0043,POST EXPOSE BAKE
seq_0043,DEVELOP PHOTORESIST
seq_0043,METAL PATTERN INSPECTION
seq_0043,METAL ETCH
seq_0043,STRIP PHOTORESIST
seq_0043,CLEAN AFTER METAL ETCH
seq_0043,MEASURE LINE WIDTH
seq_0043,DEPOSIT PASSIVATION LAYER
seq_0043,CURE PASSIVATION
seq_0043,MEASURE PASSIVATION THICKNESS
seq_0043,OPEN BOND PAD WINDOW
seq_0043,OPEN PAD WINDOW LITHO
seq_0043,DEVELOP PHOTORESIST
seq_0043,PASSIVATION ETCH
seq_0043,STRIP RESIST
seq_0043,CLEAN PAD OPENING
seq_0043,MEASURE PAD OPENING
seq_0043,BACKSIDE CLEAN
seq_0043,BACKSIDE GRIND
seq_0043,MEASURE WAFER THICKNESS
seq_0043,BACKSIDE ETCH CLEAN
seq_0043,BACKSIDE RINSE
seq_0043,BACKSIDE DRY
seq_0043,BACKSIDE METALLIZATION PREP
seq_0043,DEPOSIT BACKSIDE METAL
seq_0043,BACKSIDE ANNEAL
seq_0043,MEASURE BACKSIDE CONTACT
seq_0043,FINAL CLEAN
seq_0043,FINAL THICKNESS MEASURE
seq_0043,FINAL GEOMETRY CHECK
seq_0043,FINAL CD INSPECTION
seq_0043,FINAL PARTICLE INSPECTION
seq_0043,PARAMETRIC TEST
seq_0043,LEAKAGE TEST
seq_0043,THRESHOLD VOLTAGE TEST
seq_0043,SWITCHING TEST
seq_0043,WAFER SORT TEST
seq_0043,YIELD ANALYSIS
seq_0043,FINAL LOT RELEASE
seq_0043,SHIP LOT
seq_0044,RECEIVE WAFER LOT
seq_0044,LOT IDENTIFICATION
seq_0044,PRE CLEAN INSPECTION
seq_0044,MEASURE THICKNESS
seq_0044,MEASURE SURFACE PARTICLES
seq_0044,PRE CLEAN WAFER
seq_0044,BACKSIDE CLEAN
seq_0044,WET CLEAN RCA1
seq_0044,WET CLEAN RCA2
seq_0044,HF DIP
seq_0044,DRY WAFER
seq_0044,SUBSTRATE CHECK
seq_0044,EPITAXY PREP
seq_0044,EPITAXIAL DEPOSITION
seq_0044,MEASURE EPITAXY THICKNESS
seq_0044,MEASURE RESISTIVITY
seq_0044,EPITAXY ANNEAL
seq_0044,WAFER SURFACE CLEAN
seq_0044,THERMAL OXIDATION
seq_0044,MEASURE OXIDE THICKNESS
seq_0044,SPIN COAT PHOTORESIST
seq_0044,SOFT BAKE
seq_0044,ALIGN MASK LEVEL 1
seq_0044,EXPOSE LITHO LEVEL 1
seq_0044,DEVELOP PHOTORESIST
seq_0044,PATTERN INSPECTION LEVEL 1
seq_0044,HARD BAKE
seq_0044,OXIDE ETCH
seq_0044,STRIP RESIST
seq_0044,CLEAN AFTER ETCH
seq_0044,IMPLANT WELL
seq_0044,DRIVE IN DIFFUSION
seq_0044,RAPID THERMAL ANNEAL
seq_0044,MEASURE JUNCTION DEPTH
seq_0044,THERMAL OXIDATION
seq_0044,GATE OXIDE PREP
seq_0044,GATE OXIDE GROWTH
seq_0044,MEASURE GATE OXIDE THICKNESS
seq_0044,DEPOSIT POLYSILICON
seq_0044,POLYSILICON ANNEAL
seq_0044,SPIN COAT PHOTORESIST
seq_0044,SOFT BAKE
seq_0044,ALIGN MASK LEVEL 2
seq_0044,EXPOSE LITHO LEVEL 2
seq_0044,DEVELOP PHOTORESIST
seq_0044,POLY PATTERN INSPECTION
seq_0044,POLYSILICON ETCH
seq_0044,STRIP RESIST
seq_0044,CLEAN AFTER POLY ETCH
seq_0044,MEASURE GATE CD
seq_0044,IMPLANT SOURCE DRAIN
seq_0044,LIGHT ANNEAL
seq_0044,DEPOSIT SPACER DIELECTRIC
seq_0044,ANISOTROPIC ETCH SPACER
seq_0044,MEASURE SPACER WIDTH
seq_0044,IMPLANT LDD
seq_0044,RAPID THERMAL ANNEAL
seq_0044,DEPOSIT INTERLAYER DIELECTRIC
seq_0044,DENSIFY OXIDE
seq_0044,MEASURE DIELECTRIC THICKNESS
seq_0044,CMP DIELECTRIC
seq_0044,MEASURE SURFACE PLANARITY
seq_0044,SPIN COAT PHOTORESIST
seq_0044,SOFT BAKE
seq_0044,ALIGN MASK LEVEL 3
seq_0044,EXPOSE LITHO LEVEL 3
seq_0044,DEVELOP PHOTORESIST
seq_0044,VIA INSPECTION
seq_0044,VIA ETCH
seq_0044,STRIP RESIST
seq_0044,CLEAN AFTER VIA ETCH
seq_0044,MEASURE VIA CD
seq_0044,DEPOSIT BARRIER METAL
seq_0044,DEPOSIT METAL SEED
seq_0044,FILL VIA METAL
seq_0044,CMP METAL
seq_0044,MEASURE VIA RESISTANCE
seq_0044,DEPOSIT METAL 1
seq_0044,ANNEAL METAL 1
seq_0044,SPIN COAT PHOTORESIST
seq_0044,SOFT BAKE
seq_0044,ALIGN MASK LEVEL 4
seq_0044,EXPOSE LITHO LEVEL 4
seq_0044,DEVELOP PHOTORESIST
seq_0044,METAL PATTERN INSPECTION
seq_0044,METAL ETCH
seq_0044,STRIP PHOTORESIST
seq_0044,CLEAN AFTER METAL ETCH
seq_0044,MEASURE LINE WIDTH
seq_0044,DEPOSIT PASSIVATION
seq_0044,CURE PASSIVATION
seq_0044,MEASURE PASSIVATION QUALITY
seq_0044,OPEN BOND PAD WINDOW
seq_0044,OPEN PAD WINDOW LITHO
seq_0044,DEVELOP PAD WINDOW
seq_0044,PASSIVATION ETCH
seq_0044,STRIP PHOTORESIST
seq_0044,CLEAN PAD OPENING
seq_0044,MEASURE PAD OPENING
seq_0044,BACKSIDE CLEAN
seq_0044,BACKSIDE GRIND
seq_0044,MEASURE THICKNESS
seq_0044,BACKSIDE ETCH CLEAN
seq_0044,BACKSIDE RINSE
seq_0044,BACKSIDE DRY
seq_0044,BACKSIDE METALLIZATION PREP
seq_0044,DEPOSIT BACKSIDE METAL
seq_0044,BACKSIDE ANNEAL
seq_0044,MEASURE BACKSIDE CONTACT
seq_0044,FINAL CLEAN
seq_0044,FINAL THICKNESS MEASURE
seq_0044,FINAL PARTICLE INSPECTION
seq_0044,PARAMETRIC TEST
seq_0044,LEAKAGE TEST
seq_0044,THRESHOLD VOLTAGE TEST
seq_0044,SWITCHING TEST
seq_0044,WAFER SORT TEST
seq_0044,YIELD ANALYSIS
seq_0044,LOT RELEASE
seq_0044,SHIP LOT
seq_0045,RECEIVE WAFER LOT
seq_0045,LOT IDENTIFICATION
seq_0045,PRE CLEAN INSPECTION
seq_0045,MEASURE THICKNESS
seq_0045,MEASURE SURFACE PARTICLES
seq_0045,PRE CLEAN WAFER
seq_0045,FRONTSIDE CLEAN
seq_0045,RCA CLEAN 1
seq_0045,RCA CLEAN 2
seq_0045,HF DIP
seq_0045,DRY WAFER
seq_0045,SUBSTRATE CHECK
seq_0045,EPITAXY PREP
seq_0045,EPITAXIAL DEPOSITION
seq_0045,MEASURE EPITAXY THICKNESS
seq_0045,MEASURE RESISTIVITY
seq_0045,EPITAXY ANNEAL
seq_0045,WAFER SURFACE CLEAN
seq_0045,THERMAL OXIDATION
seq_0045,MEASURE OXIDE THICKNESS
seq_0045,SPIN COAT PHOTORESIST
seq_0045,SOFT BAKE
seq_0045,ALIGN MASK LEVEL 1
seq_0045,EXPOSE LITHO LEVEL 1
seq_0045,DEVELOP PHOTORESIST
seq_0045,PATTERN INSPECTION LEVEL 1
seq_0045,HARD BAKE
seq_0045,OXIDE ETCH
seq_0045,STRIP PHOTORESIST
seq_0045,CLEAN AFTER ETCH
seq_0045,MEASURE OPENING CD
seq_0045,IMPLANT WELL
seq_0045,PRE ANNEAL CHECK
seq_0045,DRIVE IN DIFFUSION
seq_0045,RAPID THERMAL ANNEAL
seq_0045,MEASURE JUNCTION DEPTH
seq_0045,THERMAL OXIDATION
seq_0045,GATE OXIDE PREP
seq_0045,GATE OXIDE GROWTH
seq_0045,MEASURE GATE OXIDE THICKNESS
seq_0045,DEPOSIT POLYSILICON
seq_0045,POLYSILICON ANNEAL
seq_0045,MEASURE POLY THICKNESS
seq_0045,SPIN COAT PHOTORESIST
seq_0045,SOFT BAKE
seq_0045,ALIGN MASK LEVEL 2
seq_0045,EXPOSE LITHO LEVEL 2
seq_0045,POST EXPOSE BAKE
seq_0045,DEVELOP PHOTORESIST
seq_0045,POLY PATTERN INSPECTION
seq_0045,POLYSILICON ETCH
seq_0045,STRIP PHOTORESIST
seq_0045,CLEAN AFTER POLY ETCH
seq_0045,MEASURE GATE CD
seq_0045,IMPLANT SOURCE DRAIN
seq_0045,LIGHT ANNEAL
seq_0045,MEASURE SHEET RESISTANCE
seq_0045,DEPOSIT SPACER DIELECTRIC
seq_0045,ANISOTROPIC ETCH SPACER
seq_0045,MEASURE SPACER WIDTH
seq_0045,IMPLANT LDD
seq_0045,RAPID THERMAL ANNEAL
seq_0045,MEASURE JUNCTION PROFILE
seq_0045,DEPOSIT INTERLEVEL DIELECTRIC
seq_0045,DENSIFY OXIDE
seq_0045,MEASURE FILM THICKNESS
seq_0045,CMP INTERLAYER DIELECTRIC
seq_0045,MEASURE PLANARITY
seq_0045,SPIN COAT PHOTORESIST
seq_0045,SOFT BAKE
seq_0045,ALIGN MASK LEVEL 3
seq_0045,EXPOSE LITHO LEVEL 3
seq_0045,POST EXPOSE BAKE
seq_0045,DEVELOP PHOTORESIST
seq_0045,VIA OPENING INSPECTION
seq_0045,HARD BAKE
seq_0045,DIELECTRIC ETCH VIA
seq_0045,STRIP PHOTORESIST
seq_0045,CLEAN AFTER VIA ETCH
seq_0045,MEASURE VIA CD
seq_0045,DEPOSIT BARRIER METAL
seq_0045,DEPOSIT METAL SEED
seq_0045,FILL VIA METAL
seq_0045,CMP METAL
seq_0045,DEPOSIT TOP METAL
seq_0045,ANNEAL METAL 1
seq_0045,SPIN COAT PHOTORESIST
seq_0045,SOFT BAKE
seq_0045,ALIGN MASK LEVEL 4
seq_0045,EXPOSE LITHO LEVEL 4
seq_0045,DEVELOP PHOTORESIST
seq_0045,METAL PATTERN INSPECTION
seq_0045,METAL ETCH
seq_0045,STRIP RESIST
seq_0045,CLEAN AFTER METAL ETCH
seq_0045,DEPOSIT PASSIVATION
seq_0045,CURE PASSIVATION
seq_0045,MEASURE PASSIVATION QUALITY
seq_0045,OPEN PAD WINDOW
seq_0045,OPEN PAD WINDOW LITHO
seq_0045,DEVELOP PHOTORESIST
seq_0045,PASSIVATION ETCH PAD OPENING
seq_0045,STRIP RESIST
seq_0045,CLEAN PAD OPENING
seq_0045,MEASURE PAD OPENING
seq_0045,BACKSIDE CLEAN
seq_0045,BACKSIDE GRIND
seq_0045,MEASURE THICKNESS
seq_0045,BACKSIDE ETCH CLEAN
seq_0045,BACKSIDE RINSE
seq_0045,BACKSIDE DRY
seq_0045,BACKSIDE METALLIZATION PREP
seq_0045,DEPOSIT BACKSIDE METAL
seq_0045,BACKSIDE ANNEAL
seq_0045,MEASURE BACKSIDE CONTACT
seq_0045,FINAL CLEAN
seq_0045,FINAL CD INSPECTION
seq_0045,ELECTRICAL PARAMETRIC TEST
seq_0045,LEAKAGE TEST
seq_0045,THRESHOLD VOLTAGE TEST
seq_0045,SWITCHING TEST
seq_0045,WAFER SORT TEST
seq_0045,YIELD ANALYSIS
seq_0045,FINAL LOT RELEASE
seq_0045,SHIP LOT
seq_0046,RECEIVE WAFER LOT
seq_0046,LOT IDENTIFICATION
seq_0046,INITIAL WAFER INSPECTION
seq_0046,MEASURE THICKNESS
seq_0046,MEASURE SURFACE PARTICLES
seq_0046,PRE CLEAN WAFER
seq_0046,WET CLEAN RCA1
seq_0046,RCA CLEAN 2
seq_0046,HF DIP
seq_0046,DRY WAFER
seq_0046,SUBSTRATE CHECK
seq_0046,EPITAXY PREP
seq_0046,EPITAXIAL DEPOSITION
seq_0046,MEASURE EPITAXY THICKNESS
seq_0046,MEASURE RESISTIVITY
seq_0046,EPITAXY ANNEAL
seq_0046,WAFER SURFACE CLEAN
seq_0046,THERMAL OXIDATION
seq_0046,MEASURE OXIDE THICKNESS
seq_0046,SPIN COAT PHOTORESIST
seq_0046,SOFT BAKE
seq_0046,ALIGN MASK LEVEL 1
seq_0046,EXPOSE LITHO LEVEL 1
seq_0046,DEVELOP PHOTORESIST
seq_0046,PATTERN INSPECTION LEVEL 1
seq_0046,OXIDE ETCH
seq_0046,STRIP PHOTORESIST
seq_0046,CLEAN AFTER ETCH
seq_0046,MEASURE OPENING CD
seq_0046,IMPLANT WELL
seq_0046,PRE ANNEAL CHECK
seq_0046,DRIVE IN DIFFUSION
seq_0046,RAPID THERMAL ANNEAL
seq_0046,MEASURE JUNCTION DEPTH
seq_0046,THERMAL OXIDATION
seq_0046,GATE OXIDE PREP
seq_0046,GATE OXIDE GROWTH
seq_0046,MEASURE GATE OXIDE THICKNESS
seq_0046,DEPOSIT POLYSILICON
seq_0046,POLYSILICON ANNEAL
seq_0046,SPIN COAT PHOTORESIST
seq_0046,SOFT BAKE
seq_0046,ALIGN MASK LEVEL 2
seq_0046,EXPOSE LITHO LEVEL 2
seq_0046,POST EXPOSE BAKE
seq_0046,DEVELOP PHOTORESIST
seq_0046,POLY PATTERN INSPECTION
seq_0046,POLYSILICON ETCH
seq_0046,STRIP PHOTORESIST
seq_0046,CLEAN AFTER POLY ETCH
seq_0046,MEASURE GATE CD
seq_0046,IMPLANT SOURCE DRAIN
seq_0046,LIGHT ANNEAL
seq_0046,DEPOSIT SPACER DIELECTRIC
seq_0046,ANISOTROPIC ETCH SPACER
seq_0046,MEASURE SPACER WIDTH
seq_0046,IMPLANT LDD
seq_0046,RAPID THERMAL ANNEAL
seq_0046,MEASURE JUNCTION PROFILE
seq_0046,DEPOSIT INTERLEVEL DIELECTRIC
seq_0046,DENSIFY DIELECTRIC
seq_0046,MEASURE DIELECTRIC THICKNESS
seq_0046,CMP INTERLAYER DIELECTRIC
seq_0046,MEASURE SURFACE PLANARITY
seq_0046,SPIN COAT PHOTORESIST
seq_0046,SOFT BAKE
seq_0046,ALIGN MASK LEVEL 3
seq_0046,EXPOSE LITHO LEVEL 3
seq_0046,DEVELOP PHOTORESIST
seq_0046,VIA INSPECTION
seq_0046,VIA ETCH THROUGH DIELECTRIC
seq_0046,STRIP RESIST
seq_0046,CLEAN AFTER VIA ETCH
seq_0046,MEASURE VIA CD
seq_0046,DEPOSIT BARRIER METAL
seq_0046,DEPOSIT METAL SEED
seq_0046,FILL VIA METAL
seq_0046,CMP VIA FILL
seq_0046,MEASURE VIA RESISTANCE
seq_0046,DEPOSIT TOP METAL
seq_0046,ANNEAL METAL
seq_0046,MEASURE METAL THICKNESS
seq_0046,SPIN COAT PHOTORESIST
seq_0046,SOFT BAKE
seq_0046,ALIGN MASK LEVEL 4
seq_0046,EXPOSE LITHO LEVEL 4
seq_0046,DEVELOP PHOTORESIST
seq_0046,METAL PATTERN INSPECTION
seq_0046,METAL ETCH
seq_0046,STRIP RESIST
seq_0046,CLEAN AFTER METAL ETCH
seq_0046,DEPOSIT PASSIVATION LAYER
seq_0046,CURE PASSIVATION
seq_0046,MEASURE PASSIVATION QUALITY
seq_0046,OPEN BOND PAD WINDOW
seq_0046,OPEN PAD WINDOW LITHO
seq_0046,DEVELOP PHOTORESIST
seq_0046,PASSIVATION ETCH
seq_0046,STRIP RESIST
seq_0046,CLEAN PAD OPENING
seq_0046,MEASURE PAD OPENING
seq_0046,BACKSIDE CLEAN
seq_0046,BACKSIDE GRIND
seq_0046,MEASURE THICKNESS
seq_0046,BACKSIDE ETCH CLEAN
seq_0046,BACKSIDE RINSE
seq_0046,BACKSIDE DRY
seq_0046,BACKSIDE METALLIZATION PREP
seq_0046,DEPOSIT BACKSIDE METAL
seq_0046,BACKSIDE ANNEAL
seq_0046,MEASURE BACKSIDE CONTACT
seq_0046,FINAL CLEAN
seq_0046,FINAL THICKNESS MEASURE
seq_0046,FINAL GEOMETRY CHECK
seq_0046,FINAL PARTICLE INSPECTION
seq_0046,ELECTRICAL PARAMETRIC TEST
seq_0046,LEAKAGE TEST
seq_0046,THRESHOLD VOLTAGE TEST
seq_0046,SWITCHING TEST
seq_0046,WAFER SORT TEST
seq_0046,YIELD ANALYSIS
seq_0046,FINAL LOT RELEASE
seq_0046,SHIP LOT
seq_0047,RECEIVE WAFER LOT
seq_0047,LOT IDENTIFICATION
seq_0047,PRE CLEAN INSPECTION
seq_0047,MEASURE THICKNESS
seq_0047,PRE CLEAN WAFER
seq_0047,WET CLEAN RCA1
seq_0047,WET CLEAN RCA2
seq_0047,HF DIP
seq_0047,SUBSTRATE CHECK
seq_0047,EPITAXY PREP
seq_0047,EPITAXIAL DEPOSITION
seq_0047,MEASURE EPITAXY THICKNESS
seq_0047,MEASURE RESISTIVITY
seq_0047,EPITAXY ANNEAL
seq_0047,WAFER SURFACE CLEAN
seq_0047,THERMAL OXIDATION
seq_0047,MEASURE OXIDE THICKNESS
seq_0047,SPIN COAT PHOTORESIST
seq_0047,SOFT BAKE
seq_0047,ALIGN MASK LEVEL 1
seq_0047,EXPOSE LITHO LEVEL 1
seq_0047,DEVELOP PHOTORESIST
seq_0047,PATTERN INSPECTION LEVEL 1
seq_0047,OXIDE ETCH
seq_0047,STRIP RESIST
seq_0047,CLEAN AFTER ETCH
seq_0047,MEASURE OPENING CD
seq_0047,IMPLANT WELL
seq_0047,PRE ANNEAL CHECK
seq_0047,DRIVE IN DIFFUSION
seq_0047,RAPID THERMAL ANNEAL
seq_0047,MEASURE JUNCTION DEPTH
seq_0047,THERMAL OXIDATION
seq_0047,GATE OXIDE PREP
seq_0047,GATE OXIDE GROWTH
seq_0047,MEASURE GATE OXIDE THICKNESS
seq_0047,DEPOSIT POLYSILICON
seq_0047,POLYSILICON ANNEAL
seq_0047,SPIN COAT PHOTORESIST
seq_0047,SOFT BAKE
seq_0047,ALIGN MASK LEVEL 2
seq_0047,EXPOSE LITHO LEVEL 2
seq_0047,POST EXPOSE BAKE
seq_0047,DEVELOP PHOTORESIST
seq_0047,POLY PATTERN INSPECTION
seq_0047,HARD BAKE
seq_0047,POLYSILICON ETCH
seq_0047,STRIP PHOTORESIST
seq_0047,CLEAN AFTER POLY ETCH
seq_0047,IMPLANT SOURCE DRAIN
seq_0047,PRE ANNEAL CHECK
seq_0047,LIGHT ANNEAL
seq_0047,MEASURE SHEET RESISTANCE
seq_0047,DEPOSIT SPACER DIELECTRIC
seq_0047,ANISOTROPIC ETCH SPACER
seq_0047,MEASURE SPACER WIDTH
seq_0047,IMPLANT LDD
seq_0047,PRE ANNEAL CHECK
seq_0047,RAPID THERMAL ANNEAL
seq_0047,MEASURE JUNCTION PROFILE
seq_0047,DEPOSIT INTERLEVEL DIELECTRIC
seq_0047,DENSIFY OXIDE
seq_0047,MEASURE FILM THICKNESS
seq_0047,CMP INTERLAYER DIELECTRIC
seq_0047,MEASURE PLANARITY
seq_0047,SPIN COAT PHOTORESIST
seq_0047,SOFT BAKE
seq_0047,ALIGN MASK LEVEL 3
seq_0047,EXPOSE LITHO LEVEL 3
seq_0047,POST EXPOSE BAKE
seq_0047,DEVELOP PHOTORESIST
seq_0047,VIA INSPECTION
seq_0047,VIA ETCH
seq_0047,STRIP RESIST
seq_0047,CLEAN AFTER VIA ETCH
seq_0047,MEASURE VIA CD
seq_0047,DEPOSIT BARRIER METAL
seq_0047,DEPOSIT METAL SEED
seq_0047,FILL VIA METAL
seq_0047,CMP METAL
seq_0047,MEASURE VIA RESISTANCE
seq_0047,DEPOSIT TOP METAL
seq_0047,ANNEAL METAL
seq_0047,MEASURE METAL THICKNESS
seq_0047,SPIN COAT PHOTORESIST
seq_0047,SOFT BAKE
seq_0047,ALIGN MASK LEVEL 4
seq_0047,EXPOSE LITHO LEVEL 4
seq_0047,DEVELOP PHOTORESIST
seq_0047,METAL PATTERN INSPECTION
seq_0047,METAL ETCH
seq_0047,STRIP RESIST
seq_0047,CLEAN AFTER METAL ETCH
seq_0047,MEASURE LINE WIDTH
seq_0047,DEPOSIT PASSIVATION
seq_0047,CURE PASSIVATION
seq_0047,MEASURE PASSIVATION THICKNESS
seq_0047,OPEN BOND PAD WINDOW
seq_0047,OPEN PAD WINDOW LITHO
seq_0047,DEVELOP PHOTORESIST
seq_0047,PASSIVATION ETCH
seq_0047,STRIP RESIST
seq_0047,CLEAN PAD OPENING
seq_0047,MEASURE PAD OPENING
seq_0047,BACKSIDE CLEAN
seq_0047,BACKSIDE GRIND
seq_0047,MEASURE THICKNESS
seq_0047,BACKSIDE ETCH CLEAN
seq_0047,BACKSIDE RINSE
seq_0047,BACKSIDE DRY
seq_0047,BACKSIDE METALLIZATION PREP
seq_0047,DEPOSIT BACKSIDE METAL
seq_0047,BACKSIDE ANNEAL
seq_0047,MEASURE BACKSIDE CONTACT
seq_0047,FINAL CLEAN
seq_0047,FINAL THICKNESS MEASURE
seq_0047,FINAL GEOMETRY CHECK
seq_0047,FINAL PARTICLE INSPECTION
seq_0047,ELECTRICAL PARAMETRIC TEST
seq_0047,LEAKAGE TEST
seq_0047,THRESHOLD VOLTAGE TEST
seq_0047,SWITCHING TEST
seq_0047,WAFER SORT TEST
seq_0047,YIELD ANALYSIS
seq_0047,LOT RELEASE
seq_0047,SHIP LOT
seq_0048,RECEIVE WAFER LOT
seq_0048,LOT IDENTIFICATION
seq_0048,PRE CLEAN INSPECTION
seq_0048,MEASURE THICKNESS
seq_0048,MEASURE SURFACE PARTICLES
seq_0048,PRE CLEAN WAFER
seq_0048,BACKSIDE CLEAN
seq_0048,WET CLEAN RCA1
seq_0048,WET CLEAN RCA2
seq_0048,HF DIP
seq_0048,DRY WAFER
seq_0048,SUBSTRATE CHECK
seq_0048,EPITAXY PREP
seq_0048,EPITAXIAL DEPOSITION
seq_0048,MEASURE EPITAXY THICKNESS
seq_0048,MEASURE RESISTIVITY
seq_0048,EPITAXY ANNEAL
seq_0048,WAFER SURFACE CLEAN
seq_0048,THERMAL OXIDATION
seq_0048,MEASURE OXIDE THICKNESS
seq_0048,SPIN COAT PHOTORESIST
seq_0048,SOFT BAKE
seq_0048,ALIGN MASK LEVEL 1
seq_0048,EXPOSE LITHO LEVEL 1
seq_0048,DEVELOP PHOTORESIST
seq_0048,PATTERN INSPECTION LEVEL 1
seq_0048,OXIDE ETCH
seq_0048,STRIP RESIST
seq_0048,CLEAN AFTER ETCH
seq_0048,MEASURE OPENING CD
seq_0048,IMPLANT WELL
seq_0048,PRE ANNEAL CHECK
seq_0048,DRIVE IN DIFFUSION
seq_0048,RAPID THERMAL ANNEAL
seq_0048,MEASURE JUNCTION DEPTH
seq_0048,THERMAL OXIDATION
seq_0048,GATE OXIDE PREP
seq_0048,GATE OXIDE GROWTH
seq_0048,MEASURE GATE OXIDE THICKNESS
seq_0048,DEPOSIT POLYSILICON
seq_0048,POLYSILICON ANNEAL
seq_0048,MEASURE POLY THICKNESS
seq_0048,SPIN COAT PHOTORESIST
seq_0048,SOFT BAKE
seq_0048,ALIGN MASK LEVEL 2
seq_0048,EXPOSE LITHO LEVEL 2
seq_0048,POST EXPOSE BAKE
seq_0048,DEVELOP PHOTORESIST
seq_0048,POLY PATTERN INSPECTION
seq_0048,POLYSILICON ETCH
seq_0048,STRIP RESIST
seq_0048,CLEAN AFTER POLY ETCH
seq_0048,MEASURE GATE CD
seq_0048,IMPLANT SOURCE DRAIN
seq_0048,LIGHT ANNEAL
seq_0048,MEASURE SHEET RESISTANCE
seq_0048,DEPOSIT SPACER DIELECTRIC
seq_0048,ANISOTROPIC ETCH SPACER
seq_0048,MEASURE SPACER WIDTH
seq_0048,IMPLANT LDD
seq_0048,PRE ANNEAL CHECK
seq_0048,RAPID THERMAL ANNEAL
seq_0048,MEASURE JUNCTION PROFILE
seq_0048,DEPOSIT INTERLAYER DIELECTRIC
seq_0048,DENSIFY OXIDE
seq_0048,MEASURE DIELECTRIC THICKNESS
seq_0048,CMP INTERLAYER DIELECTRIC
seq_0048,MEASURE SURFACE PLANARITY
seq_0048,SPIN COAT PHOTORESIST
seq_0048,SOFT BAKE
seq_0048,ALIGN MASK LEVEL 3
seq_0048,EXPOSE LITHO LEVEL 3
seq_0048,DEVELOP PHOTORESIST
seq_0048,VIA OPENING INSPECTION
seq_0048,HARD BAKE
seq_0048,VIA ETCH THROUGH DIELECTRIC
seq_0048,STRIP PHOTORESIST
seq_0048,CLEAN AFTER VIA ETCH
seq_0048,DEPOSIT BARRIER METAL
seq_0048,DEPOSIT METAL SEED
seq_0048,FILL VIA METAL
seq_0048,CMP VIA FILL
seq_0048,DEPOSIT TOP METAL
seq_0048,ANNEAL METAL 1
seq_0048,SPIN COAT PHOTORESIST
seq_0048,SOFT BAKE
seq_0048,ALIGN MASK LEVEL 4
seq_0048,EXPOSE LITHO LEVEL 4
seq_0048,DEVELOP PHOTORESIST
seq_0048,METAL PATTERN INSPECTION
seq_0048,HARD BAKE
seq_0048,METAL ETCH
seq_0048,STRIP RESIST
seq_0048,CLEAN AFTER METAL ETCH
seq_0048,MEASURE LINE WIDTH
seq_0048,DEPOSIT PASSIVATION LAYER
seq_0048,CURE PASSIVATION
seq_0048,MEASURE PASSIVATION THICKNESS
seq_0048,OPEN BOND PAD WINDOW
seq_0048,OPEN PAD WINDOW LITHO
seq_0048,DEVELOP PHOTORESIST
seq_0048,PASSIVATION ETCH PAD OPENING
seq_0048,STRIP RESIST
seq_0048,CLEAN PAD OPENING
seq_0048,MEASURE PAD OPENING
seq_0048,BACKSIDE CLEAN
seq_0048,BACKSIDE GRIND
seq_0048,MEASURE THICKNESS
seq_0048,BACKSIDE ETCH CLEAN
seq_0048,BACKSIDE RINSE
seq_0048,BACKSIDE DRY
seq_0048,BACKSIDE METALLIZATION PREP
seq_0048,DEPOSIT BACKSIDE METAL
seq_0048,BACKSIDE ANNEAL
seq_0048,MEASURE BACKSIDE CONTACT
seq_0048,FINAL CLEAN
seq_0048,FINAL THICKNESS MEASURE
seq_0048,FINAL GEOMETRY CHECK
seq_0048,FINAL CD INSPECTION
seq_0048,ELECTRICAL PARAMETRIC TEST
seq_0048,LEAKAGE TEST
seq_0048,THRESHOLD VOLTAGE TEST
seq_0048,SWITCHING TEST
seq_0048,WAFER SORT TEST
seq_0048,YIELD ANALYSIS
seq_0048,LOT RELEASE
seq_0048,SHIP LOT
seq_0049,RECEIVE WAFER LOT
seq_0049,LOT IDENTIFICATION
seq_0049,PRE CLEAN INSPECTION
seq_0049,MEASURE SURFACE PARTICLES
seq_0049,PRE CLEAN WAFER
seq_0049,WET CLEAN RCA1
seq_0049,RCA CLEAN 2
seq_0049,HF DIP
seq_0049,SUBSTRATE CHECK
seq_0049,EPITAXY PREP
seq_0049,EPITAXIAL DEPOSITION
seq_0049,MEASURE EPITAXY THICKNESS
seq_0049,MEASURE RESISTIVITY
seq_0049,EPITAXY ANNEAL
seq_0049,WAFER SURFACE CLEAN
seq_0049,THERMAL OXIDATION
seq_0049,MEASURE OXIDE THICKNESS
seq_0049,SPIN COAT PHOTORESIST
seq_0049,SOFT BAKE
seq_0049,ALIGN MASK LEVEL 1
seq_0049,EXPOSE LITHO LEVEL 1
seq_0049,POST EXPOSE BAKE
seq_0049,DEVELOP PHOTORESIST
seq_0049,PATTERN INSPECTION LEVEL 1
seq_0049,OXIDE ETCH
seq_0049,STRIP RESIST
seq_0049,CLEAN AFTER ETCH
seq_0049,MEASURE OPENING CD
seq_0049,IMPLANT WELL
seq_0049,DRIVE IN DIFFUSION
seq_0049,RAPID THERMAL ANNEAL
seq_0049,MEASURE JUNCTION DEPTH
seq_0049,THERMAL OXIDATION
seq_0049,GATE OXIDE PREP
seq_0049,GATE OXIDE GROWTH
seq_0049,MEASURE GATE OXIDE THICKNESS
seq_0049,DEPOSIT POLYSILICON
seq_0049,POLYSILICON ANNEAL
seq_0049,MEASURE POLY THICKNESS
seq_0049,SPIN COAT PHOTORESIST
seq_0049,SOFT BAKE
seq_0049,ALIGN MASK LEVEL 2
seq_0049,EXPOSE LITHO LEVEL 2
seq_0049,DEVELOP PHOTORESIST
seq_0049,POLY PATTERN INSPECTION
seq_0049,POLYSILICON ETCH
seq_0049,STRIP RESIST
seq_0049,CLEAN AFTER POLY ETCH
seq_0049,MEASURE GATE CD
seq_0049,IMPLANT SOURCE DRAIN
seq_0049,LIGHT ANNEAL
seq_0049,MEASURE SHEET RESISTANCE
seq_0049,DEPOSIT SPACER DIELECTRIC
seq_0049,ANISOTROPIC ETCH SPACER
seq_0049,MEASURE SPACER WIDTH
seq_0049,IMPLANT LDD
seq_0049,RAPID THERMAL ANNEAL
seq_0049,DEPOSIT INTERLEVEL DIELECTRIC
seq_0049,DENSIFY OXIDE
seq_0049,MEASURE FILM THICKNESS
seq_0049,CMP INTERLAYER DIELECTRIC
seq_0049,MEASURE PLANARITY
seq_0049,SPIN COAT PHOTORESIST
seq_0049,SOFT BAKE
seq_0049,ALIGN MASK LEVEL 3
seq_0049,EXPOSE LITHO LEVEL 3
seq_0049,DEVELOP PHOTORESIST
seq_0049,VIA OPENING INSPECTION
seq_0049,DIELECTRIC ETCH VIA
seq_0049,STRIP RESIST
seq_0049,CLEAN AFTER VIA ETCH
seq_0049,MEASURE VIA CD
seq_0049,DEPOSIT BARRIER METAL
seq_0049,DEPOSIT METAL SEED
seq_0049,FILL VIA METAL
seq_0049,CMP VIA FILL
seq_0049,MEASURE CONTACT RESISTANCE
seq_0049,DEPOSIT METAL 1
seq_0049,ANNEAL METAL
seq_0049,MEASURE METAL THICKNESS
seq_0049,SPIN COAT PHOTORESIST
seq_0049,SOFT BAKE
seq_0049,ALIGN MASK LEVEL 4
seq_0049,EXPOSE LITHO LEVEL 4
seq_0049,DEVELOP PHOTORESIST
seq_0049,METAL PATTERN INSPECTION
seq_0049,METAL ETCH
seq_0049,STRIP RESIST
seq_0049,CLEAN AFTER METAL ETCH
seq_0049,DEPOSIT PASSIVATION
seq_0049,CURE PASSIVATION
seq_0049,MEASURE PASSIVATION QUALITY
seq_0049,OPEN PAD WINDOW
seq_0049,OPEN PAD WINDOW LITHO
seq_0049,DEVELOP PHOTORESIST
seq_0049,PASSIVATION ETCH
seq_0049,STRIP RESIST
seq_0049,CLEAN PAD OPENING
seq_0049,MEASURE PAD OPENING
seq_0049,BACKSIDE CLEAN
seq_0049,BACKSIDE GRIND
seq_0049,MEASURE WAFER THICKNESS
seq_0049,BACKSIDE ETCH CLEAN
seq_0049,BACKSIDE RINSE
seq_0049,BACKSIDE DRY
seq_0049,BACKSIDE METALLIZATION PREP
seq_0049,DEPOSIT BACKSIDE METAL
seq_0049,BACKSIDE ANNEAL
seq_0049,MEASURE BACKSIDE CONTACT
seq_0049,FINAL CLEAN
seq_0049,FINAL THICKNESS MEASURE
seq_0049,FINAL GEOMETRY CHECK
seq_0049,FINAL CD INSPECTION
seq_0049,FINAL PARTICLE INSPECTION
seq_0049,PARAMETRIC TEST
seq_0049,LEAKAGE TEST
seq_0049,THRESHOLD VOLTAGE TEST
seq_0049,SWITCHING TEST
seq_0049,WAFER SORT TEST
seq_0049,YIELD ANALYSIS
seq_0049,FINAL LOT RELEASE
seq_0049,SHIP LOT
seq_0050,RECEIVE WAFER LOT
seq_0050,LOT IDENTIFICATION
seq_0050,INITIAL WAFER INSPECTION
seq_0050,MEASURE THICKNESS
seq_0050,MEASURE SURFACE PARTICLES
seq_0050,PRE CLEAN WAFER
seq_0050,WET CLEAN RCA1
seq_0050,WET CLEAN RCA2
seq_0050,HF DIP
seq_0050,DRY WAFER
seq_0050,SUBSTRATE CHECK
seq_0050,EPITAXY PREP
seq_0050,EPITAXIAL DEPOSITION
seq_0050,MEASURE EPITAXY THICKNESS
seq_0050,MEASURE RESISTIVITY
seq_0050,EPITAXY ANNEAL
seq_0050,WAFER SURFACE CLEAN
seq_0050,THERMAL OXIDATION
seq_0050,MEASURE OXIDE THICKNESS
seq_0050,SPIN COAT PHOTORESIST
seq_0050,SOFT BAKE
seq_0050,ALIGN MASK LEVEL 1
seq_0050,EXPOSE LITHO LEVEL 1
seq_0050,DEVELOP PHOTORESIST
seq_0050,PATTERN INSPECTION LEVEL 1
seq_0050,OXIDE ETCH
seq_0050,STRIP RESIST
seq_0050,CLEAN AFTER ETCH
seq_0050,MEASURE OPENING CD
seq_0050,IMPLANT WELL
seq_0050,PRE ANNEAL CHECK
seq_0050,DRIVE IN DIFFUSION
seq_0050,RAPID THERMAL ANNEAL
seq_0050,THERMAL OXIDATION
seq_0050,GATE OXIDE PREP
seq_0050,GATE OXIDE GROWTH
seq_0050,MEASURE GATE OXIDE THICKNESS
seq_0050,DEPOSIT POLYSILICON
seq_0050,POLYSILICON ANNEAL
seq_0050,MEASURE POLY THICKNESS
seq_0050,SPIN COAT PHOTORESIST
seq_0050,SOFT BAKE
seq_0050,ALIGN MASK LEVEL 2
seq_0050,EXPOSE LITHO LEVEL 2
seq_0050,DEVELOP PHOTORESIST
seq_0050,POLY PATTERN INSPECTION
seq_0050,HARD BAKE
seq_0050,POLYSILICON ETCH
seq_0050,STRIP PHOTORESIST
seq_0050,CLEAN AFTER POLY ETCH
seq_0050,MEASURE GATE CD
seq_0050,IMPLANT SOURCE DRAIN
seq_0050,LIGHT ANNEAL
seq_0050,MEASURE SHEET RESISTANCE
seq_0050,DEPOSIT SPACER DIELECTRIC
seq_0050,ANISOTROPIC ETCH SPACER
seq_0050,MEASURE SPACER WIDTH
seq_0050,IMPLANT LDD
seq_0050,PRE ANNEAL CHECK
seq_0050,RAPID THERMAL ANNEAL
seq_0050,MEASURE JUNCTION PROFILE
seq_0050,DEPOSIT INTERLEVEL DIELECTRIC
seq_0050,DENSIFY OXIDE
seq_0050,MEASURE DIELECTRIC THICKNESS
seq_0050,CMP DIELECTRIC
seq_0050,MEASURE SURFACE PLANARITY
seq_0050,SPIN COAT PHOTORESIST
seq_0050,SOFT BAKE
seq_0050,ALIGN MASK LEVEL 3
seq_0050,EXPOSE LITHO LEVEL 3
seq_0050,POST EXPOSE BAKE
seq_0050,DEVELOP PHOTORESIST
seq_0050,VIA INSPECTION
seq_0050,VIA ETCH THROUGH DIELECTRIC
seq_0050,STRIP PHOTORESIST
seq_0050,CLEAN AFTER VIA ETCH
seq_0050,MEASURE VIA CD
seq_0050,DEPOSIT BARRIER METAL
seq_0050,DEPOSIT METAL SEED
seq_0050,FILL VIA METAL
seq_0050,CMP VIA FILL
seq_0050,MEASURE VIA RESISTANCE
seq_0050,DEPOSIT TOP METAL
seq_0050,ANNEAL METAL
seq_0050,SPIN COAT PHOTORESIST
seq_0050,SOFT BAKE
seq_0050,ALIGN MASK LEVEL 4
seq_0050,EXPOSE LITHO LEVEL 4
seq_0050,DEVELOP PHOTORESIST
seq_0050,METAL PATTERN INSPECTION
seq_0050,METAL ETCH
seq_0050,STRIP RESIST
seq_0050,CLEAN AFTER METAL ETCH
seq_0050,MEASURE LINE WIDTH
seq_0050,DEPOSIT PASSIVATION
seq_0050,CURE PASSIVATION
seq_0050,MEASURE PASSIVATION QUALITY
seq_0050,OPEN PAD WINDOW
seq_0050,OPEN PAD WINDOW LITHO
seq_0050,DEVELOP PAD WINDOW
seq_0050,PASSIVATION ETCH
seq_0050,STRIP RESIST
seq_0050,CLEAN PAD OPENING
seq_0050,MEASURE PAD OPENING
seq_0050,BACKSIDE CLEAN
seq_0050,BACKSIDE GRIND
seq_0050,MEASURE THICKNESS
seq_0050,BACKSIDE ETCH CLEAN
seq_0050,BACKSIDE RINSE
seq_0050,BACKSIDE DRY
seq_0050,BACKSIDE METALLIZATION PREP
seq_0050,DEPOSIT BACKSIDE METAL
seq_0050,BACKSIDE ANNEAL
seq_0050,MEASURE BACKSIDE CONTACT
seq_0050,FINAL CLEAN
seq_0050,FINAL THICKNESS MEASURE
seq_0050,FINAL GEOMETRY CHECK
seq_0050,FINAL CD INSPECTION
seq_0050,FINAL PARTICLE INSPECTION
seq_0050,PARAMETRIC TEST
seq_0050,LEAKAGE TEST
seq_0050,THRESHOLD VOLTAGE TEST
seq_0050,SWITCHING TEST
seq_0050,WAFER SORT TEST
seq_0050,YIELD ANALYSIS
seq_0050,LOT RELEASE
seq_0050,SHIP LOT
seq_0051,RECEIVE WAFER LOT
seq_0051,LOT IDENTIFICATION
seq_0051,PRE CLEAN INSPECTION
seq_0051,MEASURE THICKNESS
seq_0051,MEASURE SURFACE PARTICLES
seq_0051,PRE CLEAN WAFER
seq_0051,BACKSIDE CLEAN
seq_0051,WET CLEAN RCA1
seq_0051,WET CLEAN RCA2
seq_0051,HF DIP
seq_0051,SUBSTRATE CHECK
seq_0051,EPITAXY PREP
seq_0051,EPITAXIAL DEPOSITION
seq_0051,MEASURE EPITAXY THICKNESS
seq_0051,MEASURE RESISTIVITY
seq_0051,EPITAXY ANNEAL
seq_0051,WAFER SURFACE CLEAN
seq_0051,THERMAL OXIDATION
seq_0051,MEASURE OXIDE THICKNESS
seq_0051,SPIN COAT PHOTORESIST
seq_0051,SOFT BAKE
seq_0051,ALIGN MASK LEVEL 1
seq_0051,EXPOSE LITHO LEVEL 1
seq_0051,DEVELOP PHOTORESIST
seq_0051,PATTERN INSPECTION LEVEL 1
seq_0051,HARD BAKE
seq_0051,OXIDE ETCH
seq_0051,STRIP PHOTORESIST
seq_0051,CLEAN AFTER ETCH
seq_0051,MEASURE OPENING CD
seq_0051,IMPLANT WELL
seq_0051,DRIVE IN DIFFUSION
seq_0051,RAPID THERMAL ANNEAL
seq_0051,MEASURE JUNCTION DEPTH
seq_0051,THERMAL OXIDATION
seq_0051,GATE OXIDE PREP
seq_0051,GATE OXIDE GROWTH
seq_0051,MEASURE GATE OXIDE THICKNESS
seq_0051,DEPOSIT POLYSILICON
seq_0051,POLYSILICON ANNEAL
seq_0051,MEASURE POLY THICKNESS
seq_0051,SPIN COAT PHOTORESIST
seq_0051,SOFT BAKE
seq_0051,ALIGN MASK LEVEL 2
seq_0051,EXPOSE LITHO LEVEL 2
seq_0051,DEVELOP PHOTORESIST
seq_0051,POLY PATTERN INSPECTION
seq_0051,HARD BAKE
seq_0051,POLYSILICON ETCH
seq_0051,STRIP PHOTORESIST
seq_0051,CLEAN AFTER POLY ETCH
seq_0051,MEASURE GATE CD
seq_0051,IMPLANT SOURCE DRAIN
seq_0051,LIGHT ANNEAL
seq_0051,MEASURE SHEET RESISTANCE
seq_0051,DEPOSIT SPACER DIELECTRIC
seq_0051,ANISOTROPIC ETCH SPACER
seq_0051,IMPLANT LDD
seq_0051,PRE ANNEAL CHECK
seq_0051,RAPID THERMAL ANNEAL
seq_0051,MEASURE JUNCTION PROFILE
seq_0051,DEPOSIT INTERLEVEL DIELECTRIC
seq_0051,DENSIFY DIELECTRIC
seq_0051,MEASURE FILM THICKNESS
seq_0051,CMP INTERLAYER DIELECTRIC
seq_0051,MEASURE SURFACE PLANARITY
seq_0051,SPIN COAT PHOTORESIST
seq_0051,SOFT BAKE
seq_0051,ALIGN MASK LEVEL 3
seq_0051,EXPOSE LITHO LEVEL 3
seq_0051,DEVELOP PHOTORESIST
seq_0051,VIA INSPECTION
seq_0051,DIELECTRIC ETCH VIA
seq_0051,STRIP PHOTORESIST
seq_0051,CLEAN AFTER VIA ETCH
seq_0051,MEASURE VIA CD
seq_0051,DEPOSIT BARRIER METAL
seq_0051,DEPOSIT METAL SEED
seq_0051,FILL VIA METAL
seq_0051,CMP VIA FILL
seq_0051,MEASURE VIA RESISTANCE
seq_0051,DEPOSIT TOP METAL
seq_0051,ANNEAL METAL 1
seq_0051,MEASURE METAL THICKNESS
seq_0051,SPIN COAT PHOTORESIST
seq_0051,SOFT BAKE
seq_0051,ALIGN MASK LEVEL 4
seq_0051,EXPOSE LITHO LEVEL 4
seq_0051,POST EXPOSE BAKE
seq_0051,DEVELOP PHOTORESIST
seq_0051,METAL PATTERN INSPECTION
seq_0051,METAL ETCH
seq_0051,STRIP PHOTORESIST
seq_0051,CLEAN AFTER METAL ETCH
seq_0051,MEASURE LINE WIDTH
seq_0051,DEPOSIT PASSIVATION LAYER
seq_0051,CURE PASSIVATION
seq_0051,MEASURE PASSIVATION THICKNESS
seq_0051,OPEN PAD WINDOW
seq_0051,OPEN PAD WINDOW LITHO
seq_0051,DEVELOP PAD WINDOW
seq_0051,PASSIVATION ETCH
seq_0051,STRIP RESIST
seq_0051,CLEAN PAD OPENING
seq_0051,MEASURE PAD OPENING
seq_0051,BACKSIDE CLEAN
seq_0051,BACKSIDE GRIND
seq_0051,MEASURE THICKNESS
seq_0051,BACKSIDE ETCH CLEAN
seq_0051,BACKSIDE RINSE
seq_0051,BACKSIDE DRY
seq_0051,BACKSIDE METALLIZATION PREP
seq_0051,DEPOSIT BACKSIDE METAL
seq_0051,BACKSIDE ANNEAL
seq_0051,MEASURE BACKSIDE CONTACT
seq_0051,FINAL CLEAN
seq_0051,FINAL THICKNESS MEASURE
seq_0051,FINAL PARTICLE INSPECTION
seq_0051,ELECTRICAL PARAMETRIC TEST
seq_0051,LEAKAGE TEST
seq_0051,THRESHOLD VOLTAGE TEST
seq_0051,SWITCHING TEST
seq_0051,WAFER SORT TEST
seq_0051,YIELD ANALYSIS
seq_0051,LOT RELEASE
seq_0051,SHIP LOT
seq_0052,RECEIVE WAFER LOT
seq_0052,LOT IDENTIFICATION
seq_0052,PRE CLEAN INSPECTION
seq_0052,MEASURE SURFACE PARTICLES
seq_0052,PRE CLEAN WAFER
seq_0052,BACKSIDE CLEAN
seq_0052,RCA CLEAN 1
seq_0052,RCA CLEAN 2
seq_0052,HF DIP
seq_0052,SUBSTRATE CHECK
seq_0052,EPITAXY PREP
seq_0052,EPITAXIAL DEPOSITION
seq_0052,MEASURE EPITAXY THICKNESS
seq_0052,MEASURE RESISTIVITY
seq_0052,EPITAXY ANNEAL
seq_0052,WAFER SURFACE CLEAN
seq_0052,THERMAL OXIDATION
seq_0052,MEASURE OXIDE THICKNESS
seq_0052,SPIN COAT PHOTORESIST
seq_0052,SOFT BAKE
seq_0052,ALIGN MASK LEVEL 1
seq_0052,EXPOSE LITHO LEVEL 1
seq_0052,POST EXPOSE BAKE
seq_0052,DEVELOP PHOTORESIST
seq_0052,PATTERN INSPECTION LEVEL 1
seq_0052,OXIDE ETCH
seq_0052,STRIP RESIST
seq_0052,CLEAN AFTER ETCH
seq_0052,MEASURE OPENING CD
seq_0052,IMPLANT WELL
seq_0052,PRE ANNEAL CHECK
seq_0052,DRIVE IN DIFFUSION
seq_0052,RAPID THERMAL ANNEAL
seq_0052,MEASURE JUNCTION DEPTH
seq_0052,THERMAL OXIDATION
seq_0052,GATE OXIDE PREP
seq_0052,GATE OXIDE GROWTH
seq_0052,MEASURE GATE OXIDE THICKNESS
seq_0052,DEPOSIT POLYSILICON
seq_0052,POLYSILICON ANNEAL
seq_0052,MEASURE POLY THICKNESS
seq_0052,SPIN COAT PHOTORESIST
seq_0052,SOFT BAKE
seq_0052,ALIGN MASK LEVEL 2
seq_0052,EXPOSE LITHO LEVEL 2
seq_0052,POST EXPOSE BAKE
seq_0052,DEVELOP PHOTORESIST
seq_0052,POLY PATTERN INSPECTION
seq_0052,POLYSILICON ETCH
seq_0052,STRIP RESIST
seq_0052,CLEAN AFTER POLY ETCH
seq_0052,MEASURE GATE CD
seq_0052,IMPLANT SOURCE DRAIN
seq_0052,PRE ANNEAL CHECK
seq_0052,LIGHT ANNEAL
seq_0052,MEASURE SHEET RESISTANCE
seq_0052,DEPOSIT SPACER DIELECTRIC
seq_0052,ANISOTROPIC ETCH SPACER
seq_0052,MEASURE SPACER WIDTH
seq_0052,IMPLANT LDD
seq_0052,PRE ANNEAL CHECK
seq_0052,RAPID THERMAL ANNEAL
seq_0052,MEASURE JUNCTION PROFILE
seq_0052,DEPOSIT INTERLEVEL DIELECTRIC
seq_0052,DENSIFY DIELECTRIC
seq_0052,MEASURE FILM THICKNESS
seq_0052,CMP DIELECTRIC
seq_0052,MEASURE PLANARITY
seq_0052,SPIN COAT PHOTORESIST
seq_0052,SOFT BAKE
seq_0052,ALIGN MASK LEVEL 3
seq_0052,EXPOSE LITHO LEVEL 3
seq_0052,DEVELOP PHOTORESIST
seq_0052,VIA OPENING INSPECTION
seq_0052,VIA ETCH THROUGH DIELECTRIC
seq_0052,STRIP RESIST
seq_0052,CLEAN AFTER VIA ETCH
seq_0052,DEPOSIT BARRIER METAL
seq_0052,DEPOSIT METAL SEED
seq_0052,FILL VIA METAL
seq_0052,CMP METAL
seq_0052,MEASURE CONTACT RESISTANCE
seq_0052,DEPOSIT TOP METAL
seq_0052,ANNEAL METAL
seq_0052,MEASURE METAL THICKNESS
seq_0052,SPIN COAT PHOTORESIST
seq_0052,SOFT BAKE
seq_0052,ALIGN MASK LEVEL 4
seq_0052,EXPOSE LITHO LEVEL 4
seq_0052,DEVELOP PHOTORESIST
seq_0052,METAL PATTERN INSPECTION
seq_0052,METAL ETCH
seq_0052,STRIP PHOTORESIST
seq_0052,CLEAN AFTER METAL ETCH
seq_0052,DEPOSIT PASSIVATION LAYER
seq_0052,CURE PASSIVATION
seq_0052,MEASURE PASSIVATION THICKNESS
seq_0052,OPEN BOND PAD WINDOW
seq_0052,PAD WINDOW LITHO
seq_0052,DEVELOP PHOTORESIST
seq_0052,PASSIVATION ETCH PAD OPENING
seq_0052,STRIP RESIST
seq_0052,CLEAN PAD OPENING
seq_0052,MEASURE PAD OPENING
seq_0052,BACKSIDE CLEAN
seq_0052,BACKSIDE GRIND
seq_0052,MEASURE WAFER THICKNESS
seq_0052,BACKSIDE ETCH CLEAN
seq_0052,BACKSIDE RINSE
seq_0052,BACKSIDE DRY
seq_0052,BACKSIDE METALLIZATION PREP
seq_0052,DEPOSIT BACKSIDE METAL
seq_0052,BACKSIDE ANNEAL
seq_0052,MEASURE BACKSIDE CONTACT
seq_0052,FINAL CLEAN
seq_0052,FINAL THICKNESS MEASURE
seq_0052,FINAL GEOMETRY CHECK
seq_0052,FINAL CD INSPECTION
seq_0052,FINAL PARTICLE INSPECTION
seq_0052,PARAMETRIC TEST
seq_0052,LEAKAGE TEST
seq_0052,THRESHOLD VOLTAGE TEST
seq_0052,SWITCHING TEST
seq_0052,WAFER SORT TEST
seq_0052,YIELD ANALYSIS
seq_0052,FINAL LOT RELEASE
seq_0052,SHIP LOT
seq_0053,RECEIVE WAFER LOT
seq_0053,LOT IDENTIFICATION
seq_0053,PRE CLEAN INSPECTION
seq_0053,MEASURE THICKNESS
seq_0053,MEASURE SURFACE PARTICLES
seq_0053,PRE CLEAN WAFER
seq_0053,FRONTSIDE CLEAN
seq_0053,RCA CLEAN 1
seq_0053,RCA CLEAN 2
seq_0053,HF DIP
seq_0053,SUBSTRATE CHECK
seq_0053,EPITAXY PREP
seq_0053,EPITAXIAL DEPOSITION
seq_0053,MEASURE EPITAXY THICKNESS
seq_0053,MEASURE RESISTIVITY
seq_0053,EPITAXY ANNEAL
seq_0053,WAFER SURFACE CLEAN
seq_0053,THERMAL OXIDATION
seq_0053,MEASURE OXIDE THICKNESS
seq_0053,SPIN COAT PHOTORESIST
seq_0053,SOFT BAKE
seq_0053,ALIGN MASK LEVEL 1
seq_0053,EXPOSE LITHO LEVEL 1
seq_0053,POST EXPOSE BAKE
seq_0053,DEVELOP PHOTORESIST
seq_0053,PATTERN INSPECTION LEVEL 1
seq_0053,OXIDE ETCH
seq_0053,STRIP PHOTORESIST
seq_0053,CLEAN AFTER ETCH
seq_0053,IMPLANT WELL
seq_0053,DRIVE IN DIFFUSION
seq_0053,RAPID THERMAL ANNEAL
seq_0053,MEASURE JUNCTION DEPTH
seq_0053,THERMAL OXIDATION
seq_0053,GATE OXIDE PREP
seq_0053,GATE OXIDE GROWTH
seq_0053,MEASURE GATE OXIDE THICKNESS
seq_0053,DEPOSIT POLYSILICON
seq_0053,POLYSILICON ANNEAL
seq_0053,MEASURE POLY THICKNESS
seq_0053,SPIN COAT PHOTORESIST
seq_0053,SOFT BAKE
seq_0053,ALIGN MASK LEVEL 2
seq_0053,EXPOSE LITHO LEVEL 2
seq_0053,DEVELOP PHOTORESIST
seq_0053,POLY PATTERN INSPECTION
seq_0053,POLYSILICON ETCH
seq_0053,STRIP PHOTORESIST
seq_0053,CLEAN AFTER POLY ETCH
seq_0053,MEASURE GATE CD
seq_0053,IMPLANT SOURCE DRAIN
seq_0053,PRE ANNEAL CHECK
seq_0053,LIGHT ANNEAL
seq_0053,MEASURE SHEET RESISTANCE
seq_0053,DEPOSIT SPACER DIELECTRIC
seq_0053,ANISOTROPIC ETCH SPACER
seq_0053,IMPLANT LDD
seq_0053,RAPID THERMAL ANNEAL
seq_0053,MEASURE JUNCTION PROFILE
seq_0053,DEPOSIT INTERLEVEL DIELECTRIC
seq_0053,DENSIFY OXIDE
seq_0053,MEASURE FILM THICKNESS
seq_0053,CMP DIELECTRIC
seq_0053,MEASURE PLANARITY
seq_0053,SPIN COAT PHOTORESIST
seq_0053,SOFT BAKE
seq_0053,ALIGN MASK LEVEL 3
seq_0053,EXPOSE LITHO LEVEL 3
seq_0053,DEVELOP PHOTORESIST
seq_0053,VIA INSPECTION
seq_0053,HARD BAKE
seq_0053,VIA ETCH THROUGH DIELECTRIC
seq_0053,STRIP PHOTORESIST
seq_0053,CLEAN AFTER VIA ETCH
seq_0053,MEASURE VIA CD
seq_0053,DEPOSIT BARRIER METAL
seq_0053,DEPOSIT METAL SEED
seq_0053,FILL VIA METAL
seq_0053,CMP VIA FILL
seq_0053,MEASURE CONTACT RESISTANCE
seq_0053,DEPOSIT METAL 1
seq_0053,ANNEAL METAL
seq_0053,SPIN COAT PHOTORESIST
seq_0053,SOFT BAKE
seq_0053,ALIGN MASK LEVEL 4
seq_0053,EXPOSE LITHO LEVEL 4
seq_0053,POST EXPOSE BAKE
seq_0053,DEVELOP PHOTORESIST
seq_0053,METAL PATTERN INSPECTION
seq_0053,METAL ETCH
seq_0053,STRIP RESIST
seq_0053,CLEAN AFTER METAL ETCH
seq_0053,DEPOSIT PASSIVATION LAYER
seq_0053,CURE PASSIVATION
seq_0053,MEASURE PASSIVATION QUALITY
seq_0053,OPEN PAD WINDOW
seq_0053,PAD WINDOW LITHO
seq_0053,DEVELOP PHOTORESIST
seq_0053,PASSIVATION ETCH PAD OPENING
seq_0053,STRIP PHOTORESIST
seq_0053,CLEAN PAD OPENING
seq_0053,MEASURE PAD OPENING
seq_0053,BACKSIDE CLEAN
seq_0053,BACKSIDE GRIND
seq_0053,MEASURE THICKNESS
seq_0053,BACKSIDE ETCH CLEAN
seq_0053,BACKSIDE RINSE
seq_0053,BACKSIDE DRY
seq_0053,BACKSIDE METALLIZATION PREP
seq_0053,DEPOSIT BACKSIDE METAL
seq_0053,BACKSIDE ANNEAL
seq_0053,MEASURE BACKSIDE CONTACT
seq_0053,FINAL CLEAN
seq_0053,FINAL THICKNESS MEASURE
seq_0053,FINAL GEOMETRY CHECK
seq_0053,FINAL CD INSPECTION
seq_0053,PARAMETRIC TEST
seq_0053,LEAKAGE TEST
seq_0053,THRESHOLD VOLTAGE TEST
seq_0053,SWITCHING TEST
seq_0053,WAFER SORT TEST
seq_0053,YIELD ANALYSIS
seq_0053,LOT RELEASE
seq_0053,SHIP LOT
seq_0054,RECEIVE WAFER LOT
seq_0054,LOT IDENTIFICATION
seq_0054,PRE CLEAN INSPECTION
seq_0054,PRE CLEAN WAFER
seq_0054,WET CLEAN RCA1
seq_0054,WET CLEAN RCA2
seq_0054,HF DIP
seq_0054,SUBSTRATE CHECK
seq_0054,EPITAXY PREP
seq_0054,EPITAXIAL DEPOSITION
seq_0054,MEASURE EPITAXY THICKNESS
seq_0054,MEASURE RESISTIVITY
seq_0054,EPITAXY ANNEAL
seq_0054,WAFER SURFACE CLEAN
seq_0054,THERMAL OXIDATION
seq_0054,MEASURE OXIDE THICKNESS
seq_0054,SPIN COAT PHOTORESIST
seq_0054,SOFT BAKE
seq_0054,ALIGN MASK LEVEL 1
seq_0054,EXPOSE LITHO LEVEL 1
seq_0054,DEVELOP PHOTORESIST
seq_0054,PATTERN INSPECTION LEVEL 1
seq_0054,OXIDE ETCH
seq_0054,STRIP RESIST
seq_0054,CLEAN AFTER ETCH
seq_0054,IMPLANT WELL
seq_0054,PRE ANNEAL CHECK
seq_0054,DRIVE IN DIFFUSION
seq_0054,RAPID THERMAL ANNEAL
seq_0054,THERMAL OXIDATION
seq_0054,GATE OXIDE PREP
seq_0054,GATE OXIDE GROWTH
seq_0054,MEASURE GATE OXIDE THICKNESS
seq_0054,DEPOSIT POLYSILICON
seq_0054,POLYSILICON ANNEAL
seq_0054,SPIN COAT PHOTORESIST
seq_0054,SOFT BAKE
seq_0054,ALIGN MASK LEVEL 2
seq_0054,EXPOSE LITHO LEVEL 2
seq_0054,POST EXPOSE BAKE
seq_0054,DEVELOP PHOTORESIST
seq_0054,POLY PATTERN INSPECTION
seq_0054,HARD BAKE
seq_0054,POLYSILICON ETCH
seq_0054,STRIP RESIST
seq_0054,CLEAN AFTER POLY ETCH
seq_0054,MEASURE GATE CD
seq_0054,IMPLANT SOURCE DRAIN
seq_0054,PRE ANNEAL CHECK
seq_0054,LIGHT ANNEAL
seq_0054,MEASURE SHEET RESISTANCE
seq_0054,DEPOSIT SPACER DIELECTRIC
seq_0054,ANISOTROPIC ETCH SPACER
seq_0054,MEASURE SPACER WIDTH
seq_0054,IMPLANT LDD
seq_0054,PRE ANNEAL CHECK
seq_0054,RAPID THERMAL ANNEAL
seq_0054,MEASURE JUNCTION PROFILE
seq_0054,DEPOSIT INTERLEVEL DIELECTRIC
seq_0054,DENSIFY OXIDE
seq_0054,MEASURE FILM THICKNESS
seq_0054,CMP INTERLAYER DIELECTRIC
seq_0054,MEASURE PLANARITY
seq_0054,SPIN COAT PHOTORESIST
seq_0054,SOFT BAKE
seq_0054,ALIGN MASK LEVEL 3
seq_0054,EXPOSE LITHO LEVEL 3
seq_0054,DEVELOP PHOTORESIST
seq_0054,VIA INSPECTION
seq_0054,VIA ETCH THROUGH DIELECTRIC
seq_0054,STRIP RESIST
seq_0054,CLEAN AFTER VIA ETCH
seq_0054,MEASURE VIA CD
seq_0054,DEPOSIT BARRIER METAL
seq_0054,DEPOSIT METAL SEED
seq_0054,FILL VIA METAL
seq_0054,CMP METAL
seq_0054,MEASURE VIA RESISTANCE
seq_0054,DEPOSIT METAL 1
seq_0054,ANNEAL METAL
seq_0054,SPIN COAT PHOTORESIST
seq_0054,SOFT BAKE
seq_0054,ALIGN MASK LEVEL 4
seq_0054,EXPOSE LITHO LEVEL 4
seq_0054,POST EXPOSE BAKE
seq_0054,DEVELOP PHOTORESIST
seq_0054,METAL PATTERN INSPECTION
seq_0054,HARD BAKE
seq_0054,METAL ETCH
seq_0054,STRIP PHOTORESIST
seq_0054,CLEAN AFTER METAL ETCH
seq_0054,DEPOSIT PASSIVATION LAYER
seq_0054,CURE PASSIVATION
seq_0054,MEASURE PASSIVATION QUALITY
seq_0054,OPEN PAD WINDOW
seq_0054,OPEN PAD WINDOW LITHO
seq_0054,DEVELOP PHOTORESIST
seq_0054,PASSIVATION ETCH PAD OPENING
seq_0054,STRIP PHOTORESIST
seq_0054,CLEAN PAD OPENING
seq_0054,MEASURE PAD OPENING
seq_0054,BACKSIDE CLEAN
seq_0054,BACKSIDE GRIND
seq_0054,MEASURE THICKNESS
seq_0054,BACKSIDE ETCH CLEAN
seq_0054,BACKSIDE RINSE
seq_0054,BACKSIDE DRY
seq_0054,BACKSIDE METALLIZATION PREP
seq_0054,DEPOSIT BACKSIDE METAL
seq_0054,BACKSIDE ANNEAL
seq_0054,MEASURE BACKSIDE CONTACT
seq_0054,FINAL CLEAN
seq_0054,FINAL GEOMETRY CHECK
seq_0054,ELECTRICAL PARAMETRIC TEST
seq_0054,LEAKAGE TEST
seq_0054,THRESHOLD VOLTAGE TEST
seq_0054,SWITCHING TEST
seq_0054,WAFER SORT TEST
seq_0054,YIELD ANALYSIS
seq_0054,LOT RELEASE
seq_0054,SHIP LOT
seq_0055,RECEIVE WAFER LOT
seq_0055,LOT IDENTIFICATION
seq_0055,INITIAL WAFER INSPECTION
seq_0055,MEASURE THICKNESS
seq_0055,MEASURE SURFACE PARTICLES
seq_0055,PRE CLEAN WAFER
seq_0055,BACKSIDE CLEAN
seq_0055,WET CLEAN RCA1
seq_0055,RCA CLEAN 2
seq_0055,HF DIP
seq_0055,DRY WAFER
seq_0055,SUBSTRATE CHECK
seq_0055,EPITAXY PREP
seq_0055,EPITAXIAL DEPOSITION
seq_0055,MEASURE EPITAXY THICKNESS
seq_0055,MEASURE RESISTIVITY
seq_0055,EPITAXY ANNEAL
seq_0055,WAFER SURFACE CLEAN
seq_0055,THERMAL OXIDATION
seq_0055,MEASURE OXIDE THICKNESS
seq_0055,SPIN COAT PHOTORESIST
seq_0055,SOFT BAKE
seq_0055,ALIGN MASK LEVEL 1
seq_0055,EXPOSE LITHO LEVEL 1
seq_0055,DEVELOP PHOTORESIST
seq_0055,PATTERN INSPECTION LEVEL 1
seq_0055,HARD BAKE
seq_0055,OXIDE ETCH
seq_0055,STRIP PHOTORESIST
seq_0055,CLEAN AFTER ETCH
seq_0055,MEASURE OPENING CD
seq_0055,IMPLANT WELL
seq_0055,DRIVE IN DIFFUSION
seq_0055,RAPID THERMAL ANNEAL
seq_0055,MEASURE JUNCTION DEPTH
seq_0055,THERMAL OXIDATION
seq_0055,GATE OXIDE PREP
seq_0055,GATE OXIDE GROWTH
seq_0055,MEASURE GATE OXIDE THICKNESS
seq_0055,DEPOSIT POLYSILICON
seq_0055,POLYSILICON ANNEAL
seq_0055,SPIN COAT PHOTORESIST
seq_0055,SOFT BAKE
seq_0055,ALIGN MASK LEVEL 2
seq_0055,EXPOSE LITHO LEVEL 2
seq_0055,DEVELOP PHOTORESIST
seq_0055,POLY PATTERN INSPECTION
seq_0055,POLYSILICON ETCH
seq_0055,STRIP PHOTORESIST
seq_0055,CLEAN AFTER POLY ETCH
seq_0055,IMPLANT SOURCE DRAIN
seq_0055,PRE ANNEAL CHECK
seq_0055,LIGHT ANNEAL
seq_0055,MEASURE SHEET RESISTANCE
seq_0055,DEPOSIT SPACER DIELECTRIC
seq_0055,ANISOTROPIC ETCH SPACER
seq_0055,MEASURE SPACER WIDTH
seq_0055,IMPLANT LDD
seq_0055,RAPID THERMAL ANNEAL
seq_0055,MEASURE JUNCTION PROFILE
seq_0055,DEPOSIT INTERLAYER DIELECTRIC
seq_0055,DENSIFY OXIDE
seq_0055,MEASURE DIELECTRIC THICKNESS
seq_0055,CMP DIELECTRIC
seq_0055,MEASURE PLANARITY
seq_0055,SPIN COAT PHOTORESIST
seq_0055,SOFT BAKE
seq_0055,ALIGN MASK LEVEL 3
seq_0055,EXPOSE LITHO LEVEL 3
seq_0055,DEVELOP PHOTORESIST
seq_0055,VIA OPENING INSPECTION
seq_0055,VIA ETCH
seq_0055,STRIP RESIST
seq_0055,CLEAN AFTER VIA ETCH
seq_0055,DEPOSIT BARRIER METAL
seq_0055,DEPOSIT METAL SEED
seq_0055,FILL VIA METAL
seq_0055,CMP VIA FILL
seq_0055,DEPOSIT TOP METAL
seq_0055,ANNEAL METAL
seq_0055,MEASURE METAL THICKNESS
seq_0055,SPIN COAT PHOTORESIST
seq_0055,SOFT BAKE
seq_0055,ALIGN MASK LEVEL 4
seq_0055,EXPOSE LITHO LEVEL 4
seq_0055,POST EXPOSE BAKE
seq_0055,DEVELOP PHOTORESIST
seq_0055,METAL PATTERN INSPECTION
seq_0055,HARD BAKE
seq_0055,METAL ETCH
seq_0055,STRIP RESIST
seq_0055,CLEAN AFTER METAL ETCH
seq_0055,MEASURE LINE WIDTH
seq_0055,DEPOSIT PASSIVATION LAYER
seq_0055,CURE PASSIVATION
seq_0055,MEASURE PASSIVATION THICKNESS
seq_0055,OPEN PAD WINDOW
seq_0055,OPEN PAD WINDOW LITHO
seq_0055,DEVELOP PAD WINDOW
seq_0055,PASSIVATION ETCH
seq_0055,STRIP RESIST
seq_0055,CLEAN PAD OPENING
seq_0055,MEASURE PAD OPENING
seq_0055,BACKSIDE CLEAN
seq_0055,BACKSIDE GRIND
seq_0055,MEASURE WAFER THICKNESS
seq_0055,BACKSIDE ETCH CLEAN
seq_0055,BACKSIDE RINSE
seq_0055,BACKSIDE DRY
seq_0055,BACKSIDE METALLIZATION PREP
seq_0055,DEPOSIT BACKSIDE METAL
seq_0055,BACKSIDE ANNEAL
seq_0055,MEASURE BACKSIDE CONTACT
seq_0055,FINAL CLEAN
seq_0055,FINAL THICKNESS MEASURE
seq_0055,FINAL PARTICLE INSPECTION
seq_0055,PARAMETRIC TEST
seq_0055,LEAKAGE TEST
seq_0055,THRESHOLD VOLTAGE TEST
seq_0055,SWITCHING TEST
seq_0055,WAFER SORT TEST
seq_0055,YIELD ANALYSIS
seq_0055,FINAL LOT RELEASE
seq_0055,SHIP LOT
seq_0056,RECEIVE WAFER LOT
seq_0056,LOT IDENTIFICATION
seq_0056,PRE CLEAN INSPECTION
seq_0056,MEASURE THICKNESS
seq_0056,MEASURE SURFACE PARTICLES
seq_0056,PRE CLEAN WAFER
seq_0056,BACKSIDE CLEAN
seq_0056,WET CLEAN RCA1
seq_0056,RCA CLEAN 2
seq_0056,HF DIP
seq_0056,SUBSTRATE CHECK
seq_0056,EPITAXY PREP
seq_0056,EPITAXIAL DEPOSITION
seq_0056,MEASURE EPITAXY THICKNESS
seq_0056,MEASURE RESISTIVITY
seq_0056,EPITAXY ANNEAL
seq_0056,WAFER SURFACE CLEAN
seq_0056,THERMAL OXIDATION
seq_0056,MEASURE OXIDE THICKNESS
seq_0056,SPIN COAT PHOTORESIST
seq_0056,SOFT BAKE
seq_0056,ALIGN MASK LEVEL 1
seq_0056,EXPOSE LITHO LEVEL 1
seq_0056,DEVELOP PHOTORESIST
seq_0056,PATTERN INSPECTION LEVEL 1
seq_0056,OXIDE ETCH
seq_0056,STRIP RESIST
seq_0056,CLEAN AFTER ETCH
seq_0056,MEASURE OPENING CD
seq_0056,IMPLANT WELL
seq_0056,PRE ANNEAL CHECK
seq_0056,DRIVE IN DIFFUSION
seq_0056,RAPID THERMAL ANNEAL
seq_0056,THERMAL OXIDATION
seq_0056,GATE OXIDE PREP
seq_0056,GATE OXIDE GROWTH
seq_0056,MEASURE GATE OXIDE THICKNESS
seq_0056,DEPOSIT POLYSILICON
seq_0056,POLYSILICON ANNEAL
seq_0056,MEASURE POLY THICKNESS
seq_0056,SPIN COAT PHOTORESIST
seq_0056,SOFT BAKE
seq_0056,ALIGN MASK LEVEL 2
seq_0056,EXPOSE LITHO LEVEL 2
seq_0056,DEVELOP PHOTORESIST
seq_0056,POLY PATTERN INSPECTION
seq_0056,POLYSILICON ETCH
seq_0056,STRIP RESIST
seq_0056,CLEAN AFTER POLY ETCH
seq_0056,IMPLANT SOURCE DRAIN
seq_0056,PRE ANNEAL CHECK
seq_0056,LIGHT ANNEAL
seq_0056,MEASURE SHEET RESISTANCE
seq_0056,DEPOSIT SPACER DIELECTRIC
seq_0056,ANISOTROPIC ETCH SPACER
seq_0056,MEASURE SPACER WIDTH
seq_0056,IMPLANT LDD
seq_0056,PRE ANNEAL CHECK
seq_0056,RAPID THERMAL ANNEAL
seq_0056,DEPOSIT INTERLAYER DIELECTRIC
seq_0056,DENSIFY DIELECTRIC
seq_0056,MEASURE FILM THICKNESS
seq_0056,CMP DIELECTRIC
seq_0056,MEASURE PLANARITY
seq_0056,SPIN COAT PHOTORESIST
seq_0056,SOFT BAKE
seq_0056,ALIGN MASK LEVEL 3
seq_0056,EXPOSE LITHO LEVEL 3
seq_0056,DEVELOP PHOTORESIST
seq_0056,VIA OPENING INSPECTION
seq_0056,HARD BAKE
seq_0056,DIELECTRIC ETCH VIA
seq_0056,STRIP RESIST
seq_0056,CLEAN AFTER VIA ETCH
seq_0056,MEASURE VIA CD
seq_0056,DEPOSIT BARRIER METAL
seq_0056,DEPOSIT METAL SEED
seq_0056,FILL VIA METAL
seq_0056,CMP METAL
seq_0056,MEASURE VIA RESISTANCE
seq_0056,DEPOSIT METAL 1
seq_0056,ANNEAL METAL 1
seq_0056,SPIN COAT PHOTORESIST
seq_0056,SOFT BAKE
seq_0056,ALIGN MASK LEVEL 4
seq_0056,EXPOSE LITHO LEVEL 4
seq_0056,POST EXPOSE BAKE
seq_0056,DEVELOP PHOTORESIST
seq_0056,METAL PATTERN INSPECTION
seq_0056,METAL ETCH
seq_0056,STRIP PHOTORESIST
seq_0056,CLEAN AFTER METAL ETCH
seq_0056,MEASURE LINE WIDTH
seq_0056,DEPOSIT PASSIVATION LAYER
seq_0056,CURE PASSIVATION
seq_0056,MEASURE PASSIVATION THICKNESS
seq_0056,OPEN BOND PAD WINDOW
seq_0056,OPEN PAD WINDOW LITHO
seq_0056,DEVELOP PHOTORESIST
seq_0056,PASSIVATION ETCH PAD OPENING
seq_0056,STRIP RESIST
seq_0056,CLEAN PAD OPENING
seq_0056,MEASURE PAD OPENING
seq_0056,BACKSIDE CLEAN
seq_0056,BACKSIDE GRIND
seq_0056,MEASURE THICKNESS
seq_0056,BACKSIDE ETCH CLEAN
seq_0056,BACKSIDE RINSE
seq_0056,BACKSIDE DRY
seq_0056,BACKSIDE METALLIZATION PREP
seq_0056,DEPOSIT BACKSIDE METAL
seq_0056,BACKSIDE ANNEAL
seq_0056,MEASURE BACKSIDE CONTACT
seq_0056,FINAL CLEAN
seq_0056,FINAL THICKNESS MEASURE
seq_0056,ELECTRICAL PARAMETRIC TEST
seq_0056,LEAKAGE TEST
seq_0056,THRESHOLD VOLTAGE TEST
seq_0056,SWITCHING TEST
seq_0056,WAFER SORT TEST
seq_0056,YIELD ANALYSIS
seq_0056,LOT RELEASE
seq_0056,SHIP LOT
seq_0057,RECEIVE WAFER LOT
seq_0057,LOT IDENTIFICATION
seq_0057,PRE CLEAN INSPECTION
seq_0057,MEASURE THICKNESS
seq_0057,PRE CLEAN WAFER
seq_0057,RCA CLEAN 1
seq_0057,RCA CLEAN 2
seq_0057,HF DIP
seq_0057,DRY WAFER
seq_0057,SUBSTRATE CHECK
seq_0057,EPITAXY PREP
seq_0057,EPITAXIAL DEPOSITION
seq_0057,MEASURE EPITAXY THICKNESS
seq_0057,MEASURE RESISTIVITY
seq_0057,EPITAXY ANNEAL
seq_0057,WAFER SURFACE CLEAN
seq_0057,THERMAL OXIDATION
seq_0057,MEASURE OXIDE THICKNESS
seq_0057,SPIN COAT PHOTORESIST
seq_0057,SOFT BAKE
seq_0057,ALIGN MASK LEVEL 1
seq_0057,EXPOSE LITHO LEVEL 1
seq_0057,DEVELOP PHOTORESIST
seq_0057,PATTERN INSPECTION LEVEL 1
seq_0057,OXIDE ETCH
seq_0057,STRIP RESIST
seq_0057,CLEAN AFTER ETCH
seq_0057,MEASURE OPENING CD
seq_0057,IMPLANT WELL
seq_0057,DRIVE IN DIFFUSION
seq_0057,RAPID THERMAL ANNEAL
seq_0057,MEASURE JUNCTION DEPTH
seq_0057,THERMAL OXIDATION
seq_0057,GATE OXIDE PREP
seq_0057,GATE OXIDE GROWTH
seq_0057,MEASURE GATE OXIDE THICKNESS
seq_0057,DEPOSIT POLYSILICON
seq_0057,POLYSILICON ANNEAL
seq_0057,SPIN COAT PHOTORESIST
seq_0057,SOFT BAKE
seq_0057,ALIGN MASK LEVEL 2
seq_0057,EXPOSE LITHO LEVEL 2
seq_0057,DEVELOP PHOTORESIST
seq_0057,POLY PATTERN INSPECTION
seq_0057,POLYSILICON ETCH
seq_0057,STRIP PHOTORESIST
seq_0057,CLEAN AFTER POLY ETCH
seq_0057,IMPLANT SOURCE DRAIN
seq_0057,PRE ANNEAL CHECK
seq_0057,LIGHT ANNEAL
seq_0057,MEASURE SHEET RESISTANCE
seq_0057,DEPOSIT SPACER DIELECTRIC
seq_0057,ANISOTROPIC ETCH SPACER
seq_0057,MEASURE SPACER WIDTH
seq_0057,IMPLANT LDD
seq_0057,PRE ANNEAL CHECK
seq_0057,RAPID THERMAL ANNEAL
seq_0057,MEASURE JUNCTION PROFILE
seq_0057,DEPOSIT INTERLEVEL DIELECTRIC
seq_0057,DENSIFY OXIDE
seq_0057,MEASURE DIELECTRIC THICKNESS
seq_0057,CMP INTERLAYER DIELECTRIC
seq_0057,MEASURE PLANARITY
seq_0057,SPIN COAT PHOTORESIST
seq_0057,SOFT BAKE
seq_0057,ALIGN MASK LEVEL 3
seq_0057,EXPOSE LITHO LEVEL 3
seq_0057,DEVELOP PHOTORESIST
seq_0057,VIA INSPECTION
seq_0057,VIA ETCH
seq_0057,STRIP PHOTORESIST
seq_0057,CLEAN AFTER VIA ETCH
seq_0057,MEASURE VIA CD
seq_0057,DEPOSIT BARRIER METAL
seq_0057,DEPOSIT METAL SEED
seq_0057,FILL VIA METAL
seq_0057,CMP METAL
seq_0057,MEASURE VIA RESISTANCE
seq_0057,DEPOSIT TOP METAL
seq_0057,ANNEAL METAL 1
seq_0057,SPIN COAT PHOTORESIST
seq_0057,SOFT BAKE
seq_0057,ALIGN MASK LEVEL 4
seq_0057,EXPOSE LITHO LEVEL 4
seq_0057,DEVELOP PHOTORESIST
seq_0057,METAL PATTERN INSPECTION
seq_0057,HARD BAKE
seq_0057,METAL ETCH
seq_0057,STRIP RESIST
seq_0057,CLEAN AFTER METAL ETCH
seq_0057,MEASURE LINE WIDTH
seq_0057,DEPOSIT PASSIVATION LAYER
seq_0057,CURE PASSIVATION
seq_0057,MEASURE PASSIVATION THICKNESS
seq_0057,OPEN PAD WINDOW
seq_0057,PAD WINDOW LITHO
seq_0057,DEVELOP PHOTORESIST
seq_0057,PASSIVATION ETCH
seq_0057,STRIP RESIST
seq_0057,CLEAN PAD OPENING
seq_0057,MEASURE PAD OPENING
seq_0057,BACKSIDE CLEAN
seq_0057,BACKSIDE GRIND
seq_0057,MEASURE WAFER THICKNESS
seq_0057,BACKSIDE ETCH CLEAN
seq_0057,BACKSIDE RINSE
seq_0057,BACKSIDE DRY
seq_0057,BACKSIDE METALLIZATION PREP
seq_0057,DEPOSIT BACKSIDE METAL
seq_0057,BACKSIDE ANNEAL
seq_0057,MEASURE BACKSIDE CONTACT
seq_0057,FINAL CLEAN
seq_0057,FINAL PARTICLE INSPECTION
seq_0057,PARAMETRIC TEST
seq_0057,LEAKAGE TEST
seq_0057,THRESHOLD VOLTAGE TEST
seq_0057,SWITCHING TEST
seq_0057,WAFER SORT TEST
seq_0057,YIELD ANALYSIS
seq_0057,LOT RELEASE
seq_0057,SHIP LOT
seq_0058,RECEIVE WAFER LOT
seq_0058,LOT IDENTIFICATION
seq_0058,INITIAL WAFER INSPECTION
seq_0058,MEASURE THICKNESS
seq_0058,MEASURE SURFACE PARTICLES
seq_0058,PRE CLEAN WAFER
seq_0058,BACKSIDE CLEAN
seq_0058,WET CLEAN RCA1
seq_0058,WET CLEAN RCA2
seq_0058,HF DIP
seq_0058,SUBSTRATE CHECK
seq_0058,EPITAXY PREP
seq_0058,EPITAXIAL DEPOSITION
seq_0058,MEASURE EPITAXY THICKNESS
seq_0058,MEASURE RESISTIVITY
seq_0058,EPITAXY ANNEAL
seq_0058,WAFER SURFACE CLEAN
seq_0058,THERMAL OXIDATION
seq_0058,MEASURE OXIDE THICKNESS
seq_0058,SPIN COAT PHOTORESIST
seq_0058,SOFT BAKE
seq_0058,ALIGN MASK LEVEL 1
seq_0058,EXPOSE LITHO LEVEL 1
seq_0058,DEVELOP PHOTORESIST
seq_0058,PATTERN INSPECTION LEVEL 1
seq_0058,OXIDE ETCH
seq_0058,STRIP PHOTORESIST
seq_0058,CLEAN AFTER ETCH
seq_0058,MEASURE OPENING CD
seq_0058,IMPLANT WELL
seq_0058,PRE ANNEAL CHECK
seq_0058,DRIVE IN DIFFUSION
seq_0058,RAPID THERMAL ANNEAL
seq_0058,MEASURE JUNCTION DEPTH
seq_0058,THERMAL OXIDATION
seq_0058,GATE OXIDE PREP
seq_0058,GATE OXIDE GROWTH
seq_0058,MEASURE GATE OXIDE THICKNESS
seq_0058,DEPOSIT POLYSILICON
seq_0058,POLYSILICON ANNEAL
seq_0058,SPIN COAT PHOTORESIST
seq_0058,SOFT BAKE
seq_0058,ALIGN MASK LEVEL 2
seq_0058,EXPOSE LITHO LEVEL 2
seq_0058,DEVELOP PHOTORESIST
seq_0058,POLY PATTERN INSPECTION
seq_0058,POLYSILICON ETCH
seq_0058,STRIP PHOTORESIST
seq_0058,CLEAN AFTER POLY ETCH
seq_0058,IMPLANT SOURCE DRAIN
seq_0058,PRE ANNEAL CHECK
seq_0058,LIGHT ANNEAL
seq_0058,MEASURE SHEET RESISTANCE
seq_0058,DEPOSIT SPACER DIELECTRIC
seq_0058,ANISOTROPIC ETCH SPACER
seq_0058,MEASURE SPACER WIDTH
seq_0058,IMPLANT LDD
seq_0058,RAPID THERMAL ANNEAL
seq_0058,MEASURE JUNCTION PROFILE
seq_0058,DEPOSIT INTERLAYER DIELECTRIC
seq_0058,DENSIFY DIELECTRIC
seq_0058,MEASURE FILM THICKNESS
seq_0058,CMP DIELECTRIC
seq_0058,MEASURE SURFACE PLANARITY
seq_0058,SPIN COAT PHOTORESIST
seq_0058,SOFT BAKE
seq_0058,ALIGN MASK LEVEL 3
seq_0058,EXPOSE LITHO LEVEL 3
seq_0058,DEVELOP PHOTORESIST
seq_0058,VIA INSPECTION
seq_0058,VIA ETCH THROUGH DIELECTRIC
seq_0058,STRIP PHOTORESIST
seq_0058,CLEAN AFTER VIA ETCH
seq_0058,MEASURE VIA CD
seq_0058,DEPOSIT BARRIER METAL
seq_0058,DEPOSIT METAL SEED
seq_0058,FILL VIA METAL
seq_0058,CMP METAL
seq_0058,MEASURE VIA RESISTANCE
seq_0058,DEPOSIT TOP METAL
seq_0058,ANNEAL METAL 1
seq_0058,MEASURE METAL THICKNESS
seq_0058,SPIN COAT PHOTORESIST
seq_0058,SOFT BAKE
seq_0058,ALIGN MASK LEVEL 4
seq_0058,EXPOSE LITHO LEVEL 4
seq_0058,POST EXPOSE BAKE
seq_0058,DEVELOP PHOTORESIST
seq_0058,METAL PATTERN INSPECTION
seq_0058,METAL ETCH
seq_0058,STRIP RESIST
seq_0058,CLEAN AFTER METAL ETCH
seq_0058,MEASURE LINE WIDTH
seq_0058,DEPOSIT PASSIVATION LAYER
seq_0058,CURE PASSIVATION
seq_0058,MEASURE PASSIVATION QUALITY
seq_0058,OPEN PAD WINDOW
seq_0058,PAD WINDOW LITHO
seq_0058,DEVELOP PAD WINDOW
seq_0058,PASSIVATION ETCH
seq_0058,STRIP RESIST
seq_0058,CLEAN PAD OPENING
seq_0058,MEASURE PAD OPENING
seq_0058,BACKSIDE CLEAN
seq_0058,BACKSIDE GRIND
seq_0058,MEASURE THICKNESS
seq_0058,BACKSIDE ETCH CLEAN
seq_0058,BACKSIDE RINSE
seq_0058,BACKSIDE DRY
seq_0058,BACKSIDE METALLIZATION PREP
seq_0058,DEPOSIT BACKSIDE METAL
seq_0058,BACKSIDE ANNEAL
seq_0058,MEASURE BACKSIDE CONTACT
seq_0058,FINAL CLEAN
seq_0058,FINAL THICKNESS MEASURE
seq_0058,FINAL GEOMETRY CHECK
seq_0058,FINAL PARTICLE INSPECTION
seq_0058,ELECTRICAL PARAMETRIC TEST
seq_0058,LEAKAGE TEST
seq_0058,THRESHOLD VOLTAGE TEST
seq_0058,SWITCHING TEST
seq_0058,WAFER SORT TEST
seq_0058,YIELD ANALYSIS
seq_0058,FINAL LOT RELEASE
seq_0058,SHIP LOT
seq_0059,RECEIVE WAFER LOT
seq_0059,LOT IDENTIFICATION
seq_0059,PRE CLEAN INSPECTION
seq_0059,MEASURE THICKNESS
seq_0059,MEASURE SURFACE PARTICLES
seq_0059,PRE CLEAN WAFER
seq_0059,WET CLEAN RCA1
seq_0059,RCA CLEAN 2
seq_0059,HF DIP
seq_0059,DRY WAFER
seq_0059,SUBSTRATE CHECK
seq_0059,EPITAXY PREP
seq_0059,EPITAXIAL DEPOSITION
seq_0059,MEASURE EPITAXY THICKNESS
seq_0059,MEASURE RESISTIVITY
seq_0059,EPITAXY ANNEAL
seq_0059,WAFER SURFACE CLEAN
seq_0059,THERMAL OXIDATION
seq_0059,MEASURE OXIDE THICKNESS
seq_0059,SPIN COAT PHOTORESIST
seq_0059,SOFT BAKE
seq_0059,ALIGN MASK LEVEL 1
seq_0059,EXPOSE LITHO LEVEL 1
seq_0059,DEVELOP PHOTORESIST
seq_0059,PATTERN INSPECTION LEVEL 1
seq_0059,OXIDE ETCH
seq_0059,STRIP PHOTORESIST
seq_0059,CLEAN AFTER ETCH
seq_0059,MEASURE OPENING CD
seq_0059,IMPLANT WELL
seq_0059,DRIVE IN DIFFUSION
seq_0059,RAPID THERMAL ANNEAL
seq_0059,MEASURE JUNCTION DEPTH
seq_0059,THERMAL OXIDATION
seq_0059,GATE OXIDE PREP
seq_0059,GATE OXIDE GROWTH
seq_0059,MEASURE GATE OXIDE THICKNESS
seq_0059,DEPOSIT POLYSILICON
seq_0059,POLYSILICON ANNEAL
seq_0059,MEASURE POLY THICKNESS
seq_0059,SPIN COAT PHOTORESIST
seq_0059,SOFT BAKE
seq_0059,ALIGN MASK LEVEL 2
seq_0059,EXPOSE LITHO LEVEL 2
seq_0059,POST EXPOSE BAKE
seq_0059,DEVELOP PHOTORESIST
seq_0059,POLY PATTERN INSPECTION
seq_0059,POLYSILICON ETCH
seq_0059,STRIP RESIST
seq_0059,CLEAN AFTER POLY ETCH
seq_0059,MEASURE GATE CD
seq_0059,IMPLANT SOURCE DRAIN
seq_0059,PRE ANNEAL CHECK
seq_0059,LIGHT ANNEAL
seq_0059,MEASURE SHEET RESISTANCE
seq_0059,DEPOSIT SPACER DIELECTRIC
seq_0059,ANISOTROPIC ETCH SPACER
seq_0059,IMPLANT LDD
seq_0059,RAPID THERMAL ANNEAL
seq_0059,MEASURE JUNCTION PROFILE
seq_0059,DEPOSIT INTERLAYER DIELECTRIC
seq_0059,DENSIFY OXIDE
seq_0059,MEASURE FILM THICKNESS
seq_0059,CMP DIELECTRIC
seq_0059,MEASURE SURFACE PLANARITY
seq_0059,SPIN COAT PHOTORESIST
seq_0059,SOFT BAKE
seq_0059,ALIGN MASK LEVEL 3
seq_0059,EXPOSE LITHO LEVEL 3
seq_0059,DEVELOP PHOTORESIST
seq_0059,VIA OPENING INSPECTION
seq_0059,VIA ETCH THROUGH DIELECTRIC
seq_0059,STRIP PHOTORESIST
seq_0059,CLEAN AFTER VIA ETCH
seq_0059,MEASURE VIA CD
seq_0059,DEPOSIT BARRIER METAL
seq_0059,DEPOSIT METAL SEED
seq_0059,FILL VIA METAL
seq_0059,CMP VIA FILL
seq_0059,DEPOSIT METAL 1
seq_0059,ANNEAL METAL
seq_0059,MEASURE METAL THICKNESS
seq_0059,SPIN COAT PHOTORESIST
seq_0059,SOFT BAKE
seq_0059,ALIGN MASK LEVEL 4
seq_0059,EXPOSE LITHO LEVEL 4
seq_0059,POST EXPOSE BAKE
seq_0059,DEVELOP PHOTORESIST
seq_0059,METAL PATTERN INSPECTION
seq_0059,METAL ETCH
seq_0059,STRIP RESIST
seq_0059,CLEAN AFTER METAL ETCH
seq_0059,MEASURE LINE WIDTH
seq_0059,DEPOSIT PASSIVATION
seq_0059,CURE PASSIVATION
seq_0059,MEASURE PASSIVATION QUALITY
seq_0059,OPEN PAD WINDOW
seq_0059,PAD WINDOW LITHO
seq_0059,DEVELOP PAD WINDOW
seq_0059,PASSIVATION ETCH
seq_0059,STRIP RESIST
seq_0059,CLEAN PAD OPENING
seq_0059,MEASURE PAD OPENING
seq_0059,BACKSIDE CLEAN
seq_0059,BACKSIDE GRIND
seq_0059,MEASURE THICKNESS
seq_0059,BACKSIDE ETCH CLEAN
seq_0059,BACKSIDE RINSE
seq_0059,BACKSIDE DRY
seq_0059,BACKSIDE METALLIZATION PREP
seq_0059,DEPOSIT BACKSIDE METAL
seq_0059,BACKSIDE ANNEAL
seq_0059,MEASURE BACKSIDE CONTACT
seq_0059,FINAL CLEAN
seq_0059,FINAL THICKNESS MEASURE
seq_0059,FINAL GEOMETRY CHECK
seq_0059,PARAMETRIC TEST
seq_0059,LEAKAGE TEST
seq_0059,THRESHOLD VOLTAGE TEST
seq_0059,SWITCHING TEST
seq_0059,WAFER SORT TEST
seq_0059,YIELD ANALYSIS
seq_0059,LOT RELEASE
seq_0059,SHIP LOT
seq_0060,RECEIVE WAFER LOT
seq_0060,LOT IDENTIFICATION
seq_0060,INITIAL WAFER INSPECTION
seq_0060,MEASURE THICKNESS
seq_0060,MEASURE SURFACE PARTICLES
seq_0060,PRE CLEAN WAFER
seq_0060,BACKSIDE CLEAN
seq_0060,RCA CLEAN 1
seq_0060,WET CLEAN RCA2
seq_0060,HF DIP
seq_0060,SUBSTRATE CHECK
seq_0060,EPITAXY PREP
seq_0060,EPITAXIAL DEPOSITION
seq_0060,MEASURE EPITAXY THICKNESS
seq_0060,MEASURE RESISTIVITY
seq_0060,EPITAXY ANNEAL
seq_0060,WAFER SURFACE CLEAN
seq_0060,THERMAL OXIDATION
seq_0060,MEASURE OXIDE THICKNESS
seq_0060,SPIN COAT PHOTORESIST
seq_0060,SOFT BAKE
seq_0060,ALIGN MASK LEVEL 1
seq_0060,EXPOSE LITHO LEVEL 1
seq_0060,DEVELOP PHOTORESIST
seq_0060,PATTERN INSPECTION LEVEL 1
seq_0060,HARD BAKE
seq_0060,OXIDE ETCH
seq_0060,STRIP RESIST
seq_0060,CLEAN AFTER ETCH
seq_0060,MEASURE OPENING CD
seq_0060,IMPLANT WELL
seq_0060,PRE ANNEAL CHECK
seq_0060,DRIVE IN DIFFUSION
seq_0060,RAPID THERMAL ANNEAL
seq_0060,MEASURE JUNCTION DEPTH
seq_0060,THERMAL OXIDATION
seq_0060,GATE OXIDE PREP
seq_0060,GATE OXIDE GROWTH
seq_0060,MEASURE GATE OXIDE THICKNESS
seq_0060,DEPOSIT POLYSILICON
seq_0060,POLYSILICON ANNEAL
seq_0060,SPIN COAT PHOTORESIST
seq_0060,SOFT BAKE
seq_0060,ALIGN MASK LEVEL 2
seq_0060,EXPOSE LITHO LEVEL 2
seq_0060,DEVELOP PHOTORESIST
seq_0060,POLY PATTERN INSPECTION
seq_0060,POLYSILICON ETCH
seq_0060,STRIP PHOTORESIST
seq_0060,CLEAN AFTER POLY ETCH
seq_0060,MEASURE GATE CD
seq_0060,IMPLANT SOURCE DRAIN
seq_0060,LIGHT ANNEAL
seq_0060,DEPOSIT SPACER DIELECTRIC
seq_0060,ANISOTROPIC ETCH SPACER
seq_0060,MEASURE SPACER WIDTH
seq_0060,IMPLANT LDD
seq_0060,PRE ANNEAL CHECK
seq_0060,RAPID THERMAL ANNEAL
seq_0060,DEPOSIT INTERLEVEL DIELECTRIC
seq_0060,DENSIFY OXIDE
seq_0060,MEASURE DIELECTRIC THICKNESS
seq_0060,CMP DIELECTRIC
seq_0060,MEASURE SURFACE PLANARITY
seq_0060,SPIN COAT PHOTORESIST
seq_0060,SOFT BAKE
seq_0060,ALIGN MASK LEVEL 3
seq_0060,EXPOSE LITHO LEVEL 3
seq_0060,DEVELOP PHOTORESIST
seq_0060,VIA INSPECTION
seq_0060,DIELECTRIC ETCH VIA
seq_0060,STRIP PHOTORESIST
seq_0060,CLEAN AFTER VIA ETCH
seq_0060,MEASURE VIA CD
seq_0060,DEPOSIT BARRIER METAL
seq_0060,DEPOSIT METAL SEED
seq_0060,FILL VIA METAL
seq_0060,CMP VIA FILL
seq_0060,DEPOSIT METAL 1
seq_0060,ANNEAL METAL 1
seq_0060,SPIN COAT PHOTORESIST
seq_0060,SOFT BAKE
seq_0060,ALIGN MASK LEVEL 4
seq_0060,EXPOSE LITHO LEVEL 4
seq_0060,POST EXPOSE BAKE
seq_0060,DEVELOP PHOTORESIST
seq_0060,METAL PATTERN INSPECTION
seq_0060,METAL ETCH
seq_0060,STRIP PHOTORESIST
seq_0060,CLEAN AFTER METAL ETCH
seq_0060,DEPOSIT PASSIVATION LAYER
seq_0060,CURE PASSIVATION
seq_0060,MEASURE PASSIVATION THICKNESS
seq_0060,OPEN PAD WINDOW
seq_0060,OPEN PAD WINDOW LITHO
seq_0060,DEVELOP PAD WINDOW
seq_0060,PASSIVATION ETCH
seq_0060,STRIP PHOTORESIST
seq_0060,CLEAN PAD OPENING
seq_0060,MEASURE PAD OPENING
seq_0060,BACKSIDE CLEAN
seq_0060,BACKSIDE GRIND
seq_0060,MEASURE WAFER THICKNESS
seq_0060,BACKSIDE ETCH CLEAN
seq_0060,BACKSIDE RINSE
seq_0060,BACKSIDE DRY
seq_0060,BACKSIDE METALLIZATION PREP
seq_0060,DEPOSIT BACKSIDE METAL
seq_0060,BACKSIDE ANNEAL
seq_0060,MEASURE BACKSIDE CONTACT
seq_0060,FINAL CLEAN
seq_0060,FINAL GEOMETRY CHECK
seq_0060,FINAL PARTICLE INSPECTION
seq_0060,PARAMETRIC TEST
seq_0060,LEAKAGE TEST
seq_0060,THRESHOLD VOLTAGE TEST
seq_0060,SWITCHING TEST
seq_0060,WAFER SORT TEST
seq_0060,YIELD ANALYSIS
seq_0060,FINAL LOT RELEASE
seq_0060,SHIP LOT
seq_0061,RECEIVE WAFER LOT
seq_0061,LOT IDENTIFICATION
seq_0061,PRE CLEAN INSPECTION
seq_0061,MEASURE SURFACE PARTICLES
seq_0061,PRE CLEAN WAFER
seq_0061,RCA CLEAN 1
seq_0061,RCA CLEAN 2
seq_0061,HF DIP
seq_0061,SUBSTRATE CHECK
seq_0061,EPITAXY PREP
seq_0061,EPITAXIAL DEPOSITION
seq_0061,MEASURE EPITAXY THICKNESS
seq_0061,MEASURE RESISTIVITY
seq_0061,EPITAXY ANNEAL
seq_0061,WAFER SURFACE CLEAN
seq_0061,THERMAL OXIDATION
seq_0061,MEASURE OXIDE THICKNESS
seq_0061,SPIN COAT PHOTORESIST
seq_0061,SOFT BAKE
seq_0061,ALIGN MASK LEVEL 1
seq_0061,EXPOSE LITHO LEVEL 1
seq_0061,DEVELOP PHOTORESIST
seq_0061,PATTERN INSPECTION LEVEL 1
seq_0061,OXIDE ETCH
seq_0061,STRIP PHOTORESIST
seq_0061,CLEAN AFTER ETCH
seq_0061,MEASURE OPENING CD
seq_0061,IMPLANT WELL
seq_0061,PRE ANNEAL CHECK
seq_0061,DRIVE IN DIFFUSION
seq_0061,RAPID THERMAL ANNEAL
seq_0061,MEASURE JUNCTION DEPTH
seq_0061,THERMAL OXIDATION
seq_0061,GATE OXIDE PREP
seq_0061,GATE OXIDE GROWTH
seq_0061,MEASURE GATE OXIDE THICKNESS
seq_0061,DEPOSIT POLYSILICON
seq_0061,POLYSILICON ANNEAL
seq_0061,MEASURE POLY THICKNESS
seq_0061,SPIN COAT PHOTORESIST
seq_0061,SOFT BAKE
seq_0061,ALIGN MASK LEVEL 2
seq_0061,EXPOSE LITHO LEVEL 2
seq_0061,DEVELOP PHOTORESIST
seq_0061,POLY PATTERN INSPECTION
seq_0061,POLYSILICON ETCH
seq_0061,STRIP RESIST
seq_0061,CLEAN AFTER POLY ETCH
seq_0061,MEASURE GATE CD
seq_0061,IMPLANT SOURCE DRAIN
seq_0061,PRE ANNEAL CHECK
seq_0061,LIGHT ANNEAL
seq_0061,MEASURE SHEET RESISTANCE
seq_0061,DEPOSIT SPACER DIELECTRIC
seq_0061,ANISOTROPIC ETCH SPACER
seq_0061,MEASURE SPACER WIDTH
seq_0061,IMPLANT LDD
seq_0061,RAPID THERMAL ANNEAL
seq_0061,MEASURE JUNCTION PROFILE
seq_0061,DEPOSIT INTERLEVEL DIELECTRIC
seq_0061,DENSIFY OXIDE
seq_0061,MEASURE DIELECTRIC THICKNESS
seq_0061,CMP DIELECTRIC
seq_0061,MEASURE PLANARITY
seq_0061,SPIN COAT PHOTORESIST
seq_0061,SOFT BAKE
seq_0061,ALIGN MASK LEVEL 3
seq_0061,EXPOSE LITHO LEVEL 3
seq_0061,DEVELOP PHOTORESIST
seq_0061,VIA INSPECTION
seq_0061,VIA ETCH THROUGH DIELECTRIC
seq_0061,STRIP RESIST
seq_0061,CLEAN AFTER VIA ETCH
seq_0061,MEASURE VIA CD
seq_0061,DEPOSIT BARRIER METAL
seq_0061,DEPOSIT METAL SEED
seq_0061,FILL VIA METAL
seq_0061,CMP METAL
seq_0061,DEPOSIT TOP METAL
seq_0061,ANNEAL METAL
seq_0061,MEASURE METAL THICKNESS
seq_0061,SPIN COAT PHOTORESIST
seq_0061,SOFT BAKE
seq_0061,ALIGN MASK LEVEL 4
seq_0061,EXPOSE LITHO LEVEL 4
seq_0061,DEVELOP PHOTORESIST
seq_0061,METAL PATTERN INSPECTION
seq_0061,METAL ETCH
seq_0061,STRIP RESIST
seq_0061,CLEAN AFTER METAL ETCH
seq_0061,DEPOSIT PASSIVATION LAYER
seq_0061,CURE PASSIVATION
seq_0061,MEASURE PASSIVATION QUALITY
seq_0061,OPEN PAD WINDOW
seq_0061,OPEN PAD WINDOW LITHO
seq_0061,DEVELOP PAD WINDOW
seq_0061,PASSIVATION ETCH PAD OPENING
seq_0061,STRIP PHOTORESIST
seq_0061,CLEAN PAD OPENING
seq_0061,MEASURE PAD OPENING
seq_0061,BACKSIDE CLEAN
seq_0061,BACKSIDE GRIND
seq_0061,MEASURE THICKNESS
seq_0061,BACKSIDE ETCH CLEAN
seq_0061,BACKSIDE RINSE
seq_0061,BACKSIDE DRY
seq_0061,BACKSIDE METALLIZATION PREP
seq_0061,DEPOSIT BACKSIDE METAL
seq_0061,BACKSIDE ANNEAL
seq_0061,MEASURE BACKSIDE CONTACT
seq_0061,FINAL CLEAN
seq_0061,FINAL THICKNESS MEASURE
seq_0061,FINAL GEOMETRY CHECK
seq_0061,FINAL CD INSPECTION
seq_0061,ELECTRICAL PARAMETRIC TEST
seq_0061,LEAKAGE TEST
seq_0061,THRESHOLD VOLTAGE TEST
seq_0061,SWITCHING TEST
seq_0061,WAFER SORT TEST
seq_0061,YIELD ANALYSIS
seq_0061,FINAL LOT RELEASE
seq_0061,SHIP LOT
seq_0062,RECEIVE WAFER LOT
seq_0062,LOT IDENTIFICATION
seq_0062,PRE CLEAN INSPECTION
seq_0062,MEASURE SURFACE PARTICLES
seq_0062,PRE CLEAN WAFER
seq_0062,WET CLEAN RCA1
seq_0062,RCA CLEAN 2
seq_0062,HF DIP
seq_0062,SUBSTRATE CHECK
seq_0062,EPITAXY PREP
seq_0062,EPITAXIAL DEPOSITION
seq_0062,MEASURE EPITAXY THICKNESS
seq_0062,MEASURE RESISTIVITY
seq_0062,EPITAXY ANNEAL
seq_0062,WAFER SURFACE CLEAN
seq_0062,THERMAL OXIDATION
seq_0062,MEASURE OXIDE THICKNESS
seq_0062,SPIN COAT PHOTORESIST
seq_0062,SOFT BAKE
seq_0062,ALIGN MASK LEVEL 1
seq_0062,EXPOSE LITHO LEVEL 1
seq_0062,DEVELOP PHOTORESIST
seq_0062,PATTERN INSPECTION LEVEL 1
seq_0062,OXIDE ETCH
seq_0062,STRIP PHOTORESIST
seq_0062,CLEAN AFTER ETCH
seq_0062,MEASURE OPENING CD
seq_0062,IMPLANT WELL
seq_0062,DRIVE IN DIFFUSION
seq_0062,RAPID THERMAL ANNEAL
seq_0062,THERMAL OXIDATION
seq_0062,GATE OXIDE PREP
seq_0062,GATE OXIDE GROWTH
seq_0062,MEASURE GATE OXIDE THICKNESS
seq_0062,DEPOSIT POLYSILICON
seq_0062,POLYSILICON ANNEAL
seq_0062,MEASURE POLY THICKNESS
seq_0062,SPIN COAT PHOTORESIST
seq_0062,SOFT BAKE
seq_0062,ALIGN MASK LEVEL 2
seq_0062,EXPOSE LITHO LEVEL 2
seq_0062,DEVELOP PHOTORESIST
seq_0062,POLY PATTERN INSPECTION
seq_0062,POLYSILICON ETCH
seq_0062,STRIP RESIST
seq_0062,CLEAN AFTER POLY ETCH
seq_0062,MEASURE GATE CD
seq_0062,IMPLANT SOURCE DRAIN
seq_0062,LIGHT ANNEAL
seq_0062,DEPOSIT SPACER DIELECTRIC
seq_0062,ANISOTROPIC ETCH SPACER
seq_0062,IMPLANT LDD
seq_0062,RAPID THERMAL ANNEAL
seq_0062,MEASURE JUNCTION PROFILE
seq_0062,DEPOSIT INTERLAYER DIELECTRIC
seq_0062,DENSIFY DIELECTRIC
seq_0062,MEASURE DIELECTRIC THICKNESS
seq_0062,CMP DIELECTRIC
seq_0062,MEASURE SURFACE PLANARITY
seq_0062,SPIN COAT PHOTORESIST
seq_0062,SOFT BAKE
seq_0062,ALIGN MASK LEVEL 3
seq_0062,EXPOSE LITHO LEVEL 3
seq_0062,POST EXPOSE BAKE
seq_0062,DEVELOP PHOTORESIST
seq_0062,VIA OPENING INSPECTION
seq_0062,DIELECTRIC ETCH VIA
seq_0062,STRIP RESIST
seq_0062,CLEAN AFTER VIA ETCH
seq_0062,MEASURE VIA CD
seq_0062,DEPOSIT BARRIER METAL
seq_0062,DEPOSIT METAL SEED
seq_0062,FILL VIA METAL
seq_0062,CMP VIA FILL
seq_0062,MEASURE VIA RESISTANCE
seq_0062,DEPOSIT METAL 1
seq_0062,ANNEAL METAL
seq_0062,MEASURE METAL THICKNESS
seq_0062,SPIN COAT PHOTORESIST
seq_0062,SOFT BAKE
seq_0062,ALIGN MASK LEVEL 4
seq_0062,EXPOSE LITHO LEVEL 4
seq_0062,DEVELOP PHOTORESIST
seq_0062,METAL PATTERN INSPECTION
seq_0062,METAL ETCH
seq_0062,STRIP RESIST
seq_0062,CLEAN AFTER METAL ETCH
seq_0062,MEASURE LINE WIDTH
seq_0062,DEPOSIT PASSIVATION
seq_0062,CURE PASSIVATION
seq_0062,MEASURE PASSIVATION THICKNESS
seq_0062,OPEN BOND PAD WINDOW
seq_0062,PAD WINDOW LITHO
seq_0062,DEVELOP PAD WINDOW
seq_0062,PASSIVATION ETCH PAD OPENING
seq_0062,STRIP PHOTORESIST
seq_0062,CLEAN PAD OPENING
seq_0062,MEASURE PAD OPENING
seq_0062,BACKSIDE CLEAN
seq_0062,BACKSIDE GRIND
seq_0062,MEASURE WAFER THICKNESS
seq_0062,BACKSIDE ETCH CLEAN
seq_0062,BACKSIDE RINSE
seq_0062,BACKSIDE DRY
seq_0062,BACKSIDE METALLIZATION PREP
seq_0062,DEPOSIT BACKSIDE METAL
seq_0062,BACKSIDE ANNEAL
seq_0062,MEASURE BACKSIDE CONTACT
seq_0062,FINAL CLEAN
seq_0062,FINAL THICKNESS MEASURE
seq_0062,FINAL PARTICLE INSPECTION
seq_0062,ELECTRICAL PARAMETRIC TEST
seq_0062,LEAKAGE TEST
seq_0062,THRESHOLD VOLTAGE TEST
seq_0062,SWITCHING TEST
seq_0062,WAFER SORT TEST
seq_0062,YIELD ANALYSIS
seq_0062,FINAL LOT RELEASE
seq_0062,SHIP LOT
seq_0063,RECEIVE WAFER LOT
seq_0063,LOT IDENTIFICATION
seq_0063,PRE CLEAN INSPECTION
seq_0063,MEASURE THICKNESS
seq_0063,MEASURE SURFACE PARTICLES
seq_0063,PRE CLEAN WAFER
seq_0063,BACKSIDE CLEAN
seq_0063,FRONTSIDE CLEAN
seq_0063,WET CLEAN RCA1
seq_0063,WET CLEAN RCA2
seq_0063,HF DIP
seq_0063,SUBSTRATE CHECK
seq_0063,EPITAXY PREP
seq_0063,EPITAXIAL DEPOSITION
seq_0063,MEASURE EPITAXY THICKNESS
seq_0063,MEASURE RESISTIVITY
seq_0063,EPITAXY ANNEAL
seq_0063,WAFER SURFACE CLEAN
seq_0063,THERMAL OXIDATION
seq_0063,MEASURE OXIDE THICKNESS
seq_0063,SPIN COAT PHOTORESIST
seq_0063,SOFT BAKE
seq_0063,ALIGN MASK LEVEL 1
seq_0063,EXPOSE LITHO LEVEL 1
seq_0063,POST EXPOSE BAKE
seq_0063,DEVELOP PHOTORESIST
seq_0063,PATTERN INSPECTION LEVEL 1
seq_0063,OXIDE ETCH
seq_0063,STRIP RESIST
seq_0063,CLEAN AFTER ETCH
seq_0063,MEASURE OPENING CD
seq_0063,IMPLANT WELL
seq_0063,PRE ANNEAL CHECK
seq_0063,DRIVE IN DIFFUSION
seq_0063,RAPID THERMAL ANNEAL
seq_0063,MEASURE JUNCTION DEPTH
seq_0063,THERMAL OXIDATION
seq_0063,GATE OXIDE PREP
seq_0063,GATE OXIDE GROWTH
seq_0063,MEASURE GATE OXIDE THICKNESS
seq_0063,DEPOSIT POLYSILICON
seq_0063,POLYSILICON ANNEAL
seq_0063,MEASURE POLY THICKNESS
seq_0063,SPIN COAT PHOTORESIST
seq_0063,SOFT BAKE
seq_0063,ALIGN MASK LEVEL 2
seq_0063,EXPOSE LITHO LEVEL 2
seq_0063,DEVELOP PHOTORESIST
seq_0063,POLY PATTERN INSPECTION
seq_0063,POLYSILICON ETCH
seq_0063,STRIP PHOTORESIST
seq_0063,CLEAN AFTER POLY ETCH
seq_0063,MEASURE GATE CD
seq_0063,IMPLANT SOURCE DRAIN
seq_0063,PRE ANNEAL CHECK
seq_0063,LIGHT ANNEAL
seq_0063,DEPOSIT SPACER DIELECTRIC
seq_0063,ANISOTROPIC ETCH SPACER
seq_0063,MEASURE SPACER WIDTH
seq_0063,IMPLANT LDD
seq_0063,PRE ANNEAL CHECK
seq_0063,RAPID THERMAL ANNEAL
seq_0063,MEASURE JUNCTION PROFILE
seq_0063,DEPOSIT INTERLAYER DIELECTRIC
seq_0063,DENSIFY DIELECTRIC
seq_0063,MEASURE DIELECTRIC THICKNESS
seq_0063,CMP DIELECTRIC
seq_0063,MEASURE PLANARITY
seq_0063,SPIN COAT PHOTORESIST
seq_0063,SOFT BAKE
seq_0063,ALIGN MASK LEVEL 3
seq_0063,EXPOSE LITHO LEVEL 3
seq_0063,DEVELOP PHOTORESIST
seq_0063,VIA OPENING INSPECTION
seq_0063,VIA ETCH THROUGH DIELECTRIC
seq_0063,STRIP RESIST
seq_0063,CLEAN AFTER VIA ETCH
seq_0063,DEPOSIT BARRIER METAL
seq_0063,DEPOSIT METAL SEED
seq_0063,FILL VIA METAL
seq_0063,CMP VIA FILL
seq_0063,MEASURE VIA RESISTANCE
seq_0063,DEPOSIT TOP METAL
seq_0063,ANNEAL METAL
seq_0063,SPIN COAT PHOTORESIST
seq_0063,SOFT BAKE
seq_0063,ALIGN MASK LEVEL 4
seq_0063,EXPOSE LITHO LEVEL 4
seq_0063,POST EXPOSE BAKE
seq_0063,DEVELOP PHOTORESIST
seq_0063,METAL PATTERN INSPECTION
seq_0063,METAL ETCH
seq_0063,STRIP RESIST
seq_0063,CLEAN AFTER METAL ETCH
seq_0063,MEASURE LINE WIDTH
seq_0063,DEPOSIT PASSIVATION LAYER
seq_0063,CURE PASSIVATION
seq_0063,MEASURE PASSIVATION THICKNESS
seq_0063,OPEN PAD WINDOW
seq_0063,OPEN PAD WINDOW LITHO
seq_0063,DEVELOP PHOTORESIST
seq_0063,PASSIVATION ETCH
seq_0063,STRIP RESIST
seq_0063,CLEAN PAD OPENING
seq_0063,MEASURE PAD OPENING
seq_0063,BACKSIDE CLEAN
seq_0063,BACKSIDE GRIND
seq_0063,MEASURE WAFER THICKNESS
seq_0063,BACKSIDE ETCH CLEAN
seq_0063,BACKSIDE RINSE
seq_0063,BACKSIDE DRY
seq_0063,BACKSIDE METALLIZATION PREP
seq_0063,DEPOSIT BACKSIDE METAL
seq_0063,BACKSIDE ANNEAL
seq_0063,MEASURE BACKSIDE CONTACT
seq_0063,FINAL CLEAN
seq_0063,FINAL THICKNESS MEASURE
seq_0063,FINAL GEOMETRY CHECK
seq_0063,FINAL CD INSPECTION
seq_0063,FINAL PARTICLE INSPECTION
seq_0063,ELECTRICAL PARAMETRIC TEST
seq_0063,LEAKAGE TEST
seq_0063,THRESHOLD VOLTAGE TEST
seq_0063,SWITCHING TEST
seq_0063,WAFER SORT TEST
seq_0063,YIELD ANALYSIS
seq_0063,FINAL LOT RELEASE
seq_0063,SHIP LOT
seq_0064,RECEIVE WAFER LOT
seq_0064,LOT IDENTIFICATION
seq_0064,PRE CLEAN INSPECTION
seq_0064,MEASURE SURFACE PARTICLES
seq_0064,PRE CLEAN WAFER
seq_0064,WET CLEAN RCA1
seq_0064,RCA CLEAN 2
seq_0064,HF DIP
seq_0064,SUBSTRATE CHECK
seq_0064,EPITAXY PREP
seq_0064,EPITAXIAL DEPOSITION
seq_0064,MEASURE EPITAXY THICKNESS
seq_0064,MEASURE RESISTIVITY
seq_0064,EPITAXY ANNEAL
seq_0064,WAFER SURFACE CLEAN
seq_0064,THERMAL OXIDATION
seq_0064,MEASURE OXIDE THICKNESS
seq_0064,SPIN COAT PHOTORESIST
seq_0064,SOFT BAKE
seq_0064,ALIGN MASK LEVEL 1
seq_0064,EXPOSE LITHO LEVEL 1
seq_0064,DEVELOP PHOTORESIST
seq_0064,PATTERN INSPECTION LEVEL 1
seq_0064,OXIDE ETCH
seq_0064,STRIP PHOTORESIST
seq_0064,CLEAN AFTER ETCH
seq_0064,MEASURE OPENING CD
seq_0064,IMPLANT WELL
seq_0064,DRIVE IN DIFFUSION
seq_0064,RAPID THERMAL ANNEAL
seq_0064,MEASURE JUNCTION DEPTH
seq_0064,THERMAL OXIDATION
seq_0064,GATE OXIDE PREP
seq_0064,GATE OXIDE GROWTH
seq_0064,MEASURE GATE OXIDE THICKNESS
seq_0064,DEPOSIT POLYSILICON
seq_0064,POLYSILICON ANNEAL
seq_0064,MEASURE POLY THICKNESS
seq_0064,SPIN COAT PHOTORESIST
seq_0064,SOFT BAKE
seq_0064,ALIGN MASK LEVEL 2
seq_0064,EXPOSE LITHO LEVEL 2
seq_0064,DEVELOP PHOTORESIST
seq_0064,POLY PATTERN INSPECTION
seq_0064,HARD BAKE
seq_0064,POLYSILICON ETCH
seq_0064,STRIP PHOTORESIST
seq_0064,CLEAN AFTER POLY ETCH
seq_0064,MEASURE GATE CD
seq_0064,IMPLANT SOURCE DRAIN
seq_0064,PRE ANNEAL CHECK
seq_0064,LIGHT ANNEAL
seq_0064,DEPOSIT SPACER DIELECTRIC
seq_0064,ANISOTROPIC ETCH SPACER
seq_0064,MEASURE SPACER WIDTH
seq_0064,IMPLANT LDD
seq_0064,PRE ANNEAL CHECK
seq_0064,RAPID THERMAL ANNEAL
seq_0064,DEPOSIT INTERLEVEL DIELECTRIC
seq_0064,DENSIFY OXIDE
seq_0064,MEASURE FILM THICKNESS
seq_0064,CMP INTERLAYER DIELECTRIC
seq_0064,MEASURE SURFACE PLANARITY
seq_0064,SPIN COAT PHOTORESIST
seq_0064,SOFT BAKE
seq_0064,ALIGN MASK LEVEL 3
seq_0064,EXPOSE LITHO LEVEL 3
seq_0064,DEVELOP PHOTORESIST
seq_0064,VIA INSPECTION
seq_0064,VIA ETCH THROUGH DIELECTRIC
seq_0064,STRIP RESIST
seq_0064,CLEAN AFTER VIA ETCH
seq_0064,MEASURE VIA CD
seq_0064,DEPOSIT BARRIER METAL
seq_0064,DEPOSIT METAL SEED
seq_0064,FILL VIA METAL
seq_0064,CMP VIA FILL
seq_0064,MEASURE VIA RESISTANCE
seq_0064,DEPOSIT TOP METAL
seq_0064,ANNEAL METAL
seq_0064,SPIN COAT PHOTORESIST
seq_0064,SOFT BAKE
seq_0064,ALIGN MASK LEVEL 4
seq_0064,EXPOSE LITHO LEVEL 4
seq_0064,DEVELOP PHOTORESIST
seq_0064,METAL PATTERN INSPECTION
seq_0064,METAL ETCH
seq_0064,STRIP RESIST
seq_0064,CLEAN AFTER METAL ETCH
seq_0064,DEPOSIT PASSIVATION
seq_0064,CURE PASSIVATION
seq_0064,MEASURE PASSIVATION QUALITY
seq_0064,OPEN PAD WINDOW
seq_0064,OPEN PAD WINDOW LITHO
seq_0064,DEVELOP PAD WINDOW
seq_0064,PASSIVATION ETCH
seq_0064,STRIP RESIST
seq_0064,CLEAN PAD OPENING
seq_0064,MEASURE PAD OPENING
seq_0064,BACKSIDE CLEAN
seq_0064,BACKSIDE GRIND
seq_0064,MEASURE WAFER THICKNESS
seq_0064,BACKSIDE ETCH CLEAN
seq_0064,BACKSIDE RINSE
seq_0064,BACKSIDE DRY
seq_0064,BACKSIDE METALLIZATION PREP
seq_0064,DEPOSIT BACKSIDE METAL
seq_0064,BACKSIDE ANNEAL
seq_0064,MEASURE BACKSIDE CONTACT
seq_0064,FINAL CLEAN
seq_0064,FINAL THICKNESS MEASURE
seq_0064,FINAL GEOMETRY CHECK
seq_0064,FINAL CD INSPECTION
seq_0064,FINAL PARTICLE INSPECTION
seq_0064,PARAMETRIC TEST
seq_0064,LEAKAGE TEST
seq_0064,THRESHOLD VOLTAGE TEST
seq_0064,SWITCHING TEST
seq_0064,WAFER SORT TEST
seq_0064,YIELD ANALYSIS
seq_0064,LOT RELEASE
seq_0064,SHIP LOT
seq_0065,RECEIVE WAFER LOT
seq_0065,LOT IDENTIFICATION
seq_0065,INITIAL WAFER INSPECTION
seq_0065,MEASURE THICKNESS
seq_0065,MEASURE SURFACE PARTICLES
seq_0065,PRE CLEAN WAFER
seq_0065,RCA CLEAN 1
seq_0065,WET CLEAN RCA2
seq_0065,HF DIP
seq_0065,DRY WAFER
seq_0065,SUBSTRATE CHECK
seq_0065,EPITAXY PREP
seq_0065,EPITAXIAL DEPOSITION
seq_0065,MEASURE EPITAXY THICKNESS
seq_0065,MEASURE RESISTIVITY
seq_0065,EPITAXY ANNEAL
seq_0065,WAFER SURFACE CLEAN
seq_0065,THERMAL OXIDATION
seq_0065,MEASURE OXIDE THICKNESS
seq_0065,SPIN COAT PHOTORESIST
seq_0065,SOFT BAKE
seq_0065,ALIGN MASK LEVEL 1
seq_0065,EXPOSE LITHO LEVEL 1
seq_0065,POST EXPOSE BAKE
seq_0065,DEVELOP PHOTORESIST
seq_0065,PATTERN INSPECTION LEVEL 1
seq_0065,HARD BAKE
seq_0065,OXIDE ETCH
seq_0065,STRIP RESIST
seq_0065,CLEAN AFTER ETCH
seq_0065,MEASURE OPENING CD
seq_0065,IMPLANT WELL
seq_0065,PRE ANNEAL CHECK
seq_0065,DRIVE IN DIFFUSION
seq_0065,RAPID THERMAL ANNEAL
seq_0065,THERMAL OXIDATION
seq_0065,GATE OXIDE PREP
seq_0065,GATE OXIDE GROWTH
seq_0065,MEASURE GATE OXIDE THICKNESS
seq_0065,DEPOSIT POLYSILICON
seq_0065,POLYSILICON ANNEAL
seq_0065,MEASURE POLY THICKNESS
seq_0065,SPIN COAT PHOTORESIST
seq_0065,SOFT BAKE
seq_0065,ALIGN MASK LEVEL 2
seq_0065,EXPOSE LITHO LEVEL 2
seq_0065,POST EXPOSE BAKE
seq_0065,DEVELOP PHOTORESIST
seq_0065,POLY PATTERN INSPECTION
seq_0065,POLYSILICON ETCH
seq_0065,STRIP PHOTORESIST
seq_0065,CLEAN AFTER POLY ETCH
seq_0065,MEASURE GATE CD
seq_0065,IMPLANT SOURCE DRAIN
seq_0065,PRE ANNEAL CHECK
seq_0065,LIGHT ANNEAL
seq_0065,DEPOSIT SPACER DIELECTRIC
seq_0065,ANISOTROPIC ETCH SPACER
seq_0065,IMPLANT LDD
seq_0065,PRE ANNEAL CHECK
seq_0065,RAPID THERMAL ANNEAL
seq_0065,DEPOSIT INTERLAYER DIELECTRIC
seq_0065,DENSIFY OXIDE
seq_0065,MEASURE DIELECTRIC THICKNESS
seq_0065,CMP DIELECTRIC
seq_0065,MEASURE PLANARITY
seq_0065,SPIN COAT PHOTORESIST
seq_0065,SOFT BAKE
seq_0065,ALIGN MASK LEVEL 3
seq_0065,EXPOSE LITHO LEVEL 3
seq_0065,POST EXPOSE BAKE
seq_0065,DEVELOP PHOTORESIST
seq_0065,VIA OPENING INSPECTION
seq_0065,VIA ETCH THROUGH DIELECTRIC
seq_0065,STRIP PHOTORESIST
seq_0065,CLEAN AFTER VIA ETCH
seq_0065,DEPOSIT BARRIER METAL
seq_0065,DEPOSIT METAL SEED
seq_0065,FILL VIA METAL
seq_0065,CMP VIA FILL
seq_0065,DEPOSIT TOP METAL
seq_0065,ANNEAL METAL
seq_0065,MEASURE METAL THICKNESS
seq_0065,SPIN COAT PHOTORESIST
seq_0065,SOFT BAKE
seq_0065,ALIGN MASK LEVEL 4
seq_0065,EXPOSE LITHO LEVEL 4
seq_0065,POST EXPOSE BAKE
seq_0065,DEVELOP PHOTORESIST
seq_0065,METAL PATTERN INSPECTION
seq_0065,METAL ETCH
seq_0065,STRIP RESIST
seq_0065,CLEAN AFTER METAL ETCH
seq_0065,MEASURE LINE WIDTH
seq_0065,DEPOSIT PASSIVATION
seq_0065,CURE PASSIVATION
seq_0065,MEASURE PASSIVATION THICKNESS
seq_0065,OPEN PAD WINDOW
seq_0065,OPEN PAD WINDOW LITHO
seq_0065,DEVELOP PAD WINDOW
seq_0065,PASSIVATION ETCH PAD OPENING
seq_0065,STRIP PHOTORESIST
seq_0065,CLEAN PAD OPENING
seq_0065,MEASURE PAD OPENING
seq_0065,BACKSIDE CLEAN
seq_0065,BACKSIDE GRIND
seq_0065,MEASURE WAFER THICKNESS
seq_0065,BACKSIDE ETCH CLEAN
seq_0065,BACKSIDE RINSE
seq_0065,BACKSIDE DRY
seq_0065,BACKSIDE METALLIZATION PREP
seq_0065,DEPOSIT BACKSIDE METAL
seq_0065,BACKSIDE ANNEAL
seq_0065,MEASURE BACKSIDE CONTACT
seq_0065,FINAL CLEAN
seq_0065,FINAL GEOMETRY CHECK
seq_0065,FINAL CD INSPECTION
seq_0065,ELECTRICAL PARAMETRIC TEST
seq_0065,LEAKAGE TEST
seq_0065,THRESHOLD VOLTAGE TEST
seq_0065,SWITCHING TEST
seq_0065,WAFER SORT TEST
seq_0065,YIELD ANALYSIS
seq_0065,FINAL LOT RELEASE
seq_0065,SHIP LOT
seq_0066,RECEIVE WAFER LOT
seq_0066,LOT IDENTIFICATION
seq_0066,INITIAL WAFER INSPECTION
seq_0066,MEASURE THICKNESS
seq_0066,PRE CLEAN WAFER
seq_0066,FRONTSIDE CLEAN
seq_0066,RCA CLEAN 1
seq_0066,WET CLEAN RCA2
seq_0066,HF DIP
seq_0066,DRY WAFER
seq_0066,SUBSTRATE CHECK
seq_0066,EPITAXY PREP
seq_0066,EPITAXIAL DEPOSITION
seq_0066,MEASURE EPITAXY THICKNESS
seq_0066,MEASURE RESISTIVITY
seq_0066,EPITAXY ANNEAL
seq_0066,WAFER SURFACE CLEAN
seq_0066,THERMAL OXIDATION
seq_0066,MEASURE OXIDE THICKNESS
seq_0066,SPIN COAT PHOTORESIST
seq_0066,SOFT BAKE
seq_0066,ALIGN MASK LEVEL 1
seq_0066,EXPOSE LITHO LEVEL 1
seq_0066,DEVELOP PHOTORESIST
seq_0066,PATTERN INSPECTION LEVEL 1
seq_0066,HARD BAKE
seq_0066,OXIDE ETCH
seq_0066,STRIP PHOTORESIST
seq_0066,CLEAN AFTER ETCH
seq_0066,MEASURE OPENING CD
seq_0066,IMPLANT WELL
seq_0066,PRE ANNEAL CHECK
seq_0066,DRIVE IN DIFFUSION
seq_0066,RAPID THERMAL ANNEAL
seq_0066,MEASURE JUNCTION DEPTH
seq_0066,THERMAL OXIDATION
seq_0066,GATE OXIDE PREP
seq_0066,GATE OXIDE GROWTH
seq_0066,MEASURE GATE OXIDE THICKNESS
seq_0066,DEPOSIT POLYSILICON
seq_0066,POLYSILICON ANNEAL
seq_0066,SPIN COAT PHOTORESIST
seq_0066,SOFT BAKE
seq_0066,ALIGN MASK LEVEL 2
seq_0066,EXPOSE LITHO LEVEL 2
seq_0066,DEVELOP PHOTORESIST
seq_0066,POLY PATTERN INSPECTION
seq_0066,POLYSILICON ETCH
seq_0066,STRIP PHOTORESIST
seq_0066,CLEAN AFTER POLY ETCH
seq_0066,MEASURE GATE CD
seq_0066,IMPLANT SOURCE DRAIN
seq_0066,PRE ANNEAL CHECK
seq_0066,LIGHT ANNEAL
seq_0066,MEASURE SHEET RESISTANCE
seq_0066,DEPOSIT SPACER DIELECTRIC
seq_0066,ANISOTROPIC ETCH SPACER
seq_0066,IMPLANT LDD
seq_0066,RAPID THERMAL ANNEAL
seq_0066,MEASURE JUNCTION PROFILE
seq_0066,DEPOSIT INTERLAYER DIELECTRIC
seq_0066,DENSIFY OXIDE
seq_0066,MEASURE FILM THICKNESS
seq_0066,CMP DIELECTRIC
seq_0066,MEASURE SURFACE PLANARITY
seq_0066,SPIN COAT PHOTORESIST
seq_0066,SOFT BAKE
seq_0066,ALIGN MASK LEVEL 3
seq_0066,EXPOSE LITHO LEVEL 3
seq_0066,DEVELOP PHOTORESIST
seq_0066,VIA INSPECTION
seq_0066,VIA ETCH
seq_0066,STRIP RESIST
seq_0066,CLEAN AFTER VIA ETCH
seq_0066,DEPOSIT BARRIER METAL
seq_0066,DEPOSIT METAL SEED
seq_0066,FILL VIA METAL
seq_0066,CMP VIA FILL
seq_0066,DEPOSIT METAL 1
seq_0066,ANNEAL METAL
seq_0066,SPIN COAT PHOTORESIST
seq_0066,SOFT BAKE
seq_0066,ALIGN MASK LEVEL 4
seq_0066,EXPOSE LITHO LEVEL 4
seq_0066,POST EXPOSE BAKE
seq_0066,DEVELOP PHOTORESIST
seq_0066,METAL PATTERN INSPECTION
seq_0066,HARD BAKE
seq_0066,METAL ETCH
seq_0066,STRIP PHOTORESIST
seq_0066,CLEAN AFTER METAL ETCH
seq_0066,DEPOSIT PASSIVATION
seq_0066,CURE PASSIVATION
seq_0066,MEASURE PASSIVATION QUALITY
seq_0066,OPEN PAD WINDOW
seq_0066,OPEN PAD WINDOW LITHO
seq_0066,DEVELOP PHOTORESIST
seq_0066,PASSIVATION ETCH
seq_0066,STRIP PHOTORESIST
seq_0066,CLEAN PAD OPENING
seq_0066,MEASURE PAD OPENING
seq_0066,BACKSIDE CLEAN
seq_0066,BACKSIDE GRIND
seq_0066,MEASURE WAFER THICKNESS
seq_0066,BACKSIDE ETCH CLEAN
seq_0066,BACKSIDE RINSE
seq_0066,BACKSIDE DRY
seq_0066,BACKSIDE METALLIZATION PREP
seq_0066,DEPOSIT BACKSIDE METAL
seq_0066,BACKSIDE ANNEAL
seq_0066,MEASURE BACKSIDE CONTACT
seq_0066,FINAL CLEAN
seq_0066,FINAL GEOMETRY CHECK
seq_0066,FINAL CD INSPECTION
seq_0066,FINAL PARTICLE INSPECTION
seq_0066,ELECTRICAL PARAMETRIC TEST
seq_0066,LEAKAGE TEST
seq_0066,THRESHOLD VOLTAGE TEST
seq_0066,SWITCHING TEST
seq_0066,WAFER SORT TEST
seq_0066,YIELD ANALYSIS
seq_0066,LOT RELEASE
seq_0066,SHIP LOT
seq_0067,RECEIVE WAFER LOT
seq_0067,LOT IDENTIFICATION
seq_0067,INITIAL WAFER INSPECTION
seq_0067,MEASURE THICKNESS
seq_0067,MEASURE SURFACE PARTICLES
seq_0067,PRE CLEAN WAFER
seq_0067,BACKSIDE CLEAN
seq_0067,RCA CLEAN 1
seq_0067,RCA CLEAN 2
seq_0067,HF DIP
seq_0067,DRY WAFER
seq_0067,SUBSTRATE CHECK
seq_0067,EPITAXY PREP
seq_0067,EPITAXIAL DEPOSITION
seq_0067,MEASURE EPITAXY THICKNESS
seq_0067,MEASURE RESISTIVITY
seq_0067,EPITAXY ANNEAL
seq_0067,WAFER SURFACE CLEAN
seq_0067,THERMAL OXIDATION
seq_0067,MEASURE OXIDE THICKNESS
seq_0067,SPIN COAT PHOTORESIST
seq_0067,SOFT BAKE
seq_0067,ALIGN MASK LEVEL 1
seq_0067,EXPOSE LITHO LEVEL 1
seq_0067,DEVELOP PHOTORESIST
seq_0067,PATTERN INSPECTION LEVEL 1
seq_0067,OXIDE ETCH
seq_0067,STRIP RESIST
seq_0067,CLEAN AFTER ETCH
seq_0067,MEASURE OPENING CD
seq_0067,IMPLANT WELL
seq_0067,PRE ANNEAL CHECK
seq_0067,DRIVE IN DIFFUSION
seq_0067,RAPID THERMAL ANNEAL
seq_0067,MEASURE JUNCTION DEPTH
seq_0067,THERMAL OXIDATION
seq_0067,GATE OXIDE PREP
seq_0067,GATE OXIDE GROWTH
seq_0067,MEASURE GATE OXIDE THICKNESS
seq_0067,DEPOSIT POLYSILICON
seq_0067,POLYSILICON ANNEAL
seq_0067,MEASURE POLY THICKNESS
seq_0067,SPIN COAT PHOTORESIST
seq_0067,SOFT BAKE
seq_0067,ALIGN MASK LEVEL 2
seq_0067,EXPOSE LITHO LEVEL 2
seq_0067,POST EXPOSE BAKE
seq_0067,DEVELOP PHOTORESIST
seq_0067,POLY PATTERN INSPECTION
seq_0067,HARD BAKE
seq_0067,POLYSILICON ETCH
seq_0067,STRIP PHOTORESIST
seq_0067,CLEAN AFTER POLY ETCH
seq_0067,MEASURE GATE CD
seq_0067,IMPLANT SOURCE DRAIN
seq_0067,PRE ANNEAL CHECK
seq_0067,LIGHT ANNEAL
seq_0067,MEASURE SHEET RESISTANCE
seq_0067,DEPOSIT SPACER DIELECTRIC
seq_0067,ANISOTROPIC ETCH SPACER
seq_0067,IMPLANT LDD
seq_0067,PRE ANNEAL CHECK
seq_0067,RAPID THERMAL ANNEAL
seq_0067,MEASURE JUNCTION PROFILE
seq_0067,DEPOSIT INTERLEVEL DIELECTRIC
seq_0067,DENSIFY DIELECTRIC
seq_0067,MEASURE FILM THICKNESS
seq_0067,CMP INTERLAYER DIELECTRIC
seq_0067,MEASURE PLANARITY
seq_0067,SPIN COAT PHOTORESIST
seq_0067,SOFT BAKE
seq_0067,ALIGN MASK LEVEL 3
seq_0067,EXPOSE LITHO LEVEL 3
seq_0067,DEVELOP PHOTORESIST
seq_0067,VIA INSPECTION
seq_0067,HARD BAKE
seq_0067,DIELECTRIC ETCH VIA
seq_0067,STRIP PHOTORESIST
seq_0067,CLEAN AFTER VIA ETCH
seq_0067,MEASURE VIA CD
seq_0067,DEPOSIT BARRIER METAL
seq_0067,DEPOSIT METAL SEED
seq_0067,FILL VIA METAL
seq_0067,CMP METAL
seq_0067,MEASURE VIA RESISTANCE
seq_0067,DEPOSIT TOP METAL
seq_0067,ANNEAL METAL
seq_0067,MEASURE METAL THICKNESS
seq_0067,SPIN COAT PHOTORESIST
seq_0067,SOFT BAKE
seq_0067,ALIGN MASK LEVEL 4
seq_0067,EXPOSE LITHO LEVEL 4
seq_0067,POST EXPOSE BAKE
seq_0067,DEVELOP PHOTORESIST
seq_0067,METAL PATTERN INSPECTION
seq_0067,METAL ETCH
seq_0067,STRIP PHOTORESIST
seq_0067,CLEAN AFTER METAL ETCH
seq_0067,MEASURE LINE WIDTH
seq_0067,DEPOSIT PASSIVATION LAYER
seq_0067,CURE PASSIVATION
seq_0067,MEASURE PASSIVATION THICKNESS
seq_0067,OPEN BOND PAD WINDOW
seq_0067,OPEN PAD WINDOW LITHO
seq_0067,DEVELOP PAD WINDOW
seq_0067,PASSIVATION ETCH
seq_0067,STRIP RESIST
seq_0067,CLEAN PAD OPENING
seq_0067,MEASURE PAD OPENING
seq_0067,BACKSIDE CLEAN
seq_0067,BACKSIDE GRIND
seq_0067,MEASURE WAFER THICKNESS
seq_0067,BACKSIDE ETCH CLEAN
seq_0067,BACKSIDE RINSE
seq_0067,BACKSIDE DRY
seq_0067,BACKSIDE METALLIZATION PREP
seq_0067,DEPOSIT BACKSIDE METAL
seq_0067,BACKSIDE ANNEAL
seq_0067,MEASURE BACKSIDE CONTACT
seq_0067,FINAL CLEAN
seq_0067,FINAL THICKNESS MEASURE
seq_0067,FINAL GEOMETRY CHECK
seq_0067,FINAL CD INSPECTION
seq_0067,FINAL PARTICLE INSPECTION
seq_0067,ELECTRICAL PARAMETRIC TEST
seq_0067,LEAKAGE TEST
seq_0067,THRESHOLD VOLTAGE TEST
seq_0067,SWITCHING TEST
seq_0067,WAFER SORT TEST
seq_0067,YIELD ANALYSIS
seq_0067,LOT RELEASE
seq_0067,SHIP LOT
seq_0068,RECEIVE WAFER LOT
seq_0068,LOT IDENTIFICATION
seq_0068,INITIAL WAFER INSPECTION
seq_0068,MEASURE THICKNESS
seq_0068,MEASURE SURFACE PARTICLES
seq_0068,PRE CLEAN WAFER
seq_0068,RCA CLEAN 1
seq_0068,WET CLEAN RCA2
seq_0068,HF DIP
seq_0068,DRY WAFER
seq_0068,SUBSTRATE CHECK
seq_0068,EPITAXY PREP
seq_0068,EPITAXIAL DEPOSITION
seq_0068,MEASURE EPITAXY THICKNESS
seq_0068,MEASURE RESISTIVITY
seq_0068,EPITAXY ANNEAL
seq_0068,WAFER SURFACE CLEAN
seq_0068,THERMAL OXIDATION
seq_0068,MEASURE OXIDE THICKNESS
seq_0068,SPIN COAT PHOTORESIST
seq_0068,SOFT BAKE
seq_0068,ALIGN MASK LEVEL 1
seq_0068,EXPOSE LITHO LEVEL 1
seq_0068,POST EXPOSE BAKE
seq_0068,DEVELOP PHOTORESIST
seq_0068,PATTERN INSPECTION LEVEL 1
seq_0068,OXIDE ETCH
seq_0068,STRIP RESIST
seq_0068,CLEAN AFTER ETCH
seq_0068,MEASURE OPENING CD
seq_0068,IMPLANT WELL
seq_0068,PRE ANNEAL CHECK
seq_0068,DRIVE IN DIFFUSION
seq_0068,RAPID THERMAL ANNEAL
seq_0068,MEASURE JUNCTION DEPTH
seq_0068,THERMAL OXIDATION
seq_0068,GATE OXIDE PREP
seq_0068,GATE OXIDE GROWTH
seq_0068,MEASURE GATE OXIDE THICKNESS
seq_0068,DEPOSIT POLYSILICON
seq_0068,POLYSILICON ANNEAL
seq_0068,MEASURE POLY THICKNESS
seq_0068,SPIN COAT PHOTORESIST
seq_0068,SOFT BAKE
seq_0068,ALIGN MASK LEVEL 2
seq_0068,EXPOSE LITHO LEVEL 2
seq_0068,POST EXPOSE BAKE
seq_0068,DEVELOP PHOTORESIST
seq_0068,POLY PATTERN INSPECTION
seq_0068,POLYSILICON ETCH
seq_0068,STRIP PHOTORESIST
seq_0068,CLEAN AFTER POLY ETCH
seq_0068,MEASURE GATE CD
seq_0068,IMPLANT SOURCE DRAIN
seq_0068,PRE ANNEAL CHECK
seq_0068,LIGHT ANNEAL
seq_0068,MEASURE SHEET RESISTANCE
seq_0068,DEPOSIT SPACER DIELECTRIC
seq_0068,ANISOTROPIC ETCH SPACER
seq_0068,MEASURE SPACER WIDTH
seq_0068,IMPLANT LDD
seq_0068,PRE ANNEAL CHECK
seq_0068,RAPID THERMAL ANNEAL
seq_0068,MEASURE JUNCTION PROFILE
seq_0068,DEPOSIT INTERLEVEL DIELECTRIC
seq_0068,DENSIFY OXIDE
seq_0068,MEASURE DIELECTRIC THICKNESS
seq_0068,CMP DIELECTRIC
seq_0068,MEASURE PLANARITY
seq_0068,SPIN COAT PHOTORESIST
seq_0068,SOFT BAKE
seq_0068,ALIGN MASK LEVEL 3
seq_0068,EXPOSE LITHO LEVEL 3
seq_0068,DEVELOP PHOTORESIST
seq_0068,VIA OPENING INSPECTION
seq_0068,VIA ETCH
seq_0068,STRIP RESIST
seq_0068,CLEAN AFTER VIA ETCH
seq_0068,MEASURE VIA CD
seq_0068,DEPOSIT BARRIER METAL
seq_0068,DEPOSIT METAL SEED
seq_0068,FILL VIA METAL
seq_0068,CMP VIA FILL
seq_0068,MEASURE CONTACT RESISTANCE
seq_0068,DEPOSIT METAL 1
seq_0068,ANNEAL METAL
seq_0068,SPIN COAT PHOTORESIST
seq_0068,SOFT BAKE
seq_0068,ALIGN MASK LEVEL 4
seq_0068,EXPOSE LITHO LEVEL 4
seq_0068,DEVELOP PHOTORESIST
seq_0068,METAL PATTERN INSPECTION
seq_0068,METAL ETCH
seq_0068,STRIP PHOTORESIST
seq_0068,CLEAN AFTER METAL ETCH
seq_0068,MEASURE LINE WIDTH
seq_0068,DEPOSIT PASSIVATION LAYER
seq_0068,CURE PASSIVATION
seq_0068,MEASURE PASSIVATION QUALITY
seq_0068,OPEN PAD WINDOW
seq_0068,PAD WINDOW LITHO
seq_0068,DEVELOP PHOTORESIST
seq_0068,PASSIVATION ETCH PAD OPENING
seq_0068,STRIP RESIST
seq_0068,CLEAN PAD OPENING
seq_0068,MEASURE PAD OPENING
seq_0068,BACKSIDE CLEAN
seq_0068,BACKSIDE GRIND
seq_0068,MEASURE WAFER THICKNESS
seq_0068,BACKSIDE ETCH CLEAN
seq_0068,BACKSIDE RINSE
seq_0068,BACKSIDE DRY
seq_0068,BACKSIDE METALLIZATION PREP
seq_0068,DEPOSIT BACKSIDE METAL
seq_0068,BACKSIDE ANNEAL
seq_0068,MEASURE BACKSIDE CONTACT
seq_0068,FINAL CLEAN
seq_0068,FINAL THICKNESS MEASURE
seq_0068,FINAL GEOMETRY CHECK
seq_0068,FINAL CD INSPECTION
seq_0068,FINAL PARTICLE INSPECTION
seq_0068,ELECTRICAL PARAMETRIC TEST
seq_0068,LEAKAGE TEST
seq_0068,THRESHOLD VOLTAGE TEST
seq_0068,SWITCHING TEST
seq_0068,WAFER SORT TEST
seq_0068,YIELD ANALYSIS
seq_0068,FINAL LOT RELEASE
seq_0068,SHIP LOT
seq_0069,RECEIVE WAFER LOT
seq_0069,LOT IDENTIFICATION
seq_0069,INITIAL WAFER INSPECTION
seq_0069,MEASURE SURFACE PARTICLES
seq_0069,PRE CLEAN WAFER
seq_0069,BACKSIDE CLEAN
seq_0069,WET CLEAN RCA1
seq_0069,RCA CLEAN 2
seq_0069,HF DIP
seq_0069,SUBSTRATE CHECK
seq_0069,EPITAXY PREP
seq_0069,EPITAXIAL DEPOSITION
seq_0069,MEASURE EPITAXY THICKNESS
seq_0069,MEASURE RESISTIVITY
seq_0069,EPITAXY ANNEAL
seq_0069,WAFER SURFACE CLEAN
seq_0069,THERMAL OXIDATION
seq_0069,MEASURE OXIDE THICKNESS
seq_0069,SPIN COAT PHOTORESIST
seq_0069,SOFT BAKE
seq_0069,ALIGN MASK LEVEL 1
seq_0069,EXPOSE LITHO LEVEL 1
seq_0069,DEVELOP PHOTORESIST
seq_0069,PATTERN INSPECTION LEVEL 1
seq_0069,OXIDE ETCH
seq_0069,STRIP RESIST
seq_0069,CLEAN AFTER ETCH
seq_0069,MEASURE OPENING CD
seq_0069,IMPLANT WELL
seq_0069,DRIVE IN DIFFUSION
seq_0069,RAPID THERMAL ANNEAL
seq_0069,THERMAL OXIDATION
seq_0069,GATE OXIDE PREP
seq_0069,GATE OXIDE GROWTH
seq_0069,MEASURE GATE OXIDE THICKNESS
seq_0069,DEPOSIT POLYSILICON
seq_0069,POLYSILICON ANNEAL
seq_0069,MEASURE POLY THICKNESS
seq_0069,SPIN COAT PHOTORESIST
seq_0069,SOFT BAKE
seq_0069,ALIGN MASK LEVEL 2
seq_0069,EXPOSE LITHO LEVEL 2
seq_0069,DEVELOP PHOTORESIST
seq_0069,POLY PATTERN INSPECTION
seq_0069,HARD BAKE
seq_0069,POLYSILICON ETCH
seq_0069,STRIP RESIST
seq_0069,CLEAN AFTER POLY ETCH
seq_0069,MEASURE GATE CD
seq_0069,IMPLANT SOURCE DRAIN
seq_0069,PRE ANNEAL CHECK
seq_0069,LIGHT ANNEAL
seq_0069,MEASURE SHEET RESISTANCE
seq_0069,DEPOSIT SPACER DIELECTRIC
seq_0069,ANISOTROPIC ETCH SPACER
seq_0069,MEASURE SPACER WIDTH
seq_0069,IMPLANT LDD
seq_0069,PRE ANNEAL CHECK
seq_0069,RAPID THERMAL ANNEAL
seq_0069,MEASURE JUNCTION PROFILE
seq_0069,DEPOSIT INTERLEVEL DIELECTRIC
seq_0069,DENSIFY OXIDE
seq_0069,MEASURE DIELECTRIC THICKNESS
seq_0069,CMP DIELECTRIC
seq_0069,MEASURE SURFACE PLANARITY
seq_0069,SPIN COAT PHOTORESIST
seq_0069,SOFT BAKE
seq_0069,ALIGN MASK LEVEL 3
seq_0069,EXPOSE LITHO LEVEL 3
seq_0069,DEVELOP PHOTORESIST
seq_0069,VIA INSPECTION
seq_0069,VIA ETCH
seq_0069,STRIP PHOTORESIST
seq_0069,CLEAN AFTER VIA ETCH
seq_0069,MEASURE VIA CD
seq_0069,DEPOSIT BARRIER METAL
seq_0069,DEPOSIT METAL SEED
seq_0069,FILL VIA METAL
seq_0069,CMP METAL
seq_0069,MEASURE VIA RESISTANCE
seq_0069,DEPOSIT METAL 1
seq_0069,ANNEAL METAL
seq_0069,SPIN COAT PHOTORESIST
seq_0069,SOFT BAKE
seq_0069,ALIGN MASK LEVEL 4
seq_0069,EXPOSE LITHO LEVEL 4
seq_0069,POST EXPOSE BAKE
seq_0069,DEVELOP PHOTORESIST
seq_0069,METAL PATTERN INSPECTION
seq_0069,METAL ETCH
seq_0069,STRIP PHOTORESIST
seq_0069,CLEAN AFTER METAL ETCH
seq_0069,DEPOSIT PASSIVATION
seq_0069,CURE PASSIVATION
seq_0069,MEASURE PASSIVATION QUALITY
seq_0069,OPEN BOND PAD WINDOW
seq_0069,PAD WINDOW LITHO
seq_0069,DEVELOP PHOTORESIST
seq_0069,PASSIVATION ETCH
seq_0069,STRIP PHOTORESIST
seq_0069,CLEAN PAD OPENING
seq_0069,MEASURE PAD OPENING
seq_0069,BACKSIDE CLEAN
seq_0069,BACKSIDE GRIND
seq_0069,MEASURE WAFER THICKNESS
seq_0069,BACKSIDE ETCH CLEAN
seq_0069,BACKSIDE RINSE
seq_0069,BACKSIDE DRY
seq_0069,BACKSIDE METALLIZATION PREP
seq_0069,DEPOSIT BACKSIDE METAL
seq_0069,BACKSIDE ANNEAL
seq_0069,MEASURE BACKSIDE CONTACT
seq_0069,FINAL CLEAN
seq_0069,FINAL GEOMETRY CHECK
seq_0069,FINAL PARTICLE INSPECTION
seq_0069,ELECTRICAL PARAMETRIC TEST
seq_0069,LEAKAGE TEST
seq_0069,THRESHOLD VOLTAGE TEST
seq_0069,SWITCHING TEST
seq_0069,WAFER SORT TEST
seq_0069,YIELD ANALYSIS
seq_0069,FINAL LOT RELEASE
seq_0069,SHIP LOT
seq_0070,RECEIVE WAFER LOT
seq_0070,LOT IDENTIFICATION
seq_0070,INITIAL WAFER INSPECTION
seq_0070,MEASURE THICKNESS
seq_0070,MEASURE SURFACE PARTICLES
seq_0070,PRE CLEAN WAFER
seq_0070,RCA CLEAN 1
seq_0070,RCA CLEAN 2
seq_0070,HF DIP
seq_0070,SUBSTRATE CHECK
seq_0070,EPITAXY PREP
seq_0070,EPITAXIAL DEPOSITION
seq_0070,MEASURE EPITAXY THICKNESS
seq_0070,MEASURE RESISTIVITY
seq_0070,EPITAXY ANNEAL
seq_0070,WAFER SURFACE CLEAN
seq_0070,THERMAL OXIDATION
seq_0070,MEASURE OXIDE THICKNESS
seq_0070,SPIN COAT PHOTORESIST
seq_0070,SOFT BAKE
seq_0070,ALIGN MASK LEVEL 1
seq_0070,EXPOSE LITHO LEVEL 1
seq_0070,DEVELOP PHOTORESIST
seq_0070,PATTERN INSPECTION LEVEL 1
seq_0070,OXIDE ETCH
seq_0070,STRIP PHOTORESIST
seq_0070,CLEAN AFTER ETCH
seq_0070,MEASURE OPENING CD
seq_0070,IMPLANT WELL
seq_0070,DRIVE IN DIFFUSION
seq_0070,RAPID THERMAL ANNEAL
seq_0070,THERMAL OXIDATION
seq_0070,GATE OXIDE PREP
seq_0070,GATE OXIDE GROWTH
seq_0070,MEASURE GATE OXIDE THICKNESS
seq_0070,DEPOSIT POLYSILICON
seq_0070,POLYSILICON ANNEAL
seq_0070,MEASURE POLY THICKNESS
seq_0070,SPIN COAT PHOTORESIST
seq_0070,SOFT BAKE
seq_0070,ALIGN MASK LEVEL 2
seq_0070,EXPOSE LITHO LEVEL 2
seq_0070,POST EXPOSE BAKE
seq_0070,DEVELOP PHOTORESIST
seq_0070,POLY PATTERN INSPECTION
seq_0070,POLYSILICON ETCH
seq_0070,STRIP PHOTORESIST
seq_0070,CLEAN AFTER POLY ETCH
seq_0070,MEASURE GATE CD
seq_0070,IMPLANT SOURCE DRAIN
seq_0070,PRE ANNEAL CHECK
seq_0070,LIGHT ANNEAL
seq_0070,MEASURE SHEET RESISTANCE
seq_0070,DEPOSIT SPACER DIELECTRIC
seq_0070,ANISOTROPIC ETCH SPACER
seq_0070,IMPLANT LDD
seq_0070,PRE ANNEAL CHECK
seq_0070,RAPID THERMAL ANNEAL
seq_0070,DEPOSIT INTERLAYER DIELECTRIC
seq_0070,DENSIFY OXIDE
seq_0070,MEASURE DIELECTRIC THICKNESS
seq_0070,CMP DIELECTRIC
seq_0070,MEASURE SURFACE PLANARITY
seq_0070,SPIN COAT PHOTORESIST
seq_0070,SOFT BAKE
seq_0070,ALIGN MASK LEVEL 3
seq_0070,EXPOSE LITHO LEVEL 3
seq_0070,POST EXPOSE BAKE
seq_0070,DEVELOP PHOTORESIST
seq_0070,VIA INSPECTION
seq_0070,HARD BAKE
seq_0070,VIA ETCH THROUGH DIELECTRIC
seq_0070,STRIP PHOTORESIST
seq_0070,CLEAN AFTER VIA ETCH
seq_0070,MEASURE VIA CD
seq_0070,DEPOSIT BARRIER METAL
seq_0070,DEPOSIT METAL SEED
seq_0070,FILL VIA METAL
seq_0070,CMP VIA FILL
seq_0070,MEASURE VIA RESISTANCE
seq_0070,DEPOSIT METAL 1
seq_0070,ANNEAL METAL
seq_0070,SPIN COAT PHOTORESIST
seq_0070,SOFT BAKE
seq_0070,ALIGN MASK LEVEL 4
seq_0070,EXPOSE LITHO LEVEL 4
seq_0070,DEVELOP PHOTORESIST
seq_0070,METAL PATTERN INSPECTION
seq_0070,HARD BAKE
seq_0070,METAL ETCH
seq_0070,STRIP PHOTORESIST
seq_0070,CLEAN AFTER METAL ETCH
seq_0070,MEASURE LINE WIDTH
seq_0070,DEPOSIT PASSIVATION
seq_0070,CURE PASSIVATION
seq_0070,MEASURE PASSIVATION THICKNESS
seq_0070,OPEN PAD WINDOW
seq_0070,PAD WINDOW LITHO
seq_0070,DEVELOP PHOTORESIST
seq_0070,PASSIVATION ETCH PAD OPENING
seq_0070,STRIP RESIST
seq_0070,CLEAN PAD OPENING
seq_0070,MEASURE PAD OPENING
seq_0070,BACKSIDE CLEAN
seq_0070,BACKSIDE GRIND
seq_0070,MEASURE THICKNESS
seq_0070,BACKSIDE ETCH CLEAN
seq_0070,BACKSIDE RINSE
seq_0070,BACKSIDE DRY
seq_0070,BACKSIDE METALLIZATION PREP
seq_0070,DEPOSIT BACKSIDE METAL
seq_0070,BACKSIDE ANNEAL
seq_0070,MEASURE BACKSIDE CONTACT
seq_0070,FINAL CLEAN
seq_0070,FINAL THICKNESS MEASURE
seq_0070,FINAL GEOMETRY CHECK
seq_0070,FINAL PARTICLE INSPECTION
seq_0070,PARAMETRIC TEST
seq_0070,LEAKAGE TEST
seq_0070,THRESHOLD VOLTAGE TEST
seq_0070,SWITCHING TEST
seq_0070,WAFER SORT TEST
seq_0070,YIELD ANALYSIS
seq_0070,LOT RELEASE
seq_0070,SHIP LOT
seq_0071,RECEIVE WAFER LOT
seq_0071,LOT IDENTIFICATION
seq_0071,PRE CLEAN INSPECTION
seq_0071,MEASURE THICKNESS
seq_0071,MEASURE SURFACE PARTICLES
seq_0071,PRE CLEAN WAFER
seq_0071,FRONTSIDE CLEAN
seq_0071,RCA CLEAN 1
seq_0071,WET CLEAN RCA2
seq_0071,HF DIP
seq_0071,DRY WAFER
seq_0071,SUBSTRATE CHECK
seq_0071,EPITAXY PREP
seq_0071,EPITAXIAL DEPOSITION
seq_0071,MEASURE EPITAXY THICKNESS
seq_0071,MEASURE RESISTIVITY
seq_0071,EPITAXY ANNEAL
seq_0071,WAFER SURFACE CLEAN
seq_0071,THERMAL OXIDATION
seq_0071,MEASURE OXIDE THICKNESS
seq_0071,SPIN COAT PHOTORESIST
seq_0071,SOFT BAKE
seq_0071,ALIGN MASK LEVEL 1
seq_0071,EXPOSE LITHO LEVEL 1
seq_0071,DEVELOP PHOTORESIST
seq_0071,PATTERN INSPECTION LEVEL 1
seq_0071,HARD BAKE
seq_0071,OXIDE ETCH
seq_0071,STRIP RESIST
seq_0071,CLEAN AFTER ETCH
seq_0071,MEASURE OPENING CD
seq_0071,IMPLANT WELL
seq_0071,DRIVE IN DIFFUSION
seq_0071,RAPID THERMAL ANNEAL
seq_0071,MEASURE JUNCTION DEPTH
seq_0071,THERMAL OXIDATION
seq_0071,GATE OXIDE PREP
seq_0071,GATE OXIDE GROWTH
seq_0071,MEASURE GATE OXIDE THICKNESS
seq_0071,DEPOSIT POLYSILICON
seq_0071,POLYSILICON ANNEAL
seq_0071,MEASURE POLY THICKNESS
seq_0071,SPIN COAT PHOTORESIST
seq_0071,SOFT BAKE
seq_0071,ALIGN MASK LEVEL 2
seq_0071,EXPOSE LITHO LEVEL 2
seq_0071,DEVELOP PHOTORESIST
seq_0071,POLY PATTERN INSPECTION
seq_0071,HARD BAKE
seq_0071,POLYSILICON ETCH
seq_0071,STRIP PHOTORESIST
seq_0071,CLEAN AFTER POLY ETCH
seq_0071,MEASURE GATE CD
seq_0071,IMPLANT SOURCE DRAIN
seq_0071,PRE ANNEAL CHECK
seq_0071,LIGHT ANNEAL
seq_0071,MEASURE SHEET RESISTANCE
seq_0071,DEPOSIT SPACER DIELECTRIC
seq_0071,ANISOTROPIC ETCH SPACER
seq_0071,IMPLANT LDD
seq_0071,PRE ANNEAL CHECK
seq_0071,RAPID THERMAL ANNEAL
seq_0071,MEASURE JUNCTION PROFILE
seq_0071,DEPOSIT INTERLEVEL DIELECTRIC
seq_0071,DENSIFY OXIDE
seq_0071,MEASURE DIELECTRIC THICKNESS
seq_0071,CMP INTERLAYER DIELECTRIC
seq_0071,MEASURE SURFACE PLANARITY
seq_0071,SPIN COAT PHOTORESIST
seq_0071,SOFT BAKE
seq_0071,ALIGN MASK LEVEL 3
seq_0071,EXPOSE LITHO LEVEL 3
seq_0071,DEVELOP PHOTORESIST
seq_0071,VIA INSPECTION
seq_0071,VIA ETCH
seq_0071,STRIP PHOTORESIST
seq_0071,CLEAN AFTER VIA ETCH
seq_0071,MEASURE VIA CD
seq_0071,DEPOSIT BARRIER METAL
seq_0071,DEPOSIT METAL SEED
seq_0071,FILL VIA METAL
seq_0071,CMP METAL
seq_0071,MEASURE VIA RESISTANCE
seq_0071,DEPOSIT TOP METAL
seq_0071,ANNEAL METAL 1
seq_0071,SPIN COAT PHOTORESIST
seq_0071,SOFT BAKE
seq_0071,ALIGN MASK LEVEL 4
seq_0071,EXPOSE LITHO LEVEL 4
seq_0071,DEVELOP PHOTORESIST
seq_0071,METAL PATTERN INSPECTION
seq_0071,METAL ETCH
seq_0071,STRIP RESIST
seq_0071,CLEAN AFTER METAL ETCH
seq_0071,MEASURE LINE WIDTH
seq_0071,DEPOSIT PASSIVATION
seq_0071,CURE PASSIVATION
seq_0071,MEASURE PASSIVATION THICKNESS
seq_0071,OPEN PAD WINDOW
seq_0071,PAD WINDOW LITHO
seq_0071,DEVELOP PAD WINDOW
seq_0071,PASSIVATION ETCH PAD OPENING
seq_0071,STRIP RESIST
seq_0071,CLEAN PAD OPENING
seq_0071,MEASURE PAD OPENING
seq_0071,BACKSIDE CLEAN
seq_0071,BACKSIDE GRIND
seq_0071,MEASURE THICKNESS
seq_0071,BACKSIDE ETCH CLEAN
seq_0071,BACKSIDE RINSE
seq_0071,BACKSIDE DRY
seq_0071,BACKSIDE METALLIZATION PREP
seq_0071,DEPOSIT BACKSIDE METAL
seq_0071,BACKSIDE ANNEAL
seq_0071,MEASURE BACKSIDE CONTACT
seq_0071,FINAL CLEAN
seq_0071,FINAL THICKNESS MEASURE
seq_0071,FINAL GEOMETRY CHECK
seq_0071,ELECTRICAL PARAMETRIC TEST
seq_0071,LEAKAGE TEST
seq_0071,THRESHOLD VOLTAGE TEST
seq_0071,SWITCHING TEST
seq_0071,WAFER SORT TEST
seq_0071,YIELD ANALYSIS
seq_0071,FINAL LOT RELEASE
seq_0071,SHIP LOT
seq_0072,RECEIVE WAFER LOT
seq_0072,LOT IDENTIFICATION
seq_0072,INITIAL WAFER INSPECTION
seq_0072,MEASURE THICKNESS
seq_0072,MEASURE SURFACE PARTICLES
seq_0072,PRE CLEAN WAFER
seq_0072,FRONTSIDE CLEAN
seq_0072,RCA CLEAN 1
seq_0072,WET CLEAN RCA2
seq_0072,HF DIP
seq_0072,SUBSTRATE CHECK
seq_0072,EPITAXY PREP
seq_0072,EPITAXIAL DEPOSITION
seq_0072,MEASURE EPITAXY THICKNESS
seq_0072,MEASURE RESISTIVITY
seq_0072,EPITAXY ANNEAL
seq_0072,WAFER SURFACE CLEAN
seq_0072,THERMAL OXIDATION
seq_0072,MEASURE OXIDE THICKNESS
seq_0072,SPIN COAT PHOTORESIST
seq_0072,SOFT BAKE
seq_0072,ALIGN MASK LEVEL 1
seq_0072,EXPOSE LITHO LEVEL 1
seq_0072,DEVELOP PHOTORESIST
seq_0072,PATTERN INSPECTION LEVEL 1
seq_0072,OXIDE ETCH
seq_0072,STRIP PHOTORESIST
seq_0072,CLEAN AFTER ETCH
seq_0072,MEASURE OPENING CD
seq_0072,IMPLANT WELL
seq_0072,DRIVE IN DIFFUSION
seq_0072,RAPID THERMAL ANNEAL
seq_0072,THERMAL OXIDATION
seq_0072,GATE OXIDE PREP
seq_0072,GATE OXIDE GROWTH
seq_0072,MEASURE GATE OXIDE THICKNESS
seq_0072,DEPOSIT POLYSILICON
seq_0072,POLYSILICON ANNEAL
seq_0072,MEASURE POLY THICKNESS
seq_0072,SPIN COAT PHOTORESIST
seq_0072,SOFT BAKE
seq_0072,ALIGN MASK LEVEL 2
seq_0072,EXPOSE LITHO LEVEL 2
seq_0072,DEVELOP PHOTORESIST
seq_0072,POLY PATTERN INSPECTION
seq_0072,POLYSILICON ETCH
seq_0072,STRIP RESIST
seq_0072,CLEAN AFTER POLY ETCH
seq_0072,MEASURE GATE CD
seq_0072,IMPLANT SOURCE DRAIN
seq_0072,LIGHT ANNEAL
seq_0072,DEPOSIT SPACER DIELECTRIC
seq_0072,ANISOTROPIC ETCH SPACER
seq_0072,IMPLANT LDD
seq_0072,RAPID THERMAL ANNEAL
seq_0072,MEASURE JUNCTION PROFILE
seq_0072,DEPOSIT INTERLEVEL DIELECTRIC
seq_0072,DENSIFY OXIDE
seq_0072,MEASURE FILM THICKNESS
seq_0072,CMP INTERLAYER DIELECTRIC
seq_0072,MEASURE SURFACE PLANARITY
seq_0072,SPIN COAT PHOTORESIST
seq_0072,SOFT BAKE
seq_0072,ALIGN MASK LEVEL 3
seq_0072,EXPOSE LITHO LEVEL 3
seq_0072,DEVELOP PHOTORESIST
seq_0072,VIA OPENING INSPECTION
seq_0072,VIA ETCH THROUGH DIELECTRIC
seq_0072,STRIP PHOTORESIST
seq_0072,CLEAN AFTER VIA ETCH
seq_0072,MEASURE VIA CD
seq_0072,DEPOSIT BARRIER METAL
seq_0072,DEPOSIT METAL SEED
seq_0072,FILL VIA METAL
seq_0072,CMP METAL
seq_0072,DEPOSIT TOP METAL
seq_0072,ANNEAL METAL
seq_0072,SPIN COAT PHOTORESIST
seq_0072,SOFT BAKE
seq_0072,ALIGN MASK LEVEL 4
seq_0072,EXPOSE LITHO LEVEL 4
seq_0072,DEVELOP PHOTORESIST
seq_0072,METAL PATTERN INSPECTION
seq_0072,METAL ETCH
seq_0072,STRIP RESIST
seq_0072,CLEAN AFTER METAL ETCH
seq_0072,MEASURE LINE WIDTH
seq_0072,DEPOSIT PASSIVATION LAYER
seq_0072,CURE PASSIVATION
seq_0072,MEASURE PASSIVATION QUALITY
seq_0072,OPEN PAD WINDOW
seq_0072,PAD WINDOW LITHO
seq_0072,DEVELOP PHOTORESIST
seq_0072,PASSIVATION ETCH PAD OPENING
seq_0072,STRIP PHOTORESIST
seq_0072,CLEAN PAD OPENING
seq_0072,MEASURE PAD OPENING
seq_0072,BACKSIDE CLEAN
seq_0072,BACKSIDE GRIND
seq_0072,MEASURE THICKNESS
seq_0072,BACKSIDE ETCH CLEAN
seq_0072,BACKSIDE RINSE
seq_0072,BACKSIDE DRY
seq_0072,BACKSIDE METALLIZATION PREP
seq_0072,DEPOSIT BACKSIDE METAL
seq_0072,BACKSIDE ANNEAL
seq_0072,MEASURE BACKSIDE CONTACT
seq_0072,FINAL CLEAN
seq_0072,FINAL THICKNESS MEASURE
seq_0072,FINAL GEOMETRY CHECK
seq_0072,FINAL CD INSPECTION
seq_0072,FINAL PARTICLE INSPECTION
seq_0072,PARAMETRIC TEST
seq_0072,LEAKAGE TEST
seq_0072,THRESHOLD VOLTAGE TEST
seq_0072,SWITCHING TEST
seq_0072,WAFER SORT TEST
seq_0072,YIELD ANALYSIS
seq_0072,FINAL LOT RELEASE
seq_0072,SHIP LOT
seq_0073,RECEIVE WAFER LOT
seq_0073,LOT IDENTIFICATION
seq_0073,INITIAL WAFER INSPECTION
seq_0073,MEASURE THICKNESS
seq_0073,MEASURE SURFACE PARTICLES
seq_0073,PRE CLEAN WAFER
seq_0073,BACKSIDE CLEAN
seq_0073,WET CLEAN RCA1
seq_0073,WET CLEAN RCA2
seq_0073,HF DIP
seq_0073,DRY WAFER
seq_0073,SUBSTRATE CHECK
seq_0073,EPITAXY PREP
seq_0073,EPITAXIAL DEPOSITION
seq_0073,MEASURE EPITAXY THICKNESS
seq_0073,MEASURE RESISTIVITY
seq_0073,EPITAXY ANNEAL
seq_0073,WAFER SURFACE CLEAN
seq_0073,THERMAL OXIDATION
seq_0073,MEASURE OXIDE THICKNESS
seq_0073,SPIN COAT PHOTORESIST
seq_0073,SOFT BAKE
seq_0073,ALIGN MASK LEVEL 1
seq_0073,EXPOSE LITHO LEVEL 1
seq_0073,POST EXPOSE BAKE
seq_0073,DEVELOP PHOTORESIST
seq_0073,PATTERN INSPECTION LEVEL 1
seq_0073,OXIDE ETCH
seq_0073,STRIP RESIST
seq_0073,CLEAN AFTER ETCH
seq_0073,IMPLANT WELL
seq_0073,DRIVE IN DIFFUSION
seq_0073,RAPID THERMAL ANNEAL
seq_0073,MEASURE JUNCTION DEPTH
seq_0073,THERMAL OXIDATION
seq_0073,GATE OXIDE PREP
seq_0073,GATE OXIDE GROWTH
seq_0073,MEASURE GATE OXIDE THICKNESS
seq_0073,DEPOSIT POLYSILICON
seq_0073,POLYSILICON ANNEAL
seq_0073,SPIN COAT PHOTORESIST
seq_0073,SOFT BAKE
seq_0073,ALIGN MASK LEVEL 2
seq_0073,EXPOSE LITHO LEVEL 2
seq_0073,DEVELOP PHOTORESIST
seq_0073,POLY PATTERN INSPECTION
seq_0073,HARD BAKE
seq_0073,POLYSILICON ETCH
seq_0073,STRIP PHOTORESIST
seq_0073,CLEAN AFTER POLY ETCH
seq_0073,MEASURE GATE CD
seq_0073,IMPLANT SOURCE DRAIN
seq_0073,PRE ANNEAL CHECK
seq_0073,LIGHT ANNEAL
seq_0073,MEASURE SHEET RESISTANCE
seq_0073,DEPOSIT SPACER DIELECTRIC
seq_0073,ANISOTROPIC ETCH SPACER
seq_0073,IMPLANT LDD
seq_0073,RAPID THERMAL ANNEAL
seq_0073,MEASURE JUNCTION PROFILE
seq_0073,DEPOSIT INTERLAYER DIELECTRIC
seq_0073,DENSIFY DIELECTRIC
seq_0073,MEASURE FILM THICKNESS
seq_0073,CMP DIELECTRIC
seq_0073,MEASURE SURFACE PLANARITY
seq_0073,SPIN COAT PHOTORESIST
seq_0073,SOFT BAKE
seq_0073,ALIGN MASK LEVEL 3
seq_0073,EXPOSE LITHO LEVEL 3
seq_0073,POST EXPOSE BAKE
seq_0073,DEVELOP PHOTORESIST
seq_0073,VIA OPENING INSPECTION
seq_0073,HARD BAKE
seq_0073,VIA ETCH
seq_0073,STRIP RESIST
seq_0073,CLEAN AFTER VIA ETCH
seq_0073,DEPOSIT BARRIER METAL
seq_0073,DEPOSIT METAL SEED
seq_0073,FILL VIA METAL
seq_0073,CMP VIA FILL
seq_0073,MEASURE VIA RESISTANCE
seq_0073,DEPOSIT METAL 1
seq_0073,ANNEAL METAL 1
seq_0073,MEASURE METAL THICKNESS
seq_0073,SPIN COAT PHOTORESIST
seq_0073,SOFT BAKE
seq_0073,ALIGN MASK LEVEL 4
seq_0073,EXPOSE LITHO LEVEL 4
seq_0073,POST EXPOSE BAKE
seq_0073,DEVELOP PHOTORESIST
seq_0073,METAL PATTERN INSPECTION
seq_0073,METAL ETCH
seq_0073,STRIP PHOTORESIST
seq_0073,CLEAN AFTER METAL ETCH
seq_0073,MEASURE LINE WIDTH
seq_0073,DEPOSIT PASSIVATION LAYER
seq_0073,CURE PASSIVATION
seq_0073,MEASURE PASSIVATION THICKNESS
seq_0073,OPEN PAD WINDOW
seq_0073,PAD WINDOW LITHO
seq_0073,DEVELOP PHOTORESIST
seq_0073,PASSIVATION ETCH PAD OPENING
seq_0073,STRIP PHOTORESIST
seq_0073,CLEAN PAD OPENING
seq_0073,MEASURE PAD OPENING
seq_0073,BACKSIDE CLEAN
seq_0073,BACKSIDE GRIND
seq_0073,MEASURE THICKNESS
seq_0073,BACKSIDE ETCH CLEAN
seq_0073,BACKSIDE RINSE
seq_0073,BACKSIDE DRY
seq_0073,BACKSIDE METALLIZATION PREP
seq_0073,DEPOSIT BACKSIDE METAL
seq_0073,BACKSIDE ANNEAL
seq_0073,MEASURE BACKSIDE CONTACT
seq_0073,FINAL CLEAN
seq_0073,FINAL THICKNESS MEASURE
seq_0073,FINAL GEOMETRY CHECK
seq_0073,FINAL PARTICLE INSPECTION
seq_0073,PARAMETRIC TEST
seq_0073,LEAKAGE TEST
seq_0073,THRESHOLD VOLTAGE TEST
seq_0073,SWITCHING TEST
seq_0073,WAFER SORT TEST
seq_0073,YIELD ANALYSIS
seq_0073,FINAL LOT RELEASE
seq_0073,SHIP LOT
seq_0074,RECEIVE WAFER LOT
seq_0074,LOT IDENTIFICATION
seq_0074,INITIAL WAFER INSPECTION
seq_0074,MEASURE SURFACE PARTICLES
seq_0074,PRE CLEAN WAFER
seq_0074,BACKSIDE CLEAN
seq_0074,WET CLEAN RCA1
seq_0074,WET CLEAN RCA2
seq_0074,HF DIP
seq_0074,SUBSTRATE CHECK
seq_0074,EPITAXY PREP
seq_0074,EPITAXIAL DEPOSITION
seq_0074,MEASURE EPITAXY THICKNESS
seq_0074,MEASURE RESISTIVITY
seq_0074,EPITAXY ANNEAL
seq_0074,WAFER SURFACE CLEAN
seq_0074,THERMAL OXIDATION
seq_0074,MEASURE OXIDE THICKNESS
seq_0074,SPIN COAT PHOTORESIST
seq_0074,SOFT BAKE
seq_0074,ALIGN MASK LEVEL 1
seq_0074,EXPOSE LITHO LEVEL 1
seq_0074,DEVELOP PHOTORESIST
seq_0074,PATTERN INSPECTION LEVEL 1
seq_0074,OXIDE ETCH
seq_0074,STRIP RESIST
seq_0074,CLEAN AFTER ETCH
seq_0074,MEASURE OPENING CD
seq_0074,IMPLANT WELL
seq_0074,DRIVE IN DIFFUSION
seq_0074,RAPID THERMAL ANNEAL
seq_0074,THERMAL OXIDATION
seq_0074,GATE OXIDE PREP
seq_0074,GATE OXIDE GROWTH
seq_0074,MEASURE GATE OXIDE THICKNESS
seq_0074,DEPOSIT POLYSILICON
seq_0074,POLYSILICON ANNEAL
seq_0074,SPIN COAT PHOTORESIST
seq_0074,SOFT BAKE
seq_0074,ALIGN MASK LEVEL 2
seq_0074,EXPOSE LITHO LEVEL 2
seq_0074,POST EXPOSE BAKE
seq_0074,DEVELOP PHOTORESIST
seq_0074,POLY PATTERN INSPECTION
seq_0074,HARD BAKE
seq_0074,POLYSILICON ETCH
seq_0074,STRIP RESIST
seq_0074,CLEAN AFTER POLY ETCH
seq_0074,MEASURE GATE CD
seq_0074,IMPLANT SOURCE DRAIN
seq_0074,LIGHT ANNEAL
seq_0074,MEASURE SHEET RESISTANCE
seq_0074,DEPOSIT SPACER DIELECTRIC
seq_0074,ANISOTROPIC ETCH SPACER
seq_0074,MEASURE SPACER WIDTH
seq_0074,IMPLANT LDD
seq_0074,PRE ANNEAL CHECK
seq_0074,RAPID THERMAL ANNEAL
seq_0074,DEPOSIT INTERLEVEL DIELECTRIC
seq_0074,DENSIFY OXIDE
seq_0074,MEASURE DIELECTRIC THICKNESS
seq_0074,CMP DIELECTRIC
seq_0074,MEASURE SURFACE PLANARITY
seq_0074,SPIN COAT PHOTORESIST
seq_0074,SOFT BAKE
seq_0074,ALIGN MASK LEVEL 3
seq_0074,EXPOSE LITHO LEVEL 3
seq_0074,POST EXPOSE BAKE
seq_0074,DEVELOP PHOTORESIST
seq_0074,VIA INSPECTION
seq_0074,HARD BAKE
seq_0074,VIA ETCH THROUGH DIELECTRIC
seq_0074,STRIP RESIST
seq_0074,CLEAN AFTER VIA ETCH
seq_0074,MEASURE VIA CD
seq_0074,DEPOSIT BARRIER METAL
seq_0074,DEPOSIT METAL SEED
seq_0074,FILL VIA METAL
seq_0074,CMP VIA FILL
seq_0074,MEASURE CONTACT RESISTANCE
seq_0074,DEPOSIT TOP METAL
seq_0074,ANNEAL METAL 1
seq_0074,MEASURE METAL THICKNESS
seq_0074,SPIN COAT PHOTORESIST
seq_0074,SOFT BAKE
seq_0074,ALIGN MASK LEVEL 4
seq_0074,EXPOSE LITHO LEVEL 4
seq_0074,DEVELOP PHOTORESIST
seq_0074,METAL PATTERN INSPECTION
seq_0074,HARD BAKE
seq_0074,METAL ETCH
seq_0074,STRIP PHOTORESIST
seq_0074,CLEAN AFTER METAL ETCH
seq_0074,DEPOSIT PASSIVATION
seq_0074,CURE PASSIVATION
seq_0074,MEASURE PASSIVATION THICKNESS
seq_0074,OPEN BOND PAD WINDOW
seq_0074,OPEN PAD WINDOW LITHO
seq_0074,DEVELOP PAD WINDOW
seq_0074,PASSIVATION ETCH PAD OPENING
seq_0074,STRIP PHOTORESIST
seq_0074,CLEAN PAD OPENING
seq_0074,MEASURE PAD OPENING
seq_0074,BACKSIDE CLEAN
seq_0074,BACKSIDE GRIND
seq_0074,MEASURE WAFER THICKNESS
seq_0074,BACKSIDE ETCH CLEAN
seq_0074,BACKSIDE RINSE
seq_0074,BACKSIDE DRY
seq_0074,BACKSIDE METALLIZATION PREP
seq_0074,DEPOSIT BACKSIDE METAL
seq_0074,BACKSIDE ANNEAL
seq_0074,MEASURE BACKSIDE CONTACT
seq_0074,FINAL CLEAN
seq_0074,FINAL THICKNESS MEASURE
seq_0074,PARAMETRIC TEST
seq_0074,LEAKAGE TEST
seq_0074,THRESHOLD VOLTAGE TEST
seq_0074,SWITCHING TEST
seq_0074,WAFER SORT TEST
seq_0074,YIELD ANALYSIS
seq_0074,LOT RELEASE
seq_0074,SHIP LOT
seq_0075,RECEIVE WAFER LOT
seq_0075,LOT IDENTIFICATION
seq_0075,PRE CLEAN INSPECTION
seq_0075,MEASURE THICKNESS
seq_0075,MEASURE SURFACE PARTICLES
seq_0075,PRE CLEAN WAFER
seq_0075,FRONTSIDE CLEAN
seq_0075,WET CLEAN RCA1
seq_0075,WET CLEAN RCA2
seq_0075,HF DIP
seq_0075,DRY WAFER
seq_0075,SUBSTRATE CHECK
seq_0075,EPITAXY PREP
seq_0075,EPITAXIAL DEPOSITION
seq_0075,MEASURE EPITAXY THICKNESS
seq_0075,MEASURE RESISTIVITY
seq_0075,EPITAXY ANNEAL
seq_0075,WAFER SURFACE CLEAN
seq_0075,THERMAL OXIDATION
seq_0075,MEASURE OXIDE THICKNESS
seq_0075,SPIN COAT PHOTORESIST
seq_0075,SOFT BAKE
seq_0075,ALIGN MASK LEVEL 1
seq_0075,EXPOSE LITHO LEVEL 1
seq_0075,DEVELOP PHOTORESIST
seq_0075,PATTERN INSPECTION LEVEL 1
seq_0075,OXIDE ETCH
seq_0075,STRIP RESIST
seq_0075,CLEAN AFTER ETCH
seq_0075,MEASURE OPENING CD
seq_0075,IMPLANT WELL
seq_0075,PRE ANNEAL CHECK
seq_0075,DRIVE IN DIFFUSION
seq_0075,RAPID THERMAL ANNEAL
seq_0075,MEASURE JUNCTION DEPTH
seq_0075,THERMAL OXIDATION
seq_0075,GATE OXIDE PREP
seq_0075,GATE OXIDE GROWTH
seq_0075,MEASURE GATE OXIDE THICKNESS
seq_0075,DEPOSIT POLYSILICON
seq_0075,POLYSILICON ANNEAL
seq_0075,MEASURE POLY THICKNESS
seq_0075,SPIN COAT PHOTORESIST
seq_0075,SOFT BAKE
seq_0075,ALIGN MASK LEVEL 2
seq_0075,EXPOSE LITHO LEVEL 2
seq_0075,DEVELOP PHOTORESIST
seq_0075,POLY PATTERN INSPECTION
seq_0075,POLYSILICON ETCH
seq_0075,STRIP PHOTORESIST
seq_0075,CLEAN AFTER POLY ETCH
seq_0075,MEASURE GATE CD
seq_0075,IMPLANT SOURCE DRAIN
seq_0075,LIGHT ANNEAL
seq_0075,MEASURE SHEET RESISTANCE
seq_0075,DEPOSIT SPACER DIELECTRIC
seq_0075,ANISOTROPIC ETCH SPACER
seq_0075,MEASURE SPACER WIDTH
seq_0075,IMPLANT LDD
seq_0075,RAPID THERMAL ANNEAL
seq_0075,MEASURE JUNCTION PROFILE
seq_0075,DEPOSIT INTERLEVEL DIELECTRIC
seq_0075,DENSIFY OXIDE
seq_0075,MEASURE FILM THICKNESS
seq_0075,CMP DIELECTRIC
seq_0075,MEASURE PLANARITY
seq_0075,SPIN COAT PHOTORESIST
seq_0075,SOFT BAKE
seq_0075,ALIGN MASK LEVEL 3
seq_0075,EXPOSE LITHO LEVEL 3
seq_0075,DEVELOP PHOTORESIST
seq_0075,VIA OPENING INSPECTION
seq_0075,VIA ETCH THROUGH DIELECTRIC
seq_0075,STRIP RESIST
seq_0075,CLEAN AFTER VIA ETCH
seq_0075,MEASURE VIA CD
seq_0075,DEPOSIT BARRIER METAL
seq_0075,DEPOSIT METAL SEED
seq_0075,FILL VIA METAL
seq_0075,CMP METAL
seq_0075,MEASURE CONTACT RESISTANCE
seq_0075,DEPOSIT TOP METAL
seq_0075,ANNEAL METAL 1
seq_0075,MEASURE METAL THICKNESS
seq_0075,SPIN COAT PHOTORESIST
seq_0075,SOFT BAKE
seq_0075,ALIGN MASK LEVEL 4
seq_0075,EXPOSE LITHO LEVEL 4
seq_0075,DEVELOP PHOTORESIST
seq_0075,METAL PATTERN INSPECTION
seq_0075,METAL ETCH
seq_0075,STRIP RESIST
seq_0075,CLEAN AFTER METAL ETCH
seq_0075,MEASURE LINE WIDTH
seq_0075,DEPOSIT PASSIVATION LAYER
seq_0075,CURE PASSIVATION
seq_0075,MEASURE PASSIVATION QUALITY
seq_0075,OPEN PAD WINDOW
seq_0075,OPEN PAD WINDOW LITHO
seq_0075,DEVELOP PAD WINDOW
seq_0075,PASSIVATION ETCH
seq_0075,STRIP RESIST
seq_0075,CLEAN PAD OPENING
seq_0075,MEASURE PAD OPENING
seq_0075,BACKSIDE CLEAN
seq_0075,BACKSIDE GRIND
seq_0075,MEASURE THICKNESS
seq_0075,BACKSIDE ETCH CLEAN
seq_0075,BACKSIDE RINSE
seq_0075,BACKSIDE DRY
seq_0075,BACKSIDE METALLIZATION PREP
seq_0075,DEPOSIT BACKSIDE METAL
seq_0075,BACKSIDE ANNEAL
seq_0075,MEASURE BACKSIDE CONTACT
seq_0075,FINAL CLEAN
seq_0075,FINAL THICKNESS MEASURE
seq_0075,FINAL CD INSPECTION
seq_0075,FINAL PARTICLE INSPECTION
seq_0075,PARAMETRIC TEST
seq_0075,LEAKAGE TEST
seq_0075,THRESHOLD VOLTAGE TEST
seq_0075,SWITCHING TEST
seq_0075,WAFER SORT TEST
seq_0075,YIELD ANALYSIS
seq_0075,FINAL LOT RELEASE
seq_0075,SHIP LOT
seq_0076,RECEIVE WAFER LOT
seq_0076,LOT IDENTIFICATION
seq_0076,INITIAL WAFER INSPECTION
seq_0076,MEASURE THICKNESS
seq_0076,PRE CLEAN WAFER
seq_0076,BACKSIDE CLEAN
seq_0076,RCA CLEAN 1
seq_0076,WET CLEAN RCA2
seq_0076,HF DIP
seq_0076,DRY WAFER
seq_0076,SUBSTRATE CHECK
seq_0076,EPITAXY PREP
seq_0076,EPITAXIAL DEPOSITION
seq_0076,MEASURE EPITAXY THICKNESS
seq_0076,MEASURE RESISTIVITY
seq_0076,EPITAXY ANNEAL
seq_0076,WAFER SURFACE CLEAN
seq_0076,THERMAL OXIDATION
seq_0076,MEASURE OXIDE THICKNESS
seq_0076,SPIN COAT PHOTORESIST
seq_0076,SOFT BAKE
seq_0076,ALIGN MASK LEVEL 1
seq_0076,EXPOSE LITHO LEVEL 1
seq_0076,DEVELOP PHOTORESIST
seq_0076,PATTERN INSPECTION LEVEL 1
seq_0076,OXIDE ETCH
seq_0076,STRIP PHOTORESIST
seq_0076,CLEAN AFTER ETCH
seq_0076,MEASURE OPENING CD
seq_0076,IMPLANT WELL
seq_0076,DRIVE IN DIFFUSION
seq_0076,RAPID THERMAL ANNEAL
seq_0076,MEASURE JUNCTION DEPTH
seq_0076,THERMAL OXIDATION
seq_0076,GATE OXIDE PREP
seq_0076,GATE OXIDE GROWTH
seq_0076,MEASURE GATE OXIDE THICKNESS
seq_0076,DEPOSIT POLYSILICON
seq_0076,POLYSILICON ANNEAL
seq_0076,MEASURE POLY THICKNESS
seq_0076,SPIN COAT PHOTORESIST
seq_0076,SOFT BAKE
seq_0076,ALIGN MASK LEVEL 2
seq_0076,EXPOSE LITHO LEVEL 2
seq_0076,POST EXPOSE BAKE
seq_0076,DEVELOP PHOTORESIST
seq_0076,POLY PATTERN INSPECTION
seq_0076,HARD BAKE
seq_0076,POLYSILICON ETCH
seq_0076,STRIP PHOTORESIST
seq_0076,CLEAN AFTER POLY ETCH
seq_0076,MEASURE GATE CD
seq_0076,IMPLANT SOURCE DRAIN
seq_0076,LIGHT ANNEAL
seq_0076,DEPOSIT SPACER DIELECTRIC
seq_0076,ANISOTROPIC ETCH SPACER
seq_0076,MEASURE SPACER WIDTH
seq_0076,IMPLANT LDD
seq_0076,PRE ANNEAL CHECK
seq_0076,RAPID THERMAL ANNEAL
seq_0076,MEASURE JUNCTION PROFILE
seq_0076,DEPOSIT INTERLAYER DIELECTRIC
seq_0076,DENSIFY DIELECTRIC
seq_0076,MEASURE DIELECTRIC THICKNESS
seq_0076,CMP INTERLAYER DIELECTRIC
seq_0076,MEASURE SURFACE PLANARITY
seq_0076,SPIN COAT PHOTORESIST
seq_0076,SOFT BAKE
seq_0076,ALIGN MASK LEVEL 3
seq_0076,EXPOSE LITHO LEVEL 3
seq_0076,DEVELOP PHOTORESIST
seq_0076,VIA INSPECTION
seq_0076,HARD BAKE
seq_0076,DIELECTRIC ETCH VIA
seq_0076,STRIP PHOTORESIST
seq_0076,CLEAN AFTER VIA ETCH
seq_0076,DEPOSIT BARRIER METAL
seq_0076,DEPOSIT METAL SEED
seq_0076,FILL VIA METAL
seq_0076,CMP METAL
seq_0076,MEASURE CONTACT RESISTANCE
seq_0076,DEPOSIT METAL 1
seq_0076,ANNEAL METAL
seq_0076,MEASURE METAL THICKNESS
seq_0076,SPIN COAT PHOTORESIST
seq_0076,SOFT BAKE
seq_0076,ALIGN MASK LEVEL 4
seq_0076,EXPOSE LITHO LEVEL 4
seq_0076,DEVELOP PHOTORESIST
seq_0076,METAL PATTERN INSPECTION
seq_0076,METAL ETCH
seq_0076,STRIP PHOTORESIST
seq_0076,CLEAN AFTER METAL ETCH
seq_0076,MEASURE LINE WIDTH
seq_0076,DEPOSIT PASSIVATION
seq_0076,CURE PASSIVATION
seq_0076,MEASURE PASSIVATION QUALITY
seq_0076,OPEN BOND PAD WINDOW
seq_0076,PAD WINDOW LITHO
seq_0076,DEVELOP PAD WINDOW
seq_0076,PASSIVATION ETCH
seq_0076,STRIP RESIST
seq_0076,CLEAN PAD OPENING
seq_0076,MEASURE PAD OPENING
seq_0076,BACKSIDE CLEAN
seq_0076,BACKSIDE GRIND
seq_0076,MEASURE WAFER THICKNESS
seq_0076,BACKSIDE ETCH CLEAN
seq_0076,BACKSIDE RINSE
seq_0076,BACKSIDE DRY
seq_0076,BACKSIDE METALLIZATION PREP
seq_0076,DEPOSIT BACKSIDE METAL
seq_0076,BACKSIDE ANNEAL
seq_0076,MEASURE BACKSIDE CONTACT
seq_0076,FINAL CLEAN
seq_0076,FINAL THICKNESS MEASURE
seq_0076,FINAL GEOMETRY CHECK
seq_0076,FINAL PARTICLE INSPECTION
seq_0076,PARAMETRIC TEST
seq_0076,LEAKAGE TEST
seq_0076,THRESHOLD VOLTAGE TEST
seq_0076,SWITCHING TEST
seq_0076,WAFER SORT TEST
seq_0076,YIELD ANALYSIS
seq_0076,FINAL LOT RELEASE
seq_0076,SHIP LOT
seq_0077,RECEIVE WAFER LOT
seq_0077,LOT IDENTIFICATION
seq_0077,INITIAL WAFER INSPECTION
seq_0077,MEASURE THICKNESS
seq_0077,MEASURE SURFACE PARTICLES
seq_0077,PRE CLEAN WAFER
seq_0077,BACKSIDE CLEAN
seq_0077,FRONTSIDE CLEAN
seq_0077,RCA CLEAN 1
seq_0077,RCA CLEAN 2
seq_0077,HF DIP
seq_0077,SUBSTRATE CHECK
seq_0077,EPITAXY PREP
seq_0077,EPITAXIAL DEPOSITION
seq_0077,MEASURE EPITAXY THICKNESS
seq_0077,MEASURE RESISTIVITY
seq_0077,EPITAXY ANNEAL
seq_0077,WAFER SURFACE CLEAN
seq_0077,THERMAL OXIDATION
seq_0077,MEASURE OXIDE THICKNESS
seq_0077,SPIN COAT PHOTORESIST
seq_0077,SOFT BAKE
seq_0077,ALIGN MASK LEVEL 1
seq_0077,EXPOSE LITHO LEVEL 1
seq_0077,DEVELOP PHOTORESIST
seq_0077,PATTERN INSPECTION LEVEL 1
seq_0077,OXIDE ETCH
seq_0077,STRIP PHOTORESIST
seq_0077,CLEAN AFTER ETCH
seq_0077,IMPLANT WELL
seq_0077,DRIVE IN DIFFUSION
seq_0077,RAPID THERMAL ANNEAL
seq_0077,MEASURE JUNCTION DEPTH
seq_0077,THERMAL OXIDATION
seq_0077,GATE OXIDE PREP
seq_0077,GATE OXIDE GROWTH
seq_0077,MEASURE GATE OXIDE THICKNESS
seq_0077,DEPOSIT POLYSILICON
seq_0077,POLYSILICON ANNEAL
seq_0077,SPIN COAT PHOTORESIST
seq_0077,SOFT BAKE
seq_0077,ALIGN MASK LEVEL 2
seq_0077,EXPOSE LITHO LEVEL 2
seq_0077,DEVELOP PHOTORESIST
seq_0077,POLY PATTERN INSPECTION
seq_0077,POLYSILICON ETCH
seq_0077,STRIP PHOTORESIST
seq_0077,CLEAN AFTER POLY ETCH
seq_0077,MEASURE GATE CD
seq_0077,IMPLANT SOURCE DRAIN
seq_0077,PRE ANNEAL CHECK
seq_0077,LIGHT ANNEAL
seq_0077,MEASURE SHEET RESISTANCE
seq_0077,DEPOSIT SPACER DIELECTRIC
seq_0077,ANISOTROPIC ETCH SPACER
seq_0077,MEASURE SPACER WIDTH
seq_0077,IMPLANT LDD
seq_0077,PRE ANNEAL CHECK
seq_0077,RAPID THERMAL ANNEAL
seq_0077,MEASURE JUNCTION PROFILE
seq_0077,DEPOSIT INTERLAYER DIELECTRIC
seq_0077,DENSIFY OXIDE
seq_0077,MEASURE DIELECTRIC THICKNESS
seq_0077,CMP DIELECTRIC
seq_0077,MEASURE SURFACE PLANARITY
seq_0077,SPIN COAT PHOTORESIST
seq_0077,SOFT BAKE
seq_0077,ALIGN MASK LEVEL 3
seq_0077,EXPOSE LITHO LEVEL 3
seq_0077,POST EXPOSE BAKE
seq_0077,DEVELOP PHOTORESIST
seq_0077,VIA INSPECTION
seq_0077,HARD BAKE
seq_0077,VIA ETCH THROUGH DIELECTRIC
seq_0077,STRIP PHOTORESIST
seq_0077,CLEAN AFTER VIA ETCH
seq_0077,MEASURE VIA CD
seq_0077,DEPOSIT BARRIER METAL
seq_0077,DEPOSIT METAL SEED
seq_0077,FILL VIA METAL
seq_0077,CMP METAL
seq_0077,MEASURE CONTACT RESISTANCE
seq_0077,DEPOSIT METAL 1
seq_0077,ANNEAL METAL
seq_0077,SPIN COAT PHOTORESIST
seq_0077,SOFT BAKE
seq_0077,ALIGN MASK LEVEL 4
seq_0077,EXPOSE LITHO LEVEL 4
seq_0077,DEVELOP PHOTORESIST
seq_0077,METAL PATTERN INSPECTION
seq_0077,HARD BAKE
seq_0077,METAL ETCH
seq_0077,STRIP RESIST
seq_0077,CLEAN AFTER METAL ETCH
seq_0077,MEASURE LINE WIDTH
seq_0077,DEPOSIT PASSIVATION
seq_0077,CURE PASSIVATION
seq_0077,MEASURE PASSIVATION QUALITY
seq_0077,OPEN PAD WINDOW
seq_0077,PAD WINDOW LITHO
seq_0077,DEVELOP PHOTORESIST
seq_0077,PASSIVATION ETCH PAD OPENING
seq_0077,STRIP PHOTORESIST
seq_0077,CLEAN PAD OPENING
seq_0077,MEASURE PAD OPENING
seq_0077,BACKSIDE CLEAN
seq_0077,BACKSIDE GRIND
seq_0077,MEASURE WAFER THICKNESS
seq_0077,BACKSIDE ETCH CLEAN
seq_0077,BACKSIDE RINSE
seq_0077,BACKSIDE DRY
seq_0077,BACKSIDE METALLIZATION PREP
seq_0077,DEPOSIT BACKSIDE METAL
seq_0077,BACKSIDE ANNEAL
seq_0077,MEASURE BACKSIDE CONTACT
seq_0077,FINAL CLEAN
seq_0077,FINAL GEOMETRY CHECK
seq_0077,FINAL CD INSPECTION
seq_0077,FINAL PARTICLE INSPECTION
seq_0077,PARAMETRIC TEST
seq_0077,LEAKAGE TEST
seq_0077,THRESHOLD VOLTAGE TEST
seq_0077,SWITCHING TEST
seq_0077,WAFER SORT TEST
seq_0077,YIELD ANALYSIS
seq_0077,FINAL LOT RELEASE
seq_0077,SHIP LOT
seq_0078,RECEIVE WAFER LOT
seq_0078,LOT IDENTIFICATION
seq_0078,INITIAL WAFER INSPECTION
seq_0078,PRE CLEAN WAFER
seq_0078,BACKSIDE CLEAN
seq_0078,WET CLEAN RCA1
seq_0078,RCA CLEAN 2
seq_0078,HF DIP
seq_0078,DRY WAFER
seq_0078,SUBSTRATE CHECK
seq_0078,EPITAXY PREP
seq_0078,EPITAXIAL DEPOSITION
seq_0078,MEASURE EPITAXY THICKNESS
seq_0078,MEASURE RESISTIVITY
seq_0078,EPITAXY ANNEAL
seq_0078,WAFER SURFACE CLEAN
seq_0078,THERMAL OXIDATION
seq_0078,MEASURE OXIDE THICKNESS
seq_0078,SPIN COAT PHOTORESIST
seq_0078,SOFT BAKE
seq_0078,ALIGN MASK LEVEL 1
seq_0078,EXPOSE LITHO LEVEL 1
seq_0078,POST EXPOSE BAKE
seq_0078,DEVELOP PHOTORESIST
seq_0078,PATTERN INSPECTION LEVEL 1
seq_0078,OXIDE ETCH
seq_0078,STRIP PHOTORESIST
seq_0078,CLEAN AFTER ETCH
seq_0078,MEASURE OPENING CD
seq_0078,IMPLANT WELL
seq_0078,PRE ANNEAL CHECK
seq_0078,DRIVE IN DIFFUSION
seq_0078,RAPID THERMAL ANNEAL
seq_0078,MEASURE JUNCTION DEPTH
seq_0078,THERMAL OXIDATION
seq_0078,GATE OXIDE PREP
seq_0078,GATE OXIDE GROWTH
seq_0078,MEASURE GATE OXIDE THICKNESS
seq_0078,DEPOSIT POLYSILICON
seq_0078,POLYSILICON ANNEAL
seq_0078,MEASURE POLY THICKNESS
seq_0078,SPIN COAT PHOTORESIST
seq_0078,SOFT BAKE
seq_0078,ALIGN MASK LEVEL 2
seq_0078,EXPOSE LITHO LEVEL 2
seq_0078,DEVELOP PHOTORESIST
seq_0078,POLY PATTERN INSPECTION
seq_0078,POLYSILICON ETCH
seq_0078,STRIP PHOTORESIST
seq_0078,CLEAN AFTER POLY ETCH
seq_0078,MEASURE GATE CD
seq_0078,IMPLANT SOURCE DRAIN
seq_0078,LIGHT ANNEAL
seq_0078,MEASURE SHEET RESISTANCE
seq_0078,DEPOSIT SPACER DIELECTRIC
seq_0078,ANISOTROPIC ETCH SPACER
seq_0078,MEASURE SPACER WIDTH
seq_0078,IMPLANT LDD
seq_0078,PRE ANNEAL CHECK
seq_0078,RAPID THERMAL ANNEAL
seq_0078,DEPOSIT INTERLEVEL DIELECTRIC
seq_0078,DENSIFY DIELECTRIC
seq_0078,MEASURE FILM THICKNESS
seq_0078,CMP INTERLAYER DIELECTRIC
seq_0078,MEASURE SURFACE PLANARITY
seq_0078,SPIN COAT PHOTORESIST
seq_0078,SOFT BAKE
seq_0078,ALIGN MASK LEVEL 3
seq_0078,EXPOSE LITHO LEVEL 3
seq_0078,DEVELOP PHOTORESIST
seq_0078,VIA INSPECTION
seq_0078,VIA ETCH
seq_0078,STRIP PHOTORESIST
seq_0078,CLEAN AFTER VIA ETCH
seq_0078,DEPOSIT BARRIER METAL
seq_0078,DEPOSIT METAL SEED
seq_0078,FILL VIA METAL
seq_0078,CMP VIA FILL
seq_0078,MEASURE VIA RESISTANCE
seq_0078,DEPOSIT METAL 1
seq_0078,ANNEAL METAL
seq_0078,SPIN COAT PHOTORESIST
seq_0078,SOFT BAKE
seq_0078,ALIGN MASK LEVEL 4
seq_0078,EXPOSE LITHO LEVEL 4
seq_0078,DEVELOP PHOTORESIST
seq_0078,METAL PATTERN INSPECTION
seq_0078,METAL ETCH
seq_0078,STRIP RESIST
seq_0078,CLEAN AFTER METAL ETCH
seq_0078,MEASURE LINE WIDTH
seq_0078,DEPOSIT PASSIVATION
seq_0078,CURE PASSIVATION
seq_0078,MEASURE PASSIVATION THICKNESS
seq_0078,OPEN BOND PAD WINDOW
seq_0078,OPEN PAD WINDOW LITHO
seq_0078,DEVELOP PAD WINDOW
seq_0078,PASSIVATION ETCH PAD OPENING
seq_0078,STRIP PHOTORESIST
seq_0078,CLEAN PAD OPENING
seq_0078,MEASURE PAD OPENING
seq_0078,BACKSIDE CLEAN
seq_0078,BACKSIDE GRIND
seq_0078,MEASURE WAFER THICKNESS
seq_0078,BACKSIDE ETCH CLEAN
seq_0078,BACKSIDE RINSE
seq_0078,BACKSIDE DRY
seq_0078,BACKSIDE METALLIZATION PREP
seq_0078,DEPOSIT BACKSIDE METAL
seq_0078,BACKSIDE ANNEAL
seq_0078,MEASURE BACKSIDE CONTACT
seq_0078,FINAL CLEAN
seq_0078,FINAL THICKNESS MEASURE
seq_0078,FINAL PARTICLE INSPECTION
seq_0078,ELECTRICAL PARAMETRIC TEST
seq_0078,LEAKAGE TEST
seq_0078,THRESHOLD VOLTAGE TEST
seq_0078,SWITCHING TEST
seq_0078,WAFER SORT TEST
seq_0078,YIELD ANALYSIS
seq_0078,LOT RELEASE
seq_0078,SHIP LOT
seq_0079,RECEIVE WAFER LOT
seq_0079,LOT IDENTIFICATION
seq_0079,PRE CLEAN INSPECTION
seq_0079,MEASURE SURFACE PARTICLES
seq_0079,PRE CLEAN WAFER
seq_0079,BACKSIDE CLEAN
seq_0079,FRONTSIDE CLEAN
seq_0079,RCA CLEAN 1
seq_0079,RCA CLEAN 2
seq_0079,HF DIP
seq_0079,DRY WAFER
seq_0079,SUBSTRATE CHECK
seq_0079,EPITAXY PREP
seq_0079,EPITAXIAL DEPOSITION
seq_0079,MEASURE EPITAXY THICKNESS
seq_0079,MEASURE RESISTIVITY
seq_0079,EPITAXY ANNEAL
seq_0079,WAFER SURFACE CLEAN
seq_0079,THERMAL OXIDATION
seq_0079,MEASURE OXIDE THICKNESS
seq_0079,SPIN COAT PHOTORESIST
seq_0079,SOFT BAKE
seq_0079,ALIGN MASK LEVEL 1
seq_0079,EXPOSE LITHO LEVEL 1
seq_0079,DEVELOP PHOTORESIST
seq_0079,PATTERN INSPECTION LEVEL 1
seq_0079,HARD BAKE
seq_0079,OXIDE ETCH
seq_0079,STRIP PHOTORESIST
seq_0079,CLEAN AFTER ETCH
seq_0079,MEASURE OPENING CD
seq_0079,IMPLANT WELL
seq_0079,PRE ANNEAL CHECK
seq_0079,DRIVE IN DIFFUSION
seq_0079,RAPID THERMAL ANNEAL
seq_0079,MEASURE JUNCTION DEPTH
seq_0079,THERMAL OXIDATION
seq_0079,GATE OXIDE PREP
seq_0079,GATE OXIDE GROWTH
seq_0079,MEASURE GATE OXIDE THICKNESS
seq_0079,DEPOSIT POLYSILICON
seq_0079,POLYSILICON ANNEAL
seq_0079,MEASURE POLY THICKNESS
seq_0079,SPIN COAT PHOTORESIST
seq_0079,SOFT BAKE
seq_0079,ALIGN MASK LEVEL 2
seq_0079,EXPOSE LITHO LEVEL 2
seq_0079,DEVELOP PHOTORESIST
seq_0079,POLY PATTERN INSPECTION
seq_0079,POLYSILICON ETCH
seq_0079,STRIP PHOTORESIST
seq_0079,CLEAN AFTER POLY ETCH
seq_0079,MEASURE GATE CD
seq_0079,IMPLANT SOURCE DRAIN
seq_0079,LIGHT ANNEAL
seq_0079,MEASURE SHEET RESISTANCE
seq_0079,DEPOSIT SPACER DIELECTRIC
seq_0079,ANISOTROPIC ETCH SPACER
seq_0079,IMPLANT LDD
seq_0079,RAPID THERMAL ANNEAL
seq_0079,DEPOSIT INTERLEVEL DIELECTRIC
seq_0079,DENSIFY DIELECTRIC
seq_0079,MEASURE FILM THICKNESS
seq_0079,CMP INTERLAYER DIELECTRIC
seq_0079,MEASURE SURFACE PLANARITY
seq_0079,SPIN COAT PHOTORESIST
seq_0079,SOFT BAKE
seq_0079,ALIGN MASK LEVEL 3
seq_0079,EXPOSE LITHO LEVEL 3
seq_0079,DEVELOP PHOTORESIST
seq_0079,VIA INSPECTION
seq_0079,VIA ETCH THROUGH DIELECTRIC
seq_0079,STRIP PHOTORESIST
seq_0079,CLEAN AFTER VIA ETCH
seq_0079,MEASURE VIA CD
seq_0079,DEPOSIT BARRIER METAL
seq_0079,DEPOSIT METAL SEED
seq_0079,FILL VIA METAL
seq_0079,CMP METAL
seq_0079,MEASURE VIA RESISTANCE
seq_0079,DEPOSIT TOP METAL
seq_0079,ANNEAL METAL 1
seq_0079,SPIN COAT PHOTORESIST
seq_0079,SOFT BAKE
seq_0079,ALIGN MASK LEVEL 4
seq_0079,EXPOSE LITHO LEVEL 4
seq_0079,POST EXPOSE BAKE
seq_0079,DEVELOP PHOTORESIST
seq_0079,METAL PATTERN INSPECTION
seq_0079,METAL ETCH
seq_0079,STRIP RESIST
seq_0079,CLEAN AFTER METAL ETCH
seq_0079,MEASURE LINE WIDTH
seq_0079,DEPOSIT PASSIVATION
seq_0079,CURE PASSIVATION
seq_0079,MEASURE PASSIVATION THICKNESS
seq_0079,OPEN PAD WINDOW
seq_0079,PAD WINDOW LITHO
seq_0079,DEVELOP PAD WINDOW
seq_0079,PASSIVATION ETCH PAD OPENING
seq_0079,STRIP RESIST
seq_0079,CLEAN PAD OPENING
seq_0079,MEASURE PAD OPENING
seq_0079,BACKSIDE CLEAN
seq_0079,BACKSIDE GRIND
seq_0079,MEASURE THICKNESS
seq_0079,BACKSIDE ETCH CLEAN
seq_0079,BACKSIDE RINSE
seq_0079,BACKSIDE DRY
seq_0079,BACKSIDE METALLIZATION PREP
seq_0079,DEPOSIT BACKSIDE METAL
seq_0079,BACKSIDE ANNEAL
seq_0079,MEASURE BACKSIDE CONTACT
seq_0079,FINAL CLEAN
seq_0079,FINAL THICKNESS MEASURE
seq_0079,FINAL GEOMETRY CHECK
seq_0079,FINAL CD INSPECTION
seq_0079,FINAL PARTICLE INSPECTION
seq_0079,PARAMETRIC TEST
seq_0079,LEAKAGE TEST
seq_0079,THRESHOLD VOLTAGE TEST
seq_0079,SWITCHING TEST
seq_0079,WAFER SORT TEST
seq_0079,YIELD ANALYSIS
seq_0079,FINAL LOT RELEASE
seq_0079,SHIP LOT
seq_0080,RECEIVE WAFER LOT
seq_0080,LOT IDENTIFICATION
seq_0080,PRE CLEAN INSPECTION
seq_0080,MEASURE THICKNESS
seq_0080,MEASURE SURFACE PARTICLES
seq_0080,PRE CLEAN WAFER
seq_0080,FRONTSIDE CLEAN
seq_0080,WET CLEAN RCA1
seq_0080,RCA CLEAN 2
seq_0080,HF DIP
seq_0080,DRY WAFER
seq_0080,SUBSTRATE CHECK
seq_0080,EPITAXY PREP
seq_0080,EPITAXIAL DEPOSITION
seq_0080,MEASURE EPITAXY THICKNESS
seq_0080,MEASURE RESISTIVITY
seq_0080,EPITAXY ANNEAL
seq_0080,WAFER SURFACE CLEAN
seq_0080,THERMAL OXIDATION
seq_0080,MEASURE OXIDE THICKNESS
seq_0080,SPIN COAT PHOTORESIST
seq_0080,SOFT BAKE
seq_0080,ALIGN MASK LEVEL 1
seq_0080,EXPOSE LITHO LEVEL 1
seq_0080,DEVELOP PHOTORESIST
seq_0080,PATTERN INSPECTION LEVEL 1
seq_0080,OXIDE ETCH
seq_0080,STRIP PHOTORESIST
seq_0080,CLEAN AFTER ETCH
seq_0080,IMPLANT WELL
seq_0080,DRIVE IN DIFFUSION
seq_0080,RAPID THERMAL ANNEAL
seq_0080,MEASURE JUNCTION DEPTH
seq_0080,THERMAL OXIDATION
seq_0080,GATE OXIDE PREP
seq_0080,GATE OXIDE GROWTH
seq_0080,MEASURE GATE OXIDE THICKNESS
seq_0080,DEPOSIT POLYSILICON
seq_0080,POLYSILICON ANNEAL
seq_0080,MEASURE POLY THICKNESS
seq_0080,SPIN COAT PHOTORESIST
seq_0080,SOFT BAKE
seq_0080,ALIGN MASK LEVEL 2
seq_0080,EXPOSE LITHO LEVEL 2
seq_0080,POST EXPOSE BAKE
seq_0080,DEVELOP PHOTORESIST
seq_0080,POLY PATTERN INSPECTION
seq_0080,POLYSILICON ETCH
seq_0080,STRIP PHOTORESIST
seq_0080,CLEAN AFTER POLY ETCH
seq_0080,MEASURE GATE CD
seq_0080,IMPLANT SOURCE DRAIN
seq_0080,LIGHT ANNEAL
seq_0080,DEPOSIT SPACER DIELECTRIC
seq_0080,ANISOTROPIC ETCH SPACER
seq_0080,MEASURE SPACER WIDTH
seq_0080,IMPLANT LDD
seq_0080,PRE ANNEAL CHECK
seq_0080,RAPID THERMAL ANNEAL
seq_0080,MEASURE JUNCTION PROFILE
seq_0080,DEPOSIT INTERLAYER DIELECTRIC
seq_0080,DENSIFY OXIDE
seq_0080,MEASURE DIELECTRIC THICKNESS
seq_0080,CMP DIELECTRIC
seq_0080,MEASURE SURFACE PLANARITY
seq_0080,SPIN COAT PHOTORESIST
seq_0080,SOFT BAKE
seq_0080,ALIGN MASK LEVEL 3
seq_0080,EXPOSE LITHO LEVEL 3
seq_0080,DEVELOP PHOTORESIST
seq_0080,VIA OPENING INSPECTION
seq_0080,VIA ETCH
seq_0080,STRIP PHOTORESIST
seq_0080,CLEAN AFTER VIA ETCH
seq_0080,MEASURE VIA CD
seq_0080,DEPOSIT BARRIER METAL
seq_0080,DEPOSIT METAL SEED
seq_0080,FILL VIA METAL
seq_0080,CMP METAL
seq_0080,DEPOSIT TOP METAL
seq_0080,ANNEAL METAL 1
seq_0080,MEASURE METAL THICKNESS
seq_0080,SPIN COAT PHOTORESIST
seq_0080,SOFT BAKE
seq_0080,ALIGN MASK LEVEL 4
seq_0080,EXPOSE LITHO LEVEL 4
seq_0080,DEVELOP PHOTORESIST
seq_0080,METAL PATTERN INSPECTION
seq_0080,METAL ETCH
seq_0080,STRIP PHOTORESIST
seq_0080,CLEAN AFTER METAL ETCH
seq_0080,MEASURE LINE WIDTH
seq_0080,DEPOSIT PASSIVATION
seq_0080,CURE PASSIVATION
seq_0080,MEASURE PASSIVATION QUALITY
seq_0080,OPEN BOND PAD WINDOW
seq_0080,PAD WINDOW LITHO
seq_0080,DEVELOP PHOTORESIST
seq_0080,PASSIVATION ETCH PAD OPENING
seq_0080,STRIP RESIST
seq_0080,CLEAN PAD OPENING
seq_0080,MEASURE PAD OPENING
seq_0080,BACKSIDE CLEAN
seq_0080,BACKSIDE GRIND
seq_0080,MEASURE THICKNESS
seq_0080,BACKSIDE ETCH CLEAN
seq_0080,BACKSIDE RINSE
seq_0080,BACKSIDE DRY
seq_0080,BACKSIDE METALLIZATION PREP
seq_0080,DEPOSIT BACKSIDE METAL
seq_0080,BACKSIDE ANNEAL
seq_0080,MEASURE BACKSIDE CONTACT
seq_0080,FINAL CLEAN
seq_0080,FINAL THICKNESS MEASURE
seq_0080,FINAL GEOMETRY CHECK
seq_0080,FINAL CD INSPECTION
seq_0080,ELECTRICAL PARAMETRIC TEST
seq_0080,LEAKAGE TEST
seq_0080,THRESHOLD VOLTAGE TEST
seq_0080,SWITCHING TEST
seq_0080,WAFER SORT TEST
seq_0080,YIELD ANALYSIS
seq_0080,LOT RELEASE
seq_0080,SHIP LOT
seq_0081,RECEIVE WAFER LOT
seq_0081,LOT IDENTIFICATION
seq_0081,INITIAL WAFER INSPECTION
seq_0081,MEASURE THICKNESS
seq_0081,MEASURE SURFACE PARTICLES
seq_0081,PRE CLEAN WAFER
seq_0081,BACKSIDE CLEAN
seq_0081,FRONTSIDE CLEAN
seq_0081,WET CLEAN RCA1
seq_0081,RCA CLEAN 2
seq_0081,HF DIP
seq_0081,SUBSTRATE CHECK
seq_0081,EPITAXY PREP
seq_0081,EPITAXIAL DEPOSITION
seq_0081,MEASURE EPITAXY THICKNESS
seq_0081,MEASURE RESISTIVITY
seq_0081,EPITAXY ANNEAL
seq_0081,WAFER SURFACE CLEAN
seq_0081,THERMAL OXIDATION
seq_0081,MEASURE OXIDE THICKNESS
seq_0081,SPIN COAT PHOTORESIST
seq_0081,SOFT BAKE
seq_0081,ALIGN MASK LEVEL 1
seq_0081,EXPOSE LITHO LEVEL 1
seq_0081,DEVELOP PHOTORESIST
seq_0081,PATTERN INSPECTION LEVEL 1
seq_0081,HARD BAKE
seq_0081,OXIDE ETCH
seq_0081,STRIP PHOTORESIST
seq_0081,CLEAN AFTER ETCH
seq_0081,MEASURE OPENING CD
seq_0081,IMPLANT WELL
seq_0081,PRE ANNEAL CHECK
seq_0081,DRIVE IN DIFFUSION
seq_0081,RAPID THERMAL ANNEAL
seq_0081,MEASURE JUNCTION DEPTH
seq_0081,THERMAL OXIDATION
seq_0081,GATE OXIDE PREP
seq_0081,GATE OXIDE GROWTH
seq_0081,MEASURE GATE OXIDE THICKNESS
seq_0081,DEPOSIT POLYSILICON
seq_0081,POLYSILICON ANNEAL
seq_0081,MEASURE POLY THICKNESS
seq_0081,SPIN COAT PHOTORESIST
seq_0081,SOFT BAKE
seq_0081,ALIGN MASK LEVEL 2
seq_0081,EXPOSE LITHO LEVEL 2
seq_0081,DEVELOP PHOTORESIST
seq_0081,POLY PATTERN INSPECTION
seq_0081,POLYSILICON ETCH
seq_0081,STRIP RESIST
seq_0081,CLEAN AFTER POLY ETCH
seq_0081,IMPLANT SOURCE DRAIN
seq_0081,LIGHT ANNEAL
seq_0081,MEASURE SHEET RESISTANCE
seq_0081,DEPOSIT SPACER DIELECTRIC
seq_0081,ANISOTROPIC ETCH SPACER
seq_0081,IMPLANT LDD
seq_0081,PRE ANNEAL CHECK
seq_0081,RAPID THERMAL ANNEAL
seq_0081,DEPOSIT INTERLAYER DIELECTRIC
seq_0081,DENSIFY DIELECTRIC
seq_0081,MEASURE DIELECTRIC THICKNESS
seq_0081,CMP INTERLAYER DIELECTRIC
seq_0081,MEASURE PLANARITY
seq_0081,SPIN COAT PHOTORESIST
seq_0081,SOFT BAKE
seq_0081,ALIGN MASK LEVEL 3
seq_0081,EXPOSE LITHO LEVEL 3
seq_0081,DEVELOP PHOTORESIST
seq_0081,VIA INSPECTION
seq_0081,HARD BAKE
seq_0081,DIELECTRIC ETCH VIA
seq_0081,STRIP PHOTORESIST
seq_0081,CLEAN AFTER VIA ETCH
seq_0081,MEASURE VIA CD
seq_0081,DEPOSIT BARRIER METAL
seq_0081,DEPOSIT METAL SEED
seq_0081,FILL VIA METAL
seq_0081,CMP METAL
seq_0081,MEASURE CONTACT RESISTANCE
seq_0081,DEPOSIT TOP METAL
seq_0081,ANNEAL METAL
seq_0081,MEASURE METAL THICKNESS
seq_0081,SPIN COAT PHOTORESIST
seq_0081,SOFT BAKE
seq_0081,ALIGN MASK LEVEL 4
seq_0081,EXPOSE LITHO LEVEL 4
seq_0081,DEVELOP PHOTORESIST
seq_0081,METAL PATTERN INSPECTION
seq_0081,METAL ETCH
seq_0081,STRIP RESIST
seq_0081,CLEAN AFTER METAL ETCH
seq_0081,MEASURE LINE WIDTH
seq_0081,DEPOSIT PASSIVATION
seq_0081,CURE PASSIVATION
seq_0081,MEASURE PASSIVATION QUALITY
seq_0081,OPEN BOND PAD WINDOW
seq_0081,PAD WINDOW LITHO
seq_0081,DEVELOP PAD WINDOW
seq_0081,PASSIVATION ETCH
seq_0081,STRIP RESIST
seq_0081,CLEAN PAD OPENING
seq_0081,MEASURE PAD OPENING
seq_0081,BACKSIDE CLEAN
seq_0081,BACKSIDE GRIND
seq_0081,MEASURE THICKNESS
seq_0081,BACKSIDE ETCH CLEAN
seq_0081,BACKSIDE RINSE
seq_0081,BACKSIDE DRY
seq_0081,BACKSIDE METALLIZATION PREP
seq_0081,DEPOSIT BACKSIDE METAL
seq_0081,BACKSIDE ANNEAL
seq_0081,MEASURE BACKSIDE CONTACT
seq_0081,FINAL CLEAN
seq_0081,FINAL THICKNESS MEASURE
seq_0081,FINAL GEOMETRY CHECK
seq_0081,FINAL PARTICLE INSPECTION
seq_0081,ELECTRICAL PARAMETRIC TEST
seq_0081,LEAKAGE TEST
seq_0081,THRESHOLD VOLTAGE TEST
seq_0081,SWITCHING TEST
seq_0081,WAFER SORT TEST
seq_0081,YIELD ANALYSIS
seq_0081,LOT RELEASE
seq_0081,SHIP LOT
seq_0082,RECEIVE WAFER LOT
seq_0082,LOT IDENTIFICATION
seq_0082,INITIAL WAFER INSPECTION
seq_0082,MEASURE THICKNESS
seq_0082,MEASURE SURFACE PARTICLES
seq_0082,PRE CLEAN WAFER
seq_0082,WET CLEAN RCA1
seq_0082,RCA CLEAN 2
seq_0082,HF DIP
seq_0082,DRY WAFER
seq_0082,SUBSTRATE CHECK
seq_0082,EPITAXY PREP
seq_0082,EPITAXIAL DEPOSITION
seq_0082,MEASURE EPITAXY THICKNESS
seq_0082,MEASURE RESISTIVITY
seq_0082,EPITAXY ANNEAL
seq_0082,WAFER SURFACE CLEAN
seq_0082,THERMAL OXIDATION
seq_0082,MEASURE OXIDE THICKNESS
seq_0082,SPIN COAT PHOTORESIST
seq_0082,SOFT BAKE
seq_0082,ALIGN MASK LEVEL 1
seq_0082,EXPOSE LITHO LEVEL 1
seq_0082,DEVELOP PHOTORESIST
seq_0082,PATTERN INSPECTION LEVEL 1
seq_0082,OXIDE ETCH
seq_0082,STRIP PHOTORESIST
seq_0082,CLEAN AFTER ETCH
seq_0082,MEASURE OPENING CD
seq_0082,IMPLANT WELL
seq_0082,PRE ANNEAL CHECK
seq_0082,DRIVE IN DIFFUSION
seq_0082,RAPID THERMAL ANNEAL
seq_0082,MEASURE JUNCTION DEPTH
seq_0082,THERMAL OXIDATION
seq_0082,GATE OXIDE PREP
seq_0082,GATE OXIDE GROWTH
seq_0082,MEASURE GATE OXIDE THICKNESS
seq_0082,DEPOSIT POLYSILICON
seq_0082,POLYSILICON ANNEAL
seq_0082,MEASURE POLY THICKNESS
seq_0082,SPIN COAT PHOTORESIST
seq_0082,SOFT BAKE
seq_0082,ALIGN MASK LEVEL 2
seq_0082,EXPOSE LITHO LEVEL 2
seq_0082,POST EXPOSE BAKE
seq_0082,DEVELOP PHOTORESIST
seq_0082,POLY PATTERN INSPECTION
seq_0082,POLYSILICON ETCH
seq_0082,STRIP PHOTORESIST
seq_0082,CLEAN AFTER POLY ETCH
seq_0082,MEASURE GATE CD
seq_0082,IMPLANT SOURCE DRAIN
seq_0082,LIGHT ANNEAL
seq_0082,MEASURE SHEET RESISTANCE
seq_0082,DEPOSIT SPACER DIELECTRIC
seq_0082,ANISOTROPIC ETCH SPACER
seq_0082,IMPLANT LDD
seq_0082,PRE ANNEAL CHECK
seq_0082,RAPID THERMAL ANNEAL
seq_0082,DEPOSIT INTERLEVEL DIELECTRIC
seq_0082,DENSIFY OXIDE
seq_0082,MEASURE FILM THICKNESS
seq_0082,CMP DIELECTRIC
seq_0082,MEASURE SURFACE PLANARITY
seq_0082,SPIN COAT PHOTORESIST
seq_0082,SOFT BAKE
seq_0082,ALIGN MASK LEVEL 3
seq_0082,EXPOSE LITHO LEVEL 3
seq_0082,DEVELOP PHOTORESIST
seq_0082,VIA OPENING INSPECTION
seq_0082,HARD BAKE
seq_0082,VIA ETCH
seq_0082,STRIP RESIST
seq_0082,CLEAN AFTER VIA ETCH
seq_0082,MEASURE VIA CD
seq_0082,DEPOSIT BARRIER METAL
seq_0082,DEPOSIT METAL SEED
seq_0082,FILL VIA METAL
seq_0082,CMP METAL
seq_0082,MEASURE CONTACT RESISTANCE
seq_0082,DEPOSIT TOP METAL
seq_0082,ANNEAL METAL
seq_0082,MEASURE METAL THICKNESS
seq_0082,SPIN COAT PHOTORESIST
seq_0082,SOFT BAKE
seq_0082,ALIGN MASK LEVEL 4
seq_0082,EXPOSE LITHO LEVEL 4
seq_0082,DEVELOP PHOTORESIST
seq_0082,METAL PATTERN INSPECTION
seq_0082,HARD BAKE
seq_0082,METAL ETCH
seq_0082,STRIP RESIST
seq_0082,CLEAN AFTER METAL ETCH
seq_0082,MEASURE LINE WIDTH
seq_0082,DEPOSIT PASSIVATION LAYER
seq_0082,CURE PASSIVATION
seq_0082,MEASURE PASSIVATION THICKNESS
seq_0082,OPEN BOND PAD WINDOW
seq_0082,PAD WINDOW LITHO
seq_0082,DEVELOP PAD WINDOW
seq_0082,PASSIVATION ETCH
seq_0082,STRIP RESIST
seq_0082,CLEAN PAD OPENING
seq_0082,MEASURE PAD OPENING
seq_0082,BACKSIDE CLEAN
seq_0082,BACKSIDE GRIND
seq_0082,MEASURE WAFER THICKNESS
seq_0082,BACKSIDE ETCH CLEAN
seq_0082,BACKSIDE RINSE
seq_0082,BACKSIDE DRY
seq_0082,BACKSIDE METALLIZATION PREP
seq_0082,DEPOSIT BACKSIDE METAL
seq_0082,BACKSIDE ANNEAL
seq_0082,MEASURE BACKSIDE CONTACT
seq_0082,FINAL CLEAN
seq_0082,FINAL THICKNESS MEASURE
seq_0082,FINAL GEOMETRY CHECK
seq_0082,FINAL PARTICLE INSPECTION
seq_0082,ELECTRICAL PARAMETRIC TEST
seq_0082,LEAKAGE TEST
seq_0082,THRESHOLD VOLTAGE TEST
seq_0082,SWITCHING TEST
seq_0082,WAFER SORT TEST
seq_0082,YIELD ANALYSIS
seq_0082,LOT RELEASE
seq_0082,SHIP LOT
seq_0083,RECEIVE WAFER LOT
seq_0083,LOT IDENTIFICATION
seq_0083,PRE CLEAN INSPECTION
seq_0083,MEASURE THICKNESS
seq_0083,PRE CLEAN WAFER
seq_0083,WET CLEAN RCA1
seq_0083,WET CLEAN RCA2
seq_0083,HF DIP
seq_0083,SUBSTRATE CHECK
seq_0083,EPITAXY PREP
seq_0083,EPITAXIAL DEPOSITION
seq_0083,MEASURE EPITAXY THICKNESS
seq_0083,MEASURE RESISTIVITY
seq_0083,EPITAXY ANNEAL
seq_0083,WAFER SURFACE CLEAN
seq_0083,THERMAL OXIDATION
seq_0083,MEASURE OXIDE THICKNESS
seq_0083,SPIN COAT PHOTORESIST
seq_0083,SOFT BAKE
seq_0083,ALIGN MASK LEVEL 1
seq_0083,EXPOSE LITHO LEVEL 1
seq_0083,DEVELOP PHOTORESIST
seq_0083,PATTERN INSPECTION LEVEL 1
seq_0083,HARD BAKE
seq_0083,OXIDE ETCH
seq_0083,STRIP RESIST
seq_0083,CLEAN AFTER ETCH
seq_0083,IMPLANT WELL
seq_0083,PRE ANNEAL CHECK
seq_0083,DRIVE IN DIFFUSION
seq_0083,RAPID THERMAL ANNEAL
seq_0083,MEASURE JUNCTION DEPTH
seq_0083,THERMAL OXIDATION
seq_0083,GATE OXIDE PREP
seq_0083,GATE OXIDE GROWTH
seq_0083,MEASURE GATE OXIDE THICKNESS
seq_0083,DEPOSIT POLYSILICON
seq_0083,POLYSILICON ANNEAL
seq_0083,MEASURE POLY THICKNESS
seq_0083,SPIN COAT PHOTORESIST
seq_0083,SOFT BAKE
seq_0083,ALIGN MASK LEVEL 2
seq_0083,EXPOSE LITHO LEVEL 2
seq_0083,POST EXPOSE BAKE
seq_0083,DEVELOP PHOTORESIST
seq_0083,POLY PATTERN INSPECTION
seq_0083,POLYSILICON ETCH
seq_0083,STRIP RESIST
seq_0083,CLEAN AFTER POLY ETCH
seq_0083,MEASURE GATE CD
seq_0083,IMPLANT SOURCE DRAIN
seq_0083,LIGHT ANNEAL
seq_0083,MEASURE SHEET RESISTANCE
seq_0083,DEPOSIT SPACER DIELECTRIC
seq_0083,ANISOTROPIC ETCH SPACER
seq_0083,MEASURE SPACER WIDTH
seq_0083,IMPLANT LDD
seq_0083,PRE ANNEAL CHECK
seq_0083,RAPID THERMAL ANNEAL
seq_0083,MEASURE JUNCTION PROFILE
seq_0083,DEPOSIT INTERLAYER DIELECTRIC
seq_0083,DENSIFY OXIDE
seq_0083,MEASURE FILM THICKNESS
seq_0083,CMP DIELECTRIC
seq_0083,MEASURE PLANARITY
seq_0083,SPIN COAT PHOTORESIST
seq_0083,SOFT BAKE
seq_0083,ALIGN MASK LEVEL 3
seq_0083,EXPOSE LITHO LEVEL 3
seq_0083,POST EXPOSE BAKE
seq_0083,DEVELOP PHOTORESIST
seq_0083,VIA INSPECTION
seq_0083,DIELECTRIC ETCH VIA
seq_0083,STRIP PHOTORESIST
seq_0083,CLEAN AFTER VIA ETCH
seq_0083,DEPOSIT BARRIER METAL
seq_0083,DEPOSIT METAL SEED
seq_0083,FILL VIA METAL
seq_0083,CMP METAL
seq_0083,MEASURE VIA RESISTANCE
seq_0083,DEPOSIT TOP METAL
seq_0083,ANNEAL METAL 1
seq_0083,MEASURE METAL THICKNESS
seq_0083,SPIN COAT PHOTORESIST
seq_0083,SOFT BAKE
seq_0083,ALIGN MASK LEVEL 4
seq_0083,EXPOSE LITHO LEVEL 4
seq_0083,DEVELOP PHOTORESIST
seq_0083,METAL PATTERN INSPECTION
seq_0083,HARD BAKE
seq_0083,METAL ETCH
seq_0083,STRIP PHOTORESIST
seq_0083,CLEAN AFTER METAL ETCH
seq_0083,MEASURE LINE WIDTH
seq_0083,DEPOSIT PASSIVATION LAYER
seq_0083,CURE PASSIVATION
seq_0083,MEASURE PASSIVATION QUALITY
seq_0083,OPEN PAD WINDOW
seq_0083,PAD WINDOW LITHO
seq_0083,DEVELOP PHOTORESIST
seq_0083,PASSIVATION ETCH PAD OPENING
seq_0083,STRIP RESIST
seq_0083,CLEAN PAD OPENING
seq_0083,MEASURE PAD OPENING
seq_0083,BACKSIDE CLEAN
seq_0083,BACKSIDE GRIND
seq_0083,MEASURE THICKNESS
seq_0083,BACKSIDE ETCH CLEAN
seq_0083,BACKSIDE RINSE
seq_0083,BACKSIDE DRY
seq_0083,BACKSIDE METALLIZATION PREP
seq_0083,DEPOSIT BACKSIDE METAL
seq_0083,BACKSIDE ANNEAL
seq_0083,MEASURE BACKSIDE CONTACT
seq_0083,FINAL CLEAN
seq_0083,FINAL THICKNESS MEASURE
seq_0083,FINAL GEOMETRY CHECK
seq_0083,FINAL CD INSPECTION
seq_0083,FINAL PARTICLE INSPECTION
seq_0083,ELECTRICAL PARAMETRIC TEST
seq_0083,LEAKAGE TEST
seq_0083,THRESHOLD VOLTAGE TEST
seq_0083,SWITCHING TEST
seq_0083,WAFER SORT TEST
seq_0083,YIELD ANALYSIS
seq_0083,LOT RELEASE
seq_0083,SHIP LOT
seq_0084,RECEIVE WAFER LOT
seq_0084,LOT IDENTIFICATION
seq_0084,INITIAL WAFER INSPECTION
seq_0084,MEASURE THICKNESS
seq_0084,MEASURE SURFACE PARTICLES
seq_0084,PRE CLEAN WAFER
seq_0084,WET CLEAN RCA1
seq_0084,RCA CLEAN 2
seq_0084,HF DIP
seq_0084,DRY WAFER
seq_0084,SUBSTRATE CHECK
seq_0084,EPITAXY PREP
seq_0084,EPITAXIAL DEPOSITION
seq_0084,MEASURE EPITAXY THICKNESS
seq_0084,MEASURE RESISTIVITY
seq_0084,EPITAXY ANNEAL
seq_0084,WAFER SURFACE CLEAN
seq_0084,THERMAL OXIDATION
seq_0084,MEASURE OXIDE THICKNESS
seq_0084,SPIN COAT PHOTORESIST
seq_0084,SOFT BAKE
seq_0084,ALIGN MASK LEVEL 1
seq_0084,EXPOSE LITHO LEVEL 1
seq_0084,DEVELOP PHOTORESIST
seq_0084,PATTERN INSPECTION LEVEL 1
seq_0084,HARD BAKE
seq_0084,OXIDE ETCH
seq_0084,STRIP PHOTORESIST
seq_0084,CLEAN AFTER ETCH
seq_0084,IMPLANT WELL
seq_0084,PRE ANNEAL CHECK
seq_0084,DRIVE IN DIFFUSION
seq_0084,RAPID THERMAL ANNEAL
seq_0084,MEASURE JUNCTION DEPTH
seq_0084,THERMAL OXIDATION
seq_0084,GATE OXIDE PREP
seq_0084,GATE OXIDE GROWTH
seq_0084,MEASURE GATE OXIDE THICKNESS
seq_0084,DEPOSIT POLYSILICON
seq_0084,POLYSILICON ANNEAL
seq_0084,MEASURE POLY THICKNESS
seq_0084,SPIN COAT PHOTORESIST
seq_0084,SOFT BAKE
seq_0084,ALIGN MASK LEVEL 2
seq_0084,EXPOSE LITHO LEVEL 2
seq_0084,DEVELOP PHOTORESIST
seq_0084,POLY PATTERN INSPECTION
seq_0084,HARD BAKE
seq_0084,POLYSILICON ETCH
seq_0084,STRIP PHOTORESIST
seq_0084,CLEAN AFTER POLY ETCH
seq_0084,IMPLANT SOURCE DRAIN
seq_0084,PRE ANNEAL CHECK
seq_0084,LIGHT ANNEAL
seq_0084,MEASURE SHEET RESISTANCE
seq_0084,DEPOSIT SPACER DIELECTRIC
seq_0084,ANISOTROPIC ETCH SPACER
seq_0084,MEASURE SPACER WIDTH
seq_0084,IMPLANT LDD
seq_0084,RAPID THERMAL ANNEAL
seq_0084,MEASURE JUNCTION PROFILE
seq_0084,DEPOSIT INTERLEVEL DIELECTRIC
seq_0084,DENSIFY OXIDE
seq_0084,MEASURE FILM THICKNESS
seq_0084,CMP INTERLAYER DIELECTRIC
seq_0084,MEASURE SURFACE PLANARITY
seq_0084,SPIN COAT PHOTORESIST
seq_0084,SOFT BAKE
seq_0084,ALIGN MASK LEVEL 3
seq_0084,EXPOSE LITHO LEVEL 3
seq_0084,POST EXPOSE BAKE
seq_0084,DEVELOP PHOTORESIST
seq_0084,VIA INSPECTION
seq_0084,VIA ETCH
seq_0084,STRIP PHOTORESIST
seq_0084,CLEAN AFTER VIA ETCH
seq_0084,MEASURE VIA CD
seq_0084,DEPOSIT BARRIER METAL
seq_0084,DEPOSIT METAL SEED
seq_0084,FILL VIA METAL
seq_0084,CMP VIA FILL
seq_0084,DEPOSIT METAL 1
seq_0084,ANNEAL METAL 1
seq_0084,MEASURE METAL THICKNESS
seq_0084,SPIN COAT PHOTORESIST
seq_0084,SOFT BAKE
seq_0084,ALIGN MASK LEVEL 4
seq_0084,EXPOSE LITHO LEVEL 4
seq_0084,DEVELOP PHOTORESIST
seq_0084,METAL PATTERN INSPECTION
seq_0084,METAL ETCH
seq_0084,STRIP RESIST
seq_0084,CLEAN AFTER METAL ETCH
seq_0084,MEASURE LINE WIDTH
seq_0084,DEPOSIT PASSIVATION
seq_0084,CURE PASSIVATION
seq_0084,MEASURE PASSIVATION QUALITY
seq_0084,OPEN BOND PAD WINDOW
seq_0084,PAD WINDOW LITHO
seq_0084,DEVELOP PHOTORESIST
seq_0084,PASSIVATION ETCH
seq_0084,STRIP PHOTORESIST
seq_0084,CLEAN PAD OPENING
seq_0084,MEASURE PAD OPENING
seq_0084,BACKSIDE CLEAN
seq_0084,BACKSIDE GRIND
seq_0084,MEASURE WAFER THICKNESS
seq_0084,BACKSIDE ETCH CLEAN
seq_0084,BACKSIDE RINSE
seq_0084,BACKSIDE DRY
seq_0084,BACKSIDE METALLIZATION PREP
seq_0084,DEPOSIT BACKSIDE METAL
seq_0084,BACKSIDE ANNEAL
seq_0084,MEASURE BACKSIDE CONTACT
seq_0084,FINAL CLEAN
seq_0084,FINAL THICKNESS MEASURE
seq_0084,FINAL GEOMETRY CHECK
seq_0084,FINAL CD INSPECTION
seq_0084,PARAMETRIC TEST
seq_0084,LEAKAGE TEST
seq_0084,THRESHOLD VOLTAGE TEST
seq_0084,SWITCHING TEST
seq_0084,WAFER SORT TEST
seq_0084,YIELD ANALYSIS
seq_0084,LOT RELEASE
seq_0084,SHIP LOT
seq_0085,RECEIVE WAFER LOT
seq_0085,LOT IDENTIFICATION
seq_0085,INITIAL WAFER INSPECTION
seq_0085,MEASURE SURFACE PARTICLES
seq_0085,PRE CLEAN WAFER
seq_0085,RCA CLEAN 1
seq_0085,RCA CLEAN 2
seq_0085,HF DIP
seq_0085,SUBSTRATE CHECK
seq_0085,EPITAXY PREP
seq_0085,EPITAXIAL DEPOSITION
seq_0085,MEASURE EPITAXY THICKNESS
seq_0085,MEASURE RESISTIVITY
seq_0085,EPITAXY ANNEAL
seq_0085,WAFER SURFACE CLEAN
seq_0085,THERMAL OXIDATION
seq_0085,MEASURE OXIDE THICKNESS
seq_0085,SPIN COAT PHOTORESIST
seq_0085,SOFT BAKE
seq_0085,ALIGN MASK LEVEL 1
seq_0085,EXPOSE LITHO LEVEL 1
seq_0085,POST EXPOSE BAKE
seq_0085,DEVELOP PHOTORESIST
seq_0085,PATTERN INSPECTION LEVEL 1
seq_0085,OXIDE ETCH
seq_0085,STRIP PHOTORESIST
seq_0085,CLEAN AFTER ETCH
seq_0085,MEASURE OPENING CD
seq_0085,IMPLANT WELL
seq_0085,PRE ANNEAL CHECK
seq_0085,DRIVE IN DIFFUSION
seq_0085,RAPID THERMAL ANNEAL
seq_0085,THERMAL OXIDATION
seq_0085,GATE OXIDE PREP
seq_0085,GATE OXIDE GROWTH
seq_0085,MEASURE GATE OXIDE THICKNESS
seq_0085,DEPOSIT POLYSILICON
seq_0085,POLYSILICON ANNEAL
seq_0085,MEASURE POLY THICKNESS
seq_0085,SPIN COAT PHOTORESIST
seq_0085,SOFT BAKE
seq_0085,ALIGN MASK LEVEL 2
seq_0085,EXPOSE LITHO LEVEL 2
seq_0085,POST EXPOSE BAKE
seq_0085,DEVELOP PHOTORESIST
seq_0085,POLY PATTERN INSPECTION
seq_0085,POLYSILICON ETCH
seq_0085,STRIP PHOTORESIST
seq_0085,CLEAN AFTER POLY ETCH
seq_0085,IMPLANT SOURCE DRAIN
seq_0085,PRE ANNEAL CHECK
seq_0085,LIGHT ANNEAL
seq_0085,DEPOSIT SPACER DIELECTRIC
seq_0085,ANISOTROPIC ETCH SPACER
seq_0085,MEASURE SPACER WIDTH
seq_0085,IMPLANT LDD
seq_0085,RAPID THERMAL ANNEAL
seq_0085,MEASURE JUNCTION PROFILE
seq_0085,DEPOSIT INTERLEVEL DIELECTRIC
seq_0085,DENSIFY DIELECTRIC
seq_0085,MEASURE DIELECTRIC THICKNESS
seq_0085,CMP DIELECTRIC
seq_0085,MEASURE PLANARITY
seq_0085,SPIN COAT PHOTORESIST
seq_0085,SOFT BAKE
seq_0085,ALIGN MASK LEVEL 3
seq_0085,EXPOSE LITHO LEVEL 3
seq_0085,POST EXPOSE BAKE
seq_0085,DEVELOP PHOTORESIST
seq_0085,VIA OPENING INSPECTION
seq_0085,VIA ETCH
seq_0085,STRIP PHOTORESIST
seq_0085,CLEAN AFTER VIA ETCH
seq_0085,MEASURE VIA CD
seq_0085,DEPOSIT BARRIER METAL
seq_0085,DEPOSIT METAL SEED
seq_0085,FILL VIA METAL
seq_0085,CMP METAL
seq_0085,DEPOSIT TOP METAL
seq_0085,ANNEAL METAL 1
seq_0085,SPIN COAT PHOTORESIST
seq_0085,SOFT BAKE
seq_0085,ALIGN MASK LEVEL 4
seq_0085,EXPOSE LITHO LEVEL 4
seq_0085,DEVELOP PHOTORESIST
seq_0085,METAL PATTERN INSPECTION
seq_0085,HARD BAKE
seq_0085,METAL ETCH
seq_0085,STRIP PHOTORESIST
seq_0085,CLEAN AFTER METAL ETCH
seq_0085,DEPOSIT PASSIVATION
seq_0085,CURE PASSIVATION
seq_0085,MEASURE PASSIVATION QUALITY
seq_0085,OPEN PAD WINDOW
seq_0085,OPEN PAD WINDOW LITHO
seq_0085,DEVELOP PHOTORESIST
seq_0085,PASSIVATION ETCH PAD OPENING
seq_0085,STRIP PHOTORESIST
seq_0085,CLEAN PAD OPENING
seq_0085,MEASURE PAD OPENING
seq_0085,BACKSIDE CLEAN
seq_0085,BACKSIDE GRIND
seq_0085,MEASURE WAFER THICKNESS
seq_0085,BACKSIDE ETCH CLEAN
seq_0085,BACKSIDE RINSE
seq_0085,BACKSIDE DRY
seq_0085,BACKSIDE METALLIZATION PREP
seq_0085,DEPOSIT BACKSIDE METAL
seq_0085,BACKSIDE ANNEAL
seq_0085,MEASURE BACKSIDE CONTACT
seq_0085,FINAL CLEAN
seq_0085,FINAL THICKNESS MEASURE
seq_0085,FINAL GEOMETRY CHECK
seq_0085,FINAL PARTICLE INSPECTION
seq_0085,ELECTRICAL PARAMETRIC TEST
seq_0085,LEAKAGE TEST
seq_0085,THRESHOLD VOLTAGE TEST
seq_0085,SWITCHING TEST
seq_0085,WAFER SORT TEST
seq_0085,YIELD ANALYSIS
seq_0085,FINAL LOT RELEASE
seq_0085,SHIP LOT
seq_0086,RECEIVE WAFER LOT
seq_0086,LOT IDENTIFICATION
seq_0086,PRE CLEAN INSPECTION
seq_0086,MEASURE THICKNESS
seq_0086,MEASURE SURFACE PARTICLES
seq_0086,PRE CLEAN WAFER
seq_0086,FRONTSIDE CLEAN
seq_0086,RCA CLEAN 1
seq_0086,RCA CLEAN 2
seq_0086,HF DIP
seq_0086,SUBSTRATE CHECK
seq_0086,EPITAXY PREP
seq_0086,EPITAXIAL DEPOSITION
seq_0086,MEASURE EPITAXY THICKNESS
seq_0086,MEASURE RESISTIVITY
seq_0086,EPITAXY ANNEAL
seq_0086,WAFER SURFACE CLEAN
seq_0086,THERMAL OXIDATION
seq_0086,MEASURE OXIDE THICKNESS
seq_0086,SPIN COAT PHOTORESIST
seq_0086,SOFT BAKE
seq_0086,ALIGN MASK LEVEL 1
seq_0086,EXPOSE LITHO LEVEL 1
seq_0086,DEVELOP PHOTORESIST
seq_0086,PATTERN INSPECTION LEVEL 1
seq_0086,HARD BAKE
seq_0086,OXIDE ETCH
seq_0086,STRIP RESIST
seq_0086,CLEAN AFTER ETCH
seq_0086,MEASURE OPENING CD
seq_0086,IMPLANT WELL
seq_0086,DRIVE IN DIFFUSION
seq_0086,RAPID THERMAL ANNEAL
seq_0086,THERMAL OXIDATION
seq_0086,GATE OXIDE PREP
seq_0086,GATE OXIDE GROWTH
seq_0086,MEASURE GATE OXIDE THICKNESS
seq_0086,DEPOSIT POLYSILICON
seq_0086,POLYSILICON ANNEAL
seq_0086,MEASURE POLY THICKNESS
seq_0086,SPIN COAT PHOTORESIST
seq_0086,SOFT BAKE
seq_0086,ALIGN MASK LEVEL 2
seq_0086,EXPOSE LITHO LEVEL 2
seq_0086,DEVELOP PHOTORESIST
seq_0086,POLY PATTERN INSPECTION
seq_0086,POLYSILICON ETCH
seq_0086,STRIP RESIST
seq_0086,CLEAN AFTER POLY ETCH
seq_0086,IMPLANT SOURCE DRAIN
seq_0086,LIGHT ANNEAL
seq_0086,MEASURE SHEET RESISTANCE
seq_0086,DEPOSIT SPACER DIELECTRIC
seq_0086,ANISOTROPIC ETCH SPACER
seq_0086,MEASURE SPACER WIDTH
seq_0086,IMPLANT LDD
seq_0086,PRE ANNEAL CHECK
seq_0086,RAPID THERMAL ANNEAL
seq_0086,MEASURE JUNCTION PROFILE
seq_0086,DEPOSIT INTERLAYER DIELECTRIC
seq_0086,DENSIFY DIELECTRIC
seq_0086,MEASURE DIELECTRIC THICKNESS
seq_0086,CMP DIELECTRIC
seq_0086,MEASURE SURFACE PLANARITY
seq_0086,SPIN COAT PHOTORESIST
seq_0086,SOFT BAKE
seq_0086,ALIGN MASK LEVEL 3
seq_0086,EXPOSE LITHO LEVEL 3
seq_0086,DEVELOP PHOTORESIST
seq_0086,VIA INSPECTION
seq_0086,HARD BAKE
seq_0086,VIA ETCH THROUGH DIELECTRIC
seq_0086,STRIP RESIST
seq_0086,CLEAN AFTER VIA ETCH
seq_0086,DEPOSIT BARRIER METAL
seq_0086,DEPOSIT METAL SEED
seq_0086,FILL VIA METAL
seq_0086,CMP VIA FILL
seq_0086,MEASURE CONTACT RESISTANCE
seq_0086,DEPOSIT METAL 1
seq_0086,ANNEAL METAL
seq_0086,SPIN COAT PHOTORESIST
seq_0086,SOFT BAKE
seq_0086,ALIGN MASK LEVEL 4
seq_0086,EXPOSE LITHO LEVEL 4
seq_0086,POST EXPOSE BAKE
seq_0086,DEVELOP PHOTORESIST
seq_0086,METAL PATTERN INSPECTION
seq_0086,METAL ETCH
seq_0086,STRIP RESIST
seq_0086,CLEAN AFTER METAL ETCH
seq_0086,MEASURE LINE WIDTH
seq_0086,DEPOSIT PASSIVATION
seq_0086,CURE PASSIVATION
seq_0086,MEASURE PASSIVATION THICKNESS
seq_0086,OPEN BOND PAD WINDOW
seq_0086,OPEN PAD WINDOW LITHO
seq_0086,DEVELOP PAD WINDOW
seq_0086,PASSIVATION ETCH
seq_0086,STRIP PHOTORESIST
seq_0086,CLEAN PAD OPENING
seq_0086,MEASURE PAD OPENING
seq_0086,BACKSIDE CLEAN
seq_0086,BACKSIDE GRIND
seq_0086,MEASURE THICKNESS
seq_0086,BACKSIDE ETCH CLEAN
seq_0086,BACKSIDE RINSE
seq_0086,BACKSIDE DRY
seq_0086,BACKSIDE METALLIZATION PREP
seq_0086,DEPOSIT BACKSIDE METAL
seq_0086,BACKSIDE ANNEAL
seq_0086,MEASURE BACKSIDE CONTACT
seq_0086,FINAL CLEAN
seq_0086,FINAL GEOMETRY CHECK
seq_0086,FINAL PARTICLE INSPECTION
seq_0086,ELECTRICAL PARAMETRIC TEST
seq_0086,LEAKAGE TEST
seq_0086,THRESHOLD VOLTAGE TEST
seq_0086,SWITCHING TEST
seq_0086,WAFER SORT TEST
seq_0086,YIELD ANALYSIS
seq_0086,FINAL LOT RELEASE
seq_0086,SHIP LOT
seq_0087,RECEIVE WAFER LOT
seq_0087,LOT IDENTIFICATION
seq_0087,INITIAL WAFER INSPECTION
seq_0087,MEASURE THICKNESS
seq_0087,MEASURE SURFACE PARTICLES
seq_0087,PRE CLEAN WAFER
seq_0087,FRONTSIDE CLEAN
seq_0087,WET CLEAN RCA1
seq_0087,WET CLEAN RCA2
seq_0087,HF DIP
seq_0087,SUBSTRATE CHECK
seq_0087,EPITAXY PREP
seq_0087,EPITAXIAL DEPOSITION
seq_0087,MEASURE EPITAXY THICKNESS
seq_0087,MEASURE RESISTIVITY
seq_0087,EPITAXY ANNEAL
seq_0087,WAFER SURFACE CLEAN
seq_0087,THERMAL OXIDATION
seq_0087,MEASURE OXIDE THICKNESS
seq_0087,SPIN COAT PHOTORESIST
seq_0087,SOFT BAKE
seq_0087,ALIGN MASK LEVEL 1
seq_0087,EXPOSE LITHO LEVEL 1
seq_0087,DEVELOP PHOTORESIST
seq_0087,PATTERN INSPECTION LEVEL 1
seq_0087,HARD BAKE
seq_0087,OXIDE ETCH
seq_0087,STRIP RESIST
seq_0087,CLEAN AFTER ETCH
seq_0087,MEASURE OPENING CD
seq_0087,IMPLANT WELL
seq_0087,DRIVE IN DIFFUSION
seq_0087,RAPID THERMAL ANNEAL
seq_0087,MEASURE JUNCTION DEPTH
seq_0087,THERMAL OXIDATION
seq_0087,GATE OXIDE PREP
seq_0087,GATE OXIDE GROWTH
seq_0087,MEASURE GATE OXIDE THICKNESS
seq_0087,DEPOSIT POLYSILICON
seq_0087,POLYSILICON ANNEAL
seq_0087,SPIN COAT PHOTORESIST
seq_0087,SOFT BAKE
seq_0087,ALIGN MASK LEVEL 2
seq_0087,EXPOSE LITHO LEVEL 2
seq_0087,DEVELOP PHOTORESIST
seq_0087,POLY PATTERN INSPECTION
seq_0087,POLYSILICON ETCH
seq_0087,STRIP PHOTORESIST
seq_0087,CLEAN AFTER POLY ETCH
seq_0087,IMPLANT SOURCE DRAIN
seq_0087,PRE ANNEAL CHECK
seq_0087,LIGHT ANNEAL
seq_0087,MEASURE SHEET RESISTANCE
seq_0087,DEPOSIT SPACER DIELECTRIC
seq_0087,ANISOTROPIC ETCH SPACER
seq_0087,MEASURE SPACER WIDTH
seq_0087,IMPLANT LDD
seq_0087,PRE ANNEAL CHECK
seq_0087,RAPID THERMAL ANNEAL
seq_0087,MEASURE JUNCTION PROFILE
seq_0087,DEPOSIT INTERLAYER DIELECTRIC
seq_0087,DENSIFY DIELECTRIC
seq_0087,MEASURE FILM THICKNESS
seq_0087,CMP INTERLAYER DIELECTRIC
seq_0087,MEASURE PLANARITY
seq_0087,SPIN COAT PHOTORESIST
seq_0087,SOFT BAKE
seq_0087,ALIGN MASK LEVEL 3
seq_0087,EXPOSE LITHO LEVEL 3
seq_0087,DEVELOP PHOTORESIST
seq_0087,VIA INSPECTION
seq_0087,VIA ETCH THROUGH DIELECTRIC
seq_0087,STRIP RESIST
seq_0087,CLEAN AFTER VIA ETCH
seq_0087,MEASURE VIA CD
seq_0087,DEPOSIT BARRIER METAL
seq_0087,DEPOSIT METAL SEED
seq_0087,FILL VIA METAL
seq_0087,CMP VIA FILL
seq_0087,MEASURE VIA RESISTANCE
seq_0087,DEPOSIT TOP METAL
seq_0087,ANNEAL METAL 1
seq_0087,SPIN COAT PHOTORESIST
seq_0087,SOFT BAKE
seq_0087,ALIGN MASK LEVEL 4
seq_0087,EXPOSE LITHO LEVEL 4
seq_0087,POST EXPOSE BAKE
seq_0087,DEVELOP PHOTORESIST
seq_0087,METAL PATTERN INSPECTION
seq_0087,METAL ETCH
seq_0087,STRIP PHOTORESIST
seq_0087,CLEAN AFTER METAL ETCH
seq_0087,MEASURE LINE WIDTH
seq_0087,DEPOSIT PASSIVATION LAYER
seq_0087,CURE PASSIVATION
seq_0087,MEASURE PASSIVATION THICKNESS
seq_0087,OPEN PAD WINDOW
seq_0087,PAD WINDOW LITHO
seq_0087,DEVELOP PAD WINDOW
seq_0087,PASSIVATION ETCH PAD OPENING
seq_0087,STRIP PHOTORESIST
seq_0087,CLEAN PAD OPENING
seq_0087,MEASURE PAD OPENING
seq_0087,BACKSIDE CLEAN
seq_0087,BACKSIDE GRIND
seq_0087,MEASURE WAFER THICKNESS
seq_0087,BACKSIDE ETCH CLEAN
seq_0087,BACKSIDE RINSE
seq_0087,BACKSIDE DRY
seq_0087,BACKSIDE METALLIZATION PREP
seq_0087,DEPOSIT BACKSIDE METAL
seq_0087,BACKSIDE ANNEAL
seq_0087,MEASURE BACKSIDE CONTACT
seq_0087,FINAL CLEAN
seq_0087,FINAL THICKNESS MEASURE
seq_0087,FINAL GEOMETRY CHECK
seq_0087,FINAL CD INSPECTION
seq_0087,FINAL PARTICLE INSPECTION
seq_0087,PARAMETRIC TEST
seq_0087,LEAKAGE TEST
seq_0087,THRESHOLD VOLTAGE TEST
seq_0087,SWITCHING TEST
seq_0087,WAFER SORT TEST
seq_0087,YIELD ANALYSIS
seq_0087,LOT RELEASE
seq_0087,SHIP LOT
seq_0088,RECEIVE WAFER LOT
seq_0088,LOT IDENTIFICATION
seq_0088,INITIAL WAFER INSPECTION
seq_0088,MEASURE THICKNESS
seq_0088,MEASURE SURFACE PARTICLES
seq_0088,PRE CLEAN WAFER
seq_0088,BACKSIDE CLEAN
seq_0088,FRONTSIDE CLEAN
seq_0088,RCA CLEAN 1
seq_0088,WET CLEAN RCA2
seq_0088,HF DIP
seq_0088,DRY WAFER
seq_0088,SUBSTRATE CHECK
seq_0088,EPITAXY PREP
seq_0088,EPITAXIAL DEPOSITION
seq_0088,MEASURE EPITAXY THICKNESS
seq_0088,MEASURE RESISTIVITY
seq_0088,EPITAXY ANNEAL
seq_0088,WAFER SURFACE CLEAN
seq_0088,THERMAL OXIDATION
seq_0088,MEASURE OXIDE THICKNESS
seq_0088,SPIN COAT PHOTORESIST
seq_0088,SOFT BAKE
seq_0088,ALIGN MASK LEVEL 1
seq_0088,EXPOSE LITHO LEVEL 1
seq_0088,DEVELOP PHOTORESIST
seq_0088,PATTERN INSPECTION LEVEL 1
seq_0088,OXIDE ETCH
seq_0088,STRIP PHOTORESIST
seq_0088,CLEAN AFTER ETCH
seq_0088,MEASURE OPENING CD
seq_0088,IMPLANT WELL
seq_0088,PRE ANNEAL CHECK
seq_0088,DRIVE IN DIFFUSION
seq_0088,RAPID THERMAL ANNEAL
seq_0088,MEASURE JUNCTION DEPTH
seq_0088,THERMAL OXIDATION
seq_0088,GATE OXIDE PREP
seq_0088,GATE OXIDE GROWTH
seq_0088,MEASURE GATE OXIDE THICKNESS
seq_0088,DEPOSIT POLYSILICON
seq_0088,POLYSILICON ANNEAL
seq_0088,MEASURE POLY THICKNESS
seq_0088,SPIN COAT PHOTORESIST
seq_0088,SOFT BAKE
seq_0088,ALIGN MASK LEVEL 2
seq_0088,EXPOSE LITHO LEVEL 2
seq_0088,DEVELOP PHOTORESIST
seq_0088,POLY PATTERN INSPECTION
seq_0088,POLYSILICON ETCH
seq_0088,STRIP PHOTORESIST
seq_0088,CLEAN AFTER POLY ETCH
seq_0088,MEASURE GATE CD
seq_0088,IMPLANT SOURCE DRAIN
seq_0088,PRE ANNEAL CHECK
seq_0088,LIGHT ANNEAL
seq_0088,DEPOSIT SPACER DIELECTRIC
seq_0088,ANISOTROPIC ETCH SPACER
seq_0088,IMPLANT LDD
seq_0088,RAPID THERMAL ANNEAL
seq_0088,MEASURE JUNCTION PROFILE
seq_0088,DEPOSIT INTERLEVEL DIELECTRIC
seq_0088,DENSIFY DIELECTRIC
seq_0088,MEASURE FILM THICKNESS
seq_0088,CMP INTERLAYER DIELECTRIC
seq_0088,MEASURE SURFACE PLANARITY
seq_0088,SPIN COAT PHOTORESIST
seq_0088,SOFT BAKE
seq_0088,ALIGN MASK LEVEL 3
seq_0088,EXPOSE LITHO LEVEL 3
seq_0088,DEVELOP PHOTORESIST
seq_0088,VIA INSPECTION
seq_0088,DIELECTRIC ETCH VIA
seq_0088,STRIP RESIST
seq_0088,CLEAN AFTER VIA ETCH
seq_0088,MEASURE VIA CD
seq_0088,DEPOSIT BARRIER METAL
seq_0088,DEPOSIT METAL SEED
seq_0088,FILL VIA METAL
seq_0088,CMP VIA FILL
seq_0088,MEASURE VIA RESISTANCE
seq_0088,DEPOSIT TOP METAL
seq_0088,ANNEAL METAL 1
seq_0088,MEASURE METAL THICKNESS
seq_0088,SPIN COAT PHOTORESIST
seq_0088,SOFT BAKE
seq_0088,ALIGN MASK LEVEL 4
seq_0088,EXPOSE LITHO LEVEL 4
seq_0088,POST EXPOSE BAKE
seq_0088,DEVELOP PHOTORESIST
seq_0088,METAL PATTERN INSPECTION
seq_0088,METAL ETCH
seq_0088,STRIP RESIST
seq_0088,CLEAN AFTER METAL ETCH
seq_0088,MEASURE LINE WIDTH
seq_0088,DEPOSIT PASSIVATION LAYER
seq_0088,CURE PASSIVATION
seq_0088,MEASURE PASSIVATION THICKNESS
seq_0088,OPEN BOND PAD WINDOW
seq_0088,OPEN PAD WINDOW LITHO
seq_0088,DEVELOP PHOTORESIST
seq_0088,PASSIVATION ETCH
seq_0088,STRIP PHOTORESIST
seq_0088,CLEAN PAD OPENING
seq_0088,MEASURE PAD OPENING
seq_0088,BACKSIDE CLEAN
seq_0088,BACKSIDE GRIND
seq_0088,MEASURE THICKNESS
seq_0088,BACKSIDE ETCH CLEAN
seq_0088,BACKSIDE RINSE
seq_0088,BACKSIDE DRY
seq_0088,BACKSIDE METALLIZATION PREP
seq_0088,DEPOSIT BACKSIDE METAL
seq_0088,BACKSIDE ANNEAL
seq_0088,MEASURE BACKSIDE CONTACT
seq_0088,FINAL CLEAN
seq_0088,FINAL THICKNESS MEASURE
seq_0088,FINAL GEOMETRY CHECK
seq_0088,FINAL CD INSPECTION
seq_0088,PARAMETRIC TEST
seq_0088,LEAKAGE TEST
seq_0088,THRESHOLD VOLTAGE TEST
seq_0088,SWITCHING TEST
seq_0088,WAFER SORT TEST
seq_0088,YIELD ANALYSIS
seq_0088,LOT RELEASE
seq_0088,SHIP LOT
seq_0089,RECEIVE WAFER LOT
seq_0089,LOT IDENTIFICATION
seq_0089,INITIAL WAFER INSPECTION
seq_0089,MEASURE THICKNESS
seq_0089,PRE CLEAN WAFER
seq_0089,RCA CLEAN 1
seq_0089,WET CLEAN RCA2
seq_0089,HF DIP
seq_0089,DRY WAFER
seq_0089,SUBSTRATE CHECK
seq_0089,EPITAXY PREP
seq_0089,EPITAXIAL DEPOSITION
seq_0089,MEASURE EPITAXY THICKNESS
seq_0089,MEASURE RESISTIVITY
seq_0089,EPITAXY ANNEAL
seq_0089,WAFER SURFACE CLEAN
seq_0089,THERMAL OXIDATION
seq_0089,MEASURE OXIDE THICKNESS
seq_0089,SPIN COAT PHOTORESIST
seq_0089,SOFT BAKE
seq_0089,ALIGN MASK LEVEL 1
seq_0089,EXPOSE LITHO LEVEL 1
seq_0089,POST EXPOSE BAKE
seq_0089,DEVELOP PHOTORESIST
seq_0089,PATTERN INSPECTION LEVEL 1
seq_0089,OXIDE ETCH
seq_0089,STRIP RESIST
seq_0089,CLEAN AFTER ETCH
seq_0089,IMPLANT WELL
seq_0089,PRE ANNEAL CHECK
seq_0089,DRIVE IN DIFFUSION
seq_0089,RAPID THERMAL ANNEAL
seq_0089,MEASURE JUNCTION DEPTH
seq_0089,THERMAL OXIDATION
seq_0089,GATE OXIDE PREP
seq_0089,GATE OXIDE GROWTH
seq_0089,MEASURE GATE OXIDE THICKNESS
seq_0089,DEPOSIT POLYSILICON
seq_0089,POLYSILICON ANNEAL
seq_0089,MEASURE POLY THICKNESS
seq_0089,SPIN COAT PHOTORESIST
seq_0089,SOFT BAKE
seq_0089,ALIGN MASK LEVEL 2
seq_0089,EXPOSE LITHO LEVEL 2
seq_0089,DEVELOP PHOTORESIST
seq_0089,POLY PATTERN INSPECTION
seq_0089,POLYSILICON ETCH
seq_0089,STRIP RESIST
seq_0089,CLEAN AFTER POLY ETCH
seq_0089,MEASURE GATE CD
seq_0089,IMPLANT SOURCE DRAIN
seq_0089,LIGHT ANNEAL
seq_0089,DEPOSIT SPACER DIELECTRIC
seq_0089,ANISOTROPIC ETCH SPACER
seq_0089,IMPLANT LDD
seq_0089,PRE ANNEAL CHECK
seq_0089,RAPID THERMAL ANNEAL
seq_0089,MEASURE JUNCTION PROFILE
seq_0089,DEPOSIT INTERLAYER DIELECTRIC
seq_0089,DENSIFY DIELECTRIC
seq_0089,MEASURE DIELECTRIC THICKNESS
seq_0089,CMP INTERLAYER DIELECTRIC
seq_0089,MEASURE PLANARITY
seq_0089,SPIN COAT PHOTORESIST
seq_0089,SOFT BAKE
seq_0089,ALIGN MASK LEVEL 3
seq_0089,EXPOSE LITHO LEVEL 3
seq_0089,POST EXPOSE BAKE
seq_0089,DEVELOP PHOTORESIST
seq_0089,VIA INSPECTION
seq_0089,VIA ETCH
seq_0089,STRIP RESIST
seq_0089,CLEAN AFTER VIA ETCH
seq_0089,MEASURE VIA CD
seq_0089,DEPOSIT BARRIER METAL
seq_0089,DEPOSIT METAL SEED
seq_0089,FILL VIA METAL
seq_0089,CMP METAL
seq_0089,MEASURE CONTACT RESISTANCE
seq_0089,DEPOSIT TOP METAL
seq_0089,ANNEAL METAL 1
seq_0089,SPIN COAT PHOTORESIST
seq_0089,SOFT BAKE
seq_0089,ALIGN MASK LEVEL 4
seq_0089,EXPOSE LITHO LEVEL 4
seq_0089,POST EXPOSE BAKE
seq_0089,DEVELOP PHOTORESIST
seq_0089,METAL PATTERN INSPECTION
seq_0089,METAL ETCH
seq_0089,STRIP RESIST
seq_0089,CLEAN AFTER METAL ETCH
seq_0089,DEPOSIT PASSIVATION
seq_0089,CURE PASSIVATION
seq_0089,MEASURE PASSIVATION QUALITY
seq_0089,OPEN BOND PAD WINDOW
seq_0089,PAD WINDOW LITHO
seq_0089,DEVELOP PAD WINDOW
seq_0089,PASSIVATION ETCH PAD OPENING
seq_0089,STRIP PHOTORESIST
seq_0089,CLEAN PAD OPENING
seq_0089,MEASURE PAD OPENING
seq_0089,BACKSIDE CLEAN
seq_0089,BACKSIDE GRIND
seq_0089,MEASURE THICKNESS
seq_0089,BACKSIDE ETCH CLEAN
seq_0089,BACKSIDE RINSE
seq_0089,BACKSIDE DRY
seq_0089,BACKSIDE METALLIZATION PREP
seq_0089,DEPOSIT BACKSIDE METAL
seq_0089,BACKSIDE ANNEAL
seq_0089,MEASURE BACKSIDE CONTACT
seq_0089,FINAL CLEAN
seq_0089,FINAL THICKNESS MEASURE
seq_0089,FINAL GEOMETRY CHECK
seq_0089,FINAL PARTICLE INSPECTION
seq_0089,ELECTRICAL PARAMETRIC TEST
seq_0089,LEAKAGE TEST
seq_0089,THRESHOLD VOLTAGE TEST
seq_0089,SWITCHING TEST
seq_0089,WAFER SORT TEST
seq_0089,YIELD ANALYSIS
seq_0089,FINAL LOT RELEASE
seq_0089,SHIP LOT
seq_0090,RECEIVE WAFER LOT
seq_0090,LOT IDENTIFICATION
seq_0090,INITIAL WAFER INSPECTION
seq_0090,MEASURE THICKNESS
seq_0090,MEASURE SURFACE PARTICLES
seq_0090,PRE CLEAN WAFER
seq_0090,BACKSIDE CLEAN
seq_0090,RCA CLEAN 1
seq_0090,RCA CLEAN 2
seq_0090,HF DIP
seq_0090,DRY WAFER
seq_0090,SUBSTRATE CHECK
seq_0090,EPITAXY PREP
seq_0090,EPITAXIAL DEPOSITION
seq_0090,MEASURE EPITAXY THICKNESS
seq_0090,MEASURE RESISTIVITY
seq_0090,EPITAXY ANNEAL
seq_0090,WAFER SURFACE CLEAN
seq_0090,THERMAL OXIDATION
seq_0090,MEASURE OXIDE THICKNESS
seq_0090,SPIN COAT PHOTORESIST
seq_0090,SOFT BAKE
seq_0090,ALIGN MASK LEVEL 1
seq_0090,EXPOSE LITHO LEVEL 1
seq_0090,POST EXPOSE BAKE
seq_0090,DEVELOP PHOTORESIST
seq_0090,PATTERN INSPECTION LEVEL 1
seq_0090,OXIDE ETCH
seq_0090,STRIP RESIST
seq_0090,CLEAN AFTER ETCH
seq_0090,MEASURE OPENING CD
seq_0090,IMPLANT WELL
seq_0090,PRE ANNEAL CHECK
seq_0090,DRIVE IN DIFFUSION
seq_0090,RAPID THERMAL ANNEAL
seq_0090,MEASURE JUNCTION DEPTH
seq_0090,THERMAL OXIDATION
seq_0090,GATE OXIDE PREP
seq_0090,GATE OXIDE GROWTH
seq_0090,MEASURE GATE OXIDE THICKNESS
seq_0090,DEPOSIT POLYSILICON
seq_0090,POLYSILICON ANNEAL
seq_0090,MEASURE POLY THICKNESS
seq_0090,SPIN COAT PHOTORESIST
seq_0090,SOFT BAKE
seq_0090,ALIGN MASK LEVEL 2
seq_0090,EXPOSE LITHO LEVEL 2
seq_0090,DEVELOP PHOTORESIST
seq_0090,POLY PATTERN INSPECTION
seq_0090,POLYSILICON ETCH
seq_0090,STRIP PHOTORESIST
seq_0090,CLEAN AFTER POLY ETCH
seq_0090,MEASURE GATE CD
seq_0090,IMPLANT SOURCE DRAIN
seq_0090,LIGHT ANNEAL
seq_0090,MEASURE SHEET RESISTANCE
seq_0090,DEPOSIT SPACER DIELECTRIC
seq_0090,ANISOTROPIC ETCH SPACER
seq_0090,IMPLANT LDD
seq_0090,PRE ANNEAL CHECK
seq_0090,RAPID THERMAL ANNEAL
seq_0090,MEASURE JUNCTION PROFILE
seq_0090,DEPOSIT INTERLEVEL DIELECTRIC
seq_0090,DENSIFY DIELECTRIC
seq_0090,MEASURE FILM THICKNESS
seq_0090,CMP INTERLAYER DIELECTRIC
seq_0090,MEASURE PLANARITY
seq_0090,SPIN COAT PHOTORESIST
seq_0090,SOFT BAKE
seq_0090,ALIGN MASK LEVEL 3
seq_0090,EXPOSE LITHO LEVEL 3
seq_0090,DEVELOP PHOTORESIST
seq_0090,VIA INSPECTION
seq_0090,VIA ETCH THROUGH DIELECTRIC
seq_0090,STRIP PHOTORESIST
seq_0090,CLEAN AFTER VIA ETCH
seq_0090,MEASURE VIA CD
seq_0090,DEPOSIT BARRIER METAL
seq_0090,DEPOSIT METAL SEED
seq_0090,FILL VIA METAL
seq_0090,CMP VIA FILL
seq_0090,DEPOSIT METAL 1
seq_0090,ANNEAL METAL 1
seq_0090,SPIN COAT PHOTORESIST
seq_0090,SOFT BAKE
seq_0090,ALIGN MASK LEVEL 4
seq_0090,EXPOSE LITHO LEVEL 4
seq_0090,POST EXPOSE BAKE
seq_0090,DEVELOP PHOTORESIST
seq_0090,METAL PATTERN INSPECTION
seq_0090,HARD BAKE
seq_0090,METAL ETCH
seq_0090,STRIP RESIST
seq_0090,CLEAN AFTER METAL ETCH
seq_0090,MEASURE LINE WIDTH
seq_0090,DEPOSIT PASSIVATION LAYER
seq_0090,CURE PASSIVATION
seq_0090,MEASURE PASSIVATION QUALITY
seq_0090,OPEN BOND PAD WINDOW
seq_0090,PAD WINDOW LITHO
seq_0090,DEVELOP PAD WINDOW
seq_0090,PASSIVATION ETCH
seq_0090,STRIP RESIST
seq_0090,CLEAN PAD OPENING
seq_0090,MEASURE PAD OPENING
seq_0090,BACKSIDE CLEAN
seq_0090,BACKSIDE GRIND
seq_0090,MEASURE WAFER THICKNESS
seq_0090,BACKSIDE ETCH CLEAN
seq_0090,BACKSIDE RINSE
seq_0090,BACKSIDE DRY
seq_0090,BACKSIDE METALLIZATION PREP
seq_0090,DEPOSIT BACKSIDE METAL
seq_0090,BACKSIDE ANNEAL
seq_0090,MEASURE BACKSIDE CONTACT
seq_0090,FINAL CLEAN
seq_0090,FINAL THICKNESS MEASURE
seq_0090,FINAL GEOMETRY CHECK
seq_0090,FINAL PARTICLE INSPECTION
seq_0090,PARAMETRIC TEST
seq_0090,LEAKAGE TEST
seq_0090,THRESHOLD VOLTAGE TEST
seq_0090,SWITCHING TEST
seq_0090,WAFER SORT TEST
seq_0090,YIELD ANALYSIS
seq_0090,FINAL LOT RELEASE
seq_0090,SHIP LOT
seq_0091,RECEIVE WAFER LOT
seq_0091,LOT IDENTIFICATION
seq_0091,PRE CLEAN INSPECTION
seq_0091,MEASURE THICKNESS
seq_0091,MEASURE SURFACE PARTICLES
seq_0091,PRE CLEAN WAFER
seq_0091,BACKSIDE CLEAN
seq_0091,FRONTSIDE CLEAN
seq_0091,WET CLEAN RCA1
seq_0091,WET CLEAN RCA2
seq_0091,HF DIP
seq_0091,DRY WAFER
seq_0091,SUBSTRATE CHECK
seq_0091,EPITAXY PREP
seq_0091,EPITAXIAL DEPOSITION
seq_0091,MEASURE EPITAXY THICKNESS
seq_0091,MEASURE RESISTIVITY
seq_0091,EPITAXY ANNEAL
seq_0091,WAFER SURFACE CLEAN
seq_0091,THERMAL OXIDATION
seq_0091,MEASURE OXIDE THICKNESS
seq_0091,SPIN COAT PHOTORESIST
seq_0091,SOFT BAKE
seq_0091,ALIGN MASK LEVEL 1
seq_0091,EXPOSE LITHO LEVEL 1
seq_0091,POST EXPOSE BAKE
seq_0091,DEVELOP PHOTORESIST
seq_0091,PATTERN INSPECTION LEVEL 1
seq_0091,OXIDE ETCH
seq_0091,STRIP PHOTORESIST
seq_0091,CLEAN AFTER ETCH
seq_0091,MEASURE OPENING CD
seq_0091,IMPLANT WELL
seq_0091,PRE ANNEAL CHECK
seq_0091,DRIVE IN DIFFUSION
seq_0091,RAPID THERMAL ANNEAL
seq_0091,MEASURE JUNCTION DEPTH
seq_0091,THERMAL OXIDATION
seq_0091,GATE OXIDE PREP
seq_0091,GATE OXIDE GROWTH
seq_0091,MEASURE GATE OXIDE THICKNESS
seq_0091,DEPOSIT POLYSILICON
seq_0091,POLYSILICON ANNEAL
seq_0091,MEASURE POLY THICKNESS
seq_0091,SPIN COAT PHOTORESIST
seq_0091,SOFT BAKE
seq_0091,ALIGN MASK LEVEL 2
seq_0091,EXPOSE LITHO LEVEL 2
seq_0091,DEVELOP PHOTORESIST
seq_0091,POLY PATTERN INSPECTION
seq_0091,POLYSILICON ETCH
seq_0091,STRIP RESIST
seq_0091,CLEAN AFTER POLY ETCH
seq_0091,MEASURE GATE CD
seq_0091,IMPLANT SOURCE DRAIN
seq_0091,LIGHT ANNEAL
seq_0091,MEASURE SHEET RESISTANCE
seq_0091,DEPOSIT SPACER DIELECTRIC
seq_0091,ANISOTROPIC ETCH SPACER
seq_0091,MEASURE SPACER WIDTH
seq_0091,IMPLANT LDD
seq_0091,RAPID THERMAL ANNEAL
seq_0091,MEASURE JUNCTION PROFILE
seq_0091,DEPOSIT INTERLEVEL DIELECTRIC
seq_0091,DENSIFY DIELECTRIC
seq_0091,MEASURE FILM THICKNESS
seq_0091,CMP DIELECTRIC
seq_0091,MEASURE SURFACE PLANARITY
seq_0091,SPIN COAT PHOTORESIST
seq_0091,SOFT BAKE
seq_0091,ALIGN MASK LEVEL 3
seq_0091,EXPOSE LITHO LEVEL 3
seq_0091,POST EXPOSE BAKE
seq_0091,DEVELOP PHOTORESIST
seq_0091,VIA OPENING INSPECTION
seq_0091,DIELECTRIC ETCH VIA
seq_0091,STRIP RESIST
seq_0091,CLEAN AFTER VIA ETCH
seq_0091,MEASURE VIA CD
seq_0091,DEPOSIT BARRIER METAL
seq_0091,DEPOSIT METAL SEED
seq_0091,FILL VIA METAL
seq_0091,CMP VIA FILL
seq_0091,MEASURE CONTACT RESISTANCE
seq_0091,DEPOSIT METAL 1
seq_0091,ANNEAL METAL 1
seq_0091,MEASURE METAL THICKNESS
seq_0091,SPIN COAT PHOTORESIST
seq_0091,SOFT BAKE
seq_0091,ALIGN MASK LEVEL 4
seq_0091,EXPOSE LITHO LEVEL 4
seq_0091,DEVELOP PHOTORESIST
seq_0091,METAL PATTERN INSPECTION
seq_0091,METAL ETCH
seq_0091,STRIP RESIST
seq_0091,CLEAN AFTER METAL ETCH
seq_0091,MEASURE LINE WIDTH
seq_0091,DEPOSIT PASSIVATION
seq_0091,CURE PASSIVATION
seq_0091,MEASURE PASSIVATION THICKNESS
seq_0091,OPEN BOND PAD WINDOW
seq_0091,PAD WINDOW LITHO
seq_0091,DEVELOP PHOTORESIST
seq_0091,PASSIVATION ETCH PAD OPENING
seq_0091,STRIP RESIST
seq_0091,CLEAN PAD OPENING
seq_0091,MEASURE PAD OPENING
seq_0091,BACKSIDE CLEAN
seq_0091,BACKSIDE GRIND
seq_0091,MEASURE WAFER THICKNESS
seq_0091,BACKSIDE ETCH CLEAN
seq_0091,BACKSIDE RINSE
seq_0091,BACKSIDE DRY
seq_0091,BACKSIDE METALLIZATION PREP
seq_0091,DEPOSIT BACKSIDE METAL
seq_0091,BACKSIDE ANNEAL
seq_0091,MEASURE BACKSIDE CONTACT
seq_0091,FINAL CLEAN
seq_0091,FINAL THICKNESS MEASURE
seq_0091,FINAL GEOMETRY CHECK
seq_0091,FINAL PARTICLE INSPECTION
seq_0091,PARAMETRIC TEST
seq_0091,LEAKAGE TEST
seq_0091,THRESHOLD VOLTAGE TEST
seq_0091,SWITCHING TEST
seq_0091,WAFER SORT TEST
seq_0091,YIELD ANALYSIS
seq_0091,FINAL LOT RELEASE
seq_0091,SHIP LOT
seq_0092,RECEIVE WAFER LOT
seq_0092,LOT IDENTIFICATION
seq_0092,PRE CLEAN INSPECTION
seq_0092,MEASURE SURFACE PARTICLES
seq_0092,PRE CLEAN WAFER
seq_0092,BACKSIDE CLEAN
seq_0092,RCA CLEAN 1
seq_0092,WET CLEAN RCA2
seq_0092,HF DIP
seq_0092,DRY WAFER
seq_0092,SUBSTRATE CHECK
seq_0092,EPITAXY PREP
seq_0092,EPITAXIAL DEPOSITION
seq_0092,MEASURE EPITAXY THICKNESS
seq_0092,MEASURE RESISTIVITY
seq_0092,EPITAXY ANNEAL
seq_0092,WAFER SURFACE CLEAN
seq_0092,THERMAL OXIDATION
seq_0092,MEASURE OXIDE THICKNESS
seq_0092,SPIN COAT PHOTORESIST
seq_0092,SOFT BAKE
seq_0092,ALIGN MASK LEVEL 1
seq_0092,EXPOSE LITHO LEVEL 1
seq_0092,DEVELOP PHOTORESIST
seq_0092,PATTERN INSPECTION LEVEL 1
seq_0092,OXIDE ETCH
seq_0092,STRIP PHOTORESIST
seq_0092,CLEAN AFTER ETCH
seq_0092,MEASURE OPENING CD
seq_0092,IMPLANT WELL
seq_0092,DRIVE IN DIFFUSION
seq_0092,RAPID THERMAL ANNEAL
seq_0092,MEASURE JUNCTION DEPTH
seq_0092,THERMAL OXIDATION
seq_0092,GATE OXIDE PREP
seq_0092,GATE OXIDE GROWTH
seq_0092,MEASURE GATE OXIDE THICKNESS
seq_0092,DEPOSIT POLYSILICON
seq_0092,POLYSILICON ANNEAL
seq_0092,MEASURE POLY THICKNESS
seq_0092,SPIN COAT PHOTORESIST
seq_0092,SOFT BAKE
seq_0092,ALIGN MASK LEVEL 2
seq_0092,EXPOSE LITHO LEVEL 2
seq_0092,POST EXPOSE BAKE
seq_0092,DEVELOP PHOTORESIST
seq_0092,POLY PATTERN INSPECTION
seq_0092,POLYSILICON ETCH
seq_0092,STRIP RESIST
seq_0092,CLEAN AFTER POLY ETCH
seq_0092,MEASURE GATE CD
seq_0092,IMPLANT SOURCE DRAIN
seq_0092,PRE ANNEAL CHECK
seq_0092,LIGHT ANNEAL
seq_0092,DEPOSIT SPACER DIELECTRIC
seq_0092,ANISOTROPIC ETCH SPACER
seq_0092,MEASURE SPACER WIDTH
seq_0092,IMPLANT LDD
seq_0092,RAPID THERMAL ANNEAL
seq_0092,MEASURE JUNCTION PROFILE
seq_0092,DEPOSIT INTERLAYER DIELECTRIC
seq_0092,DENSIFY DIELECTRIC
seq_0092,MEASURE DIELECTRIC THICKNESS
seq_0092,CMP DIELECTRIC
seq_0092,MEASURE SURFACE PLANARITY
seq_0092,SPIN COAT PHOTORESIST
seq_0092,SOFT BAKE
seq_0092,ALIGN MASK LEVEL 3
seq_0092,EXPOSE LITHO LEVEL 3
seq_0092,DEVELOP PHOTORESIST
seq_0092,VIA INSPECTION
seq_0092,DIELECTRIC ETCH VIA
seq_0092,STRIP RESIST
seq_0092,CLEAN AFTER VIA ETCH
seq_0092,MEASURE VIA CD
seq_0092,DEPOSIT BARRIER METAL
seq_0092,DEPOSIT METAL SEED
seq_0092,FILL VIA METAL
seq_0092,CMP METAL
seq_0092,MEASURE VIA RESISTANCE
seq_0092,DEPOSIT METAL 1
seq_0092,ANNEAL METAL
seq_0092,MEASURE METAL THICKNESS
seq_0092,SPIN COAT PHOTORESIST
seq_0092,SOFT BAKE
seq_0092,ALIGN MASK LEVEL 4
seq_0092,EXPOSE LITHO LEVEL 4
seq_0092,DEVELOP PHOTORESIST
seq_0092,METAL PATTERN INSPECTION
seq_0092,METAL ETCH
seq_0092,STRIP RESIST
seq_0092,CLEAN AFTER METAL ETCH
seq_0092,MEASURE LINE WIDTH
seq_0092,DEPOSIT PASSIVATION LAYER
seq_0092,CURE PASSIVATION
seq_0092,MEASURE PASSIVATION THICKNESS
seq_0092,OPEN BOND PAD WINDOW
seq_0092,PAD WINDOW LITHO
seq_0092,DEVELOP PHOTORESIST
seq_0092,PASSIVATION ETCH PAD OPENING
seq_0092,STRIP PHOTORESIST
seq_0092,CLEAN PAD OPENING
seq_0092,MEASURE PAD OPENING
seq_0092,BACKSIDE CLEAN
seq_0092,BACKSIDE GRIND
seq_0092,MEASURE THICKNESS
seq_0092,BACKSIDE ETCH CLEAN
seq_0092,BACKSIDE RINSE
seq_0092,BACKSIDE DRY
seq_0092,BACKSIDE METALLIZATION PREP
seq_0092,DEPOSIT BACKSIDE METAL
seq_0092,BACKSIDE ANNEAL
seq_0092,MEASURE BACKSIDE CONTACT
seq_0092,FINAL CLEAN
seq_0092,FINAL THICKNESS MEASURE
seq_0092,FINAL GEOMETRY CHECK
seq_0092,ELECTRICAL PARAMETRIC TEST
seq_0092,LEAKAGE TEST
seq_0092,THRESHOLD VOLTAGE TEST
seq_0092,SWITCHING TEST
seq_0092,WAFER SORT TEST
seq_0092,YIELD ANALYSIS
seq_0092,FINAL LOT RELEASE
seq_0092,SHIP LOT
seq_0093,RECEIVE WAFER LOT
seq_0093,LOT IDENTIFICATION
seq_0093,INITIAL WAFER INSPECTION
seq_0093,MEASURE THICKNESS
seq_0093,MEASURE SURFACE PARTICLES
seq_0093,PRE CLEAN WAFER
seq_0093,RCA CLEAN 1
seq_0093,WET CLEAN RCA2
seq_0093,HF DIP
seq_0093,DRY WAFER
seq_0093,SUBSTRATE CHECK
seq_0093,EPITAXY PREP
seq_0093,EPITAXIAL DEPOSITION
seq_0093,MEASURE EPITAXY THICKNESS
seq_0093,MEASURE RESISTIVITY
seq_0093,EPITAXY ANNEAL
seq_0093,WAFER SURFACE CLEAN
seq_0093,THERMAL OXIDATION
seq_0093,MEASURE OXIDE THICKNESS
seq_0093,SPIN COAT PHOTORESIST
seq_0093,SOFT BAKE
seq_0093,ALIGN MASK LEVEL 1
seq_0093,EXPOSE LITHO LEVEL 1
seq_0093,DEVELOP PHOTORESIST
seq_0093,PATTERN INSPECTION LEVEL 1
seq_0093,OXIDE ETCH
seq_0093,STRIP PHOTORESIST
seq_0093,CLEAN AFTER ETCH
seq_0093,MEASURE OPENING CD
seq_0093,IMPLANT WELL
seq_0093,PRE ANNEAL CHECK
seq_0093,DRIVE IN DIFFUSION
seq_0093,RAPID THERMAL ANNEAL
seq_0093,MEASURE JUNCTION DEPTH
seq_0093,THERMAL OXIDATION
seq_0093,GATE OXIDE PREP
seq_0093,GATE OXIDE GROWTH
seq_0093,MEASURE GATE OXIDE THICKNESS
seq_0093,DEPOSIT POLYSILICON
seq_0093,POLYSILICON ANNEAL
seq_0093,MEASURE POLY THICKNESS
seq_0093,SPIN COAT PHOTORESIST
seq_0093,SOFT BAKE
seq_0093,ALIGN MASK LEVEL 2
seq_0093,EXPOSE LITHO LEVEL 2
seq_0093,DEVELOP PHOTORESIST
seq_0093,POLY PATTERN INSPECTION
seq_0093,HARD BAKE
seq_0093,POLYSILICON ETCH
seq_0093,STRIP RESIST
seq_0093,CLEAN AFTER POLY ETCH
seq_0093,MEASURE GATE CD
seq_0093,IMPLANT SOURCE DRAIN
seq_0093,PRE ANNEAL CHECK
seq_0093,LIGHT ANNEAL
seq_0093,MEASURE SHEET RESISTANCE
seq_0093,DEPOSIT SPACER DIELECTRIC
seq_0093,ANISOTROPIC ETCH SPACER
seq_0093,MEASURE SPACER WIDTH
seq_0093,IMPLANT LDD
seq_0093,RAPID THERMAL ANNEAL
seq_0093,MEASURE JUNCTION PROFILE
seq_0093,DEPOSIT INTERLEVEL DIELECTRIC
seq_0093,DENSIFY OXIDE
seq_0093,MEASURE DIELECTRIC THICKNESS
seq_0093,CMP DIELECTRIC
seq_0093,MEASURE SURFACE PLANARITY
seq_0093,SPIN COAT PHOTORESIST
seq_0093,SOFT BAKE
seq_0093,ALIGN MASK LEVEL 3
seq_0093,EXPOSE LITHO LEVEL 3
seq_0093,POST EXPOSE BAKE
seq_0093,DEVELOP PHOTORESIST
seq_0093,VIA INSPECTION
seq_0093,VIA ETCH
seq_0093,STRIP RESIST
seq_0093,CLEAN AFTER VIA ETCH
seq_0093,MEASURE VIA CD
seq_0093,DEPOSIT BARRIER METAL
seq_0093,DEPOSIT METAL SEED
seq_0093,FILL VIA METAL
seq_0093,CMP VIA FILL
seq_0093,MEASURE VIA RESISTANCE
seq_0093,DEPOSIT METAL 1
seq_0093,ANNEAL METAL 1
seq_0093,SPIN COAT PHOTORESIST
seq_0093,SOFT BAKE
seq_0093,ALIGN MASK LEVEL 4
seq_0093,EXPOSE LITHO LEVEL 4
seq_0093,DEVELOP PHOTORESIST
seq_0093,METAL PATTERN INSPECTION
seq_0093,METAL ETCH
seq_0093,STRIP RESIST
seq_0093,CLEAN AFTER METAL ETCH
seq_0093,MEASURE LINE WIDTH
seq_0093,DEPOSIT PASSIVATION LAYER
seq_0093,CURE PASSIVATION
seq_0093,MEASURE PASSIVATION QUALITY
seq_0093,OPEN BOND PAD WINDOW
seq_0093,OPEN PAD WINDOW LITHO
seq_0093,DEVELOP PAD WINDOW
seq_0093,PASSIVATION ETCH
seq_0093,STRIP PHOTORESIST
seq_0093,CLEAN PAD OPENING
seq_0093,MEASURE PAD OPENING
seq_0093,BACKSIDE CLEAN
seq_0093,BACKSIDE GRIND
seq_0093,MEASURE WAFER THICKNESS
seq_0093,BACKSIDE ETCH CLEAN
seq_0093,BACKSIDE RINSE
seq_0093,BACKSIDE DRY
seq_0093,BACKSIDE METALLIZATION PREP
seq_0093,DEPOSIT BACKSIDE METAL
seq_0093,BACKSIDE ANNEAL
seq_0093,MEASURE BACKSIDE CONTACT
seq_0093,FINAL CLEAN
seq_0093,FINAL THICKNESS MEASURE
seq_0093,FINAL GEOMETRY CHECK
seq_0093,FINAL CD INSPECTION
seq_0093,FINAL PARTICLE INSPECTION
seq_0093,ELECTRICAL PARAMETRIC TEST
seq_0093,LEAKAGE TEST
seq_0093,THRESHOLD VOLTAGE TEST
seq_0093,SWITCHING TEST
seq_0093,WAFER SORT TEST
seq_0093,YIELD ANALYSIS
seq_0093,FINAL LOT RELEASE
seq_0093,SHIP LOT
seq_0094,RECEIVE WAFER LOT
seq_0094,LOT IDENTIFICATION
seq_0094,PRE CLEAN INSPECTION
seq_0094,MEASURE THICKNESS
seq_0094,MEASURE SURFACE PARTICLES
seq_0094,PRE CLEAN WAFER
seq_0094,BACKSIDE CLEAN
seq_0094,FRONTSIDE CLEAN
seq_0094,WET CLEAN RCA1
seq_0094,RCA CLEAN 2
seq_0094,HF DIP
seq_0094,SUBSTRATE CHECK
seq_0094,EPITAXY PREP
seq_0094,EPITAXIAL DEPOSITION
seq_0094,MEASURE EPITAXY THICKNESS
seq_0094,MEASURE RESISTIVITY
seq_0094,EPITAXY ANNEAL
seq_0094,WAFER SURFACE CLEAN
seq_0094,THERMAL OXIDATION
seq_0094,MEASURE OXIDE THICKNESS
seq_0094,SPIN COAT PHOTORESIST
seq_0094,SOFT BAKE
seq_0094,ALIGN MASK LEVEL 1
seq_0094,EXPOSE LITHO LEVEL 1
seq_0094,DEVELOP PHOTORESIST
seq_0094,PATTERN INSPECTION LEVEL 1
seq_0094,HARD BAKE
seq_0094,OXIDE ETCH
seq_0094,STRIP RESIST
seq_0094,CLEAN AFTER ETCH
seq_0094,MEASURE OPENING CD
seq_0094,IMPLANT WELL
seq_0094,DRIVE IN DIFFUSION
seq_0094,RAPID THERMAL ANNEAL
seq_0094,MEASURE JUNCTION DEPTH
seq_0094,THERMAL OXIDATION
seq_0094,GATE OXIDE PREP
seq_0094,GATE OXIDE GROWTH
seq_0094,MEASURE GATE OXIDE THICKNESS
seq_0094,DEPOSIT POLYSILICON
seq_0094,POLYSILICON ANNEAL
seq_0094,MEASURE POLY THICKNESS
seq_0094,SPIN COAT PHOTORESIST
seq_0094,SOFT BAKE
seq_0094,ALIGN MASK LEVEL 2
seq_0094,EXPOSE LITHO LEVEL 2
seq_0094,POST EXPOSE BAKE
seq_0094,DEVELOP PHOTORESIST
seq_0094,POLY PATTERN INSPECTION
seq_0094,POLYSILICON ETCH
seq_0094,STRIP PHOTORESIST
seq_0094,CLEAN AFTER POLY ETCH
seq_0094,MEASURE GATE CD
seq_0094,IMPLANT SOURCE DRAIN
seq_0094,PRE ANNEAL CHECK
seq_0094,LIGHT ANNEAL
seq_0094,MEASURE SHEET RESISTANCE
seq_0094,DEPOSIT SPACER DIELECTRIC
seq_0094,ANISOTROPIC ETCH SPACER
seq_0094,MEASURE SPACER WIDTH
seq_0094,IMPLANT LDD
seq_0094,PRE ANNEAL CHECK
seq_0094,RAPID THERMAL ANNEAL
seq_0094,MEASURE JUNCTION PROFILE
seq_0094,DEPOSIT INTERLAYER DIELECTRIC
seq_0094,DENSIFY DIELECTRIC
seq_0094,MEASURE DIELECTRIC THICKNESS
seq_0094,CMP INTERLAYER DIELECTRIC
seq_0094,MEASURE SURFACE PLANARITY
seq_0094,SPIN COAT PHOTORESIST
seq_0094,SOFT BAKE
seq_0094,ALIGN MASK LEVEL 3
seq_0094,EXPOSE LITHO LEVEL 3
seq_0094,DEVELOP PHOTORESIST
seq_0094,VIA INSPECTION
seq_0094,VIA ETCH
seq_0094,STRIP PHOTORESIST
seq_0094,CLEAN AFTER VIA ETCH
seq_0094,DEPOSIT BARRIER METAL
seq_0094,DEPOSIT METAL SEED
seq_0094,FILL VIA METAL
seq_0094,CMP VIA FILL
seq_0094,DEPOSIT TOP METAL
seq_0094,ANNEAL METAL
seq_0094,SPIN COAT PHOTORESIST
seq_0094,SOFT BAKE
seq_0094,ALIGN MASK LEVEL 4
seq_0094,EXPOSE LITHO LEVEL 4
seq_0094,POST EXPOSE BAKE
seq_0094,DEVELOP PHOTORESIST
seq_0094,METAL PATTERN INSPECTION
seq_0094,METAL ETCH
seq_0094,STRIP RESIST
seq_0094,CLEAN AFTER METAL ETCH
seq_0094,MEASURE LINE WIDTH
seq_0094,DEPOSIT PASSIVATION
seq_0094,CURE PASSIVATION
seq_0094,MEASURE PASSIVATION THICKNESS
seq_0094,OPEN PAD WINDOW
seq_0094,OPEN PAD WINDOW LITHO
seq_0094,DEVELOP PAD WINDOW
seq_0094,PASSIVATION ETCH
seq_0094,STRIP RESIST
seq_0094,CLEAN PAD OPENING
seq_0094,MEASURE PAD OPENING
seq_0094,BACKSIDE CLEAN
seq_0094,BACKSIDE GRIND
seq_0094,MEASURE WAFER THICKNESS
seq_0094,BACKSIDE ETCH CLEAN
seq_0094,BACKSIDE RINSE
seq_0094,BACKSIDE DRY
seq_0094,BACKSIDE METALLIZATION PREP
seq_0094,DEPOSIT BACKSIDE METAL
seq_0094,BACKSIDE ANNEAL
seq_0094,MEASURE BACKSIDE CONTACT
seq_0094,FINAL CLEAN
seq_0094,FINAL THICKNESS MEASURE
seq_0094,FINAL GEOMETRY CHECK
seq_0094,FINAL PARTICLE INSPECTION
seq_0094,PARAMETRIC TEST
seq_0094,LEAKAGE TEST
seq_0094,THRESHOLD VOLTAGE TEST
seq_0094,SWITCHING TEST
seq_0094,WAFER SORT TEST
seq_0094,YIELD ANALYSIS
seq_0094,LOT RELEASE
seq_0094,SHIP LOT
seq_0095,RECEIVE WAFER LOT
seq_0095,LOT IDENTIFICATION
seq_0095,PRE CLEAN INSPECTION
seq_0095,MEASURE THICKNESS
seq_0095,MEASURE SURFACE PARTICLES
seq_0095,PRE CLEAN WAFER
seq_0095,FRONTSIDE CLEAN
seq_0095,WET CLEAN RCA1
seq_0095,WET CLEAN RCA2
seq_0095,HF DIP
seq_0095,SUBSTRATE CHECK
seq_0095,EPITAXY PREP
seq_0095,EPITAXIAL DEPOSITION
seq_0095,MEASURE EPITAXY THICKNESS
seq_0095,MEASURE RESISTIVITY
seq_0095,EPITAXY ANNEAL
seq_0095,WAFER SURFACE CLEAN
seq_0095,THERMAL OXIDATION
seq_0095,MEASURE OXIDE THICKNESS
seq_0095,SPIN COAT PHOTORESIST
seq_0095,SOFT BAKE
seq_0095,ALIGN MASK LEVEL 1
seq_0095,EXPOSE LITHO LEVEL 1
seq_0095,POST EXPOSE BAKE
seq_0095,DEVELOP PHOTORESIST
seq_0095,PATTERN INSPECTION LEVEL 1
seq_0095,OXIDE ETCH
seq_0095,STRIP RESIST
seq_0095,CLEAN AFTER ETCH
seq_0095,MEASURE OPENING CD
seq_0095,IMPLANT WELL
seq_0095,PRE ANNEAL CHECK
seq_0095,DRIVE IN DIFFUSION
seq_0095,RAPID THERMAL ANNEAL
seq_0095,THERMAL OXIDATION
seq_0095,GATE OXIDE PREP
seq_0095,GATE OXIDE GROWTH
seq_0095,MEASURE GATE OXIDE THICKNESS
seq_0095,DEPOSIT POLYSILICON
seq_0095,POLYSILICON ANNEAL
seq_0095,MEASURE POLY THICKNESS
seq_0095,SPIN COAT PHOTORESIST
seq_0095,SOFT BAKE
seq_0095,ALIGN MASK LEVEL 2
seq_0095,EXPOSE LITHO LEVEL 2
seq_0095,DEVELOP PHOTORESIST
seq_0095,POLY PATTERN INSPECTION
seq_0095,POLYSILICON ETCH
seq_0095,STRIP PHOTORESIST
seq_0095,CLEAN AFTER POLY ETCH
seq_0095,MEASURE GATE CD
seq_0095,IMPLANT SOURCE DRAIN
seq_0095,PRE ANNEAL CHECK
seq_0095,LIGHT ANNEAL
seq_0095,MEASURE SHEET RESISTANCE
seq_0095,DEPOSIT SPACER DIELECTRIC
seq_0095,ANISOTROPIC ETCH SPACER
seq_0095,MEASURE SPACER WIDTH
seq_0095,IMPLANT LDD
seq_0095,PRE ANNEAL CHECK
seq_0095,RAPID THERMAL ANNEAL
seq_0095,MEASURE JUNCTION PROFILE
seq_0095,DEPOSIT INTERLEVEL DIELECTRIC
seq_0095,DENSIFY DIELECTRIC
seq_0095,MEASURE DIELECTRIC THICKNESS
seq_0095,CMP INTERLAYER DIELECTRIC
seq_0095,MEASURE SURFACE PLANARITY
seq_0095,SPIN COAT PHOTORESIST
seq_0095,SOFT BAKE
seq_0095,ALIGN MASK LEVEL 3
seq_0095,EXPOSE LITHO LEVEL 3
seq_0095,POST EXPOSE BAKE
seq_0095,DEVELOP PHOTORESIST
seq_0095,VIA OPENING INSPECTION
seq_0095,HARD BAKE
seq_0095,VIA ETCH
seq_0095,STRIP PHOTORESIST
seq_0095,CLEAN AFTER VIA ETCH
seq_0095,MEASURE VIA CD
seq_0095,DEPOSIT BARRIER METAL
seq_0095,DEPOSIT METAL SEED
seq_0095,FILL VIA METAL
seq_0095,CMP METAL
seq_0095,MEASURE VIA RESISTANCE
seq_0095,DEPOSIT METAL 1
seq_0095,ANNEAL METAL
seq_0095,SPIN COAT PHOTORESIST
seq_0095,SOFT BAKE
seq_0095,ALIGN MASK LEVEL 4
seq_0095,EXPOSE LITHO LEVEL 4
seq_0095,DEVELOP PHOTORESIST
seq_0095,METAL PATTERN INSPECTION
seq_0095,METAL ETCH
seq_0095,STRIP RESIST
seq_0095,CLEAN AFTER METAL ETCH
seq_0095,MEASURE LINE WIDTH
seq_0095,DEPOSIT PASSIVATION
seq_0095,CURE PASSIVATION
seq_0095,MEASURE PASSIVATION QUALITY
seq_0095,OPEN PAD WINDOW
seq_0095,PAD WINDOW LITHO
seq_0095,DEVELOP PHOTORESIST
seq_0095,PASSIVATION ETCH
seq_0095,STRIP PHOTORESIST
seq_0095,CLEAN PAD OPENING
seq_0095,MEASURE PAD OPENING
seq_0095,BACKSIDE CLEAN
seq_0095,BACKSIDE GRIND
seq_0095,MEASURE WAFER THICKNESS
seq_0095,BACKSIDE ETCH CLEAN
seq_0095,BACKSIDE RINSE
seq_0095,BACKSIDE DRY
seq_0095,BACKSIDE METALLIZATION PREP
seq_0095,DEPOSIT BACKSIDE METAL
seq_0095,BACKSIDE ANNEAL
seq_0095,MEASURE BACKSIDE CONTACT
seq_0095,FINAL CLEAN
seq_0095,FINAL GEOMETRY CHECK
seq_0095,FINAL PARTICLE INSPECTION
seq_0095,ELECTRICAL PARAMETRIC TEST
seq_0095,LEAKAGE TEST
seq_0095,THRESHOLD VOLTAGE TEST
seq_0095,SWITCHING TEST
seq_0095,WAFER SORT TEST
seq_0095,YIELD ANALYSIS
seq_0095,FINAL LOT RELEASE
seq_0095,SHIP LOT
seq_0096,RECEIVE WAFER LOT
seq_0096,LOT IDENTIFICATION
seq_0096,PRE CLEAN INSPECTION
seq_0096,MEASURE THICKNESS
seq_0096,MEASURE SURFACE PARTICLES
seq_0096,PRE CLEAN WAFER
seq_0096,WET CLEAN RCA1
seq_0096,RCA CLEAN 2
seq_0096,HF DIP
seq_0096,DRY WAFER
seq_0096,SUBSTRATE CHECK
seq_0096,EPITAXY PREP
seq_0096,EPITAXIAL DEPOSITION
seq_0096,MEASURE EPITAXY THICKNESS
seq_0096,MEASURE RESISTIVITY
seq_0096,EPITAXY ANNEAL
seq_0096,WAFER SURFACE CLEAN
seq_0096,THERMAL OXIDATION
seq_0096,MEASURE OXIDE THICKNESS
seq_0096,SPIN COAT PHOTORESIST
seq_0096,SOFT BAKE
seq_0096,ALIGN MASK LEVEL 1
seq_0096,EXPOSE LITHO LEVEL 1
seq_0096,DEVELOP PHOTORESIST
seq_0096,PATTERN INSPECTION LEVEL 1
seq_0096,OXIDE ETCH
seq_0096,STRIP PHOTORESIST
seq_0096,CLEAN AFTER ETCH
seq_0096,MEASURE OPENING CD
seq_0096,IMPLANT WELL
seq_0096,PRE ANNEAL CHECK
seq_0096,DRIVE IN DIFFUSION
seq_0096,RAPID THERMAL ANNEAL
seq_0096,MEASURE JUNCTION DEPTH
seq_0096,THERMAL OXIDATION
seq_0096,GATE OXIDE PREP
seq_0096,GATE OXIDE GROWTH
seq_0096,MEASURE GATE OXIDE THICKNESS
seq_0096,DEPOSIT POLYSILICON
seq_0096,POLYSILICON ANNEAL
seq_0096,SPIN COAT PHOTORESIST
seq_0096,SOFT BAKE
seq_0096,ALIGN MASK LEVEL 2
seq_0096,EXPOSE LITHO LEVEL 2
seq_0096,DEVELOP PHOTORESIST
seq_0096,POLY PATTERN INSPECTION
seq_0096,HARD BAKE
seq_0096,POLYSILICON ETCH
seq_0096,STRIP PHOTORESIST
seq_0096,CLEAN AFTER POLY ETCH
seq_0096,MEASURE GATE CD
seq_0096,IMPLANT SOURCE DRAIN
seq_0096,LIGHT ANNEAL
seq_0096,DEPOSIT SPACER DIELECTRIC
seq_0096,ANISOTROPIC ETCH SPACER
seq_0096,IMPLANT LDD
seq_0096,RAPID THERMAL ANNEAL
seq_0096,DEPOSIT INTERLAYER DIELECTRIC
seq_0096,DENSIFY OXIDE
seq_0096,MEASURE FILM THICKNESS
seq_0096,CMP DIELECTRIC
seq_0096,MEASURE SURFACE PLANARITY
seq_0096,SPIN COAT PHOTORESIST
seq_0096,SOFT BAKE
seq_0096,ALIGN MASK LEVEL 3
seq_0096,EXPOSE LITHO LEVEL 3
seq_0096,DEVELOP PHOTORESIST
seq_0096,VIA OPENING INSPECTION
seq_0096,HARD BAKE
seq_0096,VIA ETCH THROUGH DIELECTRIC
seq_0096,STRIP PHOTORESIST
seq_0096,CLEAN AFTER VIA ETCH
seq_0096,MEASURE VIA CD
seq_0096,DEPOSIT BARRIER METAL
seq_0096,DEPOSIT METAL SEED
seq_0096,FILL VIA METAL
seq_0096,CMP VIA FILL
seq_0096,MEASURE CONTACT RESISTANCE
seq_0096,DEPOSIT TOP METAL
seq_0096,ANNEAL METAL
seq_0096,SPIN COAT PHOTORESIST
seq_0096,SOFT BAKE
seq_0096,ALIGN MASK LEVEL 4
seq_0096,EXPOSE LITHO LEVEL 4
seq_0096,POST EXPOSE BAKE
seq_0096,DEVELOP PHOTORESIST
seq_0096,METAL PATTERN INSPECTION
seq_0096,METAL ETCH
seq_0096,STRIP RESIST
seq_0096,CLEAN AFTER METAL ETCH
seq_0096,MEASURE LINE WIDTH
seq_0096,DEPOSIT PASSIVATION LAYER
seq_0096,CURE PASSIVATION
seq_0096,MEASURE PASSIVATION THICKNESS
seq_0096,OPEN PAD WINDOW
seq_0096,OPEN PAD WINDOW LITHO
seq_0096,DEVELOP PHOTORESIST
seq_0096,PASSIVATION ETCH PAD OPENING
seq_0096,STRIP RESIST
seq_0096,CLEAN PAD OPENING
seq_0096,MEASURE PAD OPENING
seq_0096,BACKSIDE CLEAN
seq_0096,BACKSIDE GRIND
seq_0096,MEASURE THICKNESS
seq_0096,BACKSIDE ETCH CLEAN
seq_0096,BACKSIDE RINSE
seq_0096,BACKSIDE DRY
seq_0096,BACKSIDE METALLIZATION PREP
seq_0096,DEPOSIT BACKSIDE METAL
seq_0096,BACKSIDE ANNEAL
seq_0096,MEASURE BACKSIDE CONTACT
seq_0096,FINAL CLEAN
seq_0096,FINAL THICKNESS MEASURE
seq_0096,FINAL GEOMETRY CHECK
seq_0096,FINAL CD INSPECTION
seq_0096,ELECTRICAL PARAMETRIC TEST
seq_0096,LEAKAGE TEST
seq_0096,THRESHOLD VOLTAGE TEST
seq_0096,SWITCHING TEST
seq_0096,WAFER SORT TEST
seq_0096,YIELD ANALYSIS
seq_0096,FINAL LOT RELEASE
seq_0096,SHIP LOT
seq_0097,RECEIVE WAFER LOT
seq_0097,LOT IDENTIFICATION
seq_0097,PRE CLEAN INSPECTION
seq_0097,MEASURE THICKNESS
seq_0097,MEASURE SURFACE PARTICLES
seq_0097,PRE CLEAN WAFER
seq_0097,WET CLEAN RCA1
seq_0097,RCA CLEAN 2
seq_0097,HF DIP
seq_0097,DRY WAFER
seq_0097,SUBSTRATE CHECK
seq_0097,EPITAXY PREP
seq_0097,EPITAXIAL DEPOSITION
seq_0097,MEASURE EPITAXY THICKNESS
seq_0097,MEASURE RESISTIVITY
seq_0097,EPITAXY ANNEAL
seq_0097,WAFER SURFACE CLEAN
seq_0097,THERMAL OXIDATION
seq_0097,MEASURE OXIDE THICKNESS
seq_0097,SPIN COAT PHOTORESIST
seq_0097,SOFT BAKE
seq_0097,ALIGN MASK LEVEL 1
seq_0097,EXPOSE LITHO LEVEL 1
seq_0097,DEVELOP PHOTORESIST
seq_0097,PATTERN INSPECTION LEVEL 1
seq_0097,HARD BAKE
seq_0097,OXIDE ETCH
seq_0097,STRIP PHOTORESIST
seq_0097,CLEAN AFTER ETCH
seq_0097,MEASURE OPENING CD
seq_0097,IMPLANT WELL
seq_0097,PRE ANNEAL CHECK
seq_0097,DRIVE IN DIFFUSION
seq_0097,RAPID THERMAL ANNEAL
seq_0097,MEASURE JUNCTION DEPTH
seq_0097,THERMAL OXIDATION
seq_0097,GATE OXIDE PREP
seq_0097,GATE OXIDE GROWTH
seq_0097,MEASURE GATE OXIDE THICKNESS
seq_0097,DEPOSIT POLYSILICON
seq_0097,POLYSILICON ANNEAL
seq_0097,MEASURE POLY THICKNESS
seq_0097,SPIN COAT PHOTORESIST
seq_0097,SOFT BAKE
seq_0097,ALIGN MASK LEVEL 2
seq_0097,EXPOSE LITHO LEVEL 2
seq_0097,DEVELOP PHOTORESIST
seq_0097,POLY PATTERN INSPECTION
seq_0097,POLYSILICON ETCH
seq_0097,STRIP RESIST
seq_0097,CLEAN AFTER POLY ETCH
seq_0097,MEASURE GATE CD
seq_0097,IMPLANT SOURCE DRAIN
seq_0097,PRE ANNEAL CHECK
seq_0097,LIGHT ANNEAL
seq_0097,DEPOSIT SPACER DIELECTRIC
seq_0097,ANISOTROPIC ETCH SPACER
seq_0097,MEASURE SPACER WIDTH
seq_0097,IMPLANT LDD
seq_0097,PRE ANNEAL CHECK
seq_0097,RAPID THERMAL ANNEAL
seq_0097,MEASURE JUNCTION PROFILE
seq_0097,DEPOSIT INTERLEVEL DIELECTRIC
seq_0097,DENSIFY OXIDE
seq_0097,MEASURE FILM THICKNESS
seq_0097,CMP INTERLAYER DIELECTRIC
seq_0097,MEASURE PLANARITY
seq_0097,SPIN COAT PHOTORESIST
seq_0097,SOFT BAKE
seq_0097,ALIGN MASK LEVEL 3
seq_0097,EXPOSE LITHO LEVEL 3
seq_0097,POST EXPOSE BAKE
seq_0097,DEVELOP PHOTORESIST
seq_0097,VIA INSPECTION
seq_0097,VIA ETCH
seq_0097,STRIP RESIST
seq_0097,CLEAN AFTER VIA ETCH
seq_0097,MEASURE VIA CD
seq_0097,DEPOSIT BARRIER METAL
seq_0097,DEPOSIT METAL SEED
seq_0097,FILL VIA METAL
seq_0097,CMP METAL
seq_0097,MEASURE VIA RESISTANCE
seq_0097,DEPOSIT METAL 1
seq_0097,ANNEAL METAL 1
seq_0097,SPIN COAT PHOTORESIST
seq_0097,SOFT BAKE
seq_0097,ALIGN MASK LEVEL 4
seq_0097,EXPOSE LITHO LEVEL 4
seq_0097,DEVELOP PHOTORESIST
seq_0097,METAL PATTERN INSPECTION
seq_0097,METAL ETCH
seq_0097,STRIP PHOTORESIST
seq_0097,CLEAN AFTER METAL ETCH
seq_0097,MEASURE LINE WIDTH
seq_0097,DEPOSIT PASSIVATION LAYER
seq_0097,CURE PASSIVATION
seq_0097,MEASURE PASSIVATION QUALITY
seq_0097,OPEN PAD WINDOW
seq_0097,PAD WINDOW LITHO
seq_0097,DEVELOP PHOTORESIST
seq_0097,PASSIVATION ETCH
seq_0097,STRIP RESIST
seq_0097,CLEAN PAD OPENING
seq_0097,MEASURE PAD OPENING
seq_0097,BACKSIDE CLEAN
seq_0097,BACKSIDE GRIND
seq_0097,MEASURE WAFER THICKNESS
seq_0097,BACKSIDE ETCH CLEAN
seq_0097,BACKSIDE RINSE
seq_0097,BACKSIDE DRY
seq_0097,BACKSIDE METALLIZATION PREP
seq_0097,DEPOSIT BACKSIDE METAL
seq_0097,BACKSIDE ANNEAL
seq_0097,MEASURE BACKSIDE CONTACT
seq_0097,FINAL CLEAN
seq_0097,FINAL THICKNESS MEASURE
seq_0097,FINAL CD INSPECTION
seq_0097,FINAL PARTICLE INSPECTION
seq_0097,ELECTRICAL PARAMETRIC TEST
seq_0097,LEAKAGE TEST
seq_0097,THRESHOLD VOLTAGE TEST
seq_0097,SWITCHING TEST
seq_0097,WAFER SORT TEST
seq_0097,YIELD ANALYSIS
seq_0097,LOT RELEASE
seq_0097,SHIP LOT
seq_0098,RECEIVE WAFER LOT
seq_0098,LOT IDENTIFICATION
seq_0098,INITIAL WAFER INSPECTION
seq_0098,MEASURE THICKNESS
seq_0098,MEASURE SURFACE PARTICLES
seq_0098,PRE CLEAN WAFER
seq_0098,BACKSIDE CLEAN
seq_0098,FRONTSIDE CLEAN
seq_0098,RCA CLEAN 1
seq_0098,RCA CLEAN 2
seq_0098,HF DIP
seq_0098,DRY WAFER
seq_0098,SUBSTRATE CHECK
seq_0098,EPITAXY PREP
seq_0098,EPITAXIAL DEPOSITION
seq_0098,MEASURE EPITAXY THICKNESS
seq_0098,MEASURE RESISTIVITY
seq_0098,EPITAXY ANNEAL
seq_0098,WAFER SURFACE CLEAN
seq_0098,THERMAL OXIDATION
seq_0098,MEASURE OXIDE THICKNESS
seq_0098,SPIN COAT PHOTORESIST
seq_0098,SOFT BAKE
seq_0098,ALIGN MASK LEVEL 1
seq_0098,EXPOSE LITHO LEVEL 1
seq_0098,DEVELOP PHOTORESIST
seq_0098,PATTERN INSPECTION LEVEL 1
seq_0098,OXIDE ETCH
seq_0098,STRIP RESIST
seq_0098,CLEAN AFTER ETCH
seq_0098,IMPLANT WELL
seq_0098,PRE ANNEAL CHECK
seq_0098,DRIVE IN DIFFUSION
seq_0098,RAPID THERMAL ANNEAL
seq_0098,THERMAL OXIDATION
seq_0098,GATE OXIDE PREP
seq_0098,GATE OXIDE GROWTH
seq_0098,MEASURE GATE OXIDE THICKNESS
seq_0098,DEPOSIT POLYSILICON
seq_0098,POLYSILICON ANNEAL
seq_0098,MEASURE POLY THICKNESS
seq_0098,SPIN COAT PHOTORESIST
seq_0098,SOFT BAKE
seq_0098,ALIGN MASK LEVEL 2
seq_0098,EXPOSE LITHO LEVEL 2
seq_0098,DEVELOP PHOTORESIST
seq_0098,POLY PATTERN INSPECTION
seq_0098,HARD BAKE
seq_0098,POLYSILICON ETCH
seq_0098,STRIP RESIST
seq_0098,CLEAN AFTER POLY ETCH
seq_0098,MEASURE GATE CD
seq_0098,IMPLANT SOURCE DRAIN
seq_0098,PRE ANNEAL CHECK
seq_0098,LIGHT ANNEAL
seq_0098,MEASURE SHEET RESISTANCE
seq_0098,DEPOSIT SPACER DIELECTRIC
seq_0098,ANISOTROPIC ETCH SPACER
seq_0098,MEASURE SPACER WIDTH
seq_0098,IMPLANT LDD
seq_0098,RAPID THERMAL ANNEAL
seq_0098,MEASURE JUNCTION PROFILE
seq_0098,DEPOSIT INTERLAYER DIELECTRIC
seq_0098,DENSIFY DIELECTRIC
seq_0098,MEASURE DIELECTRIC THICKNESS
seq_0098,CMP DIELECTRIC
seq_0098,MEASURE SURFACE PLANARITY
seq_0098,SPIN COAT PHOTORESIST
seq_0098,SOFT BAKE
seq_0098,ALIGN MASK LEVEL 3
seq_0098,EXPOSE LITHO LEVEL 3
seq_0098,DEVELOP PHOTORESIST
seq_0098,VIA INSPECTION
seq_0098,VIA ETCH THROUGH DIELECTRIC
seq_0098,STRIP RESIST
seq_0098,CLEAN AFTER VIA ETCH
seq_0098,MEASURE VIA CD
seq_0098,DEPOSIT BARRIER METAL
seq_0098,DEPOSIT METAL SEED
seq_0098,FILL VIA METAL
seq_0098,CMP VIA FILL
seq_0098,MEASURE CONTACT RESISTANCE
seq_0098,DEPOSIT TOP METAL
seq_0098,ANNEAL METAL
seq_0098,MEASURE METAL THICKNESS
seq_0098,SPIN COAT PHOTORESIST
seq_0098,SOFT BAKE
seq_0098,ALIGN MASK LEVEL 4
seq_0098,EXPOSE LITHO LEVEL 4
seq_0098,DEVELOP PHOTORESIST
seq_0098,METAL PATTERN INSPECTION
seq_0098,METAL ETCH
seq_0098,STRIP RESIST
seq_0098,CLEAN AFTER METAL ETCH
seq_0098,MEASURE LINE WIDTH
seq_0098,DEPOSIT PASSIVATION
seq_0098,CURE PASSIVATION
seq_0098,MEASURE PASSIVATION THICKNESS
seq_0098,OPEN BOND PAD WINDOW
seq_0098,PAD WINDOW LITHO
seq_0098,DEVELOP PAD WINDOW
seq_0098,PASSIVATION ETCH PAD OPENING
seq_0098,STRIP PHOTORESIST
seq_0098,CLEAN PAD OPENING
seq_0098,MEASURE PAD OPENING
seq_0098,BACKSIDE CLEAN
seq_0098,BACKSIDE GRIND
seq_0098,MEASURE WAFER THICKNESS
seq_0098,BACKSIDE ETCH CLEAN
seq_0098,BACKSIDE RINSE
seq_0098,BACKSIDE DRY
seq_0098,BACKSIDE METALLIZATION PREP
seq_0098,DEPOSIT BACKSIDE METAL
seq_0098,BACKSIDE ANNEAL
seq_0098,MEASURE BACKSIDE CONTACT
seq_0098,FINAL CLEAN
seq_0098,FINAL THICKNESS MEASURE
seq_0098,FINAL GEOMETRY CHECK
seq_0098,PARAMETRIC TEST
seq_0098,LEAKAGE TEST
seq_0098,THRESHOLD VOLTAGE TEST
seq_0098,SWITCHING TEST
seq_0098,WAFER SORT TEST
seq_0098,YIELD ANALYSIS
seq_0098,FINAL LOT RELEASE
seq_0098,SHIP LOT
seq_0099,RECEIVE WAFER LOT
seq_0099,LOT IDENTIFICATION
seq_0099,INITIAL WAFER INSPECTION
seq_0099,MEASURE THICKNESS
seq_0099,MEASURE SURFACE PARTICLES
seq_0099,PRE CLEAN WAFER
seq_0099,WET CLEAN RCA1
seq_0099,RCA CLEAN 2
seq_0099,HF DIP
seq_0099,DRY WAFER
seq_0099,SUBSTRATE CHECK
seq_0099,EPITAXY PREP
seq_0099,EPITAXIAL DEPOSITION
seq_0099,MEASURE EPITAXY THICKNESS
seq_0099,MEASURE RESISTIVITY
seq_0099,EPITAXY ANNEAL
seq_0099,WAFER SURFACE CLEAN
seq_0099,THERMAL OXIDATION
seq_0099,MEASURE OXIDE THICKNESS
seq_0099,SPIN COAT PHOTORESIST
seq_0099,SOFT BAKE
seq_0099,ALIGN MASK LEVEL 1
seq_0099,EXPOSE LITHO LEVEL 1
seq_0099,POST EXPOSE BAKE
seq_0099,DEVELOP PHOTORESIST
seq_0099,PATTERN INSPECTION LEVEL 1
seq_0099,OXIDE ETCH
seq_0099,STRIP RESIST
seq_0099,CLEAN AFTER ETCH
seq_0099,MEASURE OPENING CD
seq_0099,IMPLANT WELL
seq_0099,DRIVE IN DIFFUSION
seq_0099,RAPID THERMAL ANNEAL
seq_0099,THERMAL OXIDATION
seq_0099,GATE OXIDE PREP
seq_0099,GATE OXIDE GROWTH
seq_0099,MEASURE GATE OXIDE THICKNESS
seq_0099,DEPOSIT POLYSILICON
seq_0099,POLYSILICON ANNEAL
seq_0099,MEASURE POLY THICKNESS
seq_0099,SPIN COAT PHOTORESIST
seq_0099,SOFT BAKE
seq_0099,ALIGN MASK LEVEL 2
seq_0099,EXPOSE LITHO LEVEL 2
seq_0099,DEVELOP PHOTORESIST
seq_0099,POLY PATTERN INSPECTION
seq_0099,POLYSILICON ETCH
seq_0099,STRIP PHOTORESIST
seq_0099,CLEAN AFTER POLY ETCH
seq_0099,MEASURE GATE CD
seq_0099,IMPLANT SOURCE DRAIN
seq_0099,LIGHT ANNEAL
seq_0099,MEASURE SHEET RESISTANCE
seq_0099,DEPOSIT SPACER DIELECTRIC
seq_0099,ANISOTROPIC ETCH SPACER
seq_0099,MEASURE SPACER WIDTH
seq_0099,IMPLANT LDD
seq_0099,PRE ANNEAL CHECK
seq_0099,RAPID THERMAL ANNEAL
seq_0099,MEASURE JUNCTION PROFILE
seq_0099,DEPOSIT INTERLAYER DIELECTRIC
seq_0099,DENSIFY DIELECTRIC
seq_0099,MEASURE DIELECTRIC THICKNESS
seq_0099,CMP DIELECTRIC
seq_0099,MEASURE SURFACE PLANARITY
seq_0099,SPIN COAT PHOTORESIST
seq_0099,SOFT BAKE
seq_0099,ALIGN MASK LEVEL 3
seq_0099,EXPOSE LITHO LEVEL 3
seq_0099,DEVELOP PHOTORESIST
seq_0099,VIA INSPECTION
seq_0099,DIELECTRIC ETCH VIA
seq_0099,STRIP RESIST
seq_0099,CLEAN AFTER VIA ETCH
seq_0099,DEPOSIT BARRIER METAL
seq_0099,DEPOSIT METAL SEED
seq_0099,FILL VIA METAL
seq_0099,CMP METAL
seq_0099,MEASURE VIA RESISTANCE
seq_0099,DEPOSIT TOP METAL
seq_0099,ANNEAL METAL
seq_0099,MEASURE METAL THICKNESS
seq_0099,SPIN COAT PHOTORESIST
seq_0099,SOFT BAKE
seq_0099,ALIGN MASK LEVEL 4
seq_0099,EXPOSE LITHO LEVEL 4
seq_0099,DEVELOP PHOTORESIST
seq_0099,METAL PATTERN INSPECTION
seq_0099,METAL ETCH
seq_0099,STRIP RESIST
seq_0099,CLEAN AFTER METAL ETCH
seq_0099,MEASURE LINE WIDTH
seq_0099,DEPOSIT PASSIVATION LAYER
seq_0099,CURE PASSIVATION
seq_0099,MEASURE PASSIVATION QUALITY
seq_0099,OPEN BOND PAD WINDOW
seq_0099,PAD WINDOW LITHO
seq_0099,DEVELOP PHOTORESIST
seq_0099,PASSIVATION ETCH
seq_0099,STRIP RESIST
seq_0099,CLEAN PAD OPENING
seq_0099,MEASURE PAD OPENING
seq_0099,BACKSIDE CLEAN
seq_0099,BACKSIDE GRIND
seq_0099,MEASURE THICKNESS
seq_0099,BACKSIDE ETCH CLEAN
seq_0099,BACKSIDE RINSE
seq_0099,BACKSIDE DRY
seq_0099,BACKSIDE METALLIZATION PREP
seq_0099,DEPOSIT BACKSIDE METAL
seq_0099,BACKSIDE ANNEAL
seq_0099,MEASURE BACKSIDE CONTACT
seq_0099,FINAL CLEAN
seq_0099,FINAL THICKNESS MEASURE
seq_0099,FINAL GEOMETRY CHECK
seq_0099,FINAL PARTICLE INSPECTION
seq_0099,ELECTRICAL PARAMETRIC TEST
seq_0099,LEAKAGE TEST
seq_0099,THRESHOLD VOLTAGE TEST
seq_0099,SWITCHING TEST
seq_0099,WAFER SORT TEST
seq_0099,YIELD ANALYSIS
seq_0099,LOT RELEASE
seq_0099,SHIP LOT
seq_0100,RECEIVE WAFER LOT
seq_0100,LOT IDENTIFICATION
seq_0100,PRE CLEAN INSPECTION
seq_0100,MEASURE THICKNESS
seq_0100,MEASURE SURFACE PARTICLES
seq_0100,PRE CLEAN WAFER
seq_0100,BACKSIDE CLEAN
seq_0100,RCA CLEAN 1
seq_0100,RCA CLEAN 2
seq_0100,HF DIP
seq_0100,DRY WAFER
seq_0100,SUBSTRATE CHECK
seq_0100,EPITAXY PREP
seq_0100,EPITAXIAL DEPOSITION
seq_0100,MEASURE EPITAXY THICKNESS
seq_0100,MEASURE RESISTIVITY
seq_0100,EPITAXY ANNEAL
seq_0100,WAFER SURFACE CLEAN
seq_0100,THERMAL OXIDATION
seq_0100,MEASURE OXIDE THICKNESS
seq_0100,SPIN COAT PHOTORESIST
seq_0100,SOFT BAKE
seq_0100,ALIGN MASK LEVEL 1
seq_0100,EXPOSE LITHO LEVEL 1
seq_0100,DEVELOP PHOTORESIST
seq_0100,PATTERN INSPECTION LEVEL 1
seq_0100,OXIDE ETCH
seq_0100,STRIP PHOTORESIST
seq_0100,CLEAN AFTER ETCH
seq_0100,MEASURE OPENING CD
seq_0100,IMPLANT WELL
seq_0100,PRE ANNEAL CHECK
seq_0100,DRIVE IN DIFFUSION
seq_0100,RAPID THERMAL ANNEAL
seq_0100,THERMAL OXIDATION
seq_0100,GATE OXIDE PREP
seq_0100,GATE OXIDE GROWTH
seq_0100,MEASURE GATE OXIDE THICKNESS
seq_0100,DEPOSIT POLYSILICON
seq_0100,POLYSILICON ANNEAL
seq_0100,MEASURE POLY THICKNESS
seq_0100,SPIN COAT PHOTORESIST
seq_0100,SOFT BAKE
seq_0100,ALIGN MASK LEVEL 2
seq_0100,EXPOSE LITHO LEVEL 2
seq_0100,DEVELOP PHOTORESIST
seq_0100,POLY PATTERN INSPECTION
seq_0100,POLYSILICON ETCH
seq_0100,STRIP RESIST
seq_0100,CLEAN AFTER POLY ETCH
seq_0100,MEASURE GATE CD
seq_0100,IMPLANT SOURCE DRAIN
seq_0100,LIGHT ANNEAL
seq_0100,MEASURE SHEET RESISTANCE
seq_0100,DEPOSIT SPACER DIELECTRIC
seq_0100,ANISOTROPIC ETCH SPACER
seq_0100,MEASURE SPACER WIDTH
seq_0100,IMPLANT LDD
seq_0100,PRE ANNEAL CHECK
seq_0100,RAPID THERMAL ANNEAL
seq_0100,DEPOSIT INTERLEVEL DIELECTRIC
seq_0100,DENSIFY DIELECTRIC
seq_0100,MEASURE DIELECTRIC THICKNESS
seq_0100,CMP INTERLAYER DIELECTRIC
seq_0100,MEASURE PLANARITY
seq_0100,SPIN COAT PHOTORESIST
seq_0100,SOFT BAKE
seq_0100,ALIGN MASK LEVEL 3
seq_0100,EXPOSE LITHO LEVEL 3
seq_0100,POST EXPOSE BAKE
seq_0100,DEVELOP PHOTORESIST
seq_0100,VIA OPENING INSPECTION
seq_0100,DIELECTRIC ETCH VIA
seq_0100,STRIP RESIST
seq_0100,CLEAN AFTER VIA ETCH
seq_0100,MEASURE VIA CD
seq_0100,DEPOSIT BARRIER METAL
seq_0100,DEPOSIT METAL SEED
seq_0100,FILL VIA METAL
seq_0100,CMP METAL
seq_0100,MEASURE CONTACT RESISTANCE
seq_0100,DEPOSIT TOP METAL
seq_0100,ANNEAL METAL 1
seq_0100,MEASURE METAL THICKNESS
seq_0100,SPIN COAT PHOTORESIST
seq_0100,SOFT BAKE
seq_0100,ALIGN MASK LEVEL 4
seq_0100,EXPOSE LITHO LEVEL 4
seq_0100,DEVELOP PHOTORESIST
seq_0100,METAL PATTERN INSPECTION
seq_0100,METAL ETCH
seq_0100,STRIP RESIST
seq_0100,CLEAN AFTER METAL ETCH
seq_0100,MEASURE LINE WIDTH
seq_0100,DEPOSIT PASSIVATION LAYER
seq_0100,CURE PASSIVATION
seq_0100,MEASURE PASSIVATION QUALITY
seq_0100,OPEN BOND PAD WINDOW
seq_0100,PAD WINDOW LITHO
seq_0100,DEVELOP PAD WINDOW
seq_0100,PASSIVATION ETCH PAD OPENING
seq_0100,STRIP RESIST
seq_0100,CLEAN PAD OPENING
seq_0100,MEASURE PAD OPENING
seq_0100,BACKSIDE CLEAN
seq_0100,BACKSIDE GRIND
seq_0100,MEASURE WAFER THICKNESS
seq_0100,BACKSIDE ETCH CLEAN
seq_0100,BACKSIDE RINSE
seq_0100,BACKSIDE DRY
seq_0100,BACKSIDE METALLIZATION PREP
seq_0100,DEPOSIT BACKSIDE METAL
seq_0100,BACKSIDE ANNEAL
seq_0100,MEASURE BACKSIDE CONTACT
seq_0100,FINAL CLEAN
seq_0100,FINAL THICKNESS MEASURE
seq_0100,FINAL CD INSPECTION
seq_0100,FINAL PARTICLE INSPECTION
seq_0100,PARAMETRIC TEST
seq_0100,LEAKAGE TEST
seq_0100,THRESHOLD VOLTAGE TEST
seq_0100,SWITCHING TEST
seq_0100,WAFER SORT TEST
seq_0100,YIELD ANALYSIS
seq_0100,LOT RELEASE
seq_0100,SHIP LOT
seq_0101,RECEIVE WAFER LOT
seq_0101,LOT IDENTIFICATION
seq_0101,PRE CLEAN INSPECTION
seq_0101,MEASURE THICKNESS
seq_0101,PRE CLEAN WAFER
seq_0101,RCA CLEAN 1
seq_0101,WET CLEAN RCA2
seq_0101,HF DIP
seq_0101,DRY WAFER
seq_0101,SUBSTRATE CHECK
seq_0101,EPITAXY PREP
seq_0101,EPITAXIAL DEPOSITION
seq_0101,MEASURE EPITAXY THICKNESS
seq_0101,MEASURE RESISTIVITY
seq_0101,EPITAXY ANNEAL
seq_0101,WAFER SURFACE CLEAN
seq_0101,THERMAL OXIDATION
seq_0101,MEASURE OXIDE THICKNESS
seq_0101,SPIN COAT PHOTORESIST
seq_0101,SOFT BAKE
seq_0101,ALIGN MASK LEVEL 1
seq_0101,EXPOSE LITHO LEVEL 1
seq_0101,DEVELOP PHOTORESIST
seq_0101,PATTERN INSPECTION LEVEL 1
seq_0101,OXIDE ETCH
seq_0101,STRIP PHOTORESIST
seq_0101,CLEAN AFTER ETCH
seq_0101,IMPLANT WELL
seq_0101,DRIVE IN DIFFUSION
seq_0101,RAPID THERMAL ANNEAL
seq_0101,MEASURE JUNCTION DEPTH
seq_0101,THERMAL OXIDATION
seq_0101,GATE OXIDE PREP
seq_0101,GATE OXIDE GROWTH
seq_0101,MEASURE GATE OXIDE THICKNESS
seq_0101,DEPOSIT POLYSILICON
seq_0101,POLYSILICON ANNEAL
seq_0101,MEASURE POLY THICKNESS
seq_0101,SPIN COAT PHOTORESIST
seq_0101,SOFT BAKE
seq_0101,ALIGN MASK LEVEL 2
seq_0101,EXPOSE LITHO LEVEL 2
seq_0101,DEVELOP PHOTORESIST
seq_0101,POLY PATTERN INSPECTION
seq_0101,POLYSILICON ETCH
seq_0101,STRIP PHOTORESIST
seq_0101,CLEAN AFTER POLY ETCH
seq_0101,IMPLANT SOURCE DRAIN
seq_0101,PRE ANNEAL CHECK
seq_0101,LIGHT ANNEAL
seq_0101,MEASURE SHEET RESISTANCE
seq_0101,DEPOSIT SPACER DIELECTRIC
seq_0101,ANISOTROPIC ETCH SPACER
seq_0101,IMPLANT LDD
seq_0101,PRE ANNEAL CHECK
seq_0101,RAPID THERMAL ANNEAL
seq_0101,MEASURE JUNCTION PROFILE
seq_0101,DEPOSIT INTERLEVEL DIELECTRIC
seq_0101,DENSIFY DIELECTRIC
seq_0101,MEASURE DIELECTRIC THICKNESS
seq_0101,CMP INTERLAYER DIELECTRIC
seq_0101,MEASURE PLANARITY
seq_0101,SPIN COAT PHOTORESIST
seq_0101,SOFT BAKE
seq_0101,ALIGN MASK LEVEL 3
seq_0101,EXPOSE LITHO LEVEL 3
seq_0101,DEVELOP PHOTORESIST
seq_0101,VIA OPENING INSPECTION
seq_0101,DIELECTRIC ETCH VIA
seq_0101,STRIP RESIST
seq_0101,CLEAN AFTER VIA ETCH
seq_0101,MEASURE VIA CD
seq_0101,DEPOSIT BARRIER METAL
seq_0101,DEPOSIT METAL SEED
seq_0101,FILL VIA METAL
seq_0101,CMP VIA FILL
seq_0101,MEASURE CONTACT RESISTANCE
seq_0101,DEPOSIT METAL 1
seq_0101,ANNEAL METAL 1
seq_0101,SPIN COAT PHOTORESIST
seq_0101,SOFT BAKE
seq_0101,ALIGN MASK LEVEL 4
seq_0101,EXPOSE LITHO LEVEL 4
seq_0101,DEVELOP PHOTORESIST
seq_0101,METAL PATTERN INSPECTION
seq_0101,METAL ETCH
seq_0101,STRIP PHOTORESIST
seq_0101,CLEAN AFTER METAL ETCH
seq_0101,DEPOSIT PASSIVATION
seq_0101,CURE PASSIVATION
seq_0101,MEASURE PASSIVATION QUALITY
seq_0101,OPEN BOND PAD WINDOW
seq_0101,PAD WINDOW LITHO
seq_0101,DEVELOP PAD WINDOW
seq_0101,PASSIVATION ETCH PAD OPENING
seq_0101,STRIP RESIST
seq_0101,CLEAN PAD OPENING
seq_0101,MEASURE PAD OPENING
seq_0101,BACKSIDE CLEAN
seq_0101,BACKSIDE GRIND
seq_0101,MEASURE WAFER THICKNESS
seq_0101,BACKSIDE ETCH CLEAN
seq_0101,BACKSIDE RINSE
seq_0101,BACKSIDE DRY
seq_0101,BACKSIDE METALLIZATION PREP
seq_0101,DEPOSIT BACKSIDE METAL
seq_0101,BACKSIDE ANNEAL
seq_0101,MEASURE BACKSIDE CONTACT
seq_0101,FINAL CLEAN
seq_0101,FINAL THICKNESS MEASURE
seq_0101,PARAMETRIC TEST
seq_0101,LEAKAGE TEST
seq_0101,THRESHOLD VOLTAGE TEST
seq_0101,SWITCHING TEST
seq_0101,WAFER SORT TEST
seq_0101,YIELD ANALYSIS
seq_0101,LOT RELEASE
seq_0101,SHIP LOT
seq_0102,RECEIVE WAFER LOT
seq_0102,LOT IDENTIFICATION
seq_0102,PRE CLEAN INSPECTION
seq_0102,MEASURE THICKNESS
seq_0102,MEASURE SURFACE PARTICLES
seq_0102,PRE CLEAN WAFER
seq_0102,WET CLEAN RCA1
seq_0102,RCA CLEAN 2
seq_0102,HF DIP
seq_0102,DRY WAFER
seq_0102,SUBSTRATE CHECK
seq_0102,EPITAXY PREP
seq_0102,EPITAXIAL DEPOSITION
seq_0102,MEASURE EPITAXY THICKNESS
seq_0102,MEASURE RESISTIVITY
seq_0102,EPITAXY ANNEAL
seq_0102,WAFER SURFACE CLEAN
seq_0102,THERMAL OXIDATION
seq_0102,MEASURE OXIDE THICKNESS
seq_0102,SPIN COAT PHOTORESIST
seq_0102,SOFT BAKE
seq_0102,ALIGN MASK LEVEL 1
seq_0102,EXPOSE LITHO LEVEL 1
seq_0102,POST EXPOSE BAKE
seq_0102,DEVELOP PHOTORESIST
seq_0102,PATTERN INSPECTION LEVEL 1
seq_0102,HARD BAKE
seq_0102,OXIDE ETCH
seq_0102,STRIP RESIST
seq_0102,CLEAN AFTER ETCH
seq_0102,MEASURE OPENING CD
seq_0102,IMPLANT WELL
seq_0102,PRE ANNEAL CHECK
seq_0102,DRIVE IN DIFFUSION
seq_0102,RAPID THERMAL ANNEAL
seq_0102,MEASURE JUNCTION DEPTH
seq_0102,THERMAL OXIDATION
seq_0102,GATE OXIDE PREP
seq_0102,GATE OXIDE GROWTH
seq_0102,MEASURE GATE OXIDE THICKNESS
seq_0102,DEPOSIT POLYSILICON
seq_0102,POLYSILICON ANNEAL
seq_0102,MEASURE POLY THICKNESS
seq_0102,SPIN COAT PHOTORESIST
seq_0102,SOFT BAKE
seq_0102,ALIGN MASK LEVEL 2
seq_0102,EXPOSE LITHO LEVEL 2
seq_0102,DEVELOP PHOTORESIST
seq_0102,POLY PATTERN INSPECTION
seq_0102,POLYSILICON ETCH
seq_0102,STRIP RESIST
seq_0102,CLEAN AFTER POLY ETCH
seq_0102,IMPLANT SOURCE DRAIN
seq_0102,PRE ANNEAL CHECK
seq_0102,LIGHT ANNEAL
seq_0102,DEPOSIT SPACER DIELECTRIC
seq_0102,ANISOTROPIC ETCH SPACER
seq_0102,MEASURE SPACER WIDTH
seq_0102,IMPLANT LDD
seq_0102,RAPID THERMAL ANNEAL
seq_0102,MEASURE JUNCTION PROFILE
seq_0102,DEPOSIT INTERLEVEL DIELECTRIC
seq_0102,DENSIFY DIELECTRIC
seq_0102,MEASURE FILM THICKNESS
seq_0102,CMP DIELECTRIC
seq_0102,MEASURE PLANARITY
seq_0102,SPIN COAT PHOTORESIST
seq_0102,SOFT BAKE
seq_0102,ALIGN MASK LEVEL 3
seq_0102,EXPOSE LITHO LEVEL 3
seq_0102,DEVELOP PHOTORESIST
seq_0102,VIA INSPECTION
seq_0102,HARD BAKE
seq_0102,DIELECTRIC ETCH VIA
seq_0102,STRIP RESIST
seq_0102,CLEAN AFTER VIA ETCH
seq_0102,MEASURE VIA CD
seq_0102,DEPOSIT BARRIER METAL
seq_0102,DEPOSIT METAL SEED
seq_0102,FILL VIA METAL
seq_0102,CMP METAL
seq_0102,MEASURE CONTACT RESISTANCE
seq_0102,DEPOSIT TOP METAL
seq_0102,ANNEAL METAL 1
seq_0102,SPIN COAT PHOTORESIST
seq_0102,SOFT BAKE
seq_0102,ALIGN MASK LEVEL 4
seq_0102,EXPOSE LITHO LEVEL 4
seq_0102,DEVELOP PHOTORESIST
seq_0102,METAL PATTERN INSPECTION
seq_0102,HARD BAKE
seq_0102,METAL ETCH
seq_0102,STRIP RESIST
seq_0102,CLEAN AFTER METAL ETCH
seq_0102,MEASURE LINE WIDTH
seq_0102,DEPOSIT PASSIVATION LAYER
seq_0102,CURE PASSIVATION
seq_0102,MEASURE PASSIVATION QUALITY
seq_0102,OPEN BOND PAD WINDOW
seq_0102,PAD WINDOW LITHO
seq_0102,DEVELOP PHOTORESIST
seq_0102,PASSIVATION ETCH PAD OPENING
seq_0102,STRIP RESIST
seq_0102,CLEAN PAD OPENING
seq_0102,MEASURE PAD OPENING
seq_0102,BACKSIDE CLEAN
seq_0102,BACKSIDE GRIND
seq_0102,MEASURE THICKNESS
seq_0102,BACKSIDE ETCH CLEAN
seq_0102,BACKSIDE RINSE
seq_0102,BACKSIDE DRY
seq_0102,BACKSIDE METALLIZATION PREP
seq_0102,DEPOSIT BACKSIDE METAL
seq_0102,BACKSIDE ANNEAL
seq_0102,MEASURE BACKSIDE CONTACT
seq_0102,FINAL CLEAN
seq_0102,FINAL THICKNESS MEASURE
seq_0102,FINAL GEOMETRY CHECK
seq_0102,FINAL CD INSPECTION
seq_0102,FINAL PARTICLE INSPECTION
seq_0102,PARAMETRIC TEST
seq_0102,LEAKAGE TEST
seq_0102,THRESHOLD VOLTAGE TEST
seq_0102,SWITCHING TEST
seq_0102,WAFER SORT TEST
seq_0102,YIELD ANALYSIS
seq_0102,FINAL LOT RELEASE
seq_0102,SHIP LOT
seq_0103,RECEIVE WAFER LOT
seq_0103,LOT IDENTIFICATION
seq_0103,PRE CLEAN INSPECTION
seq_0103,MEASURE SURFACE PARTICLES
seq_0103,PRE CLEAN WAFER
seq_0103,BACKSIDE CLEAN
seq_0103,FRONTSIDE CLEAN
seq_0103,RCA CLEAN 1
seq_0103,RCA CLEAN 2
seq_0103,HF DIP
seq_0103,DRY WAFER
seq_0103,SUBSTRATE CHECK
seq_0103,EPITAXY PREP
seq_0103,EPITAXIAL DEPOSITION
seq_0103,MEASURE EPITAXY THICKNESS
seq_0103,MEASURE RESISTIVITY
seq_0103,EPITAXY ANNEAL
seq_0103,WAFER SURFACE CLEAN
seq_0103,THERMAL OXIDATION
seq_0103,MEASURE OXIDE THICKNESS
seq_0103,SPIN COAT PHOTORESIST
seq_0103,SOFT BAKE
seq_0103,ALIGN MASK LEVEL 1
seq_0103,EXPOSE LITHO LEVEL 1
seq_0103,DEVELOP PHOTORESIST
seq_0103,PATTERN INSPECTION LEVEL 1
seq_0103,OXIDE ETCH
seq_0103,STRIP RESIST
seq_0103,CLEAN AFTER ETCH
seq_0103,MEASURE OPENING CD
seq_0103,IMPLANT WELL
seq_0103,PRE ANNEAL CHECK
seq_0103,DRIVE IN DIFFUSION
seq_0103,RAPID THERMAL ANNEAL
seq_0103,MEASURE JUNCTION DEPTH
seq_0103,THERMAL OXIDATION
seq_0103,GATE OXIDE PREP
seq_0103,GATE OXIDE GROWTH
seq_0103,MEASURE GATE OXIDE THICKNESS
seq_0103,DEPOSIT POLYSILICON
seq_0103,POLYSILICON ANNEAL
seq_0103,MEASURE POLY THICKNESS
seq_0103,SPIN COAT PHOTORESIST
seq_0103,SOFT BAKE
seq_0103,ALIGN MASK LEVEL 2
seq_0103,EXPOSE LITHO LEVEL 2
seq_0103,DEVELOP PHOTORESIST
seq_0103,POLY PATTERN INSPECTION
seq_0103,HARD BAKE
seq_0103,POLYSILICON ETCH
seq_0103,STRIP PHOTORESIST
seq_0103,CLEAN AFTER POLY ETCH
seq_0103,MEASURE GATE CD
seq_0103,IMPLANT SOURCE DRAIN
seq_0103,PRE ANNEAL CHECK
seq_0103,LIGHT ANNEAL
seq_0103,MEASURE SHEET RESISTANCE
seq_0103,DEPOSIT SPACER DIELECTRIC
seq_0103,ANISOTROPIC ETCH SPACER
seq_0103,MEASURE SPACER WIDTH
seq_0103,IMPLANT LDD
seq_0103,RAPID THERMAL ANNEAL
seq_0103,MEASURE JUNCTION PROFILE
seq_0103,DEPOSIT INTERLAYER DIELECTRIC
seq_0103,DENSIFY OXIDE
seq_0103,MEASURE FILM THICKNESS
seq_0103,CMP INTERLAYER DIELECTRIC
seq_0103,MEASURE SURFACE PLANARITY
seq_0103,SPIN COAT PHOTORESIST
seq_0103,SOFT BAKE
seq_0103,ALIGN MASK LEVEL 3
seq_0103,EXPOSE LITHO LEVEL 3
seq_0103,DEVELOP PHOTORESIST
seq_0103,VIA OPENING INSPECTION
seq_0103,VIA ETCH
seq_0103,STRIP PHOTORESIST
seq_0103,CLEAN AFTER VIA ETCH
seq_0103,MEASURE VIA CD
seq_0103,DEPOSIT BARRIER METAL
seq_0103,DEPOSIT METAL SEED
seq_0103,FILL VIA METAL
seq_0103,CMP METAL
seq_0103,DEPOSIT TOP METAL
seq_0103,ANNEAL METAL
seq_0103,MEASURE METAL THICKNESS
seq_0103,SPIN COAT PHOTORESIST
seq_0103,SOFT BAKE
seq_0103,ALIGN MASK LEVEL 4
seq_0103,EXPOSE LITHO LEVEL 4
seq_0103,POST EXPOSE BAKE
seq_0103,DEVELOP PHOTORESIST
seq_0103,METAL PATTERN INSPECTION
seq_0103,METAL ETCH
seq_0103,STRIP RESIST
seq_0103,CLEAN AFTER METAL ETCH
seq_0103,MEASURE LINE WIDTH
seq_0103,DEPOSIT PASSIVATION LAYER
seq_0103,CURE PASSIVATION
seq_0103,MEASURE PASSIVATION THICKNESS
seq_0103,OPEN BOND PAD WINDOW
seq_0103,OPEN PAD WINDOW LITHO
seq_0103,DEVELOP PAD WINDOW
seq_0103,PASSIVATION ETCH
seq_0103,STRIP RESIST
seq_0103,CLEAN PAD OPENING
seq_0103,MEASURE PAD OPENING
seq_0103,BACKSIDE CLEAN
seq_0103,BACKSIDE GRIND
seq_0103,MEASURE THICKNESS
seq_0103,BACKSIDE ETCH CLEAN
seq_0103,BACKSIDE RINSE
seq_0103,BACKSIDE DRY
seq_0103,BACKSIDE METALLIZATION PREP
seq_0103,DEPOSIT BACKSIDE METAL
seq_0103,BACKSIDE ANNEAL
seq_0103,MEASURE BACKSIDE CONTACT
seq_0103,FINAL CLEAN
seq_0103,FINAL GEOMETRY CHECK
seq_0103,FINAL PARTICLE INSPECTION
seq_0103,ELECTRICAL PARAMETRIC TEST
seq_0103,LEAKAGE TEST
seq_0103,THRESHOLD VOLTAGE TEST
seq_0103,SWITCHING TEST
seq_0103,WAFER SORT TEST
seq_0103,YIELD ANALYSIS
seq_0103,FINAL LOT RELEASE
seq_0103,SHIP LOT
seq_0104,RECEIVE WAFER LOT
seq_0104,LOT IDENTIFICATION
seq_0104,INITIAL WAFER INSPECTION
seq_0104,MEASURE THICKNESS
seq_0104,PRE CLEAN WAFER
seq_0104,BACKSIDE CLEAN
seq_0104,RCA CLEAN 1
seq_0104,RCA CLEAN 2
seq_0104,HF DIP
seq_0104,DRY WAFER
seq_0104,SUBSTRATE CHECK
seq_0104,EPITAXY PREP
seq_0104,EPITAXIAL DEPOSITION
seq_0104,MEASURE EPITAXY THICKNESS
seq_0104,MEASURE RESISTIVITY
seq_0104,EPITAXY ANNEAL
seq_0104,WAFER SURFACE CLEAN
seq_0104,THERMAL OXIDATION
seq_0104,MEASURE OXIDE THICKNESS
seq_0104,SPIN COAT PHOTORESIST
seq_0104,SOFT BAKE
seq_0104,ALIGN MASK LEVEL 1
seq_0104,EXPOSE LITHO LEVEL 1
seq_0104,DEVELOP PHOTORESIST
seq_0104,PATTERN INSPECTION LEVEL 1
seq_0104,HARD BAKE
seq_0104,OXIDE ETCH
seq_0104,STRIP RESIST
seq_0104,CLEAN AFTER ETCH
seq_0104,MEASURE OPENING CD
seq_0104,IMPLANT WELL
seq_0104,PRE ANNEAL CHECK
seq_0104,DRIVE IN DIFFUSION
seq_0104,RAPID THERMAL ANNEAL
seq_0104,MEASURE JUNCTION DEPTH
seq_0104,THERMAL OXIDATION
seq_0104,GATE OXIDE PREP
seq_0104,GATE OXIDE GROWTH
seq_0104,MEASURE GATE OXIDE THICKNESS
seq_0104,DEPOSIT POLYSILICON
seq_0104,POLYSILICON ANNEAL
seq_0104,MEASURE POLY THICKNESS
seq_0104,SPIN COAT PHOTORESIST
seq_0104,SOFT BAKE
seq_0104,ALIGN MASK LEVEL 2
seq_0104,EXPOSE LITHO LEVEL 2
seq_0104,POST EXPOSE BAKE
seq_0104,DEVELOP PHOTORESIST
seq_0104,POLY PATTERN INSPECTION
seq_0104,HARD BAKE
seq_0104,POLYSILICON ETCH
seq_0104,STRIP PHOTORESIST
seq_0104,CLEAN AFTER POLY ETCH
seq_0104,MEASURE GATE CD
seq_0104,IMPLANT SOURCE DRAIN
seq_0104,LIGHT ANNEAL
seq_0104,MEASURE SHEET RESISTANCE
seq_0104,DEPOSIT SPACER DIELECTRIC
seq_0104,ANISOTROPIC ETCH SPACER
seq_0104,MEASURE SPACER WIDTH
seq_0104,IMPLANT LDD
seq_0104,PRE ANNEAL CHECK
seq_0104,RAPID THERMAL ANNEAL
seq_0104,MEASURE JUNCTION PROFILE
seq_0104,DEPOSIT INTERLAYER DIELECTRIC
seq_0104,DENSIFY OXIDE
seq_0104,MEASURE FILM THICKNESS
seq_0104,CMP DIELECTRIC
seq_0104,MEASURE PLANARITY
seq_0104,SPIN COAT PHOTORESIST
seq_0104,SOFT BAKE
seq_0104,ALIGN MASK LEVEL 3
seq_0104,EXPOSE LITHO LEVEL 3
seq_0104,DEVELOP PHOTORESIST
seq_0104,VIA INSPECTION
seq_0104,HARD BAKE
seq_0104,VIA ETCH
seq_0104,STRIP PHOTORESIST
seq_0104,CLEAN AFTER VIA ETCH
seq_0104,MEASURE VIA CD
seq_0104,DEPOSIT BARRIER METAL
seq_0104,DEPOSIT METAL SEED
seq_0104,FILL VIA METAL
seq_0104,CMP METAL
seq_0104,MEASURE VIA RESISTANCE
seq_0104,DEPOSIT METAL 1
seq_0104,ANNEAL METAL
seq_0104,MEASURE METAL THICKNESS
seq_0104,SPIN COAT PHOTORESIST
seq_0104,SOFT BAKE
seq_0104,ALIGN MASK LEVEL 4
seq_0104,EXPOSE LITHO LEVEL 4
seq_0104,DEVELOP PHOTORESIST
seq_0104,METAL PATTERN INSPECTION
seq_0104,METAL ETCH
seq_0104,STRIP PHOTORESIST
seq_0104,CLEAN AFTER METAL ETCH
seq_0104,DEPOSIT PASSIVATION LAYER
seq_0104,CURE PASSIVATION
seq_0104,MEASURE PASSIVATION THICKNESS
seq_0104,OPEN BOND PAD WINDOW
seq_0104,PAD WINDOW LITHO
seq_0104,DEVELOP PHOTORESIST
seq_0104,PASSIVATION ETCH
seq_0104,STRIP RESIST
seq_0104,CLEAN PAD OPENING
seq_0104,MEASURE PAD OPENING
seq_0104,BACKSIDE CLEAN
seq_0104,BACKSIDE GRIND
seq_0104,MEASURE THICKNESS
seq_0104,BACKSIDE ETCH CLEAN
seq_0104,BACKSIDE RINSE
seq_0104,BACKSIDE DRY
seq_0104,BACKSIDE METALLIZATION PREP
seq_0104,DEPOSIT BACKSIDE METAL
seq_0104,BACKSIDE ANNEAL
seq_0104,MEASURE BACKSIDE CONTACT
seq_0104,FINAL CLEAN
seq_0104,FINAL THICKNESS MEASURE
seq_0104,FINAL GEOMETRY CHECK
seq_0104,FINAL CD INSPECTION
seq_0104,FINAL PARTICLE INSPECTION
seq_0104,PARAMETRIC TEST
seq_0104,LEAKAGE TEST
seq_0104,THRESHOLD VOLTAGE TEST
seq_0104,SWITCHING TEST
seq_0104,WAFER SORT TEST
seq_0104,YIELD ANALYSIS
seq_0104,LOT RELEASE
seq_0104,SHIP LOT
seq_0105,RECEIVE WAFER LOT
seq_0105,LOT IDENTIFICATION
seq_0105,INITIAL WAFER INSPECTION
seq_0105,MEASURE THICKNESS
seq_0105,MEASURE SURFACE PARTICLES
seq_0105,PRE CLEAN WAFER
seq_0105,BACKSIDE CLEAN
seq_0105,RCA CLEAN 1
seq_0105,WET CLEAN RCA2
seq_0105,HF DIP
seq_0105,DRY WAFER
seq_0105,SUBSTRATE CHECK
seq_0105,EPITAXY PREP
seq_0105,EPITAXIAL DEPOSITION
seq_0105,MEASURE EPITAXY THICKNESS
seq_0105,MEASURE RESISTIVITY
seq_0105,EPITAXY ANNEAL
seq_0105,WAFER SURFACE CLEAN
seq_0105,THERMAL OXIDATION
seq_0105,MEASURE OXIDE THICKNESS
seq_0105,SPIN COAT PHOTORESIST
seq_0105,SOFT BAKE
seq_0105,ALIGN MASK LEVEL 1
seq_0105,EXPOSE LITHO LEVEL 1
seq_0105,DEVELOP PHOTORESIST
seq_0105,PATTERN INSPECTION LEVEL 1
seq_0105,OXIDE ETCH
seq_0105,STRIP RESIST
seq_0105,CLEAN AFTER ETCH
seq_0105,MEASURE OPENING CD
seq_0105,IMPLANT WELL
seq_0105,DRIVE IN DIFFUSION
seq_0105,RAPID THERMAL ANNEAL
seq_0105,MEASURE JUNCTION DEPTH
seq_0105,THERMAL OXIDATION
seq_0105,GATE OXIDE PREP
seq_0105,GATE OXIDE GROWTH
seq_0105,MEASURE GATE OXIDE THICKNESS
seq_0105,DEPOSIT POLYSILICON
seq_0105,POLYSILICON ANNEAL
seq_0105,SPIN COAT PHOTORESIST
seq_0105,SOFT BAKE
seq_0105,ALIGN MASK LEVEL 2
seq_0105,EXPOSE LITHO LEVEL 2
seq_0105,POST EXPOSE BAKE
seq_0105,DEVELOP PHOTORESIST
seq_0105,POLY PATTERN INSPECTION
seq_0105,POLYSILICON ETCH
seq_0105,STRIP RESIST
seq_0105,CLEAN AFTER POLY ETCH
seq_0105,MEASURE GATE CD
seq_0105,IMPLANT SOURCE DRAIN
seq_0105,LIGHT ANNEAL
seq_0105,MEASURE SHEET RESISTANCE
seq_0105,DEPOSIT SPACER DIELECTRIC
seq_0105,ANISOTROPIC ETCH SPACER
seq_0105,MEASURE SPACER WIDTH
seq_0105,IMPLANT LDD
seq_0105,PRE ANNEAL CHECK
seq_0105,RAPID THERMAL ANNEAL
seq_0105,MEASURE JUNCTION PROFILE
seq_0105,DEPOSIT INTERLAYER DIELECTRIC
seq_0105,DENSIFY OXIDE
seq_0105,MEASURE DIELECTRIC THICKNESS
seq_0105,CMP DIELECTRIC
seq_0105,MEASURE SURFACE PLANARITY
seq_0105,SPIN COAT PHOTORESIST
seq_0105,SOFT BAKE
seq_0105,ALIGN MASK LEVEL 3
seq_0105,EXPOSE LITHO LEVEL 3
seq_0105,POST EXPOSE BAKE
seq_0105,DEVELOP PHOTORESIST
seq_0105,VIA INSPECTION
seq_0105,VIA ETCH
seq_0105,STRIP PHOTORESIST
seq_0105,CLEAN AFTER VIA ETCH
seq_0105,MEASURE VIA CD
seq_0105,DEPOSIT BARRIER METAL
seq_0105,DEPOSIT METAL SEED
seq_0105,FILL VIA METAL
seq_0105,CMP METAL
seq_0105,MEASURE VIA RESISTANCE
seq_0105,DEPOSIT TOP METAL
seq_0105,ANNEAL METAL 1
seq_0105,SPIN COAT PHOTORESIST
seq_0105,SOFT BAKE
seq_0105,ALIGN MASK LEVEL 4
seq_0105,EXPOSE LITHO LEVEL 4
seq_0105,DEVELOP PHOTORESIST
seq_0105,METAL PATTERN INSPECTION
seq_0105,HARD BAKE
seq_0105,METAL ETCH
seq_0105,STRIP PHOTORESIST
seq_0105,CLEAN AFTER METAL ETCH
seq_0105,MEASURE LINE WIDTH
seq_0105,DEPOSIT PASSIVATION
seq_0105,CURE PASSIVATION
seq_0105,MEASURE PASSIVATION QUALITY
seq_0105,OPEN BOND PAD WINDOW
seq_0105,OPEN PAD WINDOW LITHO
seq_0105,DEVELOP PHOTORESIST
seq_0105,PASSIVATION ETCH PAD OPENING
seq_0105,STRIP RESIST
seq_0105,CLEAN PAD OPENING
seq_0105,MEASURE PAD OPENING
seq_0105,BACKSIDE CLEAN
seq_0105,BACKSIDE GRIND
seq_0105,MEASURE WAFER THICKNESS
seq_0105,BACKSIDE ETCH CLEAN
seq_0105,BACKSIDE RINSE
seq_0105,BACKSIDE DRY
seq_0105,BACKSIDE METALLIZATION PREP
seq_0105,DEPOSIT BACKSIDE METAL
seq_0105,BACKSIDE ANNEAL
seq_0105,MEASURE BACKSIDE CONTACT
seq_0105,FINAL CLEAN
seq_0105,FINAL THICKNESS MEASURE
seq_0105,FINAL GEOMETRY CHECK
seq_0105,FINAL CD INSPECTION
seq_0105,FINAL PARTICLE INSPECTION
seq_0105,PARAMETRIC TEST
seq_0105,LEAKAGE TEST
seq_0105,THRESHOLD VOLTAGE TEST
seq_0105,SWITCHING TEST
seq_0105,WAFER SORT TEST
seq_0105,YIELD ANALYSIS
seq_0105,FINAL LOT RELEASE
seq_0105,SHIP LOT
seq_0106,RECEIVE WAFER LOT
seq_0106,LOT IDENTIFICATION
seq_0106,INITIAL WAFER INSPECTION
seq_0106,MEASURE THICKNESS
seq_0106,PRE CLEAN WAFER
seq_0106,BACKSIDE CLEAN
seq_0106,FRONTSIDE CLEAN
seq_0106,RCA CLEAN 1
seq_0106,WET CLEAN RCA2
seq_0106,HF DIP
seq_0106,DRY WAFER
seq_0106,SUBSTRATE CHECK
seq_0106,EPITAXY PREP
seq_0106,EPITAXIAL DEPOSITION
seq_0106,MEASURE EPITAXY THICKNESS
seq_0106,MEASURE RESISTIVITY
seq_0106,EPITAXY ANNEAL
seq_0106,WAFER SURFACE CLEAN
seq_0106,THERMAL OXIDATION
seq_0106,MEASURE OXIDE THICKNESS
seq_0106,SPIN COAT PHOTORESIST
seq_0106,SOFT BAKE
seq_0106,ALIGN MASK LEVEL 1
seq_0106,EXPOSE LITHO LEVEL 1
seq_0106,DEVELOP PHOTORESIST
seq_0106,PATTERN INSPECTION LEVEL 1
seq_0106,OXIDE ETCH
seq_0106,STRIP PHOTORESIST
seq_0106,CLEAN AFTER ETCH
seq_0106,IMPLANT WELL
seq_0106,PRE ANNEAL CHECK
seq_0106,DRIVE IN DIFFUSION
seq_0106,RAPID THERMAL ANNEAL
seq_0106,MEASURE JUNCTION DEPTH
seq_0106,THERMAL OXIDATION
seq_0106,GATE OXIDE PREP
seq_0106,GATE OXIDE GROWTH
seq_0106,MEASURE GATE OXIDE THICKNESS
seq_0106,DEPOSIT POLYSILICON
seq_0106,POLYSILICON ANNEAL
seq_0106,MEASURE POLY THICKNESS
seq_0106,SPIN COAT PHOTORESIST
seq_0106,SOFT BAKE
seq_0106,ALIGN MASK LEVEL 2
seq_0106,EXPOSE LITHO LEVEL 2
seq_0106,DEVELOP PHOTORESIST
seq_0106,POLY PATTERN INSPECTION
seq_0106,HARD BAKE
seq_0106,POLYSILICON ETCH
seq_0106,STRIP RESIST
seq_0106,CLEAN AFTER POLY ETCH
seq_0106,MEASURE GATE CD
seq_0106,IMPLANT SOURCE DRAIN
seq_0106,PRE ANNEAL CHECK
seq_0106,LIGHT ANNEAL
seq_0106,MEASURE SHEET RESISTANCE
seq_0106,DEPOSIT SPACER DIELECTRIC
seq_0106,ANISOTROPIC ETCH SPACER
seq_0106,MEASURE SPACER WIDTH
seq_0106,IMPLANT LDD
seq_0106,PRE ANNEAL CHECK
seq_0106,RAPID THERMAL ANNEAL
seq_0106,MEASURE JUNCTION PROFILE
seq_0106,DEPOSIT INTERLEVEL DIELECTRIC
seq_0106,DENSIFY DIELECTRIC
seq_0106,MEASURE FILM THICKNESS
seq_0106,CMP DIELECTRIC
seq_0106,MEASURE SURFACE PLANARITY
seq_0106,SPIN COAT PHOTORESIST
seq_0106,SOFT BAKE
seq_0106,ALIGN MASK LEVEL 3
seq_0106,EXPOSE LITHO LEVEL 3
seq_0106,DEVELOP PHOTORESIST
seq_0106,VIA OPENING INSPECTION
seq_0106,VIA ETCH
seq_0106,STRIP RESIST
seq_0106,CLEAN AFTER VIA ETCH
seq_0106,DEPOSIT BARRIER METAL
seq_0106,DEPOSIT METAL SEED
seq_0106,FILL VIA METAL
seq_0106,CMP VIA FILL
seq_0106,MEASURE CONTACT RESISTANCE
seq_0106,DEPOSIT METAL 1
seq_0106,ANNEAL METAL 1
seq_0106,SPIN COAT PHOTORESIST
seq_0106,SOFT BAKE
seq_0106,ALIGN MASK LEVEL 4
seq_0106,EXPOSE LITHO LEVEL 4
seq_0106,DEVELOP PHOTORESIST
seq_0106,METAL PATTERN INSPECTION
seq_0106,METAL ETCH
seq_0106,STRIP RESIST
seq_0106,CLEAN AFTER METAL ETCH
seq_0106,MEASURE LINE WIDTH
seq_0106,DEPOSIT PASSIVATION LAYER
seq_0106,CURE PASSIVATION
seq_0106,MEASURE PASSIVATION QUALITY
seq_0106,OPEN PAD WINDOW
seq_0106,PAD WINDOW LITHO
seq_0106,DEVELOP PAD WINDOW
seq_0106,PASSIVATION ETCH
seq_0106,STRIP PHOTORESIST
seq_0106,CLEAN PAD OPENING
seq_0106,MEASURE PAD OPENING
seq_0106,BACKSIDE CLEAN
seq_0106,BACKSIDE GRIND
seq_0106,MEASURE THICKNESS
seq_0106,BACKSIDE ETCH CLEAN
seq_0106,BACKSIDE RINSE
seq_0106,BACKSIDE DRY
seq_0106,BACKSIDE METALLIZATION PREP
seq_0106,DEPOSIT BACKSIDE METAL
seq_0106,BACKSIDE ANNEAL
seq_0106,MEASURE BACKSIDE CONTACT
seq_0106,FINAL CLEAN
seq_0106,FINAL THICKNESS MEASURE
seq_0106,FINAL GEOMETRY CHECK
seq_0106,FINAL PARTICLE INSPECTION
seq_0106,PARAMETRIC TEST
seq_0106,LEAKAGE TEST
seq_0106,THRESHOLD VOLTAGE TEST
seq_0106,SWITCHING TEST
seq_0106,WAFER SORT TEST
seq_0106,YIELD ANALYSIS
seq_0106,LOT RELEASE
seq_0106,SHIP LOT
seq_0107,RECEIVE WAFER LOT
seq_0107,LOT IDENTIFICATION
seq_0107,PRE CLEAN INSPECTION
seq_0107,MEASURE THICKNESS
seq_0107,MEASURE SURFACE PARTICLES
seq_0107,PRE CLEAN WAFER
seq_0107,BACKSIDE CLEAN
seq_0107,FRONTSIDE CLEAN
seq_0107,WET CLEAN RCA1
seq_0107,WET CLEAN RCA2
seq_0107,HF DIP
seq_0107,SUBSTRATE CHECK
seq_0107,EPITAXY PREP
seq_0107,EPITAXIAL DEPOSITION
seq_0107,MEASURE EPITAXY THICKNESS
seq_0107,MEASURE RESISTIVITY
seq_0107,EPITAXY ANNEAL
seq_0107,WAFER SURFACE CLEAN
seq_0107,THERMAL OXIDATION
seq_0107,MEASURE OXIDE THICKNESS
seq_0107,SPIN COAT PHOTORESIST
seq_0107,SOFT BAKE
seq_0107,ALIGN MASK LEVEL 1
seq_0107,EXPOSE LITHO LEVEL 1
seq_0107,POST EXPOSE BAKE
seq_0107,DEVELOP PHOTORESIST
seq_0107,PATTERN INSPECTION LEVEL 1
seq_0107,OXIDE ETCH
seq_0107,STRIP PHOTORESIST
seq_0107,CLEAN AFTER ETCH
seq_0107,MEASURE OPENING CD
seq_0107,IMPLANT WELL
seq_0107,DRIVE IN DIFFUSION
seq_0107,RAPID THERMAL ANNEAL
seq_0107,MEASURE JUNCTION DEPTH
seq_0107,THERMAL OXIDATION
seq_0107,GATE OXIDE PREP
seq_0107,GATE OXIDE GROWTH
seq_0107,MEASURE GATE OXIDE THICKNESS
seq_0107,DEPOSIT POLYSILICON
seq_0107,POLYSILICON ANNEAL
seq_0107,MEASURE POLY THICKNESS
seq_0107,SPIN COAT PHOTORESIST
seq_0107,SOFT BAKE
seq_0107,ALIGN MASK LEVEL 2
seq_0107,EXPOSE LITHO LEVEL 2
seq_0107,POST EXPOSE BAKE
seq_0107,DEVELOP PHOTORESIST
seq_0107,POLY PATTERN INSPECTION
seq_0107,HARD BAKE
seq_0107,POLYSILICON ETCH
seq_0107,STRIP PHOTORESIST
seq_0107,CLEAN AFTER POLY ETCH
seq_0107,MEASURE GATE CD
seq_0107,IMPLANT SOURCE DRAIN
seq_0107,PRE ANNEAL CHECK
seq_0107,LIGHT ANNEAL
seq_0107,DEPOSIT SPACER DIELECTRIC
seq_0107,ANISOTROPIC ETCH SPACER
seq_0107,IMPLANT LDD
seq_0107,RAPID THERMAL ANNEAL
seq_0107,DEPOSIT INTERLAYER DIELECTRIC
seq_0107,DENSIFY DIELECTRIC
seq_0107,MEASURE DIELECTRIC THICKNESS
seq_0107,CMP INTERLAYER DIELECTRIC
seq_0107,MEASURE SURFACE PLANARITY
seq_0107,SPIN COAT PHOTORESIST
seq_0107,SOFT BAKE
seq_0107,ALIGN MASK LEVEL 3
seq_0107,EXPOSE LITHO LEVEL 3
seq_0107,DEVELOP PHOTORESIST
seq_0107,VIA INSPECTION
seq_0107,HARD BAKE
seq_0107,VIA ETCH
seq_0107,STRIP PHOTORESIST
seq_0107,CLEAN AFTER VIA ETCH
seq_0107,MEASURE VIA CD
seq_0107,DEPOSIT BARRIER METAL
seq_0107,DEPOSIT METAL SEED
seq_0107,FILL VIA METAL
seq_0107,CMP METAL
seq_0107,MEASURE VIA RESISTANCE
seq_0107,DEPOSIT METAL 1
seq_0107,ANNEAL METAL 1
seq_0107,MEASURE METAL THICKNESS
seq_0107,SPIN COAT PHOTORESIST
seq_0107,SOFT BAKE
seq_0107,ALIGN MASK LEVEL 4
seq_0107,EXPOSE LITHO LEVEL 4
seq_0107,POST EXPOSE BAKE
seq_0107,DEVELOP PHOTORESIST
seq_0107,METAL PATTERN INSPECTION
seq_0107,METAL ETCH
seq_0107,STRIP RESIST
seq_0107,CLEAN AFTER METAL ETCH
seq_0107,MEASURE LINE WIDTH
seq_0107,DEPOSIT PASSIVATION LAYER
seq_0107,CURE PASSIVATION
seq_0107,MEASURE PASSIVATION QUALITY
seq_0107,OPEN BOND PAD WINDOW
seq_0107,PAD WINDOW LITHO
seq_0107,DEVELOP PHOTORESIST
seq_0107,PASSIVATION ETCH PAD OPENING
seq_0107,STRIP RESIST
seq_0107,CLEAN PAD OPENING
seq_0107,MEASURE PAD OPENING
seq_0107,BACKSIDE CLEAN
seq_0107,BACKSIDE GRIND
seq_0107,MEASURE WAFER THICKNESS
seq_0107,BACKSIDE ETCH CLEAN
seq_0107,BACKSIDE RINSE
seq_0107,BACKSIDE DRY
seq_0107,BACKSIDE METALLIZATION PREP
seq_0107,DEPOSIT BACKSIDE METAL
seq_0107,BACKSIDE ANNEAL
seq_0107,MEASURE BACKSIDE CONTACT
seq_0107,FINAL CLEAN
seq_0107,FINAL THICKNESS MEASURE
seq_0107,FINAL GEOMETRY CHECK
seq_0107,FINAL PARTICLE INSPECTION
seq_0107,PARAMETRIC TEST
seq_0107,LEAKAGE TEST
seq_0107,THRESHOLD VOLTAGE TEST
seq_0107,SWITCHING TEST
seq_0107,WAFER SORT TEST
seq_0107,YIELD ANALYSIS
seq_0107,FINAL LOT RELEASE
seq_0107,SHIP LOT
seq_0108,RECEIVE WAFER LOT
seq_0108,LOT IDENTIFICATION
seq_0108,INITIAL WAFER INSPECTION
seq_0108,MEASURE THICKNESS
seq_0108,PRE CLEAN WAFER
seq_0108,BACKSIDE CLEAN
seq_0108,FRONTSIDE CLEAN
seq_0108,RCA CLEAN 1
seq_0108,RCA CLEAN 2
seq_0108,HF DIP
seq_0108,DRY WAFER
seq_0108,SUBSTRATE CHECK
seq_0108,EPITAXY PREP
seq_0108,EPITAXIAL DEPOSITION
seq_0108,MEASURE EPITAXY THICKNESS
seq_0108,MEASURE RESISTIVITY
seq_0108,EPITAXY ANNEAL
seq_0108,WAFER SURFACE CLEAN
seq_0108,THERMAL OXIDATION
seq_0108,MEASURE OXIDE THICKNESS
seq_0108,SPIN COAT PHOTORESIST
seq_0108,SOFT BAKE
seq_0108,ALIGN MASK LEVEL 1
seq_0108,EXPOSE LITHO LEVEL 1
seq_0108,DEVELOP PHOTORESIST
seq_0108,PATTERN INSPECTION LEVEL 1
seq_0108,HARD BAKE
seq_0108,OXIDE ETCH
seq_0108,STRIP PHOTORESIST
seq_0108,CLEAN AFTER ETCH
seq_0108,IMPLANT WELL
seq_0108,PRE ANNEAL CHECK
seq_0108,DRIVE IN DIFFUSION
seq_0108,RAPID THERMAL ANNEAL
seq_0108,MEASURE JUNCTION DEPTH
seq_0108,THERMAL OXIDATION
seq_0108,GATE OXIDE PREP
seq_0108,GATE OXIDE GROWTH
seq_0108,MEASURE GATE OXIDE THICKNESS
seq_0108,DEPOSIT POLYSILICON
seq_0108,POLYSILICON ANNEAL
seq_0108,MEASURE POLY THICKNESS
seq_0108,SPIN COAT PHOTORESIST
seq_0108,SOFT BAKE
seq_0108,ALIGN MASK LEVEL 2
seq_0108,EXPOSE LITHO LEVEL 2
seq_0108,POST EXPOSE BAKE
seq_0108,DEVELOP PHOTORESIST
seq_0108,POLY PATTERN INSPECTION
seq_0108,HARD BAKE
seq_0108,POLYSILICON ETCH
seq_0108,STRIP RESIST
seq_0108,CLEAN AFTER POLY ETCH
seq_0108,MEASURE GATE CD
seq_0108,IMPLANT SOURCE DRAIN
seq_0108,LIGHT ANNEAL
seq_0108,MEASURE SHEET RESISTANCE
seq_0108,DEPOSIT SPACER DIELECTRIC
seq_0108,ANISOTROPIC ETCH SPACER
seq_0108,MEASURE SPACER WIDTH
seq_0108,IMPLANT LDD
seq_0108,PRE ANNEAL CHECK
seq_0108,RAPID THERMAL ANNEAL
seq_0108,DEPOSIT INTERLAYER DIELECTRIC
seq_0108,DENSIFY OXIDE
seq_0108,MEASURE DIELECTRIC THICKNESS
seq_0108,CMP DIELECTRIC
seq_0108,MEASURE PLANARITY
seq_0108,SPIN COAT PHOTORESIST
seq_0108,SOFT BAKE
seq_0108,ALIGN MASK LEVEL 3
seq_0108,EXPOSE LITHO LEVEL 3
seq_0108,DEVELOP PHOTORESIST
seq_0108,VIA INSPECTION
seq_0108,VIA ETCH THROUGH DIELECTRIC
seq_0108,STRIP RESIST
seq_0108,CLEAN AFTER VIA ETCH
seq_0108,MEASURE VIA CD
seq_0108,DEPOSIT BARRIER METAL
seq_0108,DEPOSIT METAL SEED
seq_0108,FILL VIA METAL
seq_0108,CMP VIA FILL
seq_0108,MEASURE CONTACT RESISTANCE
seq_0108,DEPOSIT TOP METAL
seq_0108,ANNEAL METAL
seq_0108,SPIN COAT PHOTORESIST
seq_0108,SOFT BAKE
seq_0108,ALIGN MASK LEVEL 4
seq_0108,EXPOSE LITHO LEVEL 4
seq_0108,DEVELOP PHOTORESIST
seq_0108,METAL PATTERN INSPECTION
seq_0108,METAL ETCH
seq_0108,STRIP PHOTORESIST
seq_0108,CLEAN AFTER METAL ETCH
seq_0108,MEASURE LINE WIDTH
seq_0108,DEPOSIT PASSIVATION LAYER
seq_0108,CURE PASSIVATION
seq_0108,MEASURE PASSIVATION QUALITY
seq_0108,OPEN PAD WINDOW
seq_0108,PAD WINDOW LITHO
seq_0108,DEVELOP PHOTORESIST
seq_0108,PASSIVATION ETCH
seq_0108,STRIP PHOTORESIST
seq_0108,CLEAN PAD OPENING
seq_0108,MEASURE PAD OPENING
seq_0108,BACKSIDE CLEAN
seq_0108,BACKSIDE GRIND
seq_0108,MEASURE THICKNESS
seq_0108,BACKSIDE ETCH CLEAN
seq_0108,BACKSIDE RINSE
seq_0108,BACKSIDE DRY
seq_0108,BACKSIDE METALLIZATION PREP
seq_0108,DEPOSIT BACKSIDE METAL
seq_0108,BACKSIDE ANNEAL
seq_0108,MEASURE BACKSIDE CONTACT
seq_0108,FINAL CLEAN
seq_0108,FINAL THICKNESS MEASURE
seq_0108,FINAL PARTICLE INSPECTION
seq_0108,ELECTRICAL PARAMETRIC TEST
seq_0108,LEAKAGE TEST
seq_0108,THRESHOLD VOLTAGE TEST
seq_0108,SWITCHING TEST
seq_0108,WAFER SORT TEST
seq_0108,YIELD ANALYSIS
seq_0108,FINAL LOT RELEASE
seq_0108,SHIP LOT
seq_0109,RECEIVE WAFER LOT
seq_0109,LOT IDENTIFICATION
seq_0109,PRE CLEAN INSPECTION
seq_0109,MEASURE THICKNESS
seq_0109,MEASURE SURFACE PARTICLES
seq_0109,PRE CLEAN WAFER
seq_0109,RCA CLEAN 1
seq_0109,WET CLEAN RCA2
seq_0109,HF DIP
seq_0109,DRY WAFER
seq_0109,SUBSTRATE CHECK
seq_0109,EPITAXY PREP
seq_0109,EPITAXIAL DEPOSITION
seq_0109,MEASURE EPITAXY THICKNESS
seq_0109,MEASURE RESISTIVITY
seq_0109,EPITAXY ANNEAL
seq_0109,WAFER SURFACE CLEAN
seq_0109,THERMAL OXIDATION
seq_0109,MEASURE OXIDE THICKNESS
seq_0109,SPIN COAT PHOTORESIST
seq_0109,SOFT BAKE
seq_0109,ALIGN MASK LEVEL 1
seq_0109,EXPOSE LITHO LEVEL 1
seq_0109,DEVELOP PHOTORESIST
seq_0109,PATTERN INSPECTION LEVEL 1
seq_0109,OXIDE ETCH
seq_0109,STRIP RESIST
seq_0109,CLEAN AFTER ETCH
seq_0109,MEASURE OPENING CD
seq_0109,IMPLANT WELL
seq_0109,DRIVE IN DIFFUSION
seq_0109,RAPID THERMAL ANNEAL
seq_0109,MEASURE JUNCTION DEPTH
seq_0109,THERMAL OXIDATION
seq_0109,GATE OXIDE PREP
seq_0109,GATE OXIDE GROWTH
seq_0109,MEASURE GATE OXIDE THICKNESS
seq_0109,DEPOSIT POLYSILICON
seq_0109,POLYSILICON ANNEAL
seq_0109,MEASURE POLY THICKNESS
seq_0109,SPIN COAT PHOTORESIST
seq_0109,SOFT BAKE
seq_0109,ALIGN MASK LEVEL 2
seq_0109,EXPOSE LITHO LEVEL 2
seq_0109,POST EXPOSE BAKE
seq_0109,DEVELOP PHOTORESIST
seq_0109,POLY PATTERN INSPECTION
seq_0109,POLYSILICON ETCH
seq_0109,STRIP PHOTORESIST
seq_0109,CLEAN AFTER POLY ETCH
seq_0109,MEASURE GATE CD
seq_0109,IMPLANT SOURCE DRAIN
seq_0109,PRE ANNEAL CHECK
seq_0109,LIGHT ANNEAL
seq_0109,MEASURE SHEET RESISTANCE
seq_0109,DEPOSIT SPACER DIELECTRIC
seq_0109,ANISOTROPIC ETCH SPACER
seq_0109,MEASURE SPACER WIDTH
seq_0109,IMPLANT LDD
seq_0109,PRE ANNEAL CHECK
seq_0109,RAPID THERMAL ANNEAL
seq_0109,MEASURE JUNCTION PROFILE
seq_0109,DEPOSIT INTERLEVEL DIELECTRIC
seq_0109,DENSIFY DIELECTRIC
seq_0109,MEASURE FILM THICKNESS
seq_0109,CMP DIELECTRIC
seq_0109,MEASURE SURFACE PLANARITY
seq_0109,SPIN COAT PHOTORESIST
seq_0109,SOFT BAKE
seq_0109,ALIGN MASK LEVEL 3
seq_0109,EXPOSE LITHO LEVEL 3
seq_0109,POST EXPOSE BAKE
seq_0109,DEVELOP PHOTORESIST
seq_0109,VIA INSPECTION
seq_0109,VIA ETCH
seq_0109,STRIP PHOTORESIST
seq_0109,CLEAN AFTER VIA ETCH
seq_0109,MEASURE VIA CD
seq_0109,DEPOSIT BARRIER METAL
seq_0109,DEPOSIT METAL SEED
seq_0109,FILL VIA METAL
seq_0109,CMP VIA FILL
seq_0109,MEASURE VIA RESISTANCE
seq_0109,DEPOSIT TOP METAL
seq_0109,ANNEAL METAL
seq_0109,SPIN COAT PHOTORESIST
seq_0109,SOFT BAKE
seq_0109,ALIGN MASK LEVEL 4
seq_0109,EXPOSE LITHO LEVEL 4
seq_0109,DEVELOP PHOTORESIST
seq_0109,METAL PATTERN INSPECTION
seq_0109,METAL ETCH
seq_0109,STRIP RESIST
seq_0109,CLEAN AFTER METAL ETCH
seq_0109,MEASURE LINE WIDTH
seq_0109,DEPOSIT PASSIVATION
seq_0109,CURE PASSIVATION
seq_0109,MEASURE PASSIVATION QUALITY
seq_0109,OPEN PAD WINDOW
seq_0109,PAD WINDOW LITHO
seq_0109,DEVELOP PHOTORESIST
seq_0109,PASSIVATION ETCH PAD OPENING
seq_0109,STRIP PHOTORESIST
seq_0109,CLEAN PAD OPENING
seq_0109,MEASURE PAD OPENING
seq_0109,BACKSIDE CLEAN
seq_0109,BACKSIDE GRIND
seq_0109,MEASURE THICKNESS
seq_0109,BACKSIDE ETCH CLEAN
seq_0109,BACKSIDE RINSE
seq_0109,BACKSIDE DRY
seq_0109,BACKSIDE METALLIZATION PREP
seq_0109,DEPOSIT BACKSIDE METAL
seq_0109,BACKSIDE ANNEAL
seq_0109,MEASURE BACKSIDE CONTACT
seq_0109,FINAL CLEAN
seq_0109,FINAL THICKNESS MEASURE
seq_0109,FINAL GEOMETRY CHECK
seq_0109,FINAL PARTICLE INSPECTION
seq_0109,PARAMETRIC TEST
seq_0109,LEAKAGE TEST
seq_0109,THRESHOLD VOLTAGE TEST
seq_0109,SWITCHING TEST
seq_0109,WAFER SORT TEST
seq_0109,YIELD ANALYSIS
seq_0109,LOT RELEASE
seq_0109,SHIP LOT
seq_0110,RECEIVE WAFER LOT
seq_0110,LOT IDENTIFICATION
seq_0110,PRE CLEAN INSPECTION
seq_0110,MEASURE THICKNESS
seq_0110,MEASURE SURFACE PARTICLES
seq_0110,PRE CLEAN WAFER
seq_0110,RCA CLEAN 1
seq_0110,RCA CLEAN 2
seq_0110,HF DIP
seq_0110,SUBSTRATE CHECK
seq_0110,EPITAXY PREP
seq_0110,EPITAXIAL DEPOSITION
seq_0110,MEASURE EPITAXY THICKNESS
seq_0110,MEASURE RESISTIVITY
seq_0110,EPITAXY ANNEAL
seq_0110,WAFER SURFACE CLEAN
seq_0110,THERMAL OXIDATION
seq_0110,MEASURE OXIDE THICKNESS
seq_0110,SPIN COAT PHOTORESIST
seq_0110,SOFT BAKE
seq_0110,ALIGN MASK LEVEL 1
seq_0110,EXPOSE LITHO LEVEL 1
seq_0110,DEVELOP PHOTORESIST
seq_0110,PATTERN INSPECTION LEVEL 1
seq_0110,HARD BAKE
seq_0110,OXIDE ETCH
seq_0110,STRIP PHOTORESIST
seq_0110,CLEAN AFTER ETCH
seq_0110,IMPLANT WELL
seq_0110,DRIVE IN DIFFUSION
seq_0110,RAPID THERMAL ANNEAL
seq_0110,MEASURE JUNCTION DEPTH
seq_0110,THERMAL OXIDATION
seq_0110,GATE OXIDE PREP
seq_0110,GATE OXIDE GROWTH
seq_0110,MEASURE GATE OXIDE THICKNESS
seq_0110,DEPOSIT POLYSILICON
seq_0110,POLYSILICON ANNEAL
seq_0110,SPIN COAT PHOTORESIST
seq_0110,SOFT BAKE
seq_0110,ALIGN MASK LEVEL 2
seq_0110,EXPOSE LITHO LEVEL 2
seq_0110,DEVELOP PHOTORESIST
seq_0110,POLY PATTERN INSPECTION
seq_0110,HARD BAKE
seq_0110,POLYSILICON ETCH
seq_0110,STRIP PHOTORESIST
seq_0110,CLEAN AFTER POLY ETCH
seq_0110,MEASURE GATE CD
seq_0110,IMPLANT SOURCE DRAIN
seq_0110,PRE ANNEAL CHECK
seq_0110,LIGHT ANNEAL
seq_0110,MEASURE SHEET RESISTANCE
seq_0110,DEPOSIT SPACER DIELECTRIC
seq_0110,ANISOTROPIC ETCH SPACER
seq_0110,MEASURE SPACER WIDTH
seq_0110,IMPLANT LDD
seq_0110,PRE ANNEAL CHECK
seq_0110,RAPID THERMAL ANNEAL
seq_0110,MEASURE JUNCTION PROFILE
seq_0110,DEPOSIT INTERLAYER DIELECTRIC
seq_0110,DENSIFY DIELECTRIC
seq_0110,MEASURE FILM THICKNESS
seq_0110,CMP INTERLAYER DIELECTRIC
seq_0110,MEASURE PLANARITY
seq_0110,SPIN COAT PHOTORESIST
seq_0110,SOFT BAKE
seq_0110,ALIGN MASK LEVEL 3
seq_0110,EXPOSE LITHO LEVEL 3
seq_0110,DEVELOP PHOTORESIST
seq_0110,VIA INSPECTION
seq_0110,DIELECTRIC ETCH VIA
seq_0110,STRIP RESIST
seq_0110,CLEAN AFTER VIA ETCH
seq_0110,MEASURE VIA CD
seq_0110,DEPOSIT BARRIER METAL
seq_0110,DEPOSIT METAL SEED
seq_0110,FILL VIA METAL
seq_0110,CMP VIA FILL
seq_0110,DEPOSIT METAL 1
seq_0110,ANNEAL METAL
seq_0110,SPIN COAT PHOTORESIST
seq_0110,SOFT BAKE
seq_0110,ALIGN MASK LEVEL 4
seq_0110,EXPOSE LITHO LEVEL 4
seq_0110,POST EXPOSE BAKE
seq_0110,DEVELOP PHOTORESIST
seq_0110,METAL PATTERN INSPECTION
seq_0110,METAL ETCH
seq_0110,STRIP PHOTORESIST
seq_0110,CLEAN AFTER METAL ETCH
seq_0110,MEASURE LINE WIDTH
seq_0110,DEPOSIT PASSIVATION
seq_0110,CURE PASSIVATION
seq_0110,MEASURE PASSIVATION QUALITY
seq_0110,OPEN PAD WINDOW
seq_0110,PAD WINDOW LITHO
seq_0110,DEVELOP PHOTORESIST
seq_0110,PASSIVATION ETCH
seq_0110,STRIP PHOTORESIST
seq_0110,CLEAN PAD OPENING
seq_0110,MEASURE PAD OPENING
seq_0110,BACKSIDE CLEAN
seq_0110,BACKSIDE GRIND
seq_0110,MEASURE WAFER THICKNESS
seq_0110,BACKSIDE ETCH CLEAN
seq_0110,BACKSIDE RINSE
seq_0110,BACKSIDE DRY
seq_0110,BACKSIDE METALLIZATION PREP
seq_0110,DEPOSIT BACKSIDE METAL
seq_0110,BACKSIDE ANNEAL
seq_0110,MEASURE BACKSIDE CONTACT
seq_0110,FINAL CLEAN
seq_0110,FINAL THICKNESS MEASURE
seq_0110,FINAL GEOMETRY CHECK
seq_0110,FINAL PARTICLE INSPECTION
seq_0110,ELECTRICAL PARAMETRIC TEST
seq_0110,LEAKAGE TEST
seq_0110,THRESHOLD VOLTAGE TEST
seq_0110,SWITCHING TEST
seq_0110,WAFER SORT TEST
seq_0110,YIELD ANALYSIS
seq_0110,LOT RELEASE
seq_0110,SHIP LOT
seq_0111,RECEIVE WAFER LOT
seq_0111,LOT IDENTIFICATION
seq_0111,INITIAL WAFER INSPECTION
seq_0111,MEASURE THICKNESS
seq_0111,MEASURE SURFACE PARTICLES
seq_0111,PRE CLEAN WAFER
seq_0111,RCA CLEAN 1
seq_0111,WET CLEAN RCA2
seq_0111,HF DIP
seq_0111,DRY WAFER
seq_0111,SUBSTRATE CHECK
seq_0111,EPITAXY PREP
seq_0111,EPITAXIAL DEPOSITION
seq_0111,MEASURE EPITAXY THICKNESS
seq_0111,MEASURE RESISTIVITY
seq_0111,EPITAXY ANNEAL
seq_0111,WAFER SURFACE CLEAN
seq_0111,THERMAL OXIDATION
seq_0111,MEASURE OXIDE THICKNESS
seq_0111,SPIN COAT PHOTORESIST
seq_0111,SOFT BAKE
seq_0111,ALIGN MASK LEVEL 1
seq_0111,EXPOSE LITHO LEVEL 1
seq_0111,DEVELOP PHOTORESIST
seq_0111,PATTERN INSPECTION LEVEL 1
seq_0111,OXIDE ETCH
seq_0111,STRIP RESIST
seq_0111,CLEAN AFTER ETCH
seq_0111,IMPLANT WELL
seq_0111,PRE ANNEAL CHECK
seq_0111,DRIVE IN DIFFUSION
seq_0111,RAPID THERMAL ANNEAL
seq_0111,MEASURE JUNCTION DEPTH
seq_0111,THERMAL OXIDATION
seq_0111,GATE OXIDE PREP
seq_0111,GATE OXIDE GROWTH
seq_0111,MEASURE GATE OXIDE THICKNESS
seq_0111,DEPOSIT POLYSILICON
seq_0111,POLYSILICON ANNEAL
seq_0111,MEASURE POLY THICKNESS
seq_0111,SPIN COAT PHOTORESIST
seq_0111,SOFT BAKE
seq_0111,ALIGN MASK LEVEL 2
seq_0111,EXPOSE LITHO LEVEL 2
seq_0111,DEVELOP PHOTORESIST
seq_0111,POLY PATTERN INSPECTION
seq_0111,HARD BAKE
seq_0111,POLYSILICON ETCH
seq_0111,STRIP PHOTORESIST
seq_0111,CLEAN AFTER POLY ETCH
seq_0111,IMPLANT SOURCE DRAIN
seq_0111,LIGHT ANNEAL
seq_0111,MEASURE SHEET RESISTANCE
seq_0111,DEPOSIT SPACER DIELECTRIC
seq_0111,ANISOTROPIC ETCH SPACER
seq_0111,IMPLANT LDD
seq_0111,RAPID THERMAL ANNEAL
seq_0111,MEASURE JUNCTION PROFILE
seq_0111,DEPOSIT INTERLEVEL DIELECTRIC
seq_0111,DENSIFY OXIDE
seq_0111,MEASURE FILM THICKNESS
seq_0111,CMP INTERLAYER DIELECTRIC
seq_0111,MEASURE PLANARITY
seq_0111,SPIN COAT PHOTORESIST
seq_0111,SOFT BAKE
seq_0111,ALIGN MASK LEVEL 3
seq_0111,EXPOSE LITHO LEVEL 3
seq_0111,DEVELOP PHOTORESIST
seq_0111,VIA OPENING INSPECTION
seq_0111,DIELECTRIC ETCH VIA
seq_0111,STRIP PHOTORESIST
seq_0111,CLEAN AFTER VIA ETCH
seq_0111,DEPOSIT BARRIER METAL
seq_0111,DEPOSIT METAL SEED
seq_0111,FILL VIA METAL
seq_0111,CMP VIA FILL
seq_0111,MEASURE VIA RESISTANCE
seq_0111,DEPOSIT TOP METAL
seq_0111,ANNEAL METAL
seq_0111,MEASURE METAL THICKNESS
seq_0111,SPIN COAT PHOTORESIST
seq_0111,SOFT BAKE
seq_0111,ALIGN MASK LEVEL 4
seq_0111,EXPOSE LITHO LEVEL 4
seq_0111,DEVELOP PHOTORESIST
seq_0111,METAL PATTERN INSPECTION
seq_0111,METAL ETCH
seq_0111,STRIP PHOTORESIST
seq_0111,CLEAN AFTER METAL ETCH
seq_0111,MEASURE LINE WIDTH
seq_0111,DEPOSIT PASSIVATION
seq_0111,CURE PASSIVATION
seq_0111,MEASURE PASSIVATION THICKNESS
seq_0111,OPEN PAD WINDOW
seq_0111,OPEN PAD WINDOW LITHO
seq_0111,DEVELOP PAD WINDOW
seq_0111,PASSIVATION ETCH PAD OPENING
seq_0111,STRIP RESIST
seq_0111,CLEAN PAD OPENING
seq_0111,MEASURE PAD OPENING
seq_0111,BACKSIDE CLEAN
seq_0111,BACKSIDE GRIND
seq_0111,MEASURE THICKNESS
seq_0111,BACKSIDE ETCH CLEAN
seq_0111,BACKSIDE RINSE
seq_0111,BACKSIDE DRY
seq_0111,BACKSIDE METALLIZATION PREP
seq_0111,DEPOSIT BACKSIDE METAL
seq_0111,BACKSIDE ANNEAL
seq_0111,MEASURE BACKSIDE CONTACT
seq_0111,FINAL CLEAN
seq_0111,FINAL THICKNESS MEASURE
seq_0111,FINAL GEOMETRY CHECK
seq_0111,FINAL CD INSPECTION
seq_0111,PARAMETRIC TEST
seq_0111,LEAKAGE TEST
seq_0111,THRESHOLD VOLTAGE TEST
seq_0111,SWITCHING TEST
seq_0111,WAFER SORT TEST
seq_0111,YIELD ANALYSIS
seq_0111,LOT RELEASE
seq_0111,SHIP LOT
seq_0112,RECEIVE WAFER LOT
seq_0112,LOT IDENTIFICATION
seq_0112,INITIAL WAFER INSPECTION
seq_0112,MEASURE THICKNESS
seq_0112,MEASURE SURFACE PARTICLES
seq_0112,PRE CLEAN WAFER
seq_0112,FRONTSIDE CLEAN
seq_0112,RCA CLEAN 1
seq_0112,RCA CLEAN 2
seq_0112,HF DIP
seq_0112,SUBSTRATE CHECK
seq_0112,EPITAXY PREP
seq_0112,EPITAXIAL DEPOSITION
seq_0112,MEASURE EPITAXY THICKNESS
seq_0112,MEASURE RESISTIVITY
seq_0112,EPITAXY ANNEAL
seq_0112,WAFER SURFACE CLEAN
seq_0112,THERMAL OXIDATION
seq_0112,MEASURE OXIDE THICKNESS
seq_0112,SPIN COAT PHOTORESIST
seq_0112,SOFT BAKE
seq_0112,ALIGN MASK LEVEL 1
seq_0112,EXPOSE LITHO LEVEL 1
seq_0112,POST EXPOSE BAKE
seq_0112,DEVELOP PHOTORESIST
seq_0112,PATTERN INSPECTION LEVEL 1
seq_0112,OXIDE ETCH
seq_0112,STRIP PHOTORESIST
seq_0112,CLEAN AFTER ETCH
seq_0112,MEASURE OPENING CD
seq_0112,IMPLANT WELL
seq_0112,PRE ANNEAL CHECK
seq_0112,DRIVE IN DIFFUSION
seq_0112,RAPID THERMAL ANNEAL
seq_0112,MEASURE JUNCTION DEPTH
seq_0112,THERMAL OXIDATION
seq_0112,GATE OXIDE PREP
seq_0112,GATE OXIDE GROWTH
seq_0112,MEASURE GATE OXIDE THICKNESS
seq_0112,DEPOSIT POLYSILICON
seq_0112,POLYSILICON ANNEAL
seq_0112,MEASURE POLY THICKNESS
seq_0112,SPIN COAT PHOTORESIST
seq_0112,SOFT BAKE
seq_0112,ALIGN MASK LEVEL 2
seq_0112,EXPOSE LITHO LEVEL 2
seq_0112,POST EXPOSE BAKE
seq_0112,DEVELOP PHOTORESIST
seq_0112,POLY PATTERN INSPECTION
seq_0112,POLYSILICON ETCH
seq_0112,STRIP PHOTORESIST
seq_0112,CLEAN AFTER POLY ETCH
seq_0112,MEASURE GATE CD
seq_0112,IMPLANT SOURCE DRAIN
seq_0112,LIGHT ANNEAL
seq_0112,MEASURE SHEET RESISTANCE
seq_0112,DEPOSIT SPACER DIELECTRIC
seq_0112,ANISOTROPIC ETCH SPACER
seq_0112,MEASURE SPACER WIDTH
seq_0112,IMPLANT LDD
seq_0112,PRE ANNEAL CHECK
seq_0112,RAPID THERMAL ANNEAL
seq_0112,MEASURE JUNCTION PROFILE
seq_0112,DEPOSIT INTERLAYER DIELECTRIC
seq_0112,DENSIFY OXIDE
seq_0112,MEASURE DIELECTRIC THICKNESS
seq_0112,CMP DIELECTRIC
seq_0112,MEASURE SURFACE PLANARITY
seq_0112,SPIN COAT PHOTORESIST
seq_0112,SOFT BAKE
seq_0112,ALIGN MASK LEVEL 3
seq_0112,EXPOSE LITHO LEVEL 3
seq_0112,POST EXPOSE BAKE
seq_0112,DEVELOP PHOTORESIST
seq_0112,VIA INSPECTION
seq_0112,HARD BAKE
seq_0112,VIA ETCH THROUGH DIELECTRIC
seq_0112,STRIP RESIST
seq_0112,CLEAN AFTER VIA ETCH
seq_0112,DEPOSIT BARRIER METAL
seq_0112,DEPOSIT METAL SEED
seq_0112,FILL VIA METAL
seq_0112,CMP VIA FILL
seq_0112,DEPOSIT METAL 1
seq_0112,ANNEAL METAL 1
seq_0112,MEASURE METAL THICKNESS
seq_0112,SPIN COAT PHOTORESIST
seq_0112,SOFT BAKE
seq_0112,ALIGN MASK LEVEL 4
seq_0112,EXPOSE LITHO LEVEL 4
seq_0112,DEVELOP PHOTORESIST
seq_0112,METAL PATTERN INSPECTION
seq_0112,METAL ETCH
seq_0112,STRIP PHOTORESIST
seq_0112,CLEAN AFTER METAL ETCH
seq_0112,DEPOSIT PASSIVATION LAYER
seq_0112,CURE PASSIVATION
seq_0112,MEASURE PASSIVATION THICKNESS
seq_0112,OPEN BOND PAD WINDOW
seq_0112,PAD WINDOW LITHO
seq_0112,DEVELOP PHOTORESIST
seq_0112,PASSIVATION ETCH PAD OPENING
seq_0112,STRIP RESIST
seq_0112,CLEAN PAD OPENING
seq_0112,MEASURE PAD OPENING
seq_0112,BACKSIDE CLEAN
seq_0112,BACKSIDE GRIND
seq_0112,MEASURE THICKNESS
seq_0112,BACKSIDE ETCH CLEAN
seq_0112,BACKSIDE RINSE
seq_0112,BACKSIDE DRY
seq_0112,BACKSIDE METALLIZATION PREP
seq_0112,DEPOSIT BACKSIDE METAL
seq_0112,BACKSIDE ANNEAL
seq_0112,MEASURE BACKSIDE CONTACT
seq_0112,FINAL CLEAN
seq_0112,FINAL THICKNESS MEASURE
seq_0112,FINAL GEOMETRY CHECK
seq_0112,FINAL PARTICLE INSPECTION
seq_0112,PARAMETRIC TEST
seq_0112,LEAKAGE TEST
seq_0112,THRESHOLD VOLTAGE TEST
seq_0112,SWITCHING TEST
seq_0112,WAFER SORT TEST
seq_0112,YIELD ANALYSIS
seq_0112,LOT RELEASE
seq_0112,SHIP LOT
seq_0113,RECEIVE WAFER LOT
seq_0113,LOT IDENTIFICATION
seq_0113,INITIAL WAFER INSPECTION
seq_0113,MEASURE THICKNESS
seq_0113,MEASURE SURFACE PARTICLES
seq_0113,PRE CLEAN WAFER
seq_0113,RCA CLEAN 1
seq_0113,RCA CLEAN 2
seq_0113,HF DIP
seq_0113,DRY WAFER
seq_0113,SUBSTRATE CHECK
seq_0113,EPITAXY PREP
seq_0113,EPITAXIAL DEPOSITION
seq_0113,MEASURE EPITAXY THICKNESS
seq_0113,MEASURE RESISTIVITY
seq_0113,EPITAXY ANNEAL
seq_0113,WAFER SURFACE CLEAN
seq_0113,THERMAL OXIDATION
seq_0113,MEASURE OXIDE THICKNESS
seq_0113,SPIN COAT PHOTORESIST
seq_0113,SOFT BAKE
seq_0113,ALIGN MASK LEVEL 1
seq_0113,EXPOSE LITHO LEVEL 1
seq_0113,DEVELOP PHOTORESIST
seq_0113,PATTERN INSPECTION LEVEL 1
seq_0113,OXIDE ETCH
seq_0113,STRIP RESIST
seq_0113,CLEAN AFTER ETCH
seq_0113,IMPLANT WELL
seq_0113,DRIVE IN DIFFUSION
seq_0113,RAPID THERMAL ANNEAL
seq_0113,THERMAL OXIDATION
seq_0113,GATE OXIDE PREP
seq_0113,GATE OXIDE GROWTH
seq_0113,MEASURE GATE OXIDE THICKNESS
seq_0113,DEPOSIT POLYSILICON
seq_0113,POLYSILICON ANNEAL
seq_0113,MEASURE POLY THICKNESS
seq_0113,SPIN COAT PHOTORESIST
seq_0113,SOFT BAKE
seq_0113,ALIGN MASK LEVEL 2
seq_0113,EXPOSE LITHO LEVEL 2
seq_0113,DEVELOP PHOTORESIST
seq_0113,POLY PATTERN INSPECTION
seq_0113,POLYSILICON ETCH
seq_0113,STRIP PHOTORESIST
seq_0113,CLEAN AFTER POLY ETCH
seq_0113,MEASURE GATE CD
seq_0113,IMPLANT SOURCE DRAIN
seq_0113,LIGHT ANNEAL
seq_0113,MEASURE SHEET RESISTANCE
seq_0113,DEPOSIT SPACER DIELECTRIC
seq_0113,ANISOTROPIC ETCH SPACER
seq_0113,MEASURE SPACER WIDTH
seq_0113,IMPLANT LDD
seq_0113,PRE ANNEAL CHECK
seq_0113,RAPID THERMAL ANNEAL
seq_0113,MEASURE JUNCTION PROFILE
seq_0113,DEPOSIT INTERLAYER DIELECTRIC
seq_0113,DENSIFY DIELECTRIC
seq_0113,MEASURE FILM THICKNESS
seq_0113,CMP INTERLAYER DIELECTRIC
seq_0113,MEASURE PLANARITY
seq_0113,SPIN COAT PHOTORESIST
seq_0113,SOFT BAKE
seq_0113,ALIGN MASK LEVEL 3
seq_0113,EXPOSE LITHO LEVEL 3
seq_0113,DEVELOP PHOTORESIST
seq_0113,VIA INSPECTION
seq_0113,VIA ETCH
seq_0113,STRIP PHOTORESIST
seq_0113,CLEAN AFTER VIA ETCH
seq_0113,MEASURE VIA CD
seq_0113,DEPOSIT BARRIER METAL
seq_0113,DEPOSIT METAL SEED
seq_0113,FILL VIA METAL
seq_0113,CMP VIA FILL
seq_0113,MEASURE VIA RESISTANCE
seq_0113,DEPOSIT METAL 1
seq_0113,ANNEAL METAL 1
seq_0113,MEASURE METAL THICKNESS
seq_0113,SPIN COAT PHOTORESIST
seq_0113,SOFT BAKE
seq_0113,ALIGN MASK LEVEL 4
seq_0113,EXPOSE LITHO LEVEL 4
seq_0113,POST EXPOSE BAKE
seq_0113,DEVELOP PHOTORESIST
seq_0113,METAL PATTERN INSPECTION
seq_0113,HARD BAKE
seq_0113,METAL ETCH
seq_0113,STRIP RESIST
seq_0113,CLEAN AFTER METAL ETCH
seq_0113,DEPOSIT PASSIVATION LAYER
seq_0113,CURE PASSIVATION
seq_0113,MEASURE PASSIVATION QUALITY
seq_0113,OPEN BOND PAD WINDOW
seq_0113,OPEN PAD WINDOW LITHO
seq_0113,DEVELOP PHOTORESIST
seq_0113,PASSIVATION ETCH
seq_0113,STRIP RESIST
seq_0113,CLEAN PAD OPENING
seq_0113,MEASURE PAD OPENING
seq_0113,BACKSIDE CLEAN
seq_0113,BACKSIDE GRIND
seq_0113,MEASURE THICKNESS
seq_0113,BACKSIDE ETCH CLEAN
seq_0113,BACKSIDE RINSE
seq_0113,BACKSIDE DRY
seq_0113,BACKSIDE METALLIZATION PREP
seq_0113,DEPOSIT BACKSIDE METAL
seq_0113,BACKSIDE ANNEAL
seq_0113,MEASURE BACKSIDE CONTACT
seq_0113,FINAL CLEAN
seq_0113,FINAL THICKNESS MEASURE
seq_0113,FINAL GEOMETRY CHECK
seq_0113,FINAL PARTICLE INSPECTION
seq_0113,ELECTRICAL PARAMETRIC TEST
seq_0113,LEAKAGE TEST
seq_0113,THRESHOLD VOLTAGE TEST
seq_0113,SWITCHING TEST
seq_0113,WAFER SORT TEST
seq_0113,YIELD ANALYSIS
seq_0113,FINAL LOT RELEASE
seq_0113,SHIP LOT
seq_0114,RECEIVE WAFER LOT
seq_0114,LOT IDENTIFICATION
seq_0114,PRE CLEAN INSPECTION
seq_0114,MEASURE SURFACE PARTICLES
seq_0114,PRE CLEAN WAFER
seq_0114,BACKSIDE CLEAN
seq_0114,FRONTSIDE CLEAN
seq_0114,RCA CLEAN 1
seq_0114,RCA CLEAN 2
seq_0114,HF DIP
seq_0114,SUBSTRATE CHECK
seq_0114,EPITAXY PREP
seq_0114,EPITAXIAL DEPOSITION
seq_0114,MEASURE EPITAXY THICKNESS
seq_0114,MEASURE RESISTIVITY
seq_0114,EPITAXY ANNEAL
seq_0114,WAFER SURFACE CLEAN
seq_0114,THERMAL OXIDATION
seq_0114,MEASURE OXIDE THICKNESS
seq_0114,SPIN COAT PHOTORESIST
seq_0114,SOFT BAKE
seq_0114,ALIGN MASK LEVEL 1
seq_0114,EXPOSE LITHO LEVEL 1
seq_0114,DEVELOP PHOTORESIST
seq_0114,PATTERN INSPECTION LEVEL 1
seq_0114,OXIDE ETCH
seq_0114,STRIP PHOTORESIST
seq_0114,CLEAN AFTER ETCH
seq_0114,IMPLANT WELL
seq_0114,DRIVE IN DIFFUSION
seq_0114,RAPID THERMAL ANNEAL
seq_0114,MEASURE JUNCTION DEPTH
seq_0114,THERMAL OXIDATION
seq_0114,GATE OXIDE PREP
seq_0114,GATE OXIDE GROWTH
seq_0114,MEASURE GATE OXIDE THICKNESS
seq_0114,DEPOSIT POLYSILICON
seq_0114,POLYSILICON ANNEAL
seq_0114,MEASURE POLY THICKNESS
seq_0114,SPIN COAT PHOTORESIST
seq_0114,SOFT BAKE
seq_0114,ALIGN MASK LEVEL 2
seq_0114,EXPOSE LITHO LEVEL 2
seq_0114,POST EXPOSE BAKE
seq_0114,DEVELOP PHOTORESIST
seq_0114,POLY PATTERN INSPECTION
seq_0114,POLYSILICON ETCH
seq_0114,STRIP RESIST
seq_0114,CLEAN AFTER POLY ETCH
seq_0114,MEASURE GATE CD
seq_0114,IMPLANT SOURCE DRAIN
seq_0114,PRE ANNEAL CHECK
seq_0114,LIGHT ANNEAL
seq_0114,MEASURE SHEET RESISTANCE
seq_0114,DEPOSIT SPACER DIELECTRIC
seq_0114,ANISOTROPIC ETCH SPACER
seq_0114,MEASURE SPACER WIDTH
seq_0114,IMPLANT LDD
seq_0114,RAPID THERMAL ANNEAL
seq_0114,DEPOSIT INTERLAYER DIELECTRIC
seq_0114,DENSIFY DIELECTRIC
seq_0114,MEASURE DIELECTRIC THICKNESS
seq_0114,CMP DIELECTRIC
seq_0114,MEASURE PLANARITY
seq_0114,SPIN COAT PHOTORESIST
seq_0114,SOFT BAKE
seq_0114,ALIGN MASK LEVEL 3
seq_0114,EXPOSE LITHO LEVEL 3
seq_0114,DEVELOP PHOTORESIST
seq_0114,VIA INSPECTION
seq_0114,VIA ETCH THROUGH DIELECTRIC
seq_0114,STRIP RESIST
seq_0114,CLEAN AFTER VIA ETCH
seq_0114,MEASURE VIA CD
seq_0114,DEPOSIT BARRIER METAL
seq_0114,DEPOSIT METAL SEED
seq_0114,FILL VIA METAL
seq_0114,CMP VIA FILL
seq_0114,DEPOSIT METAL 1
seq_0114,ANNEAL METAL 1
seq_0114,MEASURE METAL THICKNESS
seq_0114,SPIN COAT PHOTORESIST
seq_0114,SOFT BAKE
seq_0114,ALIGN MASK LEVEL 4
seq_0114,EXPOSE LITHO LEVEL 4
seq_0114,DEVELOP PHOTORESIST
seq_0114,METAL PATTERN INSPECTION
seq_0114,METAL ETCH
seq_0114,STRIP PHOTORESIST
seq_0114,CLEAN AFTER METAL ETCH
seq_0114,MEASURE LINE WIDTH
seq_0114,DEPOSIT PASSIVATION
seq_0114,CURE PASSIVATION
seq_0114,MEASURE PASSIVATION QUALITY
seq_0114,OPEN BOND PAD WINDOW
seq_0114,PAD WINDOW LITHO
seq_0114,DEVELOP PAD WINDOW
seq_0114,PASSIVATION ETCH
seq_0114,STRIP RESIST
seq_0114,CLEAN PAD OPENING
seq_0114,MEASURE PAD OPENING
seq_0114,BACKSIDE CLEAN
seq_0114,BACKSIDE GRIND
seq_0114,MEASURE THICKNESS
seq_0114,BACKSIDE ETCH CLEAN
seq_0114,BACKSIDE RINSE
seq_0114,BACKSIDE DRY
seq_0114,BACKSIDE METALLIZATION PREP
seq_0114,DEPOSIT BACKSIDE METAL
seq_0114,BACKSIDE ANNEAL
seq_0114,MEASURE BACKSIDE CONTACT
seq_0114,FINAL CLEAN
seq_0114,FINAL THICKNESS MEASURE
seq_0114,FINAL CD INSPECTION
seq_0114,FINAL PARTICLE INSPECTION
seq_0114,ELECTRICAL PARAMETRIC TEST
seq_0114,LEAKAGE TEST
seq_0114,THRESHOLD VOLTAGE TEST
seq_0114,SWITCHING TEST
seq_0114,WAFER SORT TEST
seq_0114,YIELD ANALYSIS
seq_0114,FINAL LOT RELEASE
seq_0114,SHIP LOT
seq_0115,RECEIVE WAFER LOT
seq_0115,LOT IDENTIFICATION
seq_0115,INITIAL WAFER INSPECTION
seq_0115,MEASURE THICKNESS
seq_0115,MEASURE SURFACE PARTICLES
seq_0115,PRE CLEAN WAFER
seq_0115,BACKSIDE CLEAN
seq_0115,FRONTSIDE CLEAN
seq_0115,RCA CLEAN 1
seq_0115,WET CLEAN RCA2
seq_0115,HF DIP
seq_0115,SUBSTRATE CHECK
seq_0115,EPITAXY PREP
seq_0115,EPITAXIAL DEPOSITION
seq_0115,MEASURE EPITAXY THICKNESS
seq_0115,MEASURE RESISTIVITY
seq_0115,EPITAXY ANNEAL
seq_0115,WAFER SURFACE CLEAN
seq_0115,THERMAL OXIDATION
seq_0115,MEASURE OXIDE THICKNESS
seq_0115,SPIN COAT PHOTORESIST
seq_0115,SOFT BAKE
seq_0115,ALIGN MASK LEVEL 1
seq_0115,EXPOSE LITHO LEVEL 1
seq_0115,DEVELOP PHOTORESIST
seq_0115,PATTERN INSPECTION LEVEL 1
seq_0115,HARD BAKE
seq_0115,OXIDE ETCH
seq_0115,STRIP PHOTORESIST
seq_0115,CLEAN AFTER ETCH
seq_0115,MEASURE OPENING CD
seq_0115,IMPLANT WELL
seq_0115,DRIVE IN DIFFUSION
seq_0115,RAPID THERMAL ANNEAL
seq_0115,MEASURE JUNCTION DEPTH
seq_0115,THERMAL OXIDATION
seq_0115,GATE OXIDE PREP
seq_0115,GATE OXIDE GROWTH
seq_0115,MEASURE GATE OXIDE THICKNESS
seq_0115,DEPOSIT POLYSILICON
seq_0115,POLYSILICON ANNEAL
seq_0115,MEASURE POLY THICKNESS
seq_0115,SPIN COAT PHOTORESIST
seq_0115,SOFT BAKE
seq_0115,ALIGN MASK LEVEL 2
seq_0115,EXPOSE LITHO LEVEL 2
seq_0115,DEVELOP PHOTORESIST
seq_0115,POLY PATTERN INSPECTION
seq_0115,POLYSILICON ETCH
seq_0115,STRIP RESIST
seq_0115,CLEAN AFTER POLY ETCH
seq_0115,MEASURE GATE CD
seq_0115,IMPLANT SOURCE DRAIN
seq_0115,PRE ANNEAL CHECK
seq_0115,LIGHT ANNEAL
seq_0115,DEPOSIT SPACER DIELECTRIC
seq_0115,ANISOTROPIC ETCH SPACER
seq_0115,MEASURE SPACER WIDTH
seq_0115,IMPLANT LDD
seq_0115,PRE ANNEAL CHECK
seq_0115,RAPID THERMAL ANNEAL
seq_0115,DEPOSIT INTERLAYER DIELECTRIC
seq_0115,DENSIFY OXIDE
seq_0115,MEASURE DIELECTRIC THICKNESS
seq_0115,CMP INTERLAYER DIELECTRIC
seq_0115,MEASURE PLANARITY
seq_0115,SPIN COAT PHOTORESIST
seq_0115,SOFT BAKE
seq_0115,ALIGN MASK LEVEL 3
seq_0115,EXPOSE LITHO LEVEL 3
seq_0115,POST EXPOSE BAKE
seq_0115,DEVELOP PHOTORESIST
seq_0115,VIA OPENING INSPECTION
seq_0115,DIELECTRIC ETCH VIA
seq_0115,STRIP RESIST
seq_0115,CLEAN AFTER VIA ETCH
seq_0115,DEPOSIT BARRIER METAL
seq_0115,DEPOSIT METAL SEED
seq_0115,FILL VIA METAL
seq_0115,CMP VIA FILL
seq_0115,DEPOSIT METAL 1
seq_0115,ANNEAL METAL
seq_0115,MEASURE METAL THICKNESS
seq_0115,SPIN COAT PHOTORESIST
seq_0115,SOFT BAKE
seq_0115,ALIGN MASK LEVEL 4
seq_0115,EXPOSE LITHO LEVEL 4
seq_0115,DEVELOP PHOTORESIST
seq_0115,METAL PATTERN INSPECTION
seq_0115,HARD BAKE
seq_0115,METAL ETCH
seq_0115,STRIP RESIST
seq_0115,CLEAN AFTER METAL ETCH
seq_0115,MEASURE LINE WIDTH
seq_0115,DEPOSIT PASSIVATION
seq_0115,CURE PASSIVATION
seq_0115,MEASURE PASSIVATION QUALITY
seq_0115,OPEN PAD WINDOW
seq_0115,OPEN PAD WINDOW LITHO
seq_0115,DEVELOP PAD WINDOW
seq_0115,PASSIVATION ETCH PAD OPENING
seq_0115,STRIP RESIST
seq_0115,CLEAN PAD OPENING
seq_0115,MEASURE PAD OPENING
seq_0115,BACKSIDE CLEAN
seq_0115,BACKSIDE GRIND
seq_0115,MEASURE WAFER THICKNESS
seq_0115,BACKSIDE ETCH CLEAN
seq_0115,BACKSIDE RINSE
seq_0115,BACKSIDE DRY
seq_0115,BACKSIDE METALLIZATION PREP
seq_0115,DEPOSIT BACKSIDE METAL
seq_0115,BACKSIDE ANNEAL
seq_0115,MEASURE BACKSIDE CONTACT
seq_0115,FINAL CLEAN
seq_0115,FINAL THICKNESS MEASURE
seq_0115,FINAL GEOMETRY CHECK
seq_0115,FINAL CD INSPECTION
seq_0115,FINAL PARTICLE INSPECTION
seq_0115,ELECTRICAL PARAMETRIC TEST
seq_0115,LEAKAGE TEST
seq_0115,THRESHOLD VOLTAGE TEST
seq_0115,SWITCHING TEST
seq_0115,WAFER SORT TEST
seq_0115,YIELD ANALYSIS
seq_0115,FINAL LOT RELEASE
seq_0115,SHIP LOT
seq_0116,RECEIVE WAFER LOT
seq_0116,LOT IDENTIFICATION
seq_0116,PRE CLEAN INSPECTION
seq_0116,MEASURE THICKNESS
seq_0116,MEASURE SURFACE PARTICLES
seq_0116,PRE CLEAN WAFER
seq_0116,WET CLEAN RCA1
seq_0116,RCA CLEAN 2
seq_0116,HF DIP
seq_0116,SUBSTRATE CHECK
seq_0116,EPITAXY PREP
seq_0116,EPITAXIAL DEPOSITION
seq_0116,MEASURE EPITAXY THICKNESS
seq_0116,MEASURE RESISTIVITY
seq_0116,EPITAXY ANNEAL
seq_0116,WAFER SURFACE CLEAN
seq_0116,THERMAL OXIDATION
seq_0116,MEASURE OXIDE THICKNESS
seq_0116,SPIN COAT PHOTORESIST
seq_0116,SOFT BAKE
seq_0116,ALIGN MASK LEVEL 1
seq_0116,EXPOSE LITHO LEVEL 1
seq_0116,DEVELOP PHOTORESIST
seq_0116,PATTERN INSPECTION LEVEL 1
seq_0116,OXIDE ETCH
seq_0116,STRIP PHOTORESIST
seq_0116,CLEAN AFTER ETCH
seq_0116,MEASURE OPENING CD
seq_0116,IMPLANT WELL
seq_0116,DRIVE IN DIFFUSION
seq_0116,RAPID THERMAL ANNEAL
seq_0116,MEASURE JUNCTION DEPTH
seq_0116,THERMAL OXIDATION
seq_0116,GATE OXIDE PREP
seq_0116,GATE OXIDE GROWTH
seq_0116,MEASURE GATE OXIDE THICKNESS
seq_0116,DEPOSIT POLYSILICON
seq_0116,POLYSILICON ANNEAL
seq_0116,MEASURE POLY THICKNESS
seq_0116,SPIN COAT PHOTORESIST
seq_0116,SOFT BAKE
seq_0116,ALIGN MASK LEVEL 2
seq_0116,EXPOSE LITHO LEVEL 2
seq_0116,DEVELOP PHOTORESIST
seq_0116,POLY PATTERN INSPECTION
seq_0116,POLYSILICON ETCH
seq_0116,STRIP RESIST
seq_0116,CLEAN AFTER POLY ETCH
seq_0116,IMPLANT SOURCE DRAIN
seq_0116,LIGHT ANNEAL
seq_0116,DEPOSIT SPACER DIELECTRIC
seq_0116,ANISOTROPIC ETCH SPACER
seq_0116,IMPLANT LDD
seq_0116,PRE ANNEAL CHECK
seq_0116,RAPID THERMAL ANNEAL
seq_0116,MEASURE JUNCTION PROFILE
seq_0116,DEPOSIT INTERLAYER DIELECTRIC
seq_0116,DENSIFY OXIDE
seq_0116,MEASURE DIELECTRIC THICKNESS
seq_0116,CMP DIELECTRIC
seq_0116,MEASURE PLANARITY
seq_0116,SPIN COAT PHOTORESIST
seq_0116,SOFT BAKE
seq_0116,ALIGN MASK LEVEL 3
seq_0116,EXPOSE LITHO LEVEL 3
seq_0116,DEVELOP PHOTORESIST
seq_0116,VIA OPENING INSPECTION
seq_0116,HARD BAKE
seq_0116,VIA ETCH THROUGH DIELECTRIC
seq_0116,STRIP RESIST
seq_0116,CLEAN AFTER VIA ETCH
seq_0116,MEASURE VIA CD
seq_0116,DEPOSIT BARRIER METAL
seq_0116,DEPOSIT METAL SEED
seq_0116,FILL VIA METAL
seq_0116,CMP METAL
seq_0116,MEASURE VIA RESISTANCE
seq_0116,DEPOSIT TOP METAL
seq_0116,ANNEAL METAL 1
seq_0116,SPIN COAT PHOTORESIST
seq_0116,SOFT BAKE
seq_0116,ALIGN MASK LEVEL 4
seq_0116,EXPOSE LITHO LEVEL 4
seq_0116,DEVELOP PHOTORESIST
seq_0116,METAL PATTERN INSPECTION
seq_0116,METAL ETCH
seq_0116,STRIP PHOTORESIST
seq_0116,CLEAN AFTER METAL ETCH
seq_0116,DEPOSIT PASSIVATION LAYER
seq_0116,CURE PASSIVATION
seq_0116,MEASURE PASSIVATION QUALITY
seq_0116,OPEN BOND PAD WINDOW
seq_0116,OPEN PAD WINDOW LITHO
seq_0116,DEVELOP PHOTORESIST
seq_0116,PASSIVATION ETCH
seq_0116,STRIP RESIST
seq_0116,CLEAN PAD OPENING
seq_0116,MEASURE PAD OPENING
seq_0116,BACKSIDE CLEAN
seq_0116,BACKSIDE GRIND
seq_0116,MEASURE WAFER THICKNESS
seq_0116,BACKSIDE ETCH CLEAN
seq_0116,BACKSIDE RINSE
seq_0116,BACKSIDE DRY
seq_0116,BACKSIDE METALLIZATION PREP
seq_0116,DEPOSIT BACKSIDE METAL
seq_0116,BACKSIDE ANNEAL
seq_0116,MEASURE BACKSIDE CONTACT
seq_0116,FINAL CLEAN
seq_0116,FINAL THICKNESS MEASURE
seq_0116,FINAL GEOMETRY CHECK
seq_0116,FINAL CD INSPECTION
seq_0116,FINAL PARTICLE INSPECTION
seq_0116,PARAMETRIC TEST
seq_0116,LEAKAGE TEST
seq_0116,THRESHOLD VOLTAGE TEST
seq_0116,SWITCHING TEST
seq_0116,WAFER SORT TEST
seq_0116,YIELD ANALYSIS
seq_0116,FINAL LOT RELEASE
seq_0116,SHIP LOT
seq_0117,RECEIVE WAFER LOT
seq_0117,LOT IDENTIFICATION
seq_0117,PRE CLEAN INSPECTION
seq_0117,MEASURE THICKNESS
seq_0117,MEASURE SURFACE PARTICLES
seq_0117,PRE CLEAN WAFER
seq_0117,FRONTSIDE CLEAN
seq_0117,RCA CLEAN 1
seq_0117,WET CLEAN RCA2
seq_0117,HF DIP
seq_0117,SUBSTRATE CHECK
seq_0117,EPITAXY PREP
seq_0117,EPITAXIAL DEPOSITION
seq_0117,MEASURE EPITAXY THICKNESS
seq_0117,MEASURE RESISTIVITY
seq_0117,EPITAXY ANNEAL
seq_0117,WAFER SURFACE CLEAN
seq_0117,THERMAL OXIDATION
seq_0117,MEASURE OXIDE THICKNESS
seq_0117,SPIN COAT PHOTORESIST
seq_0117,SOFT BAKE
seq_0117,ALIGN MASK LEVEL 1
seq_0117,EXPOSE LITHO LEVEL 1
seq_0117,DEVELOP PHOTORESIST
seq_0117,PATTERN INSPECTION LEVEL 1
seq_0117,OXIDE ETCH
seq_0117,STRIP RESIST
seq_0117,CLEAN AFTER ETCH
seq_0117,MEASURE OPENING CD
seq_0117,IMPLANT WELL
seq_0117,PRE ANNEAL CHECK
seq_0117,DRIVE IN DIFFUSION
seq_0117,RAPID THERMAL ANNEAL
seq_0117,MEASURE JUNCTION DEPTH
seq_0117,THERMAL OXIDATION
seq_0117,GATE OXIDE PREP
seq_0117,GATE OXIDE GROWTH
seq_0117,MEASURE GATE OXIDE THICKNESS
seq_0117,DEPOSIT POLYSILICON
seq_0117,POLYSILICON ANNEAL
seq_0117,MEASURE POLY THICKNESS
seq_0117,SPIN COAT PHOTORESIST
seq_0117,SOFT BAKE
seq_0117,ALIGN MASK LEVEL 2
seq_0117,EXPOSE LITHO LEVEL 2
seq_0117,POST EXPOSE BAKE
seq_0117,DEVELOP PHOTORESIST
seq_0117,POLY PATTERN INSPECTION
seq_0117,POLYSILICON ETCH
seq_0117,STRIP RESIST
seq_0117,CLEAN AFTER POLY ETCH
seq_0117,MEASURE GATE CD
seq_0117,IMPLANT SOURCE DRAIN
seq_0117,LIGHT ANNEAL
seq_0117,MEASURE SHEET RESISTANCE
seq_0117,DEPOSIT SPACER DIELECTRIC
seq_0117,ANISOTROPIC ETCH SPACER
seq_0117,MEASURE SPACER WIDTH
seq_0117,IMPLANT LDD
seq_0117,RAPID THERMAL ANNEAL
seq_0117,MEASURE JUNCTION PROFILE
seq_0117,DEPOSIT INTERLEVEL DIELECTRIC
seq_0117,DENSIFY DIELECTRIC
seq_0117,MEASURE FILM THICKNESS
seq_0117,CMP DIELECTRIC
seq_0117,MEASURE SURFACE PLANARITY
seq_0117,SPIN COAT PHOTORESIST
seq_0117,SOFT BAKE
seq_0117,ALIGN MASK LEVEL 3
seq_0117,EXPOSE LITHO LEVEL 3
seq_0117,POST EXPOSE BAKE
seq_0117,DEVELOP PHOTORESIST
seq_0117,VIA OPENING INSPECTION
seq_0117,HARD BAKE
seq_0117,VIA ETCH
seq_0117,STRIP RESIST
seq_0117,CLEAN AFTER VIA ETCH
seq_0117,DEPOSIT BARRIER METAL
seq_0117,DEPOSIT METAL SEED
seq_0117,FILL VIA METAL
seq_0117,CMP VIA FILL
seq_0117,MEASURE VIA RESISTANCE
seq_0117,DEPOSIT METAL 1
seq_0117,ANNEAL METAL
seq_0117,SPIN COAT PHOTORESIST
seq_0117,SOFT BAKE
seq_0117,ALIGN MASK LEVEL 4
seq_0117,EXPOSE LITHO LEVEL 4
seq_0117,DEVELOP PHOTORESIST
seq_0117,METAL PATTERN INSPECTION
seq_0117,METAL ETCH
seq_0117,STRIP RESIST
seq_0117,CLEAN AFTER METAL ETCH
seq_0117,MEASURE LINE WIDTH
seq_0117,DEPOSIT PASSIVATION LAYER
seq_0117,CURE PASSIVATION
seq_0117,MEASURE PASSIVATION QUALITY
seq_0117,OPEN BOND PAD WINDOW
seq_0117,OPEN PAD WINDOW LITHO
seq_0117,DEVELOP PAD WINDOW
seq_0117,PASSIVATION ETCH PAD OPENING
seq_0117,STRIP PHOTORESIST
seq_0117,CLEAN PAD OPENING
seq_0117,MEASURE PAD OPENING
seq_0117,BACKSIDE CLEAN
seq_0117,BACKSIDE GRIND
seq_0117,MEASURE WAFER THICKNESS
seq_0117,BACKSIDE ETCH CLEAN
seq_0117,BACKSIDE RINSE
seq_0117,BACKSIDE DRY
seq_0117,BACKSIDE METALLIZATION PREP
seq_0117,DEPOSIT BACKSIDE METAL
seq_0117,BACKSIDE ANNEAL
seq_0117,MEASURE BACKSIDE CONTACT
seq_0117,FINAL CLEAN
seq_0117,FINAL THICKNESS MEASURE
seq_0117,FINAL GEOMETRY CHECK
seq_0117,FINAL PARTICLE INSPECTION
seq_0117,ELECTRICAL PARAMETRIC TEST
seq_0117,LEAKAGE TEST
seq_0117,THRESHOLD VOLTAGE TEST
seq_0117,SWITCHING TEST
seq_0117,WAFER SORT TEST
seq_0117,YIELD ANALYSIS
seq_0117,LOT RELEASE
seq_0117,SHIP LOT
seq_0118,RECEIVE WAFER LOT
seq_0118,LOT IDENTIFICATION
seq_0118,PRE CLEAN INSPECTION
seq_0118,MEASURE SURFACE PARTICLES
seq_0118,PRE CLEAN WAFER
seq_0118,BACKSIDE CLEAN
seq_0118,FRONTSIDE CLEAN
seq_0118,WET CLEAN RCA1
seq_0118,WET CLEAN RCA2
seq_0118,HF DIP
seq_0118,SUBSTRATE CHECK
seq_0118,EPITAXY PREP
seq_0118,EPITAXIAL DEPOSITION
seq_0118,MEASURE EPITAXY THICKNESS
seq_0118,MEASURE RESISTIVITY
seq_0118,EPITAXY ANNEAL
seq_0118,WAFER SURFACE CLEAN
seq_0118,THERMAL OXIDATION
seq_0118,MEASURE OXIDE THICKNESS
seq_0118,SPIN COAT PHOTORESIST
seq_0118,SOFT BAKE
seq_0118,ALIGN MASK LEVEL 1
seq_0118,EXPOSE LITHO LEVEL 1
seq_0118,DEVELOP PHOTORESIST
seq_0118,PATTERN INSPECTION LEVEL 1
seq_0118,HARD BAKE
seq_0118,OXIDE ETCH
seq_0118,STRIP RESIST
seq_0118,CLEAN AFTER ETCH
seq_0118,MEASURE OPENING CD
seq_0118,IMPLANT WELL
seq_0118,DRIVE IN DIFFUSION
seq_0118,RAPID THERMAL ANNEAL
seq_0118,MEASURE JUNCTION DEPTH
seq_0118,THERMAL OXIDATION
seq_0118,GATE OXIDE PREP
seq_0118,GATE OXIDE GROWTH
seq_0118,MEASURE GATE OXIDE THICKNESS
seq_0118,DEPOSIT POLYSILICON
seq_0118,POLYSILICON ANNEAL
seq_0118,SPIN COAT PHOTORESIST
seq_0118,SOFT BAKE
seq_0118,ALIGN MASK LEVEL 2
seq_0118,EXPOSE LITHO LEVEL 2
seq_0118,DEVELOP PHOTORESIST
seq_0118,POLY PATTERN INSPECTION
seq_0118,POLYSILICON ETCH
seq_0118,STRIP PHOTORESIST
seq_0118,CLEAN AFTER POLY ETCH
seq_0118,MEASURE GATE CD
seq_0118,IMPLANT SOURCE DRAIN
seq_0118,LIGHT ANNEAL
seq_0118,MEASURE SHEET RESISTANCE
seq_0118,DEPOSIT SPACER DIELECTRIC
seq_0118,ANISOTROPIC ETCH SPACER
seq_0118,MEASURE SPACER WIDTH
seq_0118,IMPLANT LDD
seq_0118,RAPID THERMAL ANNEAL
seq_0118,MEASURE JUNCTION PROFILE
seq_0118,DEPOSIT INTERLAYER DIELECTRIC
seq_0118,DENSIFY DIELECTRIC
seq_0118,MEASURE DIELECTRIC THICKNESS
seq_0118,CMP INTERLAYER DIELECTRIC
seq_0118,MEASURE SURFACE PLANARITY
seq_0118,SPIN COAT PHOTORESIST
seq_0118,SOFT BAKE
seq_0118,ALIGN MASK LEVEL 3
seq_0118,EXPOSE LITHO LEVEL 3
seq_0118,DEVELOP PHOTORESIST
seq_0118,VIA INSPECTION
seq_0118,HARD BAKE
seq_0118,VIA ETCH
seq_0118,STRIP PHOTORESIST
seq_0118,CLEAN AFTER VIA ETCH
seq_0118,MEASURE VIA CD
seq_0118,DEPOSIT BARRIER METAL
seq_0118,DEPOSIT METAL SEED
seq_0118,FILL VIA METAL
seq_0118,CMP METAL
seq_0118,DEPOSIT METAL 1
seq_0118,ANNEAL METAL 1
seq_0118,MEASURE METAL THICKNESS
seq_0118,SPIN COAT PHOTORESIST
seq_0118,SOFT BAKE
seq_0118,ALIGN MASK LEVEL 4
seq_0118,EXPOSE LITHO LEVEL 4
seq_0118,DEVELOP PHOTORESIST
seq_0118,METAL PATTERN INSPECTION
seq_0118,HARD BAKE
seq_0118,METAL ETCH
seq_0118,STRIP RESIST
seq_0118,CLEAN AFTER METAL ETCH
seq_0118,MEASURE LINE WIDTH
seq_0118,DEPOSIT PASSIVATION LAYER
seq_0118,CURE PASSIVATION
seq_0118,MEASURE PASSIVATION QUALITY
seq_0118,OPEN BOND PAD WINDOW
seq_0118,OPEN PAD WINDOW LITHO
seq_0118,DEVELOP PHOTORESIST
seq_0118,PASSIVATION ETCH PAD OPENING
seq_0118,STRIP RESIST
seq_0118,CLEAN PAD OPENING
seq_0118,MEASURE PAD OPENING
seq_0118,BACKSIDE CLEAN
seq_0118,BACKSIDE GRIND
seq_0118,MEASURE WAFER THICKNESS
seq_0118,BACKSIDE ETCH CLEAN
seq_0118,BACKSIDE RINSE
seq_0118,BACKSIDE DRY
seq_0118,BACKSIDE METALLIZATION PREP
seq_0118,DEPOSIT BACKSIDE METAL
seq_0118,BACKSIDE ANNEAL
seq_0118,MEASURE BACKSIDE CONTACT
seq_0118,FINAL CLEAN
seq_0118,FINAL THICKNESS MEASURE
seq_0118,FINAL GEOMETRY CHECK
seq_0118,FINAL PARTICLE INSPECTION
seq_0118,PARAMETRIC TEST
seq_0118,LEAKAGE TEST
seq_0118,THRESHOLD VOLTAGE TEST
seq_0118,SWITCHING TEST
seq_0118,WAFER SORT TEST
seq_0118,YIELD ANALYSIS
seq_0118,LOT RELEASE
seq_0118,SHIP LOT
seq_0119,RECEIVE WAFER LOT
seq_0119,LOT IDENTIFICATION
seq_0119,INITIAL WAFER INSPECTION
seq_0119,MEASURE THICKNESS
seq_0119,MEASURE SURFACE PARTICLES
seq_0119,PRE CLEAN WAFER
seq_0119,BACKSIDE CLEAN
seq_0119,FRONTSIDE CLEAN
seq_0119,WET CLEAN RCA1
seq_0119,RCA CLEAN 2
seq_0119,HF DIP
seq_0119,DRY WAFER
seq_0119,SUBSTRATE CHECK
seq_0119,EPITAXY PREP
seq_0119,EPITAXIAL DEPOSITION
seq_0119,MEASURE EPITAXY THICKNESS
seq_0119,MEASURE RESISTIVITY
seq_0119,EPITAXY ANNEAL
seq_0119,WAFER SURFACE CLEAN
seq_0119,THERMAL OXIDATION
seq_0119,MEASURE OXIDE THICKNESS
seq_0119,SPIN COAT PHOTORESIST
seq_0119,SOFT BAKE
seq_0119,ALIGN MASK LEVEL 1
seq_0119,EXPOSE LITHO LEVEL 1
seq_0119,DEVELOP PHOTORESIST
seq_0119,PATTERN INSPECTION LEVEL 1
seq_0119,OXIDE ETCH
seq_0119,STRIP PHOTORESIST
seq_0119,CLEAN AFTER ETCH
seq_0119,MEASURE OPENING CD
seq_0119,IMPLANT WELL
seq_0119,PRE ANNEAL CHECK
seq_0119,DRIVE IN DIFFUSION
seq_0119,RAPID THERMAL ANNEAL
seq_0119,THERMAL OXIDATION
seq_0119,GATE OXIDE PREP
seq_0119,GATE OXIDE GROWTH
seq_0119,MEASURE GATE OXIDE THICKNESS
seq_0119,DEPOSIT POLYSILICON
seq_0119,POLYSILICON ANNEAL
seq_0119,MEASURE POLY THICKNESS
seq_0119,SPIN COAT PHOTORESIST
seq_0119,SOFT BAKE
seq_0119,ALIGN MASK LEVEL 2
seq_0119,EXPOSE LITHO LEVEL 2
seq_0119,POST EXPOSE BAKE
seq_0119,DEVELOP PHOTORESIST
seq_0119,POLY PATTERN INSPECTION
seq_0119,POLYSILICON ETCH
seq_0119,STRIP PHOTORESIST
seq_0119,CLEAN AFTER POLY ETCH
seq_0119,MEASURE GATE CD
seq_0119,IMPLANT SOURCE DRAIN
seq_0119,PRE ANNEAL CHECK
seq_0119,LIGHT ANNEAL
seq_0119,MEASURE SHEET RESISTANCE
seq_0119,DEPOSIT SPACER DIELECTRIC
seq_0119,ANISOTROPIC ETCH SPACER
seq_0119,IMPLANT LDD
seq_0119,RAPID THERMAL ANNEAL
seq_0119,MEASURE JUNCTION PROFILE
seq_0119,DEPOSIT INTERLAYER DIELECTRIC
seq_0119,DENSIFY OXIDE
seq_0119,MEASURE FILM THICKNESS
seq_0119,CMP INTERLAYER DIELECTRIC
seq_0119,MEASURE SURFACE PLANARITY
seq_0119,SPIN COAT PHOTORESIST
seq_0119,SOFT BAKE
seq_0119,ALIGN MASK LEVEL 3
seq_0119,EXPOSE LITHO LEVEL 3
seq_0119,POST EXPOSE BAKE
seq_0119,DEVELOP PHOTORESIST
seq_0119,VIA OPENING INSPECTION
seq_0119,VIA ETCH THROUGH DIELECTRIC
seq_0119,STRIP RESIST
seq_0119,CLEAN AFTER VIA ETCH
seq_0119,MEASURE VIA CD
seq_0119,DEPOSIT BARRIER METAL
seq_0119,DEPOSIT METAL SEED
seq_0119,FILL VIA METAL
seq_0119,CMP VIA FILL
seq_0119,DEPOSIT METAL 1
seq_0119,ANNEAL METAL
seq_0119,MEASURE METAL THICKNESS
seq_0119,SPIN COAT PHOTORESIST
seq_0119,SOFT BAKE
seq_0119,ALIGN MASK LEVEL 4
seq_0119,EXPOSE LITHO LEVEL 4
seq_0119,DEVELOP PHOTORESIST
seq_0119,METAL PATTERN INSPECTION
seq_0119,HARD BAKE
seq_0119,METAL ETCH
seq_0119,STRIP RESIST
seq_0119,CLEAN AFTER METAL ETCH
seq_0119,DEPOSIT PASSIVATION LAYER
seq_0119,CURE PASSIVATION
seq_0119,MEASURE PASSIVATION QUALITY
seq_0119,OPEN PAD WINDOW
seq_0119,OPEN PAD WINDOW LITHO
seq_0119,DEVELOP PHOTORESIST
seq_0119,PASSIVATION ETCH
seq_0119,STRIP PHOTORESIST
seq_0119,CLEAN PAD OPENING
seq_0119,MEASURE PAD OPENING
seq_0119,BACKSIDE CLEAN
seq_0119,BACKSIDE GRIND
seq_0119,MEASURE THICKNESS
seq_0119,BACKSIDE ETCH CLEAN
seq_0119,BACKSIDE RINSE
seq_0119,BACKSIDE DRY
seq_0119,BACKSIDE METALLIZATION PREP
seq_0119,DEPOSIT BACKSIDE METAL
seq_0119,BACKSIDE ANNEAL
seq_0119,MEASURE BACKSIDE CONTACT
seq_0119,FINAL CLEAN
seq_0119,FINAL CD INSPECTION
seq_0119,FINAL PARTICLE INSPECTION
seq_0119,PARAMETRIC TEST
seq_0119,LEAKAGE TEST
seq_0119,THRESHOLD VOLTAGE TEST
seq_0119,SWITCHING TEST
seq_0119,WAFER SORT TEST
seq_0119,YIELD ANALYSIS
seq_0119,LOT RELEASE
seq_0119,SHIP LOT
seq_0120,RECEIVE WAFER LOT
seq_0120,LOT IDENTIFICATION
seq_0120,PRE CLEAN INSPECTION
seq_0120,PRE CLEAN WAFER
seq_0120,BACKSIDE CLEAN
seq_0120,RCA CLEAN 1
seq_0120,WET CLEAN RCA2
seq_0120,HF DIP
seq_0120,DRY WAFER
seq_0120,SUBSTRATE CHECK
seq_0120,EPITAXY PREP
seq_0120,EPITAXIAL DEPOSITION
seq_0120,MEASURE EPITAXY THICKNESS
seq_0120,MEASURE RESISTIVITY
seq_0120,EPITAXY ANNEAL
seq_0120,WAFER SURFACE CLEAN
seq_0120,THERMAL OXIDATION
seq_0120,MEASURE OXIDE THICKNESS
seq_0120,SPIN COAT PHOTORESIST
seq_0120,SOFT BAKE
seq_0120,ALIGN MASK LEVEL 1
seq_0120,EXPOSE LITHO LEVEL 1
seq_0120,POST EXPOSE BAKE
seq_0120,DEVELOP PHOTORESIST
seq_0120,PATTERN INSPECTION LEVEL 1
seq_0120,HARD BAKE
seq_0120,OXIDE ETCH
seq_0120,STRIP RESIST
seq_0120,CLEAN AFTER ETCH
seq_0120,IMPLANT WELL
seq_0120,PRE ANNEAL CHECK
seq_0120,DRIVE IN DIFFUSION
seq_0120,RAPID THERMAL ANNEAL
seq_0120,THERMAL OXIDATION
seq_0120,GATE OXIDE PREP
seq_0120,GATE OXIDE GROWTH
seq_0120,MEASURE GATE OXIDE THICKNESS
seq_0120,DEPOSIT POLYSILICON
seq_0120,POLYSILICON ANNEAL
seq_0120,MEASURE POLY THICKNESS
seq_0120,SPIN COAT PHOTORESIST
seq_0120,SOFT BAKE
seq_0120,ALIGN MASK LEVEL 2
seq_0120,EXPOSE LITHO LEVEL 2
seq_0120,DEVELOP PHOTORESIST
seq_0120,POLY PATTERN INSPECTION
seq_0120,HARD BAKE
seq_0120,POLYSILICON ETCH
seq_0120,STRIP RESIST
seq_0120,CLEAN AFTER POLY ETCH
seq_0120,MEASURE GATE CD
seq_0120,IMPLANT SOURCE DRAIN
seq_0120,PRE ANNEAL CHECK
seq_0120,LIGHT ANNEAL
seq_0120,MEASURE SHEET RESISTANCE
seq_0120,DEPOSIT SPACER DIELECTRIC
seq_0120,ANISOTROPIC ETCH SPACER
seq_0120,IMPLANT LDD
seq_0120,PRE ANNEAL CHECK
seq_0120,RAPID THERMAL ANNEAL
seq_0120,MEASURE JUNCTION PROFILE
seq_0120,DEPOSIT INTERLEVEL DIELECTRIC
seq_0120,DENSIFY DIELECTRIC
seq_0120,MEASURE DIELECTRIC THICKNESS
seq_0120,CMP DIELECTRIC
seq_0120,MEASURE SURFACE PLANARITY
seq_0120,SPIN COAT PHOTORESIST
seq_0120,SOFT BAKE
seq_0120,ALIGN MASK LEVEL 3
seq_0120,EXPOSE LITHO LEVEL 3
seq_0120,DEVELOP PHOTORESIST
seq_0120,VIA INSPECTION
seq_0120,VIA ETCH
seq_0120,STRIP RESIST
seq_0120,CLEAN AFTER VIA ETCH
seq_0120,MEASURE VIA CD
seq_0120,DEPOSIT BARRIER METAL
seq_0120,DEPOSIT METAL SEED
seq_0120,FILL VIA METAL
seq_0120,CMP METAL
seq_0120,MEASURE CONTACT RESISTANCE
seq_0120,DEPOSIT METAL 1
seq_0120,ANNEAL METAL 1
seq_0120,MEASURE METAL THICKNESS
seq_0120,SPIN COAT PHOTORESIST
seq_0120,SOFT BAKE
seq_0120,ALIGN MASK LEVEL 4
seq_0120,EXPOSE LITHO LEVEL 4
seq_0120,DEVELOP PHOTORESIST
seq_0120,METAL PATTERN INSPECTION
seq_0120,METAL ETCH
seq_0120,STRIP PHOTORESIST
seq_0120,CLEAN AFTER METAL ETCH
seq_0120,MEASURE LINE WIDTH
seq_0120,DEPOSIT PASSIVATION LAYER
seq_0120,CURE PASSIVATION
seq_0120,MEASURE PASSIVATION THICKNESS
seq_0120,OPEN BOND PAD WINDOW
seq_0120,OPEN PAD WINDOW LITHO
seq_0120,DEVELOP PHOTORESIST
seq_0120,PASSIVATION ETCH
seq_0120,STRIP RESIST
seq_0120,CLEAN PAD OPENING
seq_0120,MEASURE PAD OPENING
seq_0120,BACKSIDE CLEAN
seq_0120,BACKSIDE GRIND
seq_0120,MEASURE THICKNESS
seq_0120,BACKSIDE ETCH CLEAN
seq_0120,BACKSIDE RINSE
seq_0120,BACKSIDE DRY
seq_0120,BACKSIDE METALLIZATION PREP
seq_0120,DEPOSIT BACKSIDE METAL
seq_0120,BACKSIDE ANNEAL
seq_0120,MEASURE BACKSIDE CONTACT
seq_0120,FINAL CLEAN
seq_0120,FINAL THICKNESS MEASURE
seq_0120,FINAL GEOMETRY CHECK
seq_0120,FINAL CD INSPECTION
seq_0120,FINAL PARTICLE INSPECTION
seq_0120,ELECTRICAL PARAMETRIC TEST
seq_0120,LEAKAGE TEST
seq_0120,THRESHOLD VOLTAGE TEST
seq_0120,SWITCHING TEST
seq_0120,WAFER SORT TEST
seq_0120,YIELD ANALYSIS
seq_0120,FINAL LOT RELEASE
seq_0120,SHIP LOT
seq_0121,RECEIVE WAFER LOT
seq_0121,LOT IDENTIFICATION
seq_0121,PRE CLEAN INSPECTION
seq_0121,MEASURE THICKNESS
seq_0121,MEASURE SURFACE PARTICLES
seq_0121,PRE CLEAN WAFER
seq_0121,BACKSIDE CLEAN
seq_0121,RCA CLEAN 1
seq_0121,WET CLEAN RCA2
seq_0121,HF DIP
seq_0121,DRY WAFER
seq_0121,SUBSTRATE CHECK
seq_0121,EPITAXY PREP
seq_0121,EPITAXIAL DEPOSITION
seq_0121,MEASURE EPITAXY THICKNESS
seq_0121,MEASURE RESISTIVITY
seq_0121,EPITAXY ANNEAL
seq_0121,WAFER SURFACE CLEAN
seq_0121,THERMAL OXIDATION
seq_0121,MEASURE OXIDE THICKNESS
seq_0121,SPIN COAT PHOTORESIST
seq_0121,SOFT BAKE
seq_0121,ALIGN MASK LEVEL 1
seq_0121,EXPOSE LITHO LEVEL 1
seq_0121,DEVELOP PHOTORESIST
seq_0121,PATTERN INSPECTION LEVEL 1
seq_0121,OXIDE ETCH
seq_0121,STRIP RESIST
seq_0121,CLEAN AFTER ETCH
seq_0121,MEASURE OPENING CD
seq_0121,IMPLANT WELL
seq_0121,DRIVE IN DIFFUSION
seq_0121,RAPID THERMAL ANNEAL
seq_0121,THERMAL OXIDATION
seq_0121,GATE OXIDE PREP
seq_0121,GATE OXIDE GROWTH
seq_0121,MEASURE GATE OXIDE THICKNESS
seq_0121,DEPOSIT POLYSILICON
seq_0121,POLYSILICON ANNEAL
seq_0121,MEASURE POLY THICKNESS
seq_0121,SPIN COAT PHOTORESIST
seq_0121,SOFT BAKE
seq_0121,ALIGN MASK LEVEL 2
seq_0121,EXPOSE LITHO LEVEL 2
seq_0121,DEVELOP PHOTORESIST
seq_0121,POLY PATTERN INSPECTION
seq_0121,POLYSILICON ETCH
seq_0121,STRIP PHOTORESIST
seq_0121,CLEAN AFTER POLY ETCH
seq_0121,MEASURE GATE CD
seq_0121,IMPLANT SOURCE DRAIN
seq_0121,PRE ANNEAL CHECK
seq_0121,LIGHT ANNEAL
seq_0121,MEASURE SHEET RESISTANCE
seq_0121,DEPOSIT SPACER DIELECTRIC
seq_0121,ANISOTROPIC ETCH SPACER
seq_0121,MEASURE SPACER WIDTH
seq_0121,IMPLANT LDD
seq_0121,PRE ANNEAL CHECK
seq_0121,RAPID THERMAL ANNEAL
seq_0121,DEPOSIT INTERLEVEL DIELECTRIC
seq_0121,DENSIFY DIELECTRIC
seq_0121,MEASURE FILM THICKNESS
seq_0121,CMP INTERLAYER DIELECTRIC
seq_0121,MEASURE SURFACE PLANARITY
seq_0121,SPIN COAT PHOTORESIST
seq_0121,SOFT BAKE
seq_0121,ALIGN MASK LEVEL 3
seq_0121,EXPOSE LITHO LEVEL 3
seq_0121,DEVELOP PHOTORESIST
seq_0121,VIA OPENING INSPECTION
seq_0121,DIELECTRIC ETCH VIA
seq_0121,STRIP PHOTORESIST
seq_0121,CLEAN AFTER VIA ETCH
seq_0121,MEASURE VIA CD
seq_0121,DEPOSIT BARRIER METAL
seq_0121,DEPOSIT METAL SEED
seq_0121,FILL VIA METAL
seq_0121,CMP VIA FILL
seq_0121,MEASURE VIA RESISTANCE
seq_0121,DEPOSIT TOP METAL
seq_0121,ANNEAL METAL
seq_0121,MEASURE METAL THICKNESS
seq_0121,SPIN COAT PHOTORESIST
seq_0121,SOFT BAKE
seq_0121,ALIGN MASK LEVEL 4
seq_0121,EXPOSE LITHO LEVEL 4
seq_0121,DEVELOP PHOTORESIST
seq_0121,METAL PATTERN INSPECTION
seq_0121,METAL ETCH
seq_0121,STRIP RESIST
seq_0121,CLEAN AFTER METAL ETCH
seq_0121,MEASURE LINE WIDTH
seq_0121,DEPOSIT PASSIVATION
seq_0121,CURE PASSIVATION
seq_0121,MEASURE PASSIVATION THICKNESS
seq_0121,OPEN PAD WINDOW
seq_0121,OPEN PAD WINDOW LITHO
seq_0121,DEVELOP PAD WINDOW
seq_0121,PASSIVATION ETCH PAD OPENING
seq_0121,STRIP PHOTORESIST
seq_0121,CLEAN PAD OPENING
seq_0121,MEASURE PAD OPENING
seq_0121,BACKSIDE CLEAN
seq_0121,BACKSIDE GRIND
seq_0121,MEASURE THICKNESS
seq_0121,BACKSIDE ETCH CLEAN
seq_0121,BACKSIDE RINSE
seq_0121,BACKSIDE DRY
seq_0121,BACKSIDE METALLIZATION PREP
seq_0121,DEPOSIT BACKSIDE METAL
seq_0121,BACKSIDE ANNEAL
seq_0121,MEASURE BACKSIDE CONTACT
seq_0121,FINAL CLEAN
seq_0121,FINAL THICKNESS MEASURE
seq_0121,FINAL GEOMETRY CHECK
seq_0121,FINAL PARTICLE INSPECTION
seq_0121,ELECTRICAL PARAMETRIC TEST
seq_0121,LEAKAGE TEST
seq_0121,THRESHOLD VOLTAGE TEST
seq_0121,SWITCHING TEST
seq_0121,WAFER SORT TEST
seq_0121,YIELD ANALYSIS
seq_0121,FINAL LOT RELEASE
seq_0121,SHIP LOT
seq_0122,RECEIVE WAFER LOT
seq_0122,LOT IDENTIFICATION
seq_0122,PRE CLEAN INSPECTION
seq_0122,MEASURE THICKNESS
seq_0122,MEASURE SURFACE PARTICLES
seq_0122,PRE CLEAN WAFER
seq_0122,BACKSIDE CLEAN
seq_0122,RCA CLEAN 1
seq_0122,WET CLEAN RCA2
seq_0122,HF DIP
seq_0122,SUBSTRATE CHECK
seq_0122,EPITAXY PREP
seq_0122,EPITAXIAL DEPOSITION
seq_0122,MEASURE EPITAXY THICKNESS
seq_0122,MEASURE RESISTIVITY
seq_0122,EPITAXY ANNEAL
seq_0122,WAFER SURFACE CLEAN
seq_0122,THERMAL OXIDATION
seq_0122,MEASURE OXIDE THICKNESS
seq_0122,SPIN COAT PHOTORESIST
seq_0122,SOFT BAKE
seq_0122,ALIGN MASK LEVEL 1
seq_0122,EXPOSE LITHO LEVEL 1
seq_0122,DEVELOP PHOTORESIST
seq_0122,PATTERN INSPECTION LEVEL 1
seq_0122,OXIDE ETCH
seq_0122,STRIP PHOTORESIST
seq_0122,CLEAN AFTER ETCH
seq_0122,MEASURE OPENING CD
seq_0122,IMPLANT WELL
seq_0122,PRE ANNEAL CHECK
seq_0122,DRIVE IN DIFFUSION
seq_0122,RAPID THERMAL ANNEAL
seq_0122,THERMAL OXIDATION
seq_0122,GATE OXIDE PREP
seq_0122,GATE OXIDE GROWTH
seq_0122,MEASURE GATE OXIDE THICKNESS
seq_0122,DEPOSIT POLYSILICON
seq_0122,POLYSILICON ANNEAL
seq_0122,MEASURE POLY THICKNESS
seq_0122,SPIN COAT PHOTORESIST
seq_0122,SOFT BAKE
seq_0122,ALIGN MASK LEVEL 2
seq_0122,EXPOSE LITHO LEVEL 2
seq_0122,POST EXPOSE BAKE
seq_0122,DEVELOP PHOTORESIST
seq_0122,POLY PATTERN INSPECTION
seq_0122,POLYSILICON ETCH
seq_0122,STRIP PHOTORESIST
seq_0122,CLEAN AFTER POLY ETCH
seq_0122,MEASURE GATE CD
seq_0122,IMPLANT SOURCE DRAIN
seq_0122,LIGHT ANNEAL
seq_0122,MEASURE SHEET RESISTANCE
seq_0122,DEPOSIT SPACER DIELECTRIC
seq_0122,ANISOTROPIC ETCH SPACER
seq_0122,MEASURE SPACER WIDTH
seq_0122,IMPLANT LDD
seq_0122,RAPID THERMAL ANNEAL
seq_0122,DEPOSIT INTERLEVEL DIELECTRIC
seq_0122,DENSIFY OXIDE
seq_0122,MEASURE DIELECTRIC THICKNESS
seq_0122,CMP DIELECTRIC
seq_0122,MEASURE SURFACE PLANARITY
seq_0122,SPIN COAT PHOTORESIST
seq_0122,SOFT BAKE
seq_0122,ALIGN MASK LEVEL 3
seq_0122,EXPOSE LITHO LEVEL 3
seq_0122,POST EXPOSE BAKE
seq_0122,DEVELOP PHOTORESIST
seq_0122,VIA INSPECTION
seq_0122,VIA ETCH THROUGH DIELECTRIC
seq_0122,STRIP PHOTORESIST
seq_0122,CLEAN AFTER VIA ETCH
seq_0122,MEASURE VIA CD
seq_0122,DEPOSIT BARRIER METAL
seq_0122,DEPOSIT METAL SEED
seq_0122,FILL VIA METAL
seq_0122,CMP VIA FILL
seq_0122,MEASURE VIA RESISTANCE
seq_0122,DEPOSIT METAL 1
seq_0122,ANNEAL METAL 1
seq_0122,MEASURE METAL THICKNESS
seq_0122,SPIN COAT PHOTORESIST
seq_0122,SOFT BAKE
seq_0122,ALIGN MASK LEVEL 4
seq_0122,EXPOSE LITHO LEVEL 4
seq_0122,POST EXPOSE BAKE
seq_0122,DEVELOP PHOTORESIST
seq_0122,METAL PATTERN INSPECTION
seq_0122,METAL ETCH
seq_0122,STRIP PHOTORESIST
seq_0122,CLEAN AFTER METAL ETCH
seq_0122,MEASURE LINE WIDTH
seq_0122,DEPOSIT PASSIVATION
seq_0122,CURE PASSIVATION
seq_0122,MEASURE PASSIVATION QUALITY
seq_0122,OPEN BOND PAD WINDOW
seq_0122,PAD WINDOW LITHO
seq_0122,DEVELOP PAD WINDOW
seq_0122,PASSIVATION ETCH
seq_0122,STRIP PHOTORESIST
seq_0122,CLEAN PAD OPENING
seq_0122,MEASURE PAD OPENING
seq_0122,BACKSIDE CLEAN
seq_0122,BACKSIDE GRIND
seq_0122,MEASURE THICKNESS
seq_0122,BACKSIDE ETCH CLEAN
seq_0122,BACKSIDE RINSE
seq_0122,BACKSIDE DRY
seq_0122,BACKSIDE METALLIZATION PREP
seq_0122,DEPOSIT BACKSIDE METAL
seq_0122,BACKSIDE ANNEAL
seq_0122,MEASURE BACKSIDE CONTACT
seq_0122,FINAL CLEAN
seq_0122,FINAL GEOMETRY CHECK
seq_0122,FINAL PARTICLE INSPECTION
seq_0122,PARAMETRIC TEST
seq_0122,LEAKAGE TEST
seq_0122,THRESHOLD VOLTAGE TEST
seq_0122,SWITCHING TEST
seq_0122,WAFER SORT TEST
seq_0122,YIELD ANALYSIS
seq_0122,FINAL LOT RELEASE
seq_0122,SHIP LOT
seq_0123,RECEIVE WAFER LOT
seq_0123,LOT IDENTIFICATION
seq_0123,PRE CLEAN INSPECTION
seq_0123,MEASURE THICKNESS
seq_0123,MEASURE SURFACE PARTICLES
seq_0123,PRE CLEAN WAFER
seq_0123,BACKSIDE CLEAN
seq_0123,WET CLEAN RCA1
seq_0123,WET CLEAN RCA2
seq_0123,HF DIP
seq_0123,SUBSTRATE CHECK
seq_0123,EPITAXY PREP
seq_0123,EPITAXIAL DEPOSITION
seq_0123,MEASURE EPITAXY THICKNESS
seq_0123,MEASURE RESISTIVITY
seq_0123,EPITAXY ANNEAL
seq_0123,WAFER SURFACE CLEAN
seq_0123,THERMAL OXIDATION
seq_0123,MEASURE OXIDE THICKNESS
seq_0123,SPIN COAT PHOTORESIST
seq_0123,SOFT BAKE
seq_0123,ALIGN MASK LEVEL 1
seq_0123,EXPOSE LITHO LEVEL 1
seq_0123,POST EXPOSE BAKE
seq_0123,DEVELOP PHOTORESIST
seq_0123,PATTERN INSPECTION LEVEL 1
seq_0123,OXIDE ETCH
seq_0123,STRIP RESIST
seq_0123,CLEAN AFTER ETCH
seq_0123,MEASURE OPENING CD
seq_0123,IMPLANT WELL
seq_0123,DRIVE IN DIFFUSION
seq_0123,RAPID THERMAL ANNEAL
seq_0123,THERMAL OXIDATION
seq_0123,GATE OXIDE PREP
seq_0123,GATE OXIDE GROWTH
seq_0123,MEASURE GATE OXIDE THICKNESS
seq_0123,DEPOSIT POLYSILICON
seq_0123,POLYSILICON ANNEAL
seq_0123,MEASURE POLY THICKNESS
seq_0123,SPIN COAT PHOTORESIST
seq_0123,SOFT BAKE
seq_0123,ALIGN MASK LEVEL 2
seq_0123,EXPOSE LITHO LEVEL 2
seq_0123,DEVELOP PHOTORESIST
seq_0123,POLY PATTERN INSPECTION
seq_0123,HARD BAKE
seq_0123,POLYSILICON ETCH
seq_0123,STRIP PHOTORESIST
seq_0123,CLEAN AFTER POLY ETCH
seq_0123,IMPLANT SOURCE DRAIN
seq_0123,PRE ANNEAL CHECK
seq_0123,LIGHT ANNEAL
seq_0123,MEASURE SHEET RESISTANCE
seq_0123,DEPOSIT SPACER DIELECTRIC
seq_0123,ANISOTROPIC ETCH SPACER
seq_0123,IMPLANT LDD
seq_0123,RAPID THERMAL ANNEAL
seq_0123,MEASURE JUNCTION PROFILE
seq_0123,DEPOSIT INTERLAYER DIELECTRIC
seq_0123,DENSIFY OXIDE
seq_0123,MEASURE FILM THICKNESS
seq_0123,CMP DIELECTRIC
seq_0123,MEASURE PLANARITY
seq_0123,SPIN COAT PHOTORESIST
seq_0123,SOFT BAKE
seq_0123,ALIGN MASK LEVEL 3
seq_0123,EXPOSE LITHO LEVEL 3
seq_0123,DEVELOP PHOTORESIST
seq_0123,VIA INSPECTION
seq_0123,VIA ETCH THROUGH DIELECTRIC
seq_0123,STRIP PHOTORESIST
seq_0123,CLEAN AFTER VIA ETCH
seq_0123,MEASURE VIA CD
seq_0123,DEPOSIT BARRIER METAL
seq_0123,DEPOSIT METAL SEED
seq_0123,FILL VIA METAL
seq_0123,CMP VIA FILL
seq_0123,MEASURE CONTACT RESISTANCE
seq_0123,DEPOSIT METAL 1
seq_0123,ANNEAL METAL 1
seq_0123,SPIN COAT PHOTORESIST
seq_0123,SOFT BAKE
seq_0123,ALIGN MASK LEVEL 4
seq_0123,EXPOSE LITHO LEVEL 4
seq_0123,POST EXPOSE BAKE
seq_0123,DEVELOP PHOTORESIST
seq_0123,METAL PATTERN INSPECTION
seq_0123,METAL ETCH
seq_0123,STRIP RESIST
seq_0123,CLEAN AFTER METAL ETCH
seq_0123,MEASURE LINE WIDTH
seq_0123,DEPOSIT PASSIVATION
seq_0123,CURE PASSIVATION
seq_0123,MEASURE PASSIVATION THICKNESS
seq_0123,OPEN PAD WINDOW
seq_0123,PAD WINDOW LITHO
seq_0123,DEVELOP PHOTORESIST
seq_0123,PASSIVATION ETCH
seq_0123,STRIP PHOTORESIST
seq_0123,CLEAN PAD OPENING
seq_0123,MEASURE PAD OPENING
seq_0123,BACKSIDE CLEAN
seq_0123,BACKSIDE GRIND
seq_0123,MEASURE WAFER THICKNESS
seq_0123,BACKSIDE ETCH CLEAN
seq_0123,BACKSIDE RINSE
seq_0123,BACKSIDE DRY
seq_0123,BACKSIDE METALLIZATION PREP
seq_0123,DEPOSIT BACKSIDE METAL
seq_0123,BACKSIDE ANNEAL
seq_0123,MEASURE BACKSIDE CONTACT
seq_0123,FINAL CLEAN
seq_0123,FINAL THICKNESS MEASURE
seq_0123,FINAL PARTICLE INSPECTION
seq_0123,PARAMETRIC TEST
seq_0123,LEAKAGE TEST
seq_0123,THRESHOLD VOLTAGE TEST
seq_0123,SWITCHING TEST
seq_0123,WAFER SORT TEST
seq_0123,YIELD ANALYSIS
seq_0123,LOT RELEASE
seq_0123,SHIP LOT
seq_0124,RECEIVE WAFER LOT
seq_0124,LOT IDENTIFICATION
seq_0124,INITIAL WAFER INSPECTION
seq_0124,MEASURE THICKNESS
seq_0124,MEASURE SURFACE PARTICLES
seq_0124,PRE CLEAN WAFER
seq_0124,BACKSIDE CLEAN
seq_0124,RCA CLEAN 1
seq_0124,WET CLEAN RCA2
seq_0124,HF DIP
seq_0124,SUBSTRATE CHECK
seq_0124,EPITAXY PREP
seq_0124,EPITAXIAL DEPOSITION
seq_0124,MEASURE EPITAXY THICKNESS
seq_0124,MEASURE RESISTIVITY
seq_0124,EPITAXY ANNEAL
seq_0124,WAFER SURFACE CLEAN
seq_0124,THERMAL OXIDATION
seq_0124,MEASURE OXIDE THICKNESS
seq_0124,SPIN COAT PHOTORESIST
seq_0124,SOFT BAKE
seq_0124,ALIGN MASK LEVEL 1
seq_0124,EXPOSE LITHO LEVEL 1
seq_0124,DEVELOP PHOTORESIST
seq_0124,PATTERN INSPECTION LEVEL 1
seq_0124,HARD BAKE
seq_0124,OXIDE ETCH
seq_0124,STRIP PHOTORESIST
seq_0124,CLEAN AFTER ETCH
seq_0124,MEASURE OPENING CD
seq_0124,IMPLANT WELL
seq_0124,PRE ANNEAL CHECK
seq_0124,DRIVE IN DIFFUSION
seq_0124,RAPID THERMAL ANNEAL
seq_0124,MEASURE JUNCTION DEPTH
seq_0124,THERMAL OXIDATION
seq_0124,GATE OXIDE PREP
seq_0124,GATE OXIDE GROWTH
seq_0124,MEASURE GATE OXIDE THICKNESS
seq_0124,DEPOSIT POLYSILICON
seq_0124,POLYSILICON ANNEAL
seq_0124,MEASURE POLY THICKNESS
seq_0124,SPIN COAT PHOTORESIST
seq_0124,SOFT BAKE
seq_0124,ALIGN MASK LEVEL 2
seq_0124,EXPOSE LITHO LEVEL 2
seq_0124,POST EXPOSE BAKE
seq_0124,DEVELOP PHOTORESIST
seq_0124,POLY PATTERN INSPECTION
seq_0124,POLYSILICON ETCH
seq_0124,STRIP PHOTORESIST
seq_0124,CLEAN AFTER POLY ETCH
seq_0124,MEASURE GATE CD
seq_0124,IMPLANT SOURCE DRAIN
seq_0124,PRE ANNEAL CHECK
seq_0124,LIGHT ANNEAL
seq_0124,MEASURE SHEET RESISTANCE
seq_0124,DEPOSIT SPACER DIELECTRIC
seq_0124,ANISOTROPIC ETCH SPACER
seq_0124,MEASURE SPACER WIDTH
seq_0124,IMPLANT LDD
seq_0124,RAPID THERMAL ANNEAL
seq_0124,MEASURE JUNCTION PROFILE
seq_0124,DEPOSIT INTERLEVEL DIELECTRIC
seq_0124,DENSIFY DIELECTRIC
seq_0124,MEASURE FILM THICKNESS
seq_0124,CMP DIELECTRIC
seq_0124,MEASURE SURFACE PLANARITY
seq_0124,SPIN COAT PHOTORESIST
seq_0124,SOFT BAKE
seq_0124,ALIGN MASK LEVEL 3
seq_0124,EXPOSE LITHO LEVEL 3
seq_0124,POST EXPOSE BAKE
seq_0124,DEVELOP PHOTORESIST
seq_0124,VIA INSPECTION
seq_0124,VIA ETCH THROUGH DIELECTRIC
seq_0124,STRIP PHOTORESIST
seq_0124,CLEAN AFTER VIA ETCH
seq_0124,DEPOSIT BARRIER METAL
seq_0124,DEPOSIT METAL SEED
seq_0124,FILL VIA METAL
seq_0124,CMP VIA FILL
seq_0124,MEASURE VIA RESISTANCE
seq_0124,DEPOSIT METAL 1
seq_0124,ANNEAL METAL 1
seq_0124,SPIN COAT PHOTORESIST
seq_0124,SOFT BAKE
seq_0124,ALIGN MASK LEVEL 4
seq_0124,EXPOSE LITHO LEVEL 4
seq_0124,DEVELOP PHOTORESIST
seq_0124,METAL PATTERN INSPECTION
seq_0124,HARD BAKE
seq_0124,METAL ETCH
seq_0124,STRIP RESIST
seq_0124,CLEAN AFTER METAL ETCH
seq_0124,MEASURE LINE WIDTH
seq_0124,DEPOSIT PASSIVATION
seq_0124,CURE PASSIVATION
seq_0124,MEASURE PASSIVATION QUALITY
seq_0124,OPEN BOND PAD WINDOW
seq_0124,PAD WINDOW LITHO
seq_0124,DEVELOP PHOTORESIST
seq_0124,PASSIVATION ETCH
seq_0124,STRIP RESIST
seq_0124,CLEAN PAD OPENING
seq_0124,MEASURE PAD OPENING
seq_0124,BACKSIDE CLEAN
seq_0124,BACKSIDE GRIND
seq_0124,MEASURE THICKNESS
seq_0124,BACKSIDE ETCH CLEAN
seq_0124,BACKSIDE RINSE
seq_0124,BACKSIDE DRY
seq_0124,BACKSIDE METALLIZATION PREP
seq_0124,DEPOSIT BACKSIDE METAL
seq_0124,BACKSIDE ANNEAL
seq_0124,MEASURE BACKSIDE CONTACT
seq_0124,FINAL CLEAN
seq_0124,FINAL THICKNESS MEASURE
seq_0124,FINAL PARTICLE INSPECTION
seq_0124,PARAMETRIC TEST
seq_0124,LEAKAGE TEST
seq_0124,THRESHOLD VOLTAGE TEST
seq_0124,SWITCHING TEST
seq_0124,WAFER SORT TEST
seq_0124,YIELD ANALYSIS
seq_0124,LOT RELEASE
seq_0124,SHIP LOT
seq_0125,RECEIVE WAFER LOT
seq_0125,LOT IDENTIFICATION
seq_0125,INITIAL WAFER INSPECTION
seq_0125,MEASURE THICKNESS
seq_0125,MEASURE SURFACE PARTICLES
seq_0125,PRE CLEAN WAFER
seq_0125,BACKSIDE CLEAN
seq_0125,FRONTSIDE CLEAN
seq_0125,RCA CLEAN 1
seq_0125,RCA CLEAN 2
seq_0125,HF DIP
seq_0125,DRY WAFER
seq_0125,SUBSTRATE CHECK
seq_0125,EPITAXY PREP
seq_0125,EPITAXIAL DEPOSITION
seq_0125,MEASURE EPITAXY THICKNESS
seq_0125,MEASURE RESISTIVITY
seq_0125,EPITAXY ANNEAL
seq_0125,WAFER SURFACE CLEAN
seq_0125,THERMAL OXIDATION
seq_0125,MEASURE OXIDE THICKNESS
seq_0125,SPIN COAT PHOTORESIST
seq_0125,SOFT BAKE
seq_0125,ALIGN MASK LEVEL 1
seq_0125,EXPOSE LITHO LEVEL 1
seq_0125,DEVELOP PHOTORESIST
seq_0125,PATTERN INSPECTION LEVEL 1
seq_0125,OXIDE ETCH
seq_0125,STRIP RESIST
seq_0125,CLEAN AFTER ETCH
seq_0125,MEASURE OPENING CD
seq_0125,IMPLANT WELL
seq_0125,PRE ANNEAL CHECK
seq_0125,DRIVE IN DIFFUSION
seq_0125,RAPID THERMAL ANNEAL
seq_0125,MEASURE JUNCTION DEPTH
seq_0125,THERMAL OXIDATION
seq_0125,GATE OXIDE PREP
seq_0125,GATE OXIDE GROWTH
seq_0125,MEASURE GATE OXIDE THICKNESS
seq_0125,DEPOSIT POLYSILICON
seq_0125,POLYSILICON ANNEAL
seq_0125,SPIN COAT PHOTORESIST
seq_0125,SOFT BAKE
seq_0125,ALIGN MASK LEVEL 2
seq_0125,EXPOSE LITHO LEVEL 2
seq_0125,DEVELOP PHOTORESIST
seq_0125,POLY PATTERN INSPECTION
seq_0125,HARD BAKE
seq_0125,POLYSILICON ETCH
seq_0125,STRIP RESIST
seq_0125,CLEAN AFTER POLY ETCH
seq_0125,IMPLANT SOURCE DRAIN
seq_0125,PRE ANNEAL CHECK
seq_0125,LIGHT ANNEAL
seq_0125,MEASURE SHEET RESISTANCE
seq_0125,DEPOSIT SPACER DIELECTRIC
seq_0125,ANISOTROPIC ETCH SPACER
seq_0125,MEASURE SPACER WIDTH
seq_0125,IMPLANT LDD
seq_0125,RAPID THERMAL ANNEAL
seq_0125,DEPOSIT INTERLAYER DIELECTRIC
seq_0125,DENSIFY OXIDE
seq_0125,MEASURE FILM THICKNESS
seq_0125,CMP INTERLAYER DIELECTRIC
seq_0125,MEASURE PLANARITY
seq_0125,SPIN COAT PHOTORESIST
seq_0125,SOFT BAKE
seq_0125,ALIGN MASK LEVEL 3
seq_0125,EXPOSE LITHO LEVEL 3
seq_0125,DEVELOP PHOTORESIST
seq_0125,VIA INSPECTION
seq_0125,DIELECTRIC ETCH VIA
seq_0125,STRIP RESIST
seq_0125,CLEAN AFTER VIA ETCH
seq_0125,MEASURE VIA CD
seq_0125,DEPOSIT BARRIER METAL
seq_0125,DEPOSIT METAL SEED
seq_0125,FILL VIA METAL
seq_0125,CMP METAL
seq_0125,DEPOSIT TOP METAL
seq_0125,ANNEAL METAL
seq_0125,MEASURE METAL THICKNESS
seq_0125,SPIN COAT PHOTORESIST
seq_0125,SOFT BAKE
seq_0125,ALIGN MASK LEVEL 4
seq_0125,EXPOSE LITHO LEVEL 4
seq_0125,DEVELOP PHOTORESIST
seq_0125,METAL PATTERN INSPECTION
seq_0125,METAL ETCH
seq_0125,STRIP PHOTORESIST
seq_0125,CLEAN AFTER METAL ETCH
seq_0125,DEPOSIT PASSIVATION
seq_0125,CURE PASSIVATION
seq_0125,MEASURE PASSIVATION QUALITY
seq_0125,OPEN BOND PAD WINDOW
seq_0125,OPEN PAD WINDOW LITHO
seq_0125,DEVELOP PAD WINDOW
seq_0125,PASSIVATION ETCH PAD OPENING
seq_0125,STRIP RESIST
seq_0125,CLEAN PAD OPENING
seq_0125,MEASURE PAD OPENING
seq_0125,BACKSIDE CLEAN
seq_0125,BACKSIDE GRIND
seq_0125,MEASURE THICKNESS
seq_0125,BACKSIDE ETCH CLEAN
seq_0125,BACKSIDE RINSE
seq_0125,BACKSIDE DRY
seq_0125,BACKSIDE METALLIZATION PREP
seq_0125,DEPOSIT BACKSIDE METAL
seq_0125,BACKSIDE ANNEAL
seq_0125,MEASURE BACKSIDE CONTACT
seq_0125,FINAL CLEAN
seq_0125,FINAL THICKNESS MEASURE
seq_0125,FINAL GEOMETRY CHECK
seq_0125,FINAL PARTICLE INSPECTION
seq_0125,ELECTRICAL PARAMETRIC TEST
seq_0125,LEAKAGE TEST
seq_0125,THRESHOLD VOLTAGE TEST
seq_0125,SWITCHING TEST
seq_0125,WAFER SORT TEST
seq_0125,YIELD ANALYSIS
seq_0125,FINAL LOT RELEASE
seq_0125,SHIP LOT
seq_0126,RECEIVE WAFER LOT
seq_0126,LOT IDENTIFICATION
seq_0126,PRE CLEAN INSPECTION
seq_0126,MEASURE SURFACE PARTICLES
seq_0126,PRE CLEAN WAFER
seq_0126,BACKSIDE CLEAN
seq_0126,WET CLEAN RCA1
seq_0126,WET CLEAN RCA2
seq_0126,HF DIP
seq_0126,DRY WAFER
seq_0126,SUBSTRATE CHECK
seq_0126,EPITAXY PREP
seq_0126,EPITAXIAL DEPOSITION
seq_0126,MEASURE EPITAXY THICKNESS
seq_0126,MEASURE RESISTIVITY
seq_0126,EPITAXY ANNEAL
seq_0126,WAFER SURFACE CLEAN
seq_0126,THERMAL OXIDATION
seq_0126,MEASURE OXIDE THICKNESS
seq_0126,SPIN COAT PHOTORESIST
seq_0126,SOFT BAKE
seq_0126,ALIGN MASK LEVEL 1
seq_0126,EXPOSE LITHO LEVEL 1
seq_0126,POST EXPOSE BAKE
seq_0126,DEVELOP PHOTORESIST
seq_0126,PATTERN INSPECTION LEVEL 1
seq_0126,OXIDE ETCH
seq_0126,STRIP PHOTORESIST
seq_0126,CLEAN AFTER ETCH
seq_0126,MEASURE OPENING CD
seq_0126,IMPLANT WELL
seq_0126,DRIVE IN DIFFUSION
seq_0126,RAPID THERMAL ANNEAL
seq_0126,THERMAL OXIDATION
seq_0126,GATE OXIDE PREP
seq_0126,GATE OXIDE GROWTH
seq_0126,MEASURE GATE OXIDE THICKNESS
seq_0126,DEPOSIT POLYSILICON
seq_0126,POLYSILICON ANNEAL
seq_0126,MEASURE POLY THICKNESS
seq_0126,SPIN COAT PHOTORESIST
seq_0126,SOFT BAKE
seq_0126,ALIGN MASK LEVEL 2
seq_0126,EXPOSE LITHO LEVEL 2
seq_0126,DEVELOP PHOTORESIST
seq_0126,POLY PATTERN INSPECTION
seq_0126,HARD BAKE
seq_0126,POLYSILICON ETCH
seq_0126,STRIP PHOTORESIST
seq_0126,CLEAN AFTER POLY ETCH
seq_0126,IMPLANT SOURCE DRAIN
seq_0126,LIGHT ANNEAL
seq_0126,DEPOSIT SPACER DIELECTRIC
seq_0126,ANISOTROPIC ETCH SPACER
seq_0126,MEASURE SPACER WIDTH
seq_0126,IMPLANT LDD
seq_0126,PRE ANNEAL CHECK
seq_0126,RAPID THERMAL ANNEAL
seq_0126,DEPOSIT INTERLAYER DIELECTRIC
seq_0126,DENSIFY OXIDE
seq_0126,MEASURE FILM THICKNESS
seq_0126,CMP INTERLAYER DIELECTRIC
seq_0126,MEASURE PLANARITY
seq_0126,SPIN COAT PHOTORESIST
seq_0126,SOFT BAKE
seq_0126,ALIGN MASK LEVEL 3
seq_0126,EXPOSE LITHO LEVEL 3
seq_0126,POST EXPOSE BAKE
seq_0126,DEVELOP PHOTORESIST
seq_0126,VIA OPENING INSPECTION
seq_0126,VIA ETCH THROUGH DIELECTRIC
seq_0126,STRIP PHOTORESIST
seq_0126,CLEAN AFTER VIA ETCH
seq_0126,MEASURE VIA CD
seq_0126,DEPOSIT BARRIER METAL
seq_0126,DEPOSIT METAL SEED
seq_0126,FILL VIA METAL
seq_0126,CMP METAL
seq_0126,MEASURE VIA RESISTANCE
seq_0126,DEPOSIT METAL 1
seq_0126,ANNEAL METAL 1
seq_0126,MEASURE METAL THICKNESS
seq_0126,SPIN COAT PHOTORESIST
seq_0126,SOFT BAKE
seq_0126,ALIGN MASK LEVEL 4
seq_0126,EXPOSE LITHO LEVEL 4
seq_0126,POST EXPOSE BAKE
seq_0126,DEVELOP PHOTORESIST
seq_0126,METAL PATTERN INSPECTION
seq_0126,HARD BAKE
seq_0126,METAL ETCH
seq_0126,STRIP RESIST
seq_0126,CLEAN AFTER METAL ETCH
seq_0126,DEPOSIT PASSIVATION
seq_0126,CURE PASSIVATION
seq_0126,MEASURE PASSIVATION THICKNESS
seq_0126,OPEN PAD WINDOW
seq_0126,PAD WINDOW LITHO
seq_0126,DEVELOP PHOTORESIST
seq_0126,PASSIVATION ETCH
seq_0126,STRIP RESIST
seq_0126,CLEAN PAD OPENING
seq_0126,MEASURE PAD OPENING
seq_0126,BACKSIDE CLEAN
seq_0126,BACKSIDE GRIND
seq_0126,MEASURE THICKNESS
seq_0126,BACKSIDE ETCH CLEAN
seq_0126,BACKSIDE RINSE
seq_0126,BACKSIDE DRY
seq_0126,BACKSIDE METALLIZATION PREP
seq_0126,DEPOSIT BACKSIDE METAL
seq_0126,BACKSIDE ANNEAL
seq_0126,MEASURE BACKSIDE CONTACT
seq_0126,FINAL CLEAN
seq_0126,FINAL THICKNESS MEASURE
seq_0126,FINAL CD INSPECTION
seq_0126,FINAL PARTICLE INSPECTION
seq_0126,ELECTRICAL PARAMETRIC TEST
seq_0126,LEAKAGE TEST
seq_0126,THRESHOLD VOLTAGE TEST
seq_0126,SWITCHING TEST
seq_0126,WAFER SORT TEST
seq_0126,YIELD ANALYSIS
seq_0126,LOT RELEASE
seq_0126,SHIP LOT
seq_0127,RECEIVE WAFER LOT
seq_0127,LOT IDENTIFICATION
seq_0127,INITIAL WAFER INSPECTION
seq_0127,MEASURE THICKNESS
seq_0127,MEASURE SURFACE PARTICLES
seq_0127,PRE CLEAN WAFER
seq_0127,WET CLEAN RCA1
seq_0127,RCA CLEAN 2
seq_0127,HF DIP
seq_0127,DRY WAFER
seq_0127,SUBSTRATE CHECK
seq_0127,EPITAXY PREP
seq_0127,EPITAXIAL DEPOSITION
seq_0127,MEASURE EPITAXY THICKNESS
seq_0127,MEASURE RESISTIVITY
seq_0127,EPITAXY ANNEAL
seq_0127,WAFER SURFACE CLEAN
seq_0127,THERMAL OXIDATION
seq_0127,MEASURE OXIDE THICKNESS
seq_0127,SPIN COAT PHOTORESIST
seq_0127,SOFT BAKE
seq_0127,ALIGN MASK LEVEL 1
seq_0127,EXPOSE LITHO LEVEL 1
seq_0127,DEVELOP PHOTORESIST
seq_0127,PATTERN INSPECTION LEVEL 1
seq_0127,OXIDE ETCH
seq_0127,STRIP PHOTORESIST
seq_0127,CLEAN AFTER ETCH
seq_0127,MEASURE OPENING CD
seq_0127,IMPLANT WELL
seq_0127,PRE ANNEAL CHECK
seq_0127,DRIVE IN DIFFUSION
seq_0127,RAPID THERMAL ANNEAL
seq_0127,MEASURE JUNCTION DEPTH
seq_0127,THERMAL OXIDATION
seq_0127,GATE OXIDE PREP
seq_0127,GATE OXIDE GROWTH
seq_0127,MEASURE GATE OXIDE THICKNESS
seq_0127,DEPOSIT POLYSILICON
seq_0127,POLYSILICON ANNEAL
seq_0127,MEASURE POLY THICKNESS
seq_0127,SPIN COAT PHOTORESIST
seq_0127,SOFT BAKE
seq_0127,ALIGN MASK LEVEL 2
seq_0127,EXPOSE LITHO LEVEL 2
seq_0127,DEVELOP PHOTORESIST
seq_0127,POLY PATTERN INSPECTION
seq_0127,POLYSILICON ETCH
seq_0127,STRIP PHOTORESIST
seq_0127,CLEAN AFTER POLY ETCH
seq_0127,MEASURE GATE CD
seq_0127,IMPLANT SOURCE DRAIN
seq_0127,PRE ANNEAL CHECK
seq_0127,LIGHT ANNEAL
seq_0127,DEPOSIT SPACER DIELECTRIC
seq_0127,ANISOTROPIC ETCH SPACER
seq_0127,IMPLANT LDD
seq_0127,RAPID THERMAL ANNEAL
seq_0127,MEASURE JUNCTION PROFILE
seq_0127,DEPOSIT INTERLAYER DIELECTRIC
seq_0127,DENSIFY OXIDE
seq_0127,MEASURE DIELECTRIC THICKNESS
seq_0127,CMP INTERLAYER DIELECTRIC
seq_0127,MEASURE PLANARITY
seq_0127,SPIN COAT PHOTORESIST
seq_0127,SOFT BAKE
seq_0127,ALIGN MASK LEVEL 3
seq_0127,EXPOSE LITHO LEVEL 3
seq_0127,DEVELOP PHOTORESIST
seq_0127,VIA OPENING INSPECTION
seq_0127,HARD BAKE
seq_0127,VIA ETCH THROUGH DIELECTRIC
seq_0127,STRIP PHOTORESIST
seq_0127,CLEAN AFTER VIA ETCH
seq_0127,DEPOSIT BARRIER METAL
seq_0127,DEPOSIT METAL SEED
seq_0127,FILL VIA METAL
seq_0127,CMP VIA FILL
seq_0127,DEPOSIT TOP METAL
seq_0127,ANNEAL METAL
seq_0127,SPIN COAT PHOTORESIST
seq_0127,SOFT BAKE
seq_0127,ALIGN MASK LEVEL 4
seq_0127,EXPOSE LITHO LEVEL 4
seq_0127,POST EXPOSE BAKE
seq_0127,DEVELOP PHOTORESIST
seq_0127,METAL PATTERN INSPECTION
seq_0127,HARD BAKE
seq_0127,METAL ETCH
seq_0127,STRIP PHOTORESIST
seq_0127,CLEAN AFTER METAL ETCH
seq_0127,DEPOSIT PASSIVATION LAYER
seq_0127,CURE PASSIVATION
seq_0127,MEASURE PASSIVATION THICKNESS
seq_0127,OPEN PAD WINDOW
seq_0127,PAD WINDOW LITHO
seq_0127,DEVELOP PHOTORESIST
seq_0127,PASSIVATION ETCH PAD OPENING
seq_0127,STRIP PHOTORESIST
seq_0127,CLEAN PAD OPENING
seq_0127,MEASURE PAD OPENING
seq_0127,BACKSIDE CLEAN
seq_0127,BACKSIDE GRIND
seq_0127,MEASURE WAFER THICKNESS
seq_0127,BACKSIDE ETCH CLEAN
seq_0127,BACKSIDE RINSE
seq_0127,BACKSIDE DRY
seq_0127,BACKSIDE METALLIZATION PREP
seq_0127,DEPOSIT BACKSIDE METAL
seq_0127,BACKSIDE ANNEAL
seq_0127,MEASURE BACKSIDE CONTACT
seq_0127,FINAL CLEAN
seq_0127,FINAL THICKNESS MEASURE
seq_0127,FINAL GEOMETRY CHECK
seq_0127,FINAL PARTICLE INSPECTION
seq_0127,ELECTRICAL PARAMETRIC TEST
seq_0127,LEAKAGE TEST
seq_0127,THRESHOLD VOLTAGE TEST
seq_0127,SWITCHING TEST
seq_0127,WAFER SORT TEST
seq_0127,YIELD ANALYSIS
seq_0127,FINAL LOT RELEASE
seq_0127,SHIP LOT
seq_0128,RECEIVE WAFER LOT
seq_0128,LOT IDENTIFICATION
seq_0128,PRE CLEAN INSPECTION
seq_0128,MEASURE SURFACE PARTICLES
seq_0128,PRE CLEAN WAFER
seq_0128,BACKSIDE CLEAN
seq_0128,RCA CLEAN 1
seq_0128,WET CLEAN RCA2
seq_0128,HF DIP
seq_0128,DRY WAFER
seq_0128,SUBSTRATE CHECK
seq_0128,EPITAXY PREP
seq_0128,EPITAXIAL DEPOSITION
seq_0128,MEASURE EPITAXY THICKNESS
seq_0128,MEASURE RESISTIVITY
seq_0128,EPITAXY ANNEAL
seq_0128,WAFER SURFACE CLEAN
seq_0128,THERMAL OXIDATION
seq_0128,MEASURE OXIDE THICKNESS
seq_0128,SPIN COAT PHOTORESIST
seq_0128,SOFT BAKE
seq_0128,ALIGN MASK LEVEL 1
seq_0128,EXPOSE LITHO LEVEL 1
seq_0128,POST EXPOSE BAKE
seq_0128,DEVELOP PHOTORESIST
seq_0128,PATTERN INSPECTION LEVEL 1
seq_0128,OXIDE ETCH
seq_0128,STRIP PHOTORESIST
seq_0128,CLEAN AFTER ETCH
seq_0128,MEASURE OPENING CD
seq_0128,IMPLANT WELL
seq_0128,DRIVE IN DIFFUSION
seq_0128,RAPID THERMAL ANNEAL
seq_0128,THERMAL OXIDATION
seq_0128,GATE OXIDE PREP
seq_0128,GATE OXIDE GROWTH
seq_0128,MEASURE GATE OXIDE THICKNESS
seq_0128,DEPOSIT POLYSILICON
seq_0128,POLYSILICON ANNEAL
seq_0128,MEASURE POLY THICKNESS
seq_0128,SPIN COAT PHOTORESIST
seq_0128,SOFT BAKE
seq_0128,ALIGN MASK LEVEL 2
seq_0128,EXPOSE LITHO LEVEL 2
seq_0128,DEVELOP PHOTORESIST
seq_0128,POLY PATTERN INSPECTION
seq_0128,POLYSILICON ETCH
seq_0128,STRIP PHOTORESIST
seq_0128,CLEAN AFTER POLY ETCH
seq_0128,MEASURE GATE CD
seq_0128,IMPLANT SOURCE DRAIN
seq_0128,PRE ANNEAL CHECK
seq_0128,LIGHT ANNEAL
seq_0128,MEASURE SHEET RESISTANCE
seq_0128,DEPOSIT SPACER DIELECTRIC
seq_0128,ANISOTROPIC ETCH SPACER
seq_0128,MEASURE SPACER WIDTH
seq_0128,IMPLANT LDD
seq_0128,PRE ANNEAL CHECK
seq_0128,RAPID THERMAL ANNEAL
seq_0128,MEASURE JUNCTION PROFILE
seq_0128,DEPOSIT INTERLEVEL DIELECTRIC
seq_0128,DENSIFY DIELECTRIC
seq_0128,MEASURE DIELECTRIC THICKNESS
seq_0128,CMP DIELECTRIC
seq_0128,MEASURE SURFACE PLANARITY
seq_0128,SPIN COAT PHOTORESIST
seq_0128,SOFT BAKE
seq_0128,ALIGN MASK LEVEL 3
seq_0128,EXPOSE LITHO LEVEL 3
seq_0128,POST EXPOSE BAKE
seq_0128,DEVELOP PHOTORESIST
seq_0128,VIA OPENING INSPECTION
seq_0128,VIA ETCH
seq_0128,STRIP PHOTORESIST
seq_0128,CLEAN AFTER VIA ETCH
seq_0128,DEPOSIT BARRIER METAL
seq_0128,DEPOSIT METAL SEED
seq_0128,FILL VIA METAL
seq_0128,CMP VIA FILL
seq_0128,MEASURE VIA RESISTANCE
seq_0128,DEPOSIT METAL 1
seq_0128,ANNEAL METAL 1
seq_0128,MEASURE METAL THICKNESS
seq_0128,SPIN COAT PHOTORESIST
seq_0128,SOFT BAKE
seq_0128,ALIGN MASK LEVEL 4
seq_0128,EXPOSE LITHO LEVEL 4
seq_0128,POST EXPOSE BAKE
seq_0128,DEVELOP PHOTORESIST
seq_0128,METAL PATTERN INSPECTION
seq_0128,METAL ETCH
seq_0128,STRIP RESIST
seq_0128,CLEAN AFTER METAL ETCH
seq_0128,MEASURE LINE WIDTH
seq_0128,DEPOSIT PASSIVATION
seq_0128,CURE PASSIVATION
seq_0128,MEASURE PASSIVATION QUALITY
seq_0128,OPEN PAD WINDOW
seq_0128,OPEN PAD WINDOW LITHO
seq_0128,DEVELOP PAD WINDOW
seq_0128,PASSIVATION ETCH PAD OPENING
seq_0128,STRIP RESIST
seq_0128,CLEAN PAD OPENING
seq_0128,MEASURE PAD OPENING
seq_0128,BACKSIDE CLEAN
seq_0128,BACKSIDE GRIND
seq_0128,MEASURE WAFER THICKNESS
seq_0128,BACKSIDE ETCH CLEAN
seq_0128,BACKSIDE RINSE
seq_0128,BACKSIDE DRY
seq_0128,BACKSIDE METALLIZATION PREP
seq_0128,DEPOSIT BACKSIDE METAL
seq_0128,BACKSIDE ANNEAL
seq_0128,MEASURE BACKSIDE CONTACT
seq_0128,FINAL CLEAN
seq_0128,FINAL THICKNESS MEASURE
seq_0128,FINAL GEOMETRY CHECK
seq_0128,FINAL CD INSPECTION
seq_0128,FINAL PARTICLE INSPECTION
seq_0128,PARAMETRIC TEST
seq_0128,LEAKAGE TEST
seq_0128,THRESHOLD VOLTAGE TEST
seq_0128,SWITCHING TEST
seq_0128,WAFER SORT TEST
seq_0128,YIELD ANALYSIS
seq_0128,LOT RELEASE
seq_0128,SHIP LOT
seq_0129,RECEIVE WAFER LOT
seq_0129,LOT IDENTIFICATION
seq_0129,INITIAL WAFER INSPECTION
seq_0129,MEASURE THICKNESS
seq_0129,MEASURE SURFACE PARTICLES
seq_0129,PRE CLEAN WAFER
seq_0129,FRONTSIDE CLEAN
seq_0129,RCA CLEAN 1
seq_0129,RCA CLEAN 2
seq_0129,HF DIP
seq_0129,DRY WAFER
seq_0129,SUBSTRATE CHECK
seq_0129,EPITAXY PREP
seq_0129,EPITAXIAL DEPOSITION
seq_0129,MEASURE EPITAXY THICKNESS
seq_0129,MEASURE RESISTIVITY
seq_0129,EPITAXY ANNEAL
seq_0129,WAFER SURFACE CLEAN
seq_0129,THERMAL OXIDATION
seq_0129,MEASURE OXIDE THICKNESS
seq_0129,SPIN COAT PHOTORESIST
seq_0129,SOFT BAKE
seq_0129,ALIGN MASK LEVEL 1
seq_0129,EXPOSE LITHO LEVEL 1
seq_0129,DEVELOP PHOTORESIST
seq_0129,PATTERN INSPECTION LEVEL 1
seq_0129,HARD BAKE
seq_0129,OXIDE ETCH
seq_0129,STRIP PHOTORESIST
seq_0129,CLEAN AFTER ETCH
seq_0129,MEASURE OPENING CD
seq_0129,IMPLANT WELL
seq_0129,PRE ANNEAL CHECK
seq_0129,DRIVE IN DIFFUSION
seq_0129,RAPID THERMAL ANNEAL
seq_0129,THERMAL OXIDATION
seq_0129,GATE OXIDE PREP
seq_0129,GATE OXIDE GROWTH
seq_0129,MEASURE GATE OXIDE THICKNESS
seq_0129,DEPOSIT POLYSILICON
seq_0129,POLYSILICON ANNEAL
seq_0129,MEASURE POLY THICKNESS
seq_0129,SPIN COAT PHOTORESIST
seq_0129,SOFT BAKE
seq_0129,ALIGN MASK LEVEL 2
seq_0129,EXPOSE LITHO LEVEL 2
seq_0129,DEVELOP PHOTORESIST
seq_0129,POLY PATTERN INSPECTION
seq_0129,HARD BAKE
seq_0129,POLYSILICON ETCH
seq_0129,STRIP RESIST
seq_0129,CLEAN AFTER POLY ETCH
seq_0129,IMPLANT SOURCE DRAIN
seq_0129,PRE ANNEAL CHECK
seq_0129,LIGHT ANNEAL
seq_0129,MEASURE SHEET RESISTANCE
seq_0129,DEPOSIT SPACER DIELECTRIC
seq_0129,ANISOTROPIC ETCH SPACER
seq_0129,MEASURE SPACER WIDTH
seq_0129,IMPLANT LDD
seq_0129,PRE ANNEAL CHECK
seq_0129,RAPID THERMAL ANNEAL
seq_0129,MEASURE JUNCTION PROFILE
seq_0129,DEPOSIT INTERLAYER DIELECTRIC
seq_0129,DENSIFY DIELECTRIC
seq_0129,MEASURE FILM THICKNESS
seq_0129,CMP DIELECTRIC
seq_0129,MEASURE SURFACE PLANARITY
seq_0129,SPIN COAT PHOTORESIST
seq_0129,SOFT BAKE
seq_0129,ALIGN MASK LEVEL 3
seq_0129,EXPOSE LITHO LEVEL 3
seq_0129,POST EXPOSE BAKE
seq_0129,DEVELOP PHOTORESIST
seq_0129,VIA INSPECTION
seq_0129,VIA ETCH
seq_0129,STRIP RESIST
seq_0129,CLEAN AFTER VIA ETCH
seq_0129,MEASURE VIA CD
seq_0129,DEPOSIT BARRIER METAL
seq_0129,DEPOSIT METAL SEED
seq_0129,FILL VIA METAL
seq_0129,CMP VIA FILL
seq_0129,DEPOSIT METAL 1
seq_0129,ANNEAL METAL
seq_0129,MEASURE METAL THICKNESS
seq_0129,SPIN COAT PHOTORESIST
seq_0129,SOFT BAKE
seq_0129,ALIGN MASK LEVEL 4
seq_0129,EXPOSE LITHO LEVEL 4
seq_0129,POST EXPOSE BAKE
seq_0129,DEVELOP PHOTORESIST
seq_0129,METAL PATTERN INSPECTION
seq_0129,METAL ETCH
seq_0129,STRIP PHOTORESIST
seq_0129,CLEAN AFTER METAL ETCH
seq_0129,MEASURE LINE WIDTH
seq_0129,DEPOSIT PASSIVATION
seq_0129,CURE PASSIVATION
seq_0129,MEASURE PASSIVATION THICKNESS
seq_0129,OPEN PAD WINDOW
seq_0129,PAD WINDOW LITHO
seq_0129,DEVELOP PHOTORESIST
seq_0129,PASSIVATION ETCH PAD OPENING
seq_0129,STRIP PHOTORESIST
seq_0129,CLEAN PAD OPENING
seq_0129,MEASURE PAD OPENING
seq_0129,BACKSIDE CLEAN
seq_0129,BACKSIDE GRIND
seq_0129,MEASURE THICKNESS
seq_0129,BACKSIDE ETCH CLEAN
seq_0129,BACKSIDE RINSE
seq_0129,BACKSIDE DRY
seq_0129,BACKSIDE METALLIZATION PREP
seq_0129,DEPOSIT BACKSIDE METAL
seq_0129,BACKSIDE ANNEAL
seq_0129,MEASURE BACKSIDE CONTACT
seq_0129,FINAL CLEAN
seq_0129,FINAL THICKNESS MEASURE
seq_0129,FINAL CD INSPECTION
seq_0129,ELECTRICAL PARAMETRIC TEST
seq_0129,LEAKAGE TEST
seq_0129,THRESHOLD VOLTAGE TEST
seq_0129,SWITCHING TEST
seq_0129,WAFER SORT TEST
seq_0129,YIELD ANALYSIS
seq_0129,FINAL LOT RELEASE
seq_0129,SHIP LOT
seq_0130,RECEIVE WAFER LOT
seq_0130,LOT IDENTIFICATION
seq_0130,PRE CLEAN INSPECTION
seq_0130,MEASURE THICKNESS
seq_0130,MEASURE SURFACE PARTICLES
seq_0130,PRE CLEAN WAFER
seq_0130,BACKSIDE CLEAN
seq_0130,WET CLEAN RCA1
seq_0130,WET CLEAN RCA2
seq_0130,HF DIP
seq_0130,DRY WAFER
seq_0130,SUBSTRATE CHECK
seq_0130,EPITAXY PREP
seq_0130,EPITAXIAL DEPOSITION
seq_0130,MEASURE EPITAXY THICKNESS
seq_0130,MEASURE RESISTIVITY
seq_0130,EPITAXY ANNEAL
seq_0130,WAFER SURFACE CLEAN
seq_0130,THERMAL OXIDATION
seq_0130,MEASURE OXIDE THICKNESS
seq_0130,SPIN COAT PHOTORESIST
seq_0130,SOFT BAKE
seq_0130,ALIGN MASK LEVEL 1
seq_0130,EXPOSE LITHO LEVEL 1
seq_0130,POST EXPOSE BAKE
seq_0130,DEVELOP PHOTORESIST
seq_0130,PATTERN INSPECTION LEVEL 1
seq_0130,OXIDE ETCH
seq_0130,STRIP RESIST
seq_0130,CLEAN AFTER ETCH
seq_0130,IMPLANT WELL
seq_0130,PRE ANNEAL CHECK
seq_0130,DRIVE IN DIFFUSION
seq_0130,RAPID THERMAL ANNEAL
seq_0130,MEASURE JUNCTION DEPTH
seq_0130,THERMAL OXIDATION
seq_0130,GATE OXIDE PREP
seq_0130,GATE OXIDE GROWTH
seq_0130,MEASURE GATE OXIDE THICKNESS
seq_0130,DEPOSIT POLYSILICON
seq_0130,POLYSILICON ANNEAL
seq_0130,MEASURE POLY THICKNESS
seq_0130,SPIN COAT PHOTORESIST
seq_0130,SOFT BAKE
seq_0130,ALIGN MASK LEVEL 2
seq_0130,EXPOSE LITHO LEVEL 2
seq_0130,DEVELOP PHOTORESIST
seq_0130,POLY PATTERN INSPECTION
seq_0130,POLYSILICON ETCH
seq_0130,STRIP PHOTORESIST
seq_0130,CLEAN AFTER POLY ETCH
seq_0130,IMPLANT SOURCE DRAIN
seq_0130,PRE ANNEAL CHECK
seq_0130,LIGHT ANNEAL
seq_0130,DEPOSIT SPACER DIELECTRIC
seq_0130,ANISOTROPIC ETCH SPACER
seq_0130,MEASURE SPACER WIDTH
seq_0130,IMPLANT LDD
seq_0130,PRE ANNEAL CHECK
seq_0130,RAPID THERMAL ANNEAL
seq_0130,DEPOSIT INTERLEVEL DIELECTRIC
seq_0130,DENSIFY DIELECTRIC
seq_0130,MEASURE DIELECTRIC THICKNESS
seq_0130,CMP INTERLAYER DIELECTRIC
seq_0130,MEASURE PLANARITY
seq_0130,SPIN COAT PHOTORESIST
seq_0130,SOFT BAKE
seq_0130,ALIGN MASK LEVEL 3
seq_0130,EXPOSE LITHO LEVEL 3
seq_0130,DEVELOP PHOTORESIST
seq_0130,VIA OPENING INSPECTION
seq_0130,HARD BAKE
seq_0130,VIA ETCH THROUGH DIELECTRIC
seq_0130,STRIP PHOTORESIST
seq_0130,CLEAN AFTER VIA ETCH
seq_0130,MEASURE VIA CD
seq_0130,DEPOSIT BARRIER METAL
seq_0130,DEPOSIT METAL SEED
seq_0130,FILL VIA METAL
seq_0130,CMP METAL
seq_0130,MEASURE CONTACT RESISTANCE
seq_0130,DEPOSIT METAL 1
seq_0130,ANNEAL METAL
seq_0130,MEASURE METAL THICKNESS
seq_0130,SPIN COAT PHOTORESIST
seq_0130,SOFT BAKE
seq_0130,ALIGN MASK LEVEL 4
seq_0130,EXPOSE LITHO LEVEL 4
seq_0130,POST EXPOSE BAKE
seq_0130,DEVELOP PHOTORESIST
seq_0130,METAL PATTERN INSPECTION
seq_0130,HARD BAKE
seq_0130,METAL ETCH
seq_0130,STRIP RESIST
seq_0130,CLEAN AFTER METAL ETCH
seq_0130,DEPOSIT PASSIVATION LAYER
seq_0130,CURE PASSIVATION
seq_0130,MEASURE PASSIVATION THICKNESS
seq_0130,OPEN PAD WINDOW
seq_0130,PAD WINDOW LITHO
seq_0130,DEVELOP PHOTORESIST
seq_0130,PASSIVATION ETCH PAD OPENING
seq_0130,STRIP PHOTORESIST
seq_0130,CLEAN PAD OPENING
seq_0130,MEASURE PAD OPENING
seq_0130,BACKSIDE CLEAN
seq_0130,BACKSIDE GRIND
seq_0130,MEASURE THICKNESS
seq_0130,BACKSIDE ETCH CLEAN
seq_0130,BACKSIDE RINSE
seq_0130,BACKSIDE DRY
seq_0130,BACKSIDE METALLIZATION PREP
seq_0130,DEPOSIT BACKSIDE METAL
seq_0130,BACKSIDE ANNEAL
seq_0130,MEASURE BACKSIDE CONTACT
seq_0130,FINAL CLEAN
seq_0130,FINAL THICKNESS MEASURE
seq_0130,ELECTRICAL PARAMETRIC TEST
seq_0130,LEAKAGE TEST
seq_0130,THRESHOLD VOLTAGE TEST
seq_0130,SWITCHING TEST
seq_0130,WAFER SORT TEST
seq_0130,YIELD ANALYSIS
seq_0130,FINAL LOT RELEASE
seq_0130,SHIP LOT
seq_0131,RECEIVE WAFER LOT
seq_0131,LOT IDENTIFICATION
seq_0131,PRE CLEAN INSPECTION
seq_0131,MEASURE THICKNESS
seq_0131,MEASURE SURFACE PARTICLES
seq_0131,PRE CLEAN WAFER
seq_0131,BACKSIDE CLEAN
seq_0131,WET CLEAN RCA1
seq_0131,WET CLEAN RCA2
seq_0131,HF DIP
seq_0131,SUBSTRATE CHECK
seq_0131,EPITAXY PREP
seq_0131,EPITAXIAL DEPOSITION
seq_0131,MEASURE EPITAXY THICKNESS
seq_0131,MEASURE RESISTIVITY
seq_0131,EPITAXY ANNEAL
seq_0131,WAFER SURFACE CLEAN
seq_0131,THERMAL OXIDATION
seq_0131,MEASURE OXIDE THICKNESS
seq_0131,SPIN COAT PHOTORESIST
seq_0131,SOFT BAKE
seq_0131,ALIGN MASK LEVEL 1
seq_0131,EXPOSE LITHO LEVEL 1
seq_0131,DEVELOP PHOTORESIST
seq_0131,PATTERN INSPECTION LEVEL 1
seq_0131,OXIDE ETCH
seq_0131,STRIP RESIST
seq_0131,CLEAN AFTER ETCH
seq_0131,MEASURE OPENING CD
seq_0131,IMPLANT WELL
seq_0131,PRE ANNEAL CHECK
seq_0131,DRIVE IN DIFFUSION
seq_0131,RAPID THERMAL ANNEAL
seq_0131,MEASURE JUNCTION DEPTH
seq_0131,THERMAL OXIDATION
seq_0131,GATE OXIDE PREP
seq_0131,GATE OXIDE GROWTH
seq_0131,MEASURE GATE OXIDE THICKNESS
seq_0131,DEPOSIT POLYSILICON
seq_0131,POLYSILICON ANNEAL
seq_0131,MEASURE POLY THICKNESS
seq_0131,SPIN COAT PHOTORESIST
seq_0131,SOFT BAKE
seq_0131,ALIGN MASK LEVEL 2
seq_0131,EXPOSE LITHO LEVEL 2
seq_0131,DEVELOP PHOTORESIST
seq_0131,POLY PATTERN INSPECTION
seq_0131,POLYSILICON ETCH
seq_0131,STRIP PHOTORESIST
seq_0131,CLEAN AFTER POLY ETCH
seq_0131,IMPLANT SOURCE DRAIN
seq_0131,PRE ANNEAL CHECK
seq_0131,LIGHT ANNEAL
seq_0131,MEASURE SHEET RESISTANCE
seq_0131,DEPOSIT SPACER DIELECTRIC
seq_0131,ANISOTROPIC ETCH SPACER
seq_0131,MEASURE SPACER WIDTH
seq_0131,IMPLANT LDD
seq_0131,RAPID THERMAL ANNEAL
seq_0131,DEPOSIT INTERLEVEL DIELECTRIC
seq_0131,DENSIFY DIELECTRIC
seq_0131,MEASURE FILM THICKNESS
seq_0131,CMP DIELECTRIC
seq_0131,MEASURE PLANARITY
seq_0131,SPIN COAT PHOTORESIST
seq_0131,SOFT BAKE
seq_0131,ALIGN MASK LEVEL 3
seq_0131,EXPOSE LITHO LEVEL 3
seq_0131,DEVELOP PHOTORESIST
seq_0131,VIA INSPECTION
seq_0131,HARD BAKE
seq_0131,VIA ETCH
seq_0131,STRIP RESIST
seq_0131,CLEAN AFTER VIA ETCH
seq_0131,MEASURE VIA CD
seq_0131,DEPOSIT BARRIER METAL
seq_0131,DEPOSIT METAL SEED
seq_0131,FILL VIA METAL
seq_0131,CMP METAL
seq_0131,DEPOSIT METAL 1
seq_0131,ANNEAL METAL
seq_0131,MEASURE METAL THICKNESS
seq_0131,SPIN COAT PHOTORESIST
seq_0131,SOFT BAKE
seq_0131,ALIGN MASK LEVEL 4
seq_0131,EXPOSE LITHO LEVEL 4
seq_0131,DEVELOP PHOTORESIST
seq_0131,METAL PATTERN INSPECTION
seq_0131,METAL ETCH
seq_0131,STRIP RESIST
seq_0131,CLEAN AFTER METAL ETCH
seq_0131,DEPOSIT PASSIVATION LAYER
seq_0131,CURE PASSIVATION
seq_0131,MEASURE PASSIVATION QUALITY
seq_0131,OPEN BOND PAD WINDOW
seq_0131,OPEN PAD WINDOW LITHO
seq_0131,DEVELOP PHOTORESIST
seq_0131,PASSIVATION ETCH
seq_0131,STRIP RESIST
seq_0131,CLEAN PAD OPENING
seq_0131,MEASURE PAD OPENING
seq_0131,BACKSIDE CLEAN
seq_0131,BACKSIDE GRIND
seq_0131,MEASURE THICKNESS
seq_0131,BACKSIDE ETCH CLEAN
seq_0131,BACKSIDE RINSE
seq_0131,BACKSIDE DRY
seq_0131,BACKSIDE METALLIZATION PREP
seq_0131,DEPOSIT BACKSIDE METAL
seq_0131,BACKSIDE ANNEAL
seq_0131,MEASURE BACKSIDE CONTACT
seq_0131,FINAL CLEAN
seq_0131,FINAL THICKNESS MEASURE
seq_0131,FINAL GEOMETRY CHECK
seq_0131,FINAL CD INSPECTION
seq_0131,FINAL PARTICLE INSPECTION
seq_0131,ELECTRICAL PARAMETRIC TEST
seq_0131,LEAKAGE TEST
seq_0131,THRESHOLD VOLTAGE TEST
seq_0131,SWITCHING TEST
seq_0131,WAFER SORT TEST
seq_0131,YIELD ANALYSIS
seq_0131,LOT RELEASE
seq_0131,SHIP LOT
seq_0132,RECEIVE WAFER LOT
seq_0132,LOT IDENTIFICATION
seq_0132,PRE CLEAN INSPECTION
seq_0132,MEASURE SURFACE PARTICLES
seq_0132,PRE CLEAN WAFER
seq_0132,BACKSIDE CLEAN
seq_0132,WET CLEAN RCA1
seq_0132,WET CLEAN RCA2
seq_0132,HF DIP
seq_0132,SUBSTRATE CHECK
seq_0132,EPITAXY PREP
seq_0132,EPITAXIAL DEPOSITION
seq_0132,MEASURE EPITAXY THICKNESS
seq_0132,MEASURE RESISTIVITY
seq_0132,EPITAXY ANNEAL
seq_0132,WAFER SURFACE CLEAN
seq_0132,THERMAL OXIDATION
seq_0132,MEASURE OXIDE THICKNESS
seq_0132,SPIN COAT PHOTORESIST
seq_0132,SOFT BAKE
seq_0132,ALIGN MASK LEVEL 1
seq_0132,EXPOSE LITHO LEVEL 1
seq_0132,DEVELOP PHOTORESIST
seq_0132,PATTERN INSPECTION LEVEL 1
seq_0132,HARD BAKE
seq_0132,OXIDE ETCH
seq_0132,STRIP RESIST
seq_0132,CLEAN AFTER ETCH
seq_0132,MEASURE OPENING CD
seq_0132,IMPLANT WELL
seq_0132,PRE ANNEAL CHECK
seq_0132,DRIVE IN DIFFUSION
seq_0132,RAPID THERMAL ANNEAL
seq_0132,MEASURE JUNCTION DEPTH
seq_0132,THERMAL OXIDATION
seq_0132,GATE OXIDE PREP
seq_0132,GATE OXIDE GROWTH
seq_0132,MEASURE GATE OXIDE THICKNESS
seq_0132,DEPOSIT POLYSILICON
seq_0132,POLYSILICON ANNEAL
seq_0132,MEASURE POLY THICKNESS
seq_0132,SPIN COAT PHOTORESIST
seq_0132,SOFT BAKE
seq_0132,ALIGN MASK LEVEL 2
seq_0132,EXPOSE LITHO LEVEL 2
seq_0132,DEVELOP PHOTORESIST
seq_0132,POLY PATTERN INSPECTION
seq_0132,HARD BAKE
seq_0132,POLYSILICON ETCH
seq_0132,STRIP RESIST
seq_0132,CLEAN AFTER POLY ETCH
seq_0132,IMPLANT SOURCE DRAIN
seq_0132,PRE ANNEAL CHECK
seq_0132,LIGHT ANNEAL
seq_0132,MEASURE SHEET RESISTANCE
seq_0132,DEPOSIT SPACER DIELECTRIC
seq_0132,ANISOTROPIC ETCH SPACER
seq_0132,MEASURE SPACER WIDTH
seq_0132,IMPLANT LDD
seq_0132,PRE ANNEAL CHECK
seq_0132,RAPID THERMAL ANNEAL
seq_0132,MEASURE JUNCTION PROFILE
seq_0132,DEPOSIT INTERLEVEL DIELECTRIC
seq_0132,DENSIFY OXIDE
seq_0132,MEASURE DIELECTRIC THICKNESS
seq_0132,CMP DIELECTRIC
seq_0132,MEASURE PLANARITY
seq_0132,SPIN COAT PHOTORESIST
seq_0132,SOFT BAKE
seq_0132,ALIGN MASK LEVEL 3
seq_0132,EXPOSE LITHO LEVEL 3
seq_0132,DEVELOP PHOTORESIST
seq_0132,VIA OPENING INSPECTION
seq_0132,HARD BAKE
seq_0132,VIA ETCH THROUGH DIELECTRIC
seq_0132,STRIP RESIST
seq_0132,CLEAN AFTER VIA ETCH
seq_0132,MEASURE VIA CD
seq_0132,DEPOSIT BARRIER METAL
seq_0132,DEPOSIT METAL SEED
seq_0132,FILL VIA METAL
seq_0132,CMP METAL
seq_0132,MEASURE VIA RESISTANCE
seq_0132,DEPOSIT METAL 1
seq_0132,ANNEAL METAL 1
seq_0132,MEASURE METAL THICKNESS
seq_0132,SPIN COAT PHOTORESIST
seq_0132,SOFT BAKE
seq_0132,ALIGN MASK LEVEL 4
seq_0132,EXPOSE LITHO LEVEL 4
seq_0132,POST EXPOSE BAKE
seq_0132,DEVELOP PHOTORESIST
seq_0132,METAL PATTERN INSPECTION
seq_0132,METAL ETCH
seq_0132,STRIP RESIST
seq_0132,CLEAN AFTER METAL ETCH
seq_0132,MEASURE LINE WIDTH
seq_0132,DEPOSIT PASSIVATION
seq_0132,CURE PASSIVATION
seq_0132,MEASURE PASSIVATION THICKNESS
seq_0132,OPEN PAD WINDOW
seq_0132,OPEN PAD WINDOW LITHO
seq_0132,DEVELOP PHOTORESIST
seq_0132,PASSIVATION ETCH
seq_0132,STRIP RESIST
seq_0132,CLEAN PAD OPENING
seq_0132,MEASURE PAD OPENING
seq_0132,BACKSIDE CLEAN
seq_0132,BACKSIDE GRIND
seq_0132,MEASURE WAFER THICKNESS
seq_0132,BACKSIDE ETCH CLEAN
seq_0132,BACKSIDE RINSE
seq_0132,BACKSIDE DRY
seq_0132,BACKSIDE METALLIZATION PREP
seq_0132,DEPOSIT BACKSIDE METAL
seq_0132,BACKSIDE ANNEAL
seq_0132,MEASURE BACKSIDE CONTACT
seq_0132,FINAL CLEAN
seq_0132,FINAL THICKNESS MEASURE
seq_0132,FINAL GEOMETRY CHECK
seq_0132,FINAL PARTICLE INSPECTION
seq_0132,PARAMETRIC TEST
seq_0132,LEAKAGE TEST
seq_0132,THRESHOLD VOLTAGE TEST
seq_0132,SWITCHING TEST
seq_0132,WAFER SORT TEST
seq_0132,YIELD ANALYSIS
seq_0132,FINAL LOT RELEASE
seq_0132,SHIP LOT
seq_0133,RECEIVE WAFER LOT
seq_0133,LOT IDENTIFICATION
seq_0133,INITIAL WAFER INSPECTION
seq_0133,MEASURE THICKNESS
seq_0133,MEASURE SURFACE PARTICLES
seq_0133,PRE CLEAN WAFER
seq_0133,BACKSIDE CLEAN
seq_0133,FRONTSIDE CLEAN
seq_0133,RCA CLEAN 1
seq_0133,WET CLEAN RCA2
seq_0133,HF DIP
seq_0133,DRY WAFER
seq_0133,SUBSTRATE CHECK
seq_0133,EPITAXY PREP
seq_0133,EPITAXIAL DEPOSITION
seq_0133,MEASURE EPITAXY THICKNESS
seq_0133,MEASURE RESISTIVITY
seq_0133,EPITAXY ANNEAL
seq_0133,WAFER SURFACE CLEAN
seq_0133,THERMAL OXIDATION
seq_0133,MEASURE OXIDE THICKNESS
seq_0133,SPIN COAT PHOTORESIST
seq_0133,SOFT BAKE
seq_0133,ALIGN MASK LEVEL 1
seq_0133,EXPOSE LITHO LEVEL 1
seq_0133,DEVELOP PHOTORESIST
seq_0133,PATTERN INSPECTION LEVEL 1
seq_0133,HARD BAKE
seq_0133,OXIDE ETCH
seq_0133,STRIP RESIST
seq_0133,CLEAN AFTER ETCH
seq_0133,MEASURE OPENING CD
seq_0133,IMPLANT WELL
seq_0133,PRE ANNEAL CHECK
seq_0133,DRIVE IN DIFFUSION
seq_0133,RAPID THERMAL ANNEAL
seq_0133,THERMAL OXIDATION
seq_0133,GATE OXIDE PREP
seq_0133,GATE OXIDE GROWTH
seq_0133,MEASURE GATE OXIDE THICKNESS
seq_0133,DEPOSIT POLYSILICON
seq_0133,POLYSILICON ANNEAL
seq_0133,MEASURE POLY THICKNESS
seq_0133,SPIN COAT PHOTORESIST
seq_0133,SOFT BAKE
seq_0133,ALIGN MASK LEVEL 2
seq_0133,EXPOSE LITHO LEVEL 2
seq_0133,POST EXPOSE BAKE
seq_0133,DEVELOP PHOTORESIST
seq_0133,POLY PATTERN INSPECTION
seq_0133,POLYSILICON ETCH
seq_0133,STRIP RESIST
seq_0133,CLEAN AFTER POLY ETCH
seq_0133,MEASURE GATE CD
seq_0133,IMPLANT SOURCE DRAIN
seq_0133,LIGHT ANNEAL
seq_0133,MEASURE SHEET RESISTANCE
seq_0133,DEPOSIT SPACER DIELECTRIC
seq_0133,ANISOTROPIC ETCH SPACER
seq_0133,MEASURE SPACER WIDTH
seq_0133,IMPLANT LDD
seq_0133,PRE ANNEAL CHECK
seq_0133,RAPID THERMAL ANNEAL
seq_0133,MEASURE JUNCTION PROFILE
seq_0133,DEPOSIT INTERLAYER DIELECTRIC
seq_0133,DENSIFY OXIDE
seq_0133,MEASURE DIELECTRIC THICKNESS
seq_0133,CMP INTERLAYER DIELECTRIC
seq_0133,MEASURE SURFACE PLANARITY
seq_0133,SPIN COAT PHOTORESIST
seq_0133,SOFT BAKE
seq_0133,ALIGN MASK LEVEL 3
seq_0133,EXPOSE LITHO LEVEL 3
seq_0133,DEVELOP PHOTORESIST
seq_0133,VIA OPENING INSPECTION
seq_0133,HARD BAKE
seq_0133,DIELECTRIC ETCH VIA
seq_0133,STRIP PHOTORESIST
seq_0133,CLEAN AFTER VIA ETCH
seq_0133,MEASURE VIA CD
seq_0133,DEPOSIT BARRIER METAL
seq_0133,DEPOSIT METAL SEED
seq_0133,FILL VIA METAL
seq_0133,CMP VIA FILL
seq_0133,MEASURE CONTACT RESISTANCE
seq_0133,DEPOSIT TOP METAL
seq_0133,ANNEAL METAL 1
seq_0133,SPIN COAT PHOTORESIST
seq_0133,SOFT BAKE
seq_0133,ALIGN MASK LEVEL 4
seq_0133,EXPOSE LITHO LEVEL 4
seq_0133,DEVELOP PHOTORESIST
seq_0133,METAL PATTERN INSPECTION
seq_0133,METAL ETCH
seq_0133,STRIP PHOTORESIST
seq_0133,CLEAN AFTER METAL ETCH
seq_0133,MEASURE LINE WIDTH
seq_0133,DEPOSIT PASSIVATION
seq_0133,CURE PASSIVATION
seq_0133,MEASURE PASSIVATION THICKNESS
seq_0133,OPEN PAD WINDOW
seq_0133,PAD WINDOW LITHO
seq_0133,DEVELOP PAD WINDOW
seq_0133,PASSIVATION ETCH PAD OPENING
seq_0133,STRIP PHOTORESIST
seq_0133,CLEAN PAD OPENING
seq_0133,MEASURE PAD OPENING
seq_0133,BACKSIDE CLEAN
seq_0133,BACKSIDE GRIND
seq_0133,MEASURE WAFER THICKNESS
seq_0133,BACKSIDE ETCH CLEAN
seq_0133,BACKSIDE RINSE
seq_0133,BACKSIDE DRY
seq_0133,BACKSIDE METALLIZATION PREP
seq_0133,DEPOSIT BACKSIDE METAL
seq_0133,BACKSIDE ANNEAL
seq_0133,MEASURE BACKSIDE CONTACT
seq_0133,FINAL CLEAN
seq_0133,FINAL GEOMETRY CHECK
seq_0133,FINAL PARTICLE INSPECTION
seq_0133,PARAMETRIC TEST
seq_0133,LEAKAGE TEST
seq_0133,THRESHOLD VOLTAGE TEST
seq_0133,SWITCHING TEST
seq_0133,WAFER SORT TEST
seq_0133,YIELD ANALYSIS
seq_0133,FINAL LOT RELEASE
seq_0133,SHIP LOT
seq_0134,RECEIVE WAFER LOT
seq_0134,LOT IDENTIFICATION
seq_0134,PRE CLEAN INSPECTION
seq_0134,MEASURE THICKNESS
seq_0134,MEASURE SURFACE PARTICLES
seq_0134,PRE CLEAN WAFER
seq_0134,WET CLEAN RCA1
seq_0134,RCA CLEAN 2
seq_0134,HF DIP
seq_0134,DRY WAFER
seq_0134,SUBSTRATE CHECK
seq_0134,EPITAXY PREP
seq_0134,EPITAXIAL DEPOSITION
seq_0134,MEASURE EPITAXY THICKNESS
seq_0134,MEASURE RESISTIVITY
seq_0134,EPITAXY ANNEAL
seq_0134,WAFER SURFACE CLEAN
seq_0134,THERMAL OXIDATION
seq_0134,MEASURE OXIDE THICKNESS
seq_0134,SPIN COAT PHOTORESIST
seq_0134,SOFT BAKE
seq_0134,ALIGN MASK LEVEL 1
seq_0134,EXPOSE LITHO LEVEL 1
seq_0134,DEVELOP PHOTORESIST
seq_0134,PATTERN INSPECTION LEVEL 1
seq_0134,OXIDE ETCH
seq_0134,STRIP RESIST
seq_0134,CLEAN AFTER ETCH
seq_0134,MEASURE OPENING CD
seq_0134,IMPLANT WELL
seq_0134,PRE ANNEAL CHECK
seq_0134,DRIVE IN DIFFUSION
seq_0134,RAPID THERMAL ANNEAL
seq_0134,THERMAL OXIDATION
seq_0134,GATE OXIDE PREP
seq_0134,GATE OXIDE GROWTH
seq_0134,MEASURE GATE OXIDE THICKNESS
seq_0134,DEPOSIT POLYSILICON
seq_0134,POLYSILICON ANNEAL
seq_0134,SPIN COAT PHOTORESIST
seq_0134,SOFT BAKE
seq_0134,ALIGN MASK LEVEL 2
seq_0134,EXPOSE LITHO LEVEL 2
seq_0134,DEVELOP PHOTORESIST
seq_0134,POLY PATTERN INSPECTION
seq_0134,HARD BAKE
seq_0134,POLYSILICON ETCH
seq_0134,STRIP PHOTORESIST
seq_0134,CLEAN AFTER POLY ETCH
seq_0134,MEASURE GATE CD
seq_0134,IMPLANT SOURCE DRAIN
seq_0134,PRE ANNEAL CHECK
seq_0134,LIGHT ANNEAL
seq_0134,DEPOSIT SPACER DIELECTRIC
seq_0134,ANISOTROPIC ETCH SPACER
seq_0134,MEASURE SPACER WIDTH
seq_0134,IMPLANT LDD
seq_0134,RAPID THERMAL ANNEAL
seq_0134,MEASURE JUNCTION PROFILE
seq_0134,DEPOSIT INTERLEVEL DIELECTRIC
seq_0134,DENSIFY OXIDE
seq_0134,MEASURE DIELECTRIC THICKNESS
seq_0134,CMP DIELECTRIC
seq_0134,MEASURE PLANARITY
seq_0134,SPIN COAT PHOTORESIST
seq_0134,SOFT BAKE
seq_0134,ALIGN MASK LEVEL 3
seq_0134,EXPOSE LITHO LEVEL 3
seq_0134,POST EXPOSE BAKE
seq_0134,DEVELOP PHOTORESIST
seq_0134,VIA INSPECTION
seq_0134,HARD BAKE
seq_0134,VIA ETCH
seq_0134,STRIP PHOTORESIST
seq_0134,CLEAN AFTER VIA ETCH
seq_0134,DEPOSIT BARRIER METAL
seq_0134,DEPOSIT METAL SEED
seq_0134,FILL VIA METAL
seq_0134,CMP METAL
seq_0134,MEASURE VIA RESISTANCE
seq_0134,DEPOSIT TOP METAL
seq_0134,ANNEAL METAL 1
seq_0134,MEASURE METAL THICKNESS
seq_0134,SPIN COAT PHOTORESIST
seq_0134,SOFT BAKE
seq_0134,ALIGN MASK LEVEL 4
seq_0134,EXPOSE LITHO LEVEL 4
seq_0134,DEVELOP PHOTORESIST
seq_0134,METAL PATTERN INSPECTION
seq_0134,HARD BAKE
seq_0134,METAL ETCH
seq_0134,STRIP RESIST
seq_0134,CLEAN AFTER METAL ETCH
seq_0134,MEASURE LINE WIDTH
seq_0134,DEPOSIT PASSIVATION
seq_0134,CURE PASSIVATION
seq_0134,MEASURE PASSIVATION THICKNESS
seq_0134,OPEN PAD WINDOW
seq_0134,PAD WINDOW LITHO
seq_0134,DEVELOP PAD WINDOW
seq_0134,PASSIVATION ETCH
seq_0134,STRIP PHOTORESIST
seq_0134,CLEAN PAD OPENING
seq_0134,MEASURE PAD OPENING
seq_0134,BACKSIDE CLEAN
seq_0134,BACKSIDE GRIND
seq_0134,MEASURE THICKNESS
seq_0134,BACKSIDE ETCH CLEAN
seq_0134,BACKSIDE RINSE
seq_0134,BACKSIDE DRY
seq_0134,BACKSIDE METALLIZATION PREP
seq_0134,DEPOSIT BACKSIDE METAL
seq_0134,BACKSIDE ANNEAL
seq_0134,MEASURE BACKSIDE CONTACT
seq_0134,FINAL CLEAN
seq_0134,FINAL THICKNESS MEASURE
seq_0134,FINAL GEOMETRY CHECK
seq_0134,FINAL CD INSPECTION
seq_0134,FINAL PARTICLE INSPECTION
seq_0134,ELECTRICAL PARAMETRIC TEST
seq_0134,LEAKAGE TEST
seq_0134,THRESHOLD VOLTAGE TEST
seq_0134,SWITCHING TEST
seq_0134,WAFER SORT TEST
seq_0134,YIELD ANALYSIS
seq_0134,FINAL LOT RELEASE
seq_0134,SHIP LOT
seq_0135,RECEIVE WAFER LOT
seq_0135,LOT IDENTIFICATION
seq_0135,INITIAL WAFER INSPECTION
seq_0135,MEASURE THICKNESS
seq_0135,MEASURE SURFACE PARTICLES
seq_0135,PRE CLEAN WAFER
seq_0135,BACKSIDE CLEAN
seq_0135,FRONTSIDE CLEAN
seq_0135,WET CLEAN RCA1
seq_0135,RCA CLEAN 2
seq_0135,HF DIP
seq_0135,SUBSTRATE CHECK
seq_0135,EPITAXY PREP
seq_0135,EPITAXIAL DEPOSITION
seq_0135,MEASURE EPITAXY THICKNESS
seq_0135,MEASURE RESISTIVITY
seq_0135,EPITAXY ANNEAL
seq_0135,WAFER SURFACE CLEAN
seq_0135,THERMAL OXIDATION
seq_0135,MEASURE OXIDE THICKNESS
seq_0135,SPIN COAT PHOTORESIST
seq_0135,SOFT BAKE
seq_0135,ALIGN MASK LEVEL 1
seq_0135,EXPOSE LITHO LEVEL 1
seq_0135,POST EXPOSE BAKE
seq_0135,DEVELOP PHOTORESIST
seq_0135,PATTERN INSPECTION LEVEL 1
seq_0135,OXIDE ETCH
seq_0135,STRIP RESIST
seq_0135,CLEAN AFTER ETCH
seq_0135,MEASURE OPENING CD
seq_0135,IMPLANT WELL
seq_0135,PRE ANNEAL CHECK
seq_0135,DRIVE IN DIFFUSION
seq_0135,RAPID THERMAL ANNEAL
seq_0135,THERMAL OXIDATION
seq_0135,GATE OXIDE PREP
seq_0135,GATE OXIDE GROWTH
seq_0135,MEASURE GATE OXIDE THICKNESS
seq_0135,DEPOSIT POLYSILICON
seq_0135,POLYSILICON ANNEAL
seq_0135,MEASURE POLY THICKNESS
seq_0135,SPIN COAT PHOTORESIST
seq_0135,SOFT BAKE
seq_0135,ALIGN MASK LEVEL 2
seq_0135,EXPOSE LITHO LEVEL 2
seq_0135,DEVELOP PHOTORESIST
seq_0135,POLY PATTERN INSPECTION
seq_0135,HARD BAKE
seq_0135,POLYSILICON ETCH
seq_0135,STRIP PHOTORESIST
seq_0135,CLEAN AFTER POLY ETCH
seq_0135,MEASURE GATE CD
seq_0135,IMPLANT SOURCE DRAIN
seq_0135,LIGHT ANNEAL
seq_0135,DEPOSIT SPACER DIELECTRIC
seq_0135,ANISOTROPIC ETCH SPACER
seq_0135,MEASURE SPACER WIDTH
seq_0135,IMPLANT LDD
seq_0135,RAPID THERMAL ANNEAL
seq_0135,DEPOSIT INTERLAYER DIELECTRIC
seq_0135,DENSIFY DIELECTRIC
seq_0135,MEASURE DIELECTRIC THICKNESS
seq_0135,CMP INTERLAYER DIELECTRIC
seq_0135,MEASURE PLANARITY
seq_0135,SPIN COAT PHOTORESIST
seq_0135,SOFT BAKE
seq_0135,ALIGN MASK LEVEL 3
seq_0135,EXPOSE LITHO LEVEL 3
seq_0135,DEVELOP PHOTORESIST
seq_0135,VIA OPENING INSPECTION
seq_0135,VIA ETCH
seq_0135,STRIP RESIST
seq_0135,CLEAN AFTER VIA ETCH
seq_0135,MEASURE VIA CD
seq_0135,DEPOSIT BARRIER METAL
seq_0135,DEPOSIT METAL SEED
seq_0135,FILL VIA METAL
seq_0135,CMP VIA FILL
seq_0135,MEASURE CONTACT RESISTANCE
seq_0135,DEPOSIT TOP METAL
seq_0135,ANNEAL METAL
seq_0135,MEASURE METAL THICKNESS
seq_0135,SPIN COAT PHOTORESIST
seq_0135,SOFT BAKE
seq_0135,ALIGN MASK LEVEL 4
seq_0135,EXPOSE LITHO LEVEL 4
seq_0135,DEVELOP PHOTORESIST
seq_0135,METAL PATTERN INSPECTION
seq_0135,METAL ETCH
seq_0135,STRIP RESIST
seq_0135,CLEAN AFTER METAL ETCH
seq_0135,DEPOSIT PASSIVATION
seq_0135,CURE PASSIVATION
seq_0135,MEASURE PASSIVATION THICKNESS
seq_0135,OPEN PAD WINDOW
seq_0135,PAD WINDOW LITHO
seq_0135,DEVELOP PHOTORESIST
seq_0135,PASSIVATION ETCH
seq_0135,STRIP PHOTORESIST
seq_0135,CLEAN PAD OPENING
seq_0135,MEASURE PAD OPENING
seq_0135,BACKSIDE CLEAN
seq_0135,BACKSIDE GRIND
seq_0135,MEASURE WAFER THICKNESS
seq_0135,BACKSIDE ETCH CLEAN
seq_0135,BACKSIDE RINSE
seq_0135,BACKSIDE DRY
seq_0135,BACKSIDE METALLIZATION PREP
seq_0135,DEPOSIT BACKSIDE METAL
seq_0135,BACKSIDE ANNEAL
seq_0135,MEASURE BACKSIDE CONTACT
seq_0135,FINAL CLEAN
seq_0135,FINAL THICKNESS MEASURE
seq_0135,FINAL GEOMETRY CHECK
seq_0135,FINAL PARTICLE INSPECTION
seq_0135,PARAMETRIC TEST
seq_0135,LEAKAGE TEST
seq_0135,THRESHOLD VOLTAGE TEST
seq_0135,SWITCHING TEST
seq_0135,WAFER SORT TEST
seq_0135,YIELD ANALYSIS
seq_0135,LOT RELEASE
seq_0135,SHIP LOT
seq_0136,RECEIVE WAFER LOT
seq_0136,LOT IDENTIFICATION
seq_0136,INITIAL WAFER INSPECTION
seq_0136,MEASURE THICKNESS
seq_0136,MEASURE SURFACE PARTICLES
seq_0136,PRE CLEAN WAFER
seq_0136,WET CLEAN RCA1
seq_0136,WET CLEAN RCA2
seq_0136,HF DIP
seq_0136,SUBSTRATE CHECK
seq_0136,EPITAXY PREP
seq_0136,EPITAXIAL DEPOSITION
seq_0136,MEASURE EPITAXY THICKNESS
seq_0136,MEASURE RESISTIVITY
seq_0136,EPITAXY ANNEAL
seq_0136,WAFER SURFACE CLEAN
seq_0136,THERMAL OXIDATION
seq_0136,MEASURE OXIDE THICKNESS
seq_0136,SPIN COAT PHOTORESIST
seq_0136,SOFT BAKE
seq_0136,ALIGN MASK LEVEL 1
seq_0136,EXPOSE LITHO LEVEL 1
seq_0136,DEVELOP PHOTORESIST
seq_0136,PATTERN INSPECTION LEVEL 1
seq_0136,OXIDE ETCH
seq_0136,STRIP RESIST
seq_0136,CLEAN AFTER ETCH
seq_0136,MEASURE OPENING CD
seq_0136,IMPLANT WELL
seq_0136,PRE ANNEAL CHECK
seq_0136,DRIVE IN DIFFUSION
seq_0136,RAPID THERMAL ANNEAL
seq_0136,THERMAL OXIDATION
seq_0136,GATE OXIDE PREP
seq_0136,GATE OXIDE GROWTH
seq_0136,MEASURE GATE OXIDE THICKNESS
seq_0136,DEPOSIT POLYSILICON
seq_0136,POLYSILICON ANNEAL
seq_0136,MEASURE POLY THICKNESS
seq_0136,SPIN COAT PHOTORESIST
seq_0136,SOFT BAKE
seq_0136,ALIGN MASK LEVEL 2
seq_0136,EXPOSE LITHO LEVEL 2
seq_0136,POST EXPOSE BAKE
seq_0136,DEVELOP PHOTORESIST
seq_0136,POLY PATTERN INSPECTION
seq_0136,POLYSILICON ETCH
seq_0136,STRIP RESIST
seq_0136,CLEAN AFTER POLY ETCH
seq_0136,MEASURE GATE CD
seq_0136,IMPLANT SOURCE DRAIN
seq_0136,PRE ANNEAL CHECK
seq_0136,LIGHT ANNEAL
seq_0136,DEPOSIT SPACER DIELECTRIC
seq_0136,ANISOTROPIC ETCH SPACER
seq_0136,MEASURE SPACER WIDTH
seq_0136,IMPLANT LDD
seq_0136,PRE ANNEAL CHECK
seq_0136,RAPID THERMAL ANNEAL
seq_0136,DEPOSIT INTERLEVEL DIELECTRIC
seq_0136,DENSIFY DIELECTRIC
seq_0136,MEASURE FILM THICKNESS
seq_0136,CMP DIELECTRIC
seq_0136,MEASURE PLANARITY
seq_0136,SPIN COAT PHOTORESIST
seq_0136,SOFT BAKE
seq_0136,ALIGN MASK LEVEL 3
seq_0136,EXPOSE LITHO LEVEL 3
seq_0136,DEVELOP PHOTORESIST
seq_0136,VIA OPENING INSPECTION
seq_0136,DIELECTRIC ETCH VIA
seq_0136,STRIP RESIST
seq_0136,CLEAN AFTER VIA ETCH
seq_0136,MEASURE VIA CD
seq_0136,DEPOSIT BARRIER METAL
seq_0136,DEPOSIT METAL SEED
seq_0136,FILL VIA METAL
seq_0136,CMP METAL
seq_0136,DEPOSIT METAL 1
seq_0136,ANNEAL METAL 1
seq_0136,SPIN COAT PHOTORESIST
seq_0136,SOFT BAKE
seq_0136,ALIGN MASK LEVEL 4
seq_0136,EXPOSE LITHO LEVEL 4
seq_0136,DEVELOP PHOTORESIST
seq_0136,METAL PATTERN INSPECTION
seq_0136,METAL ETCH
seq_0136,STRIP PHOTORESIST
seq_0136,CLEAN AFTER METAL ETCH
seq_0136,MEASURE LINE WIDTH
seq_0136,DEPOSIT PASSIVATION
seq_0136,CURE PASSIVATION
seq_0136,MEASURE PASSIVATION QUALITY
seq_0136,OPEN BOND PAD WINDOW
seq_0136,PAD WINDOW LITHO
seq_0136,DEVELOP PHOTORESIST
seq_0136,PASSIVATION ETCH
seq_0136,STRIP RESIST
seq_0136,CLEAN PAD OPENING
seq_0136,MEASURE PAD OPENING
seq_0136,BACKSIDE CLEAN
seq_0136,BACKSIDE GRIND
seq_0136,MEASURE WAFER THICKNESS
seq_0136,BACKSIDE ETCH CLEAN
seq_0136,BACKSIDE RINSE
seq_0136,BACKSIDE DRY
seq_0136,BACKSIDE METALLIZATION PREP
seq_0136,DEPOSIT BACKSIDE METAL
seq_0136,BACKSIDE ANNEAL
seq_0136,MEASURE BACKSIDE CONTACT
seq_0136,FINAL CLEAN
seq_0136,FINAL THICKNESS MEASURE
seq_0136,FINAL GEOMETRY CHECK
seq_0136,FINAL PARTICLE INSPECTION
seq_0136,PARAMETRIC TEST
seq_0136,LEAKAGE TEST
seq_0136,THRESHOLD VOLTAGE TEST
seq_0136,SWITCHING TEST
seq_0136,WAFER SORT TEST
seq_0136,YIELD ANALYSIS
seq_0136,FINAL LOT RELEASE
seq_0136,SHIP LOT
seq_0137,RECEIVE WAFER LOT
seq_0137,LOT IDENTIFICATION
seq_0137,PRE CLEAN INSPECTION
seq_0137,MEASURE THICKNESS
seq_0137,MEASURE SURFACE PARTICLES
seq_0137,PRE CLEAN WAFER
seq_0137,BACKSIDE CLEAN
seq_0137,RCA CLEAN 1
seq_0137,RCA CLEAN 2
seq_0137,HF DIP
seq_0137,SUBSTRATE CHECK
seq_0137,EPITAXY PREP
seq_0137,EPITAXIAL DEPOSITION
seq_0137,MEASURE EPITAXY THICKNESS
seq_0137,MEASURE RESISTIVITY
seq_0137,EPITAXY ANNEAL
seq_0137,WAFER SURFACE CLEAN
seq_0137,THERMAL OXIDATION
seq_0137,MEASURE OXIDE THICKNESS
seq_0137,SPIN COAT PHOTORESIST
seq_0137,SOFT BAKE
seq_0137,ALIGN MASK LEVEL 1
seq_0137,EXPOSE LITHO LEVEL 1
seq_0137,DEVELOP PHOTORESIST
seq_0137,PATTERN INSPECTION LEVEL 1
seq_0137,HARD BAKE
seq_0137,OXIDE ETCH
seq_0137,STRIP PHOTORESIST
seq_0137,CLEAN AFTER ETCH
seq_0137,MEASURE OPENING CD
seq_0137,IMPLANT WELL
seq_0137,PRE ANNEAL CHECK
seq_0137,DRIVE IN DIFFUSION
seq_0137,RAPID THERMAL ANNEAL
seq_0137,MEASURE JUNCTION DEPTH
seq_0137,THERMAL OXIDATION
seq_0137,GATE OXIDE PREP
seq_0137,GATE OXIDE GROWTH
seq_0137,MEASURE GATE OXIDE THICKNESS
seq_0137,DEPOSIT POLYSILICON
seq_0137,POLYSILICON ANNEAL
seq_0137,MEASURE POLY THICKNESS
seq_0137,SPIN COAT PHOTORESIST
seq_0137,SOFT BAKE
seq_0137,ALIGN MASK LEVEL 2
seq_0137,EXPOSE LITHO LEVEL 2
seq_0137,POST EXPOSE BAKE
seq_0137,DEVELOP PHOTORESIST
seq_0137,POLY PATTERN INSPECTION
seq_0137,POLYSILICON ETCH
seq_0137,STRIP RESIST
seq_0137,CLEAN AFTER POLY ETCH
seq_0137,MEASURE GATE CD
seq_0137,IMPLANT SOURCE DRAIN
seq_0137,PRE ANNEAL CHECK
seq_0137,LIGHT ANNEAL
seq_0137,MEASURE SHEET RESISTANCE
seq_0137,DEPOSIT SPACER DIELECTRIC
seq_0137,ANISOTROPIC ETCH SPACER
seq_0137,IMPLANT LDD
seq_0137,RAPID THERMAL ANNEAL
seq_0137,MEASURE JUNCTION PROFILE
seq_0137,DEPOSIT INTERLEVEL DIELECTRIC
seq_0137,DENSIFY DIELECTRIC
seq_0137,MEASURE DIELECTRIC THICKNESS
seq_0137,CMP INTERLAYER DIELECTRIC
seq_0137,MEASURE SURFACE PLANARITY
seq_0137,SPIN COAT PHOTORESIST
seq_0137,SOFT BAKE
seq_0137,ALIGN MASK LEVEL 3
seq_0137,EXPOSE LITHO LEVEL 3
seq_0137,DEVELOP PHOTORESIST
seq_0137,VIA INSPECTION
seq_0137,HARD BAKE
seq_0137,DIELECTRIC ETCH VIA
seq_0137,STRIP PHOTORESIST
seq_0137,CLEAN AFTER VIA ETCH
seq_0137,MEASURE VIA CD
seq_0137,DEPOSIT BARRIER METAL
seq_0137,DEPOSIT METAL SEED
seq_0137,FILL VIA METAL
seq_0137,CMP METAL
seq_0137,DEPOSIT METAL 1
seq_0137,ANNEAL METAL 1
seq_0137,SPIN COAT PHOTORESIST
seq_0137,SOFT BAKE
seq_0137,ALIGN MASK LEVEL 4
seq_0137,EXPOSE LITHO LEVEL 4
seq_0137,POST EXPOSE BAKE
seq_0137,DEVELOP PHOTORESIST
seq_0137,METAL PATTERN INSPECTION
seq_0137,HARD BAKE
seq_0137,METAL ETCH
seq_0137,STRIP PHOTORESIST
seq_0137,CLEAN AFTER METAL ETCH
seq_0137,MEASURE LINE WIDTH
seq_0137,DEPOSIT PASSIVATION
seq_0137,CURE PASSIVATION
seq_0137,MEASURE PASSIVATION QUALITY
seq_0137,OPEN PAD WINDOW
seq_0137,PAD WINDOW LITHO
seq_0137,DEVELOP PHOTORESIST
seq_0137,PASSIVATION ETCH PAD OPENING
seq_0137,STRIP PHOTORESIST
seq_0137,CLEAN PAD OPENING
seq_0137,MEASURE PAD OPENING
seq_0137,BACKSIDE CLEAN
seq_0137,BACKSIDE GRIND
seq_0137,MEASURE THICKNESS
seq_0137,BACKSIDE ETCH CLEAN
seq_0137,BACKSIDE RINSE
seq_0137,BACKSIDE DRY
seq_0137,BACKSIDE METALLIZATION PREP
seq_0137,DEPOSIT BACKSIDE METAL
seq_0137,BACKSIDE ANNEAL
seq_0137,MEASURE BACKSIDE CONTACT
seq_0137,FINAL CLEAN
seq_0137,FINAL GEOMETRY CHECK
seq_0137,FINAL PARTICLE INSPECTION
seq_0137,ELECTRICAL PARAMETRIC TEST
seq_0137,LEAKAGE TEST
seq_0137,THRESHOLD VOLTAGE TEST
seq_0137,SWITCHING TEST
seq_0137,WAFER SORT TEST
seq_0137,YIELD ANALYSIS
seq_0137,LOT RELEASE
seq_0137,SHIP LOT
seq_0138,RECEIVE WAFER LOT
seq_0138,LOT IDENTIFICATION
seq_0138,INITIAL WAFER INSPECTION
seq_0138,MEASURE THICKNESS
seq_0138,MEASURE SURFACE PARTICLES
seq_0138,PRE CLEAN WAFER
seq_0138,BACKSIDE CLEAN
seq_0138,WET CLEAN RCA1
seq_0138,RCA CLEAN 2
seq_0138,HF DIP
seq_0138,SUBSTRATE CHECK
seq_0138,EPITAXY PREP
seq_0138,EPITAXIAL DEPOSITION
seq_0138,MEASURE EPITAXY THICKNESS
seq_0138,MEASURE RESISTIVITY
seq_0138,EPITAXY ANNEAL
seq_0138,WAFER SURFACE CLEAN
seq_0138,THERMAL OXIDATION
seq_0138,MEASURE OXIDE THICKNESS
seq_0138,SPIN COAT PHOTORESIST
seq_0138,SOFT BAKE
seq_0138,ALIGN MASK LEVEL 1
seq_0138,EXPOSE LITHO LEVEL 1
seq_0138,DEVELOP PHOTORESIST
seq_0138,PATTERN INSPECTION LEVEL 1
seq_0138,OXIDE ETCH
seq_0138,STRIP PHOTORESIST
seq_0138,CLEAN AFTER ETCH
seq_0138,MEASURE OPENING CD
seq_0138,IMPLANT WELL
seq_0138,PRE ANNEAL CHECK
seq_0138,DRIVE IN DIFFUSION
seq_0138,RAPID THERMAL ANNEAL
seq_0138,THERMAL OXIDATION
seq_0138,GATE OXIDE PREP
seq_0138,GATE OXIDE GROWTH
seq_0138,MEASURE GATE OXIDE THICKNESS
seq_0138,DEPOSIT POLYSILICON
seq_0138,POLYSILICON ANNEAL
seq_0138,SPIN COAT PHOTORESIST
seq_0138,SOFT BAKE
seq_0138,ALIGN MASK LEVEL 2
seq_0138,EXPOSE LITHO LEVEL 2
seq_0138,POST EXPOSE BAKE
seq_0138,DEVELOP PHOTORESIST
seq_0138,POLY PATTERN INSPECTION
seq_0138,HARD BAKE
seq_0138,POLYSILICON ETCH
seq_0138,STRIP PHOTORESIST
seq_0138,CLEAN AFTER POLY ETCH
seq_0138,IMPLANT SOURCE DRAIN
seq_0138,PRE ANNEAL CHECK
seq_0138,LIGHT ANNEAL
seq_0138,MEASURE SHEET RESISTANCE
seq_0138,DEPOSIT SPACER DIELECTRIC
seq_0138,ANISOTROPIC ETCH SPACER
seq_0138,IMPLANT LDD
seq_0138,PRE ANNEAL CHECK
seq_0138,RAPID THERMAL ANNEAL
seq_0138,MEASURE JUNCTION PROFILE
seq_0138,DEPOSIT INTERLEVEL DIELECTRIC
seq_0138,DENSIFY OXIDE
seq_0138,MEASURE FILM THICKNESS
seq_0138,CMP INTERLAYER DIELECTRIC
seq_0138,MEASURE SURFACE PLANARITY
seq_0138,SPIN COAT PHOTORESIST
seq_0138,SOFT BAKE
seq_0138,ALIGN MASK LEVEL 3
seq_0138,EXPOSE LITHO LEVEL 3
seq_0138,POST EXPOSE BAKE
seq_0138,DEVELOP PHOTORESIST
seq_0138,VIA OPENING INSPECTION
seq_0138,HARD BAKE
seq_0138,VIA ETCH
seq_0138,STRIP PHOTORESIST
seq_0138,CLEAN AFTER VIA ETCH
seq_0138,DEPOSIT BARRIER METAL
seq_0138,DEPOSIT METAL SEED
seq_0138,FILL VIA METAL
seq_0138,CMP METAL
seq_0138,MEASURE VIA RESISTANCE
seq_0138,DEPOSIT TOP METAL
seq_0138,ANNEAL METAL
seq_0138,MEASURE METAL THICKNESS
seq_0138,SPIN COAT PHOTORESIST
seq_0138,SOFT BAKE
seq_0138,ALIGN MASK LEVEL 4
seq_0138,EXPOSE LITHO LEVEL 4
seq_0138,DEVELOP PHOTORESIST
seq_0138,METAL PATTERN INSPECTION
seq_0138,METAL ETCH
seq_0138,STRIP PHOTORESIST
seq_0138,CLEAN AFTER METAL ETCH
seq_0138,MEASURE LINE WIDTH
seq_0138,DEPOSIT PASSIVATION
seq_0138,CURE PASSIVATION
seq_0138,MEASURE PASSIVATION QUALITY
seq_0138,OPEN BOND PAD WINDOW
seq_0138,OPEN PAD WINDOW LITHO
seq_0138,DEVELOP PAD WINDOW
seq_0138,PASSIVATION ETCH
seq_0138,STRIP RESIST
seq_0138,CLEAN PAD OPENING
seq_0138,MEASURE PAD OPENING
seq_0138,BACKSIDE CLEAN
seq_0138,BACKSIDE GRIND
seq_0138,MEASURE WAFER THICKNESS
seq_0138,BACKSIDE ETCH CLEAN
seq_0138,BACKSIDE RINSE
seq_0138,BACKSIDE DRY
seq_0138,BACKSIDE METALLIZATION PREP
seq_0138,DEPOSIT BACKSIDE METAL
seq_0138,BACKSIDE ANNEAL
seq_0138,MEASURE BACKSIDE CONTACT
seq_0138,FINAL CLEAN
seq_0138,FINAL THICKNESS MEASURE
seq_0138,FINAL GEOMETRY CHECK
seq_0138,ELECTRICAL PARAMETRIC TEST
seq_0138,LEAKAGE TEST
seq_0138,THRESHOLD VOLTAGE TEST
seq_0138,SWITCHING TEST
seq_0138,WAFER SORT TEST
seq_0138,YIELD ANALYSIS
seq_0138,LOT RELEASE
seq_0138,SHIP LOT
seq_0139,RECEIVE WAFER LOT
seq_0139,LOT IDENTIFICATION
seq_0139,PRE CLEAN INSPECTION
seq_0139,MEASURE THICKNESS
seq_0139,MEASURE SURFACE PARTICLES
seq_0139,PRE CLEAN WAFER
seq_0139,WET CLEAN RCA1
seq_0139,WET CLEAN RCA2
seq_0139,HF DIP
seq_0139,SUBSTRATE CHECK
seq_0139,EPITAXY PREP
seq_0139,EPITAXIAL DEPOSITION
seq_0139,MEASURE EPITAXY THICKNESS
seq_0139,MEASURE RESISTIVITY
seq_0139,EPITAXY ANNEAL
seq_0139,WAFER SURFACE CLEAN
seq_0139,THERMAL OXIDATION
seq_0139,MEASURE OXIDE THICKNESS
seq_0139,SPIN COAT PHOTORESIST
seq_0139,SOFT BAKE
seq_0139,ALIGN MASK LEVEL 1
seq_0139,EXPOSE LITHO LEVEL 1
seq_0139,DEVELOP PHOTORESIST
seq_0139,PATTERN INSPECTION LEVEL 1
seq_0139,OXIDE ETCH
seq_0139,STRIP RESIST
seq_0139,CLEAN AFTER ETCH
seq_0139,MEASURE OPENING CD
seq_0139,IMPLANT WELL
seq_0139,PRE ANNEAL CHECK
seq_0139,DRIVE IN DIFFUSION
seq_0139,RAPID THERMAL ANNEAL
seq_0139,THERMAL OXIDATION
seq_0139,GATE OXIDE PREP
seq_0139,GATE OXIDE GROWTH
seq_0139,MEASURE GATE OXIDE THICKNESS
seq_0139,DEPOSIT POLYSILICON
seq_0139,POLYSILICON ANNEAL
seq_0139,MEASURE POLY THICKNESS
seq_0139,SPIN COAT PHOTORESIST
seq_0139,SOFT BAKE
seq_0139,ALIGN MASK LEVEL 2
seq_0139,EXPOSE LITHO LEVEL 2
seq_0139,DEVELOP PHOTORESIST
seq_0139,POLY PATTERN INSPECTION
seq_0139,HARD BAKE
seq_0139,POLYSILICON ETCH
seq_0139,STRIP RESIST
seq_0139,CLEAN AFTER POLY ETCH
seq_0139,MEASURE GATE CD
seq_0139,IMPLANT SOURCE DRAIN
seq_0139,LIGHT ANNEAL
seq_0139,MEASURE SHEET RESISTANCE
seq_0139,DEPOSIT SPACER DIELECTRIC
seq_0139,ANISOTROPIC ETCH SPACER
seq_0139,IMPLANT LDD
seq_0139,PRE ANNEAL CHECK
seq_0139,RAPID THERMAL ANNEAL
seq_0139,DEPOSIT INTERLEVEL DIELECTRIC
seq_0139,DENSIFY OXIDE
seq_0139,MEASURE DIELECTRIC THICKNESS
seq_0139,CMP DIELECTRIC
seq_0139,MEASURE SURFACE PLANARITY
seq_0139,SPIN COAT PHOTORESIST
seq_0139,SOFT BAKE
seq_0139,ALIGN MASK LEVEL 3
seq_0139,EXPOSE LITHO LEVEL 3
seq_0139,DEVELOP PHOTORESIST
seq_0139,VIA OPENING INSPECTION
seq_0139,VIA ETCH THROUGH DIELECTRIC
seq_0139,STRIP RESIST
seq_0139,CLEAN AFTER VIA ETCH
seq_0139,DEPOSIT BARRIER METAL
seq_0139,DEPOSIT METAL SEED
seq_0139,FILL VIA METAL
seq_0139,CMP METAL
seq_0139,MEASURE VIA RESISTANCE
seq_0139,DEPOSIT TOP METAL
seq_0139,ANNEAL METAL
seq_0139,SPIN COAT PHOTORESIST
seq_0139,SOFT BAKE
seq_0139,ALIGN MASK LEVEL 4
seq_0139,EXPOSE LITHO LEVEL 4
seq_0139,DEVELOP PHOTORESIST
seq_0139,METAL PATTERN INSPECTION
seq_0139,METAL ETCH
seq_0139,STRIP RESIST
seq_0139,CLEAN AFTER METAL ETCH
seq_0139,MEASURE LINE WIDTH
seq_0139,DEPOSIT PASSIVATION
seq_0139,CURE PASSIVATION
seq_0139,MEASURE PASSIVATION THICKNESS
seq_0139,OPEN BOND PAD WINDOW
seq_0139,OPEN PAD WINDOW LITHO
seq_0139,DEVELOP PAD WINDOW
seq_0139,PASSIVATION ETCH
seq_0139,STRIP PHOTORESIST
seq_0139,CLEAN PAD OPENING
seq_0139,MEASURE PAD OPENING
seq_0139,BACKSIDE CLEAN
seq_0139,BACKSIDE GRIND
seq_0139,MEASURE WAFER THICKNESS
seq_0139,BACKSIDE ETCH CLEAN
seq_0139,BACKSIDE RINSE
seq_0139,BACKSIDE DRY
seq_0139,BACKSIDE METALLIZATION PREP
seq_0139,DEPOSIT BACKSIDE METAL
seq_0139,BACKSIDE ANNEAL
seq_0139,MEASURE BACKSIDE CONTACT
seq_0139,FINAL CLEAN
seq_0139,FINAL THICKNESS MEASURE
seq_0139,FINAL GEOMETRY CHECK
seq_0139,FINAL PARTICLE INSPECTION
seq_0139,PARAMETRIC TEST
seq_0139,LEAKAGE TEST
seq_0139,THRESHOLD VOLTAGE TEST
seq_0139,SWITCHING TEST
seq_0139,WAFER SORT TEST
seq_0139,YIELD ANALYSIS
seq_0139,FINAL LOT RELEASE
seq_0139,SHIP LOT
seq_0140,RECEIVE WAFER LOT
seq_0140,LOT IDENTIFICATION
seq_0140,PRE CLEAN INSPECTION
seq_0140,MEASURE THICKNESS
seq_0140,MEASURE SURFACE PARTICLES
seq_0140,PRE CLEAN WAFER
seq_0140,FRONTSIDE CLEAN
seq_0140,RCA CLEAN 1
seq_0140,RCA CLEAN 2
seq_0140,HF DIP
seq_0140,DRY WAFER
seq_0140,SUBSTRATE CHECK
seq_0140,EPITAXY PREP
seq_0140,EPITAXIAL DEPOSITION
seq_0140,MEASURE EPITAXY THICKNESS
seq_0140,MEASURE RESISTIVITY
seq_0140,EPITAXY ANNEAL
seq_0140,WAFER SURFACE CLEAN
seq_0140,THERMAL OXIDATION
seq_0140,MEASURE OXIDE THICKNESS
seq_0140,SPIN COAT PHOTORESIST
seq_0140,SOFT BAKE
seq_0140,ALIGN MASK LEVEL 1
seq_0140,EXPOSE LITHO LEVEL 1
seq_0140,POST EXPOSE BAKE
seq_0140,DEVELOP PHOTORESIST
seq_0140,PATTERN INSPECTION LEVEL 1
seq_0140,OXIDE ETCH
seq_0140,STRIP PHOTORESIST
seq_0140,CLEAN AFTER ETCH
seq_0140,IMPLANT WELL
seq_0140,PRE ANNEAL CHECK
seq_0140,DRIVE IN DIFFUSION
seq_0140,RAPID THERMAL ANNEAL
seq_0140,MEASURE JUNCTION DEPTH
seq_0140,THERMAL OXIDATION
seq_0140,GATE OXIDE PREP
seq_0140,GATE OXIDE GROWTH
seq_0140,MEASURE GATE OXIDE THICKNESS
seq_0140,DEPOSIT POLYSILICON
seq_0140,POLYSILICON ANNEAL
seq_0140,MEASURE POLY THICKNESS
seq_0140,SPIN COAT PHOTORESIST
seq_0140,SOFT BAKE
seq_0140,ALIGN MASK LEVEL 2
seq_0140,EXPOSE LITHO LEVEL 2
seq_0140,POST EXPOSE BAKE
seq_0140,DEVELOP PHOTORESIST
seq_0140,POLY PATTERN INSPECTION
seq_0140,POLYSILICON ETCH
seq_0140,STRIP RESIST
seq_0140,CLEAN AFTER POLY ETCH
seq_0140,MEASURE GATE CD
seq_0140,IMPLANT SOURCE DRAIN
seq_0140,LIGHT ANNEAL
seq_0140,MEASURE SHEET RESISTANCE
seq_0140,DEPOSIT SPACER DIELECTRIC
seq_0140,ANISOTROPIC ETCH SPACER
seq_0140,MEASURE SPACER WIDTH
seq_0140,IMPLANT LDD
seq_0140,PRE ANNEAL CHECK
seq_0140,RAPID THERMAL ANNEAL
seq_0140,MEASURE JUNCTION PROFILE
seq_0140,DEPOSIT INTERLAYER DIELECTRIC
seq_0140,DENSIFY OXIDE
seq_0140,MEASURE FILM THICKNESS
seq_0140,CMP INTERLAYER DIELECTRIC
seq_0140,MEASURE SURFACE PLANARITY
seq_0140,SPIN COAT PHOTORESIST
seq_0140,SOFT BAKE
seq_0140,ALIGN MASK LEVEL 3
seq_0140,EXPOSE LITHO LEVEL 3
seq_0140,DEVELOP PHOTORESIST
seq_0140,VIA OPENING INSPECTION
seq_0140,HARD BAKE
seq_0140,VIA ETCH THROUGH DIELECTRIC
seq_0140,STRIP RESIST
seq_0140,CLEAN AFTER VIA ETCH
seq_0140,MEASURE VIA CD
seq_0140,DEPOSIT BARRIER METAL
seq_0140,DEPOSIT METAL SEED
seq_0140,FILL VIA METAL
seq_0140,CMP VIA FILL
seq_0140,MEASURE CONTACT RESISTANCE
seq_0140,DEPOSIT TOP METAL
seq_0140,ANNEAL METAL 1
seq_0140,MEASURE METAL THICKNESS
seq_0140,SPIN COAT PHOTORESIST
seq_0140,SOFT BAKE
seq_0140,ALIGN MASK LEVEL 4
seq_0140,EXPOSE LITHO LEVEL 4
seq_0140,DEVELOP PHOTORESIST
seq_0140,METAL PATTERN INSPECTION
seq_0140,HARD BAKE
seq_0140,METAL ETCH
seq_0140,STRIP PHOTORESIST
seq_0140,CLEAN AFTER METAL ETCH
seq_0140,MEASURE LINE WIDTH
seq_0140,DEPOSIT PASSIVATION LAYER
seq_0140,CURE PASSIVATION
seq_0140,MEASURE PASSIVATION THICKNESS
seq_0140,OPEN BOND PAD WINDOW
seq_0140,OPEN PAD WINDOW LITHO
seq_0140,DEVELOP PHOTORESIST
seq_0140,PASSIVATION ETCH
seq_0140,STRIP PHOTORESIST
seq_0140,CLEAN PAD OPENING
seq_0140,MEASURE PAD OPENING
seq_0140,BACKSIDE CLEAN
seq_0140,BACKSIDE GRIND
seq_0140,MEASURE WAFER THICKNESS
seq_0140,BACKSIDE ETCH CLEAN
seq_0140,BACKSIDE RINSE
seq_0140,BACKSIDE DRY
seq_0140,BACKSIDE METALLIZATION PREP
seq_0140,DEPOSIT BACKSIDE METAL
seq_0140,BACKSIDE ANNEAL
seq_0140,MEASURE BACKSIDE CONTACT
seq_0140,FINAL CLEAN
seq_0140,FINAL THICKNESS MEASURE
seq_0140,PARAMETRIC TEST
seq_0140,LEAKAGE TEST
seq_0140,THRESHOLD VOLTAGE TEST
seq_0140,SWITCHING TEST
seq_0140,WAFER SORT TEST
seq_0140,YIELD ANALYSIS
seq_0140,LOT RELEASE
seq_0140,SHIP LOT
seq_0141,RECEIVE WAFER LOT
seq_0141,LOT IDENTIFICATION
seq_0141,INITIAL WAFER INSPECTION
seq_0141,MEASURE SURFACE PARTICLES
seq_0141,PRE CLEAN WAFER
seq_0141,BACKSIDE CLEAN
seq_0141,FRONTSIDE CLEAN
seq_0141,RCA CLEAN 1
seq_0141,WET CLEAN RCA2
seq_0141,HF DIP
seq_0141,DRY WAFER
seq_0141,SUBSTRATE CHECK
seq_0141,EPITAXY PREP
seq_0141,EPITAXIAL DEPOSITION
seq_0141,MEASURE EPITAXY THICKNESS
seq_0141,MEASURE RESISTIVITY
seq_0141,EPITAXY ANNEAL
seq_0141,WAFER SURFACE CLEAN
seq_0141,THERMAL OXIDATION
seq_0141,MEASURE OXIDE THICKNESS
seq_0141,SPIN COAT PHOTORESIST
seq_0141,SOFT BAKE
seq_0141,ALIGN MASK LEVEL 1
seq_0141,EXPOSE LITHO LEVEL 1
seq_0141,DEVELOP PHOTORESIST
seq_0141,PATTERN INSPECTION LEVEL 1
seq_0141,OXIDE ETCH
seq_0141,STRIP RESIST
seq_0141,CLEAN AFTER ETCH
seq_0141,MEASURE OPENING CD
seq_0141,IMPLANT WELL
seq_0141,PRE ANNEAL CHECK
seq_0141,DRIVE IN DIFFUSION
seq_0141,RAPID THERMAL ANNEAL
seq_0141,THERMAL OXIDATION
seq_0141,GATE OXIDE PREP
seq_0141,GATE OXIDE GROWTH
seq_0141,MEASURE GATE OXIDE THICKNESS
seq_0141,DEPOSIT POLYSILICON
seq_0141,POLYSILICON ANNEAL
seq_0141,MEASURE POLY THICKNESS
seq_0141,SPIN COAT PHOTORESIST
seq_0141,SOFT BAKE
seq_0141,ALIGN MASK LEVEL 2
seq_0141,EXPOSE LITHO LEVEL 2
seq_0141,DEVELOP PHOTORESIST
seq_0141,POLY PATTERN INSPECTION
seq_0141,POLYSILICON ETCH
seq_0141,STRIP RESIST
seq_0141,CLEAN AFTER POLY ETCH
seq_0141,MEASURE GATE CD
seq_0141,IMPLANT SOURCE DRAIN
seq_0141,PRE ANNEAL CHECK
seq_0141,LIGHT ANNEAL
seq_0141,MEASURE SHEET RESISTANCE
seq_0141,DEPOSIT SPACER DIELECTRIC
seq_0141,ANISOTROPIC ETCH SPACER
seq_0141,IMPLANT LDD
seq_0141,PRE ANNEAL CHECK
seq_0141,RAPID THERMAL ANNEAL
seq_0141,MEASURE JUNCTION PROFILE
seq_0141,DEPOSIT INTERLAYER DIELECTRIC
seq_0141,DENSIFY DIELECTRIC
seq_0141,MEASURE DIELECTRIC THICKNESS
seq_0141,CMP INTERLAYER DIELECTRIC
seq_0141,MEASURE PLANARITY
seq_0141,SPIN COAT PHOTORESIST
seq_0141,SOFT BAKE
seq_0141,ALIGN MASK LEVEL 3
seq_0141,EXPOSE LITHO LEVEL 3
seq_0141,POST EXPOSE BAKE
seq_0141,DEVELOP PHOTORESIST
seq_0141,VIA INSPECTION
seq_0141,VIA ETCH
seq_0141,STRIP PHOTORESIST
seq_0141,CLEAN AFTER VIA ETCH
seq_0141,MEASURE VIA CD
seq_0141,DEPOSIT BARRIER METAL
seq_0141,DEPOSIT METAL SEED
seq_0141,FILL VIA METAL
seq_0141,CMP VIA FILL
seq_0141,DEPOSIT TOP METAL
seq_0141,ANNEAL METAL 1
seq_0141,SPIN COAT PHOTORESIST
seq_0141,SOFT BAKE
seq_0141,ALIGN MASK LEVEL 4
seq_0141,EXPOSE LITHO LEVEL 4
seq_0141,DEVELOP PHOTORESIST
seq_0141,METAL PATTERN INSPECTION
seq_0141,HARD BAKE
seq_0141,METAL ETCH
seq_0141,STRIP RESIST
seq_0141,CLEAN AFTER METAL ETCH
seq_0141,DEPOSIT PASSIVATION
seq_0141,CURE PASSIVATION
seq_0141,MEASURE PASSIVATION THICKNESS
seq_0141,OPEN BOND PAD WINDOW
seq_0141,OPEN PAD WINDOW LITHO
seq_0141,DEVELOP PHOTORESIST
seq_0141,PASSIVATION ETCH
seq_0141,STRIP RESIST
seq_0141,CLEAN PAD OPENING
seq_0141,MEASURE PAD OPENING
seq_0141,BACKSIDE CLEAN
seq_0141,BACKSIDE GRIND
seq_0141,MEASURE WAFER THICKNESS
seq_0141,BACKSIDE ETCH CLEAN
seq_0141,BACKSIDE RINSE
seq_0141,BACKSIDE DRY
seq_0141,BACKSIDE METALLIZATION PREP
seq_0141,DEPOSIT BACKSIDE METAL
seq_0141,BACKSIDE ANNEAL
seq_0141,MEASURE BACKSIDE CONTACT
seq_0141,FINAL CLEAN
seq_0141,FINAL THICKNESS MEASURE
seq_0141,FINAL GEOMETRY CHECK
seq_0141,FINAL CD INSPECTION
seq_0141,FINAL PARTICLE INSPECTION
seq_0141,ELECTRICAL PARAMETRIC TEST
seq_0141,LEAKAGE TEST
seq_0141,THRESHOLD VOLTAGE TEST
seq_0141,SWITCHING TEST
seq_0141,WAFER SORT TEST
seq_0141,YIELD ANALYSIS
seq_0141,FINAL LOT RELEASE
seq_0141,SHIP LOT
seq_0142,RECEIVE WAFER LOT
seq_0142,LOT IDENTIFICATION
seq_0142,PRE CLEAN INSPECTION
seq_0142,MEASURE SURFACE PARTICLES
seq_0142,PRE CLEAN WAFER
seq_0142,FRONTSIDE CLEAN
seq_0142,WET CLEAN RCA1
seq_0142,RCA CLEAN 2
seq_0142,HF DIP
seq_0142,DRY WAFER
seq_0142,SUBSTRATE CHECK
seq_0142,EPITAXY PREP
seq_0142,EPITAXIAL DEPOSITION
seq_0142,MEASURE EPITAXY THICKNESS
seq_0142,MEASURE RESISTIVITY
seq_0142,EPITAXY ANNEAL
seq_0142,WAFER SURFACE CLEAN
seq_0142,THERMAL OXIDATION
seq_0142,MEASURE OXIDE THICKNESS
seq_0142,SPIN COAT PHOTORESIST
seq_0142,SOFT BAKE
seq_0142,ALIGN MASK LEVEL 1
seq_0142,EXPOSE LITHO LEVEL 1
seq_0142,POST EXPOSE BAKE
seq_0142,DEVELOP PHOTORESIST
seq_0142,PATTERN INSPECTION LEVEL 1
seq_0142,OXIDE ETCH
seq_0142,STRIP RESIST
seq_0142,CLEAN AFTER ETCH
seq_0142,MEASURE OPENING CD
seq_0142,IMPLANT WELL
seq_0142,PRE ANNEAL CHECK
seq_0142,DRIVE IN DIFFUSION
seq_0142,RAPID THERMAL ANNEAL
seq_0142,THERMAL OXIDATION
seq_0142,GATE OXIDE PREP
seq_0142,GATE OXIDE GROWTH
seq_0142,MEASURE GATE OXIDE THICKNESS
seq_0142,DEPOSIT POLYSILICON
seq_0142,POLYSILICON ANNEAL
seq_0142,MEASURE POLY THICKNESS
seq_0142,SPIN COAT PHOTORESIST
seq_0142,SOFT BAKE
seq_0142,ALIGN MASK LEVEL 2
seq_0142,EXPOSE LITHO LEVEL 2
seq_0142,DEVELOP PHOTORESIST
seq_0142,POLY PATTERN INSPECTION
seq_0142,POLYSILICON ETCH
seq_0142,STRIP PHOTORESIST
seq_0142,CLEAN AFTER POLY ETCH
seq_0142,MEASURE GATE CD
seq_0142,IMPLANT SOURCE DRAIN
seq_0142,PRE ANNEAL CHECK
seq_0142,LIGHT ANNEAL
seq_0142,MEASURE SHEET RESISTANCE
seq_0142,DEPOSIT SPACER DIELECTRIC
seq_0142,ANISOTROPIC ETCH SPACER
seq_0142,MEASURE SPACER WIDTH
seq_0142,IMPLANT LDD
seq_0142,PRE ANNEAL CHECK
seq_0142,RAPID THERMAL ANNEAL
seq_0142,DEPOSIT INTERLAYER DIELECTRIC
seq_0142,DENSIFY OXIDE
seq_0142,MEASURE FILM THICKNESS
seq_0142,CMP DIELECTRIC
seq_0142,MEASURE PLANARITY
seq_0142,SPIN COAT PHOTORESIST
seq_0142,SOFT BAKE
seq_0142,ALIGN MASK LEVEL 3
seq_0142,EXPOSE LITHO LEVEL 3
seq_0142,DEVELOP PHOTORESIST
seq_0142,VIA OPENING INSPECTION
seq_0142,DIELECTRIC ETCH VIA
seq_0142,STRIP RESIST
seq_0142,CLEAN AFTER VIA ETCH
seq_0142,MEASURE VIA CD
seq_0142,DEPOSIT BARRIER METAL
seq_0142,DEPOSIT METAL SEED
seq_0142,FILL VIA METAL
seq_0142,CMP METAL
seq_0142,MEASURE VIA RESISTANCE
seq_0142,DEPOSIT TOP METAL
seq_0142,ANNEAL METAL 1
seq_0142,SPIN COAT PHOTORESIST
seq_0142,SOFT BAKE
seq_0142,ALIGN MASK LEVEL 4
seq_0142,EXPOSE LITHO LEVEL 4
seq_0142,POST EXPOSE BAKE
seq_0142,DEVELOP PHOTORESIST
seq_0142,METAL PATTERN INSPECTION
seq_0142,HARD BAKE
seq_0142,METAL ETCH
seq_0142,STRIP RESIST
seq_0142,CLEAN AFTER METAL ETCH
seq_0142,MEASURE LINE WIDTH
seq_0142,DEPOSIT PASSIVATION LAYER
seq_0142,CURE PASSIVATION
seq_0142,MEASURE PASSIVATION THICKNESS
seq_0142,OPEN BOND PAD WINDOW
seq_0142,OPEN PAD WINDOW LITHO
seq_0142,DEVELOP PAD WINDOW
seq_0142,PASSIVATION ETCH
seq_0142,STRIP PHOTORESIST
seq_0142,CLEAN PAD OPENING
seq_0142,MEASURE PAD OPENING
seq_0142,BACKSIDE CLEAN
seq_0142,BACKSIDE GRIND
seq_0142,MEASURE THICKNESS
seq_0142,BACKSIDE ETCH CLEAN
seq_0142,BACKSIDE RINSE
seq_0142,BACKSIDE DRY
seq_0142,BACKSIDE METALLIZATION PREP
seq_0142,DEPOSIT BACKSIDE METAL
seq_0142,BACKSIDE ANNEAL
seq_0142,MEASURE BACKSIDE CONTACT
seq_0142,FINAL CLEAN
seq_0142,FINAL THICKNESS MEASURE
seq_0142,FINAL GEOMETRY CHECK
seq_0142,FINAL PARTICLE INSPECTION
seq_0142,ELECTRICAL PARAMETRIC TEST
seq_0142,LEAKAGE TEST
seq_0142,THRESHOLD VOLTAGE TEST
seq_0142,SWITCHING TEST
seq_0142,WAFER SORT TEST
seq_0142,YIELD ANALYSIS
seq_0142,FINAL LOT RELEASE
seq_0142,SHIP LOT
seq_0143,RECEIVE WAFER LOT
seq_0143,LOT IDENTIFICATION
seq_0143,PRE CLEAN INSPECTION
seq_0143,MEASURE SURFACE PARTICLES
seq_0143,PRE CLEAN WAFER
seq_0143,BACKSIDE CLEAN
seq_0143,WET CLEAN RCA1
seq_0143,WET CLEAN RCA2
seq_0143,HF DIP
seq_0143,SUBSTRATE CHECK
seq_0143,EPITAXY PREP
seq_0143,EPITAXIAL DEPOSITION
seq_0143,MEASURE EPITAXY THICKNESS
seq_0143,MEASURE RESISTIVITY
seq_0143,EPITAXY ANNEAL
seq_0143,WAFER SURFACE CLEAN
seq_0143,THERMAL OXIDATION
seq_0143,MEASURE OXIDE THICKNESS
seq_0143,SPIN COAT PHOTORESIST
seq_0143,SOFT BAKE
seq_0143,ALIGN MASK LEVEL 1
seq_0143,EXPOSE LITHO LEVEL 1
seq_0143,DEVELOP PHOTORESIST
seq_0143,PATTERN INSPECTION LEVEL 1
seq_0143,OXIDE ETCH
seq_0143,STRIP RESIST
seq_0143,CLEAN AFTER ETCH
seq_0143,MEASURE OPENING CD
seq_0143,IMPLANT WELL
seq_0143,PRE ANNEAL CHECK
seq_0143,DRIVE IN DIFFUSION
seq_0143,RAPID THERMAL ANNEAL
seq_0143,MEASURE JUNCTION DEPTH
seq_0143,THERMAL OXIDATION
seq_0143,GATE OXIDE PREP
seq_0143,GATE OXIDE GROWTH
seq_0143,MEASURE GATE OXIDE THICKNESS
seq_0143,DEPOSIT POLYSILICON
seq_0143,POLYSILICON ANNEAL
seq_0143,MEASURE POLY THICKNESS
seq_0143,SPIN COAT PHOTORESIST
seq_0143,SOFT BAKE
seq_0143,ALIGN MASK LEVEL 2
seq_0143,EXPOSE LITHO LEVEL 2
seq_0143,DEVELOP PHOTORESIST
seq_0143,POLY PATTERN INSPECTION
seq_0143,POLYSILICON ETCH
seq_0143,STRIP PHOTORESIST
seq_0143,CLEAN AFTER POLY ETCH
seq_0143,MEASURE GATE CD
seq_0143,IMPLANT SOURCE DRAIN
seq_0143,LIGHT ANNEAL
seq_0143,DEPOSIT SPACER DIELECTRIC
seq_0143,ANISOTROPIC ETCH SPACER
seq_0143,MEASURE SPACER WIDTH
seq_0143,IMPLANT LDD
seq_0143,RAPID THERMAL ANNEAL
seq_0143,DEPOSIT INTERLAYER DIELECTRIC
seq_0143,DENSIFY OXIDE
seq_0143,MEASURE DIELECTRIC THICKNESS
seq_0143,CMP DIELECTRIC
seq_0143,MEASURE PLANARITY
seq_0143,SPIN COAT PHOTORESIST
seq_0143,SOFT BAKE
seq_0143,ALIGN MASK LEVEL 3
seq_0143,EXPOSE LITHO LEVEL 3
seq_0143,POST EXPOSE BAKE
seq_0143,DEVELOP PHOTORESIST
seq_0143,VIA INSPECTION
seq_0143,VIA ETCH
seq_0143,STRIP PHOTORESIST
seq_0143,CLEAN AFTER VIA ETCH
seq_0143,MEASURE VIA CD
seq_0143,DEPOSIT BARRIER METAL
seq_0143,DEPOSIT METAL SEED
seq_0143,FILL VIA METAL
seq_0143,CMP VIA FILL
seq_0143,DEPOSIT METAL 1
seq_0143,ANNEAL METAL 1
seq_0143,SPIN COAT PHOTORESIST
seq_0143,SOFT BAKE
seq_0143,ALIGN MASK LEVEL 4
seq_0143,EXPOSE LITHO LEVEL 4
seq_0143,DEVELOP PHOTORESIST
seq_0143,METAL PATTERN INSPECTION
seq_0143,METAL ETCH
seq_0143,STRIP RESIST
seq_0143,CLEAN AFTER METAL ETCH
seq_0143,DEPOSIT PASSIVATION LAYER
seq_0143,CURE PASSIVATION
seq_0143,MEASURE PASSIVATION QUALITY
seq_0143,OPEN BOND PAD WINDOW
seq_0143,OPEN PAD WINDOW LITHO
seq_0143,DEVELOP PHOTORESIST
seq_0143,PASSIVATION ETCH PAD OPENING
seq_0143,STRIP RESIST
seq_0143,CLEAN PAD OPENING
seq_0143,MEASURE PAD OPENING
seq_0143,BACKSIDE CLEAN
seq_0143,BACKSIDE GRIND
seq_0143,MEASURE WAFER THICKNESS
seq_0143,BACKSIDE ETCH CLEAN
seq_0143,BACKSIDE RINSE
seq_0143,BACKSIDE DRY
seq_0143,BACKSIDE METALLIZATION PREP
seq_0143,DEPOSIT BACKSIDE METAL
seq_0143,BACKSIDE ANNEAL
seq_0143,MEASURE BACKSIDE CONTACT
seq_0143,FINAL CLEAN
seq_0143,FINAL THICKNESS MEASURE
seq_0143,FINAL GEOMETRY CHECK
seq_0143,FINAL PARTICLE INSPECTION
seq_0143,ELECTRICAL PARAMETRIC TEST
seq_0143,LEAKAGE TEST
seq_0143,THRESHOLD VOLTAGE TEST
seq_0143,SWITCHING TEST
seq_0143,WAFER SORT TEST
seq_0143,YIELD ANALYSIS
seq_0143,FINAL LOT RELEASE
seq_0143,SHIP LOT
seq_0144,RECEIVE WAFER LOT
seq_0144,LOT IDENTIFICATION
seq_0144,INITIAL WAFER INSPECTION
seq_0144,MEASURE THICKNESS
seq_0144,MEASURE SURFACE PARTICLES
seq_0144,PRE CLEAN WAFER
seq_0144,WET CLEAN RCA1
seq_0144,WET CLEAN RCA2
seq_0144,HF DIP
seq_0144,DRY WAFER
seq_0144,SUBSTRATE CHECK
seq_0144,EPITAXY PREP
seq_0144,EPITAXIAL DEPOSITION
seq_0144,MEASURE EPITAXY THICKNESS
seq_0144,MEASURE RESISTIVITY
seq_0144,EPITAXY ANNEAL
seq_0144,WAFER SURFACE CLEAN
seq_0144,THERMAL OXIDATION
seq_0144,MEASURE OXIDE THICKNESS
seq_0144,SPIN COAT PHOTORESIST
seq_0144,SOFT BAKE
seq_0144,ALIGN MASK LEVEL 1
seq_0144,EXPOSE LITHO LEVEL 1
seq_0144,POST EXPOSE BAKE
seq_0144,DEVELOP PHOTORESIST
seq_0144,PATTERN INSPECTION LEVEL 1
seq_0144,OXIDE ETCH
seq_0144,STRIP PHOTORESIST
seq_0144,CLEAN AFTER ETCH
seq_0144,MEASURE OPENING CD
seq_0144,IMPLANT WELL
seq_0144,PRE ANNEAL CHECK
seq_0144,DRIVE IN DIFFUSION
seq_0144,RAPID THERMAL ANNEAL
seq_0144,MEASURE JUNCTION DEPTH
seq_0144,THERMAL OXIDATION
seq_0144,GATE OXIDE PREP
seq_0144,GATE OXIDE GROWTH
seq_0144,MEASURE GATE OXIDE THICKNESS
seq_0144,DEPOSIT POLYSILICON
seq_0144,POLYSILICON ANNEAL
seq_0144,SPIN COAT PHOTORESIST
seq_0144,SOFT BAKE
seq_0144,ALIGN MASK LEVEL 2
seq_0144,EXPOSE LITHO LEVEL 2
seq_0144,POST EXPOSE BAKE
seq_0144,DEVELOP PHOTORESIST
seq_0144,POLY PATTERN INSPECTION
seq_0144,HARD BAKE
seq_0144,POLYSILICON ETCH
seq_0144,STRIP PHOTORESIST
seq_0144,CLEAN AFTER POLY ETCH
seq_0144,IMPLANT SOURCE DRAIN
seq_0144,PRE ANNEAL CHECK
seq_0144,LIGHT ANNEAL
seq_0144,MEASURE SHEET RESISTANCE
seq_0144,DEPOSIT SPACER DIELECTRIC
seq_0144,ANISOTROPIC ETCH SPACER
seq_0144,MEASURE SPACER WIDTH
seq_0144,IMPLANT LDD
seq_0144,PRE ANNEAL CHECK
seq_0144,RAPID THERMAL ANNEAL
seq_0144,MEASURE JUNCTION PROFILE
seq_0144,DEPOSIT INTERLEVEL DIELECTRIC
seq_0144,DENSIFY OXIDE
seq_0144,MEASURE DIELECTRIC THICKNESS
seq_0144,CMP DIELECTRIC
seq_0144,MEASURE SURFACE PLANARITY
seq_0144,SPIN COAT PHOTORESIST
seq_0144,SOFT BAKE
seq_0144,ALIGN MASK LEVEL 3
seq_0144,EXPOSE LITHO LEVEL 3
seq_0144,DEVELOP PHOTORESIST
seq_0144,VIA INSPECTION
seq_0144,VIA ETCH
seq_0144,STRIP RESIST
seq_0144,CLEAN AFTER VIA ETCH
seq_0144,MEASURE VIA CD
seq_0144,DEPOSIT BARRIER METAL
seq_0144,DEPOSIT METAL SEED
seq_0144,FILL VIA METAL
seq_0144,CMP METAL
seq_0144,MEASURE CONTACT RESISTANCE
seq_0144,DEPOSIT METAL 1
seq_0144,ANNEAL METAL
seq_0144,SPIN COAT PHOTORESIST
seq_0144,SOFT BAKE
seq_0144,ALIGN MASK LEVEL 4
seq_0144,EXPOSE LITHO LEVEL 4
seq_0144,DEVELOP PHOTORESIST
seq_0144,METAL PATTERN INSPECTION
seq_0144,METAL ETCH
seq_0144,STRIP RESIST
seq_0144,CLEAN AFTER METAL ETCH
seq_0144,MEASURE LINE WIDTH
seq_0144,DEPOSIT PASSIVATION LAYER
seq_0144,CURE PASSIVATION
seq_0144,MEASURE PASSIVATION QUALITY
seq_0144,OPEN PAD WINDOW
seq_0144,PAD WINDOW LITHO
seq_0144,DEVELOP PHOTORESIST
seq_0144,PASSIVATION ETCH PAD OPENING
seq_0144,STRIP RESIST
seq_0144,CLEAN PAD OPENING
seq_0144,MEASURE PAD OPENING
seq_0144,BACKSIDE CLEAN
seq_0144,BACKSIDE GRIND
seq_0144,MEASURE THICKNESS
seq_0144,BACKSIDE ETCH CLEAN
seq_0144,BACKSIDE RINSE
seq_0144,BACKSIDE DRY
seq_0144,BACKSIDE METALLIZATION PREP
seq_0144,DEPOSIT BACKSIDE METAL
seq_0144,BACKSIDE ANNEAL
seq_0144,MEASURE BACKSIDE CONTACT
seq_0144,FINAL CLEAN
seq_0144,FINAL THICKNESS MEASURE
seq_0144,FINAL GEOMETRY CHECK
seq_0144,FINAL CD INSPECTION
seq_0144,FINAL PARTICLE INSPECTION
seq_0144,ELECTRICAL PARAMETRIC TEST
seq_0144,LEAKAGE TEST
seq_0144,THRESHOLD VOLTAGE TEST
seq_0144,SWITCHING TEST
seq_0144,WAFER SORT TEST
seq_0144,YIELD ANALYSIS
seq_0144,LOT RELEASE
seq_0144,SHIP LOT
seq_0145,RECEIVE WAFER LOT
seq_0145,LOT IDENTIFICATION
seq_0145,PRE CLEAN INSPECTION
seq_0145,MEASURE THICKNESS
seq_0145,MEASURE SURFACE PARTICLES
seq_0145,PRE CLEAN WAFER
seq_0145,FRONTSIDE CLEAN
seq_0145,WET CLEAN RCA1
seq_0145,RCA CLEAN 2
seq_0145,HF DIP
seq_0145,SUBSTRATE CHECK
seq_0145,EPITAXY PREP
seq_0145,EPITAXIAL DEPOSITION
seq_0145,MEASURE EPITAXY THICKNESS
seq_0145,MEASURE RESISTIVITY
seq_0145,EPITAXY ANNEAL
seq_0145,WAFER SURFACE CLEAN
seq_0145,THERMAL OXIDATION
seq_0145,MEASURE OXIDE THICKNESS
seq_0145,SPIN COAT PHOTORESIST
seq_0145,SOFT BAKE
seq_0145,ALIGN MASK LEVEL 1
seq_0145,EXPOSE LITHO LEVEL 1
seq_0145,DEVELOP PHOTORESIST
seq_0145,PATTERN INSPECTION LEVEL 1
seq_0145,OXIDE ETCH
seq_0145,STRIP PHOTORESIST
seq_0145,CLEAN AFTER ETCH
seq_0145,MEASURE OPENING CD
seq_0145,IMPLANT WELL
seq_0145,PRE ANNEAL CHECK
seq_0145,DRIVE IN DIFFUSION
seq_0145,RAPID THERMAL ANNEAL
seq_0145,MEASURE JUNCTION DEPTH
seq_0145,THERMAL OXIDATION
seq_0145,GATE OXIDE PREP
seq_0145,GATE OXIDE GROWTH
seq_0145,MEASURE GATE OXIDE THICKNESS
seq_0145,DEPOSIT POLYSILICON
seq_0145,POLYSILICON ANNEAL
seq_0145,MEASURE POLY THICKNESS
seq_0145,SPIN COAT PHOTORESIST
seq_0145,SOFT BAKE
seq_0145,ALIGN MASK LEVEL 2
seq_0145,EXPOSE LITHO LEVEL 2
seq_0145,DEVELOP PHOTORESIST
seq_0145,POLY PATTERN INSPECTION
seq_0145,POLYSILICON ETCH
seq_0145,STRIP RESIST
seq_0145,CLEAN AFTER POLY ETCH
seq_0145,MEASURE GATE CD
seq_0145,IMPLANT SOURCE DRAIN
seq_0145,PRE ANNEAL CHECK
seq_0145,LIGHT ANNEAL
seq_0145,DEPOSIT SPACER DIELECTRIC
seq_0145,ANISOTROPIC ETCH SPACER
seq_0145,IMPLANT LDD
seq_0145,PRE ANNEAL CHECK
seq_0145,RAPID THERMAL ANNEAL
seq_0145,MEASURE JUNCTION PROFILE
seq_0145,DEPOSIT INTERLEVEL DIELECTRIC
seq_0145,DENSIFY OXIDE
seq_0145,MEASURE FILM THICKNESS
seq_0145,CMP DIELECTRIC
seq_0145,MEASURE SURFACE PLANARITY
seq_0145,SPIN COAT PHOTORESIST
seq_0145,SOFT BAKE
seq_0145,ALIGN MASK LEVEL 3
seq_0145,EXPOSE LITHO LEVEL 3
seq_0145,DEVELOP PHOTORESIST
seq_0145,VIA INSPECTION
seq_0145,HARD BAKE
seq_0145,DIELECTRIC ETCH VIA
seq_0145,STRIP PHOTORESIST
seq_0145,CLEAN AFTER VIA ETCH
seq_0145,MEASURE VIA CD
seq_0145,DEPOSIT BARRIER METAL
seq_0145,DEPOSIT METAL SEED
seq_0145,FILL VIA METAL
seq_0145,CMP METAL
seq_0145,MEASURE CONTACT RESISTANCE
seq_0145,DEPOSIT TOP METAL
seq_0145,ANNEAL METAL 1
seq_0145,SPIN COAT PHOTORESIST
seq_0145,SOFT BAKE
seq_0145,ALIGN MASK LEVEL 4
seq_0145,EXPOSE LITHO LEVEL 4
seq_0145,DEVELOP PHOTORESIST
seq_0145,METAL PATTERN INSPECTION
seq_0145,METAL ETCH
seq_0145,STRIP RESIST
seq_0145,CLEAN AFTER METAL ETCH
seq_0145,MEASURE LINE WIDTH
seq_0145,DEPOSIT PASSIVATION LAYER
seq_0145,CURE PASSIVATION
seq_0145,MEASURE PASSIVATION QUALITY
seq_0145,OPEN PAD WINDOW
seq_0145,OPEN PAD WINDOW LITHO
seq_0145,DEVELOP PAD WINDOW
seq_0145,PASSIVATION ETCH
seq_0145,STRIP RESIST
seq_0145,CLEAN PAD OPENING
seq_0145,MEASURE PAD OPENING
seq_0145,BACKSIDE CLEAN
seq_0145,BACKSIDE GRIND
seq_0145,MEASURE THICKNESS
seq_0145,BACKSIDE ETCH CLEAN
seq_0145,BACKSIDE RINSE
seq_0145,BACKSIDE DRY
seq_0145,BACKSIDE METALLIZATION PREP
seq_0145,DEPOSIT BACKSIDE METAL
seq_0145,BACKSIDE ANNEAL
seq_0145,MEASURE BACKSIDE CONTACT
seq_0145,FINAL CLEAN
seq_0145,FINAL THICKNESS MEASURE
seq_0145,FINAL GEOMETRY CHECK
seq_0145,FINAL PARTICLE INSPECTION
seq_0145,ELECTRICAL PARAMETRIC TEST
seq_0145,LEAKAGE TEST
seq_0145,THRESHOLD VOLTAGE TEST
seq_0145,SWITCHING TEST
seq_0145,WAFER SORT TEST
seq_0145,YIELD ANALYSIS
seq_0145,LOT RELEASE
seq_0145,SHIP LOT
seq_0146,RECEIVE WAFER LOT
seq_0146,LOT IDENTIFICATION
seq_0146,INITIAL WAFER INSPECTION
seq_0146,MEASURE THICKNESS
seq_0146,MEASURE SURFACE PARTICLES
seq_0146,PRE CLEAN WAFER
seq_0146,BACKSIDE CLEAN
seq_0146,FRONTSIDE CLEAN
seq_0146,RCA CLEAN 1
seq_0146,RCA CLEAN 2
seq_0146,HF DIP
seq_0146,DRY WAFER
seq_0146,SUBSTRATE CHECK
seq_0146,EPITAXY PREP
seq_0146,EPITAXIAL DEPOSITION
seq_0146,MEASURE EPITAXY THICKNESS
seq_0146,MEASURE RESISTIVITY
seq_0146,EPITAXY ANNEAL
seq_0146,WAFER SURFACE CLEAN
seq_0146,THERMAL OXIDATION
seq_0146,MEASURE OXIDE THICKNESS
seq_0146,SPIN COAT PHOTORESIST
seq_0146,SOFT BAKE
seq_0146,ALIGN MASK LEVEL 1
seq_0146,EXPOSE LITHO LEVEL 1
seq_0146,POST EXPOSE BAKE
seq_0146,DEVELOP PHOTORESIST
seq_0146,PATTERN INSPECTION LEVEL 1
seq_0146,OXIDE ETCH
seq_0146,STRIP PHOTORESIST
seq_0146,CLEAN AFTER ETCH
seq_0146,IMPLANT WELL
seq_0146,DRIVE IN DIFFUSION
seq_0146,RAPID THERMAL ANNEAL
seq_0146,MEASURE JUNCTION DEPTH
seq_0146,THERMAL OXIDATION
seq_0146,GATE OXIDE PREP
seq_0146,GATE OXIDE GROWTH
seq_0146,MEASURE GATE OXIDE THICKNESS
seq_0146,DEPOSIT POLYSILICON
seq_0146,POLYSILICON ANNEAL
seq_0146,SPIN COAT PHOTORESIST
seq_0146,SOFT BAKE
seq_0146,ALIGN MASK LEVEL 2
seq_0146,EXPOSE LITHO LEVEL 2
seq_0146,POST EXPOSE BAKE
seq_0146,DEVELOP PHOTORESIST
seq_0146,POLY PATTERN INSPECTION
seq_0146,HARD BAKE
seq_0146,POLYSILICON ETCH
seq_0146,STRIP PHOTORESIST
seq_0146,CLEAN AFTER POLY ETCH
seq_0146,MEASURE GATE CD
seq_0146,IMPLANT SOURCE DRAIN
seq_0146,PRE ANNEAL CHECK
seq_0146,LIGHT ANNEAL
seq_0146,MEASURE SHEET RESISTANCE
seq_0146,DEPOSIT SPACER DIELECTRIC
seq_0146,ANISOTROPIC ETCH SPACER
seq_0146,MEASURE SPACER WIDTH
seq_0146,IMPLANT LDD
seq_0146,PRE ANNEAL CHECK
seq_0146,RAPID THERMAL ANNEAL
seq_0146,MEASURE JUNCTION PROFILE
seq_0146,DEPOSIT INTERLAYER DIELECTRIC
seq_0146,DENSIFY OXIDE
seq_0146,MEASURE FILM THICKNESS
seq_0146,CMP INTERLAYER DIELECTRIC
seq_0146,MEASURE PLANARITY
seq_0146,SPIN COAT PHOTORESIST
seq_0146,SOFT BAKE
seq_0146,ALIGN MASK LEVEL 3
seq_0146,EXPOSE LITHO LEVEL 3
seq_0146,DEVELOP PHOTORESIST
seq_0146,VIA OPENING INSPECTION
seq_0146,HARD BAKE
seq_0146,VIA ETCH THROUGH DIELECTRIC
seq_0146,STRIP PHOTORESIST
seq_0146,CLEAN AFTER VIA ETCH
seq_0146,MEASURE VIA CD
seq_0146,DEPOSIT BARRIER METAL
seq_0146,DEPOSIT METAL SEED
seq_0146,FILL VIA METAL
seq_0146,CMP VIA FILL
seq_0146,DEPOSIT METAL 1
seq_0146,ANNEAL METAL
seq_0146,MEASURE METAL THICKNESS
seq_0146,SPIN COAT PHOTORESIST
seq_0146,SOFT BAKE
seq_0146,ALIGN MASK LEVEL 4
seq_0146,EXPOSE LITHO LEVEL 4
seq_0146,POST EXPOSE BAKE
seq_0146,DEVELOP PHOTORESIST
seq_0146,METAL PATTERN INSPECTION
seq_0146,HARD BAKE
seq_0146,METAL ETCH
seq_0146,STRIP RESIST
seq_0146,CLEAN AFTER METAL ETCH
seq_0146,DEPOSIT PASSIVATION LAYER
seq_0146,CURE PASSIVATION
seq_0146,MEASURE PASSIVATION THICKNESS
seq_0146,OPEN PAD WINDOW
seq_0146,PAD WINDOW LITHO
seq_0146,DEVELOP PHOTORESIST
seq_0146,PASSIVATION ETCH PAD OPENING
seq_0146,STRIP PHOTORESIST
seq_0146,CLEAN PAD OPENING
seq_0146,MEASURE PAD OPENING
seq_0146,BACKSIDE CLEAN
seq_0146,BACKSIDE GRIND
seq_0146,MEASURE WAFER THICKNESS
seq_0146,BACKSIDE ETCH CLEAN
seq_0146,BACKSIDE RINSE
seq_0146,BACKSIDE DRY
seq_0146,BACKSIDE METALLIZATION PREP
seq_0146,DEPOSIT BACKSIDE METAL
seq_0146,BACKSIDE ANNEAL
seq_0146,MEASURE BACKSIDE CONTACT
seq_0146,FINAL CLEAN
seq_0146,FINAL THICKNESS MEASURE
seq_0146,FINAL GEOMETRY CHECK
seq_0146,FINAL CD INSPECTION
seq_0146,FINAL PARTICLE INSPECTION
seq_0146,ELECTRICAL PARAMETRIC TEST
seq_0146,LEAKAGE TEST
seq_0146,THRESHOLD VOLTAGE TEST
seq_0146,SWITCHING TEST
seq_0146,WAFER SORT TEST
seq_0146,YIELD ANALYSIS
seq_0146,FINAL LOT RELEASE
seq_0146,SHIP LOT
seq_0147,RECEIVE WAFER LOT
seq_0147,LOT IDENTIFICATION
seq_0147,PRE CLEAN INSPECTION
seq_0147,MEASURE THICKNESS
seq_0147,MEASURE SURFACE PARTICLES
seq_0147,PRE CLEAN WAFER
seq_0147,BACKSIDE CLEAN
seq_0147,RCA CLEAN 1
seq_0147,RCA CLEAN 2
seq_0147,HF DIP
seq_0147,SUBSTRATE CHECK
seq_0147,EPITAXY PREP
seq_0147,EPITAXIAL DEPOSITION
seq_0147,MEASURE EPITAXY THICKNESS
seq_0147,MEASURE RESISTIVITY
seq_0147,EPITAXY ANNEAL
seq_0147,WAFER SURFACE CLEAN
seq_0147,THERMAL OXIDATION
seq_0147,MEASURE OXIDE THICKNESS
seq_0147,SPIN COAT PHOTORESIST
seq_0147,SOFT BAKE
seq_0147,ALIGN MASK LEVEL 1
seq_0147,EXPOSE LITHO LEVEL 1
seq_0147,DEVELOP PHOTORESIST
seq_0147,PATTERN INSPECTION LEVEL 1
seq_0147,OXIDE ETCH
seq_0147,STRIP PHOTORESIST
seq_0147,CLEAN AFTER ETCH
seq_0147,MEASURE OPENING CD
seq_0147,IMPLANT WELL
seq_0147,PRE ANNEAL CHECK
seq_0147,DRIVE IN DIFFUSION
seq_0147,RAPID THERMAL ANNEAL
seq_0147,MEASURE JUNCTION DEPTH
seq_0147,THERMAL OXIDATION
seq_0147,GATE OXIDE PREP
seq_0147,GATE OXIDE GROWTH
seq_0147,MEASURE GATE OXIDE THICKNESS
seq_0147,DEPOSIT POLYSILICON
seq_0147,POLYSILICON ANNEAL
seq_0147,SPIN COAT PHOTORESIST
seq_0147,SOFT BAKE
seq_0147,ALIGN MASK LEVEL 2
seq_0147,EXPOSE LITHO LEVEL 2
seq_0147,DEVELOP PHOTORESIST
seq_0147,POLY PATTERN INSPECTION
seq_0147,POLYSILICON ETCH
seq_0147,STRIP PHOTORESIST
seq_0147,CLEAN AFTER POLY ETCH
seq_0147,MEASURE GATE CD
seq_0147,IMPLANT SOURCE DRAIN
seq_0147,LIGHT ANNEAL
seq_0147,MEASURE SHEET RESISTANCE
seq_0147,DEPOSIT SPACER DIELECTRIC
seq_0147,ANISOTROPIC ETCH SPACER
seq_0147,MEASURE SPACER WIDTH
seq_0147,IMPLANT LDD
seq_0147,PRE ANNEAL CHECK
seq_0147,RAPID THERMAL ANNEAL
seq_0147,MEASURE JUNCTION PROFILE
seq_0147,DEPOSIT INTERLAYER DIELECTRIC
seq_0147,DENSIFY OXIDE
seq_0147,MEASURE DIELECTRIC THICKNESS
seq_0147,CMP INTERLAYER DIELECTRIC
seq_0147,MEASURE PLANARITY
seq_0147,SPIN COAT PHOTORESIST
seq_0147,SOFT BAKE
seq_0147,ALIGN MASK LEVEL 3
seq_0147,EXPOSE LITHO LEVEL 3
seq_0147,DEVELOP PHOTORESIST
seq_0147,VIA INSPECTION
seq_0147,DIELECTRIC ETCH VIA
seq_0147,STRIP PHOTORESIST
seq_0147,CLEAN AFTER VIA ETCH
seq_0147,DEPOSIT BARRIER METAL
seq_0147,DEPOSIT METAL SEED
seq_0147,FILL VIA METAL
seq_0147,CMP METAL
seq_0147,MEASURE VIA RESISTANCE
seq_0147,DEPOSIT METAL 1
seq_0147,ANNEAL METAL 1
seq_0147,MEASURE METAL THICKNESS
seq_0147,SPIN COAT PHOTORESIST
seq_0147,SOFT BAKE
seq_0147,ALIGN MASK LEVEL 4
seq_0147,EXPOSE LITHO LEVEL 4
seq_0147,DEVELOP PHOTORESIST
seq_0147,METAL PATTERN INSPECTION
seq_0147,METAL ETCH
seq_0147,STRIP RESIST
seq_0147,CLEAN AFTER METAL ETCH
seq_0147,MEASURE LINE WIDTH
seq_0147,DEPOSIT PASSIVATION LAYER
seq_0147,CURE PASSIVATION
seq_0147,MEASURE PASSIVATION QUALITY
seq_0147,OPEN PAD WINDOW
seq_0147,OPEN PAD WINDOW LITHO
seq_0147,DEVELOP PAD WINDOW
seq_0147,PASSIVATION ETCH PAD OPENING
seq_0147,STRIP PHOTORESIST
seq_0147,CLEAN PAD OPENING
seq_0147,MEASURE PAD OPENING
seq_0147,BACKSIDE CLEAN
seq_0147,BACKSIDE GRIND
seq_0147,MEASURE THICKNESS
seq_0147,BACKSIDE ETCH CLEAN
seq_0147,BACKSIDE RINSE
seq_0147,BACKSIDE DRY
seq_0147,BACKSIDE METALLIZATION PREP
seq_0147,DEPOSIT BACKSIDE METAL
seq_0147,BACKSIDE ANNEAL
seq_0147,MEASURE BACKSIDE CONTACT
seq_0147,FINAL CLEAN
seq_0147,FINAL THICKNESS MEASURE
seq_0147,FINAL GEOMETRY CHECK
seq_0147,FINAL PARTICLE INSPECTION
seq_0147,PARAMETRIC TEST
seq_0147,LEAKAGE TEST
seq_0147,THRESHOLD VOLTAGE TEST
seq_0147,SWITCHING TEST
seq_0147,WAFER SORT TEST
seq_0147,YIELD ANALYSIS
seq_0147,LOT RELEASE
seq_0147,SHIP LOT
seq_0148,RECEIVE WAFER LOT
seq_0148,LOT IDENTIFICATION
seq_0148,PRE CLEAN INSPECTION
seq_0148,MEASURE THICKNESS
seq_0148,MEASURE SURFACE PARTICLES
seq_0148,PRE CLEAN WAFER
seq_0148,FRONTSIDE CLEAN
seq_0148,RCA CLEAN 1
seq_0148,WET CLEAN RCA2
seq_0148,HF DIP
seq_0148,DRY WAFER
seq_0148,SUBSTRATE CHECK
seq_0148,EPITAXY PREP
seq_0148,EPITAXIAL DEPOSITION
seq_0148,MEASURE EPITAXY THICKNESS
seq_0148,MEASURE RESISTIVITY
seq_0148,EPITAXY ANNEAL
seq_0148,WAFER SURFACE CLEAN
seq_0148,THERMAL OXIDATION
seq_0148,MEASURE OXIDE THICKNESS
seq_0148,SPIN COAT PHOTORESIST
seq_0148,SOFT BAKE
seq_0148,ALIGN MASK LEVEL 1
seq_0148,EXPOSE LITHO LEVEL 1
seq_0148,POST EXPOSE BAKE
seq_0148,DEVELOP PHOTORESIST
seq_0148,PATTERN INSPECTION LEVEL 1
seq_0148,OXIDE ETCH
seq_0148,STRIP RESIST
seq_0148,CLEAN AFTER ETCH
seq_0148,MEASURE OPENING CD
seq_0148,IMPLANT WELL
seq_0148,PRE ANNEAL CHECK
seq_0148,DRIVE IN DIFFUSION
seq_0148,RAPID THERMAL ANNEAL
seq_0148,MEASURE JUNCTION DEPTH
seq_0148,THERMAL OXIDATION
seq_0148,GATE OXIDE PREP
seq_0148,GATE OXIDE GROWTH
seq_0148,MEASURE GATE OXIDE THICKNESS
seq_0148,DEPOSIT POLYSILICON
seq_0148,POLYSILICON ANNEAL
seq_0148,SPIN COAT PHOTORESIST
seq_0148,SOFT BAKE
seq_0148,ALIGN MASK LEVEL 2
seq_0148,EXPOSE LITHO LEVEL 2
seq_0148,DEVELOP PHOTORESIST
seq_0148,POLY PATTERN INSPECTION
seq_0148,HARD BAKE
seq_0148,POLYSILICON ETCH
seq_0148,STRIP RESIST
seq_0148,CLEAN AFTER POLY ETCH
seq_0148,IMPLANT SOURCE DRAIN
seq_0148,LIGHT ANNEAL
seq_0148,DEPOSIT SPACER DIELECTRIC
seq_0148,ANISOTROPIC ETCH SPACER
seq_0148,MEASURE SPACER WIDTH
seq_0148,IMPLANT LDD
seq_0148,PRE ANNEAL CHECK
seq_0148,RAPID THERMAL ANNEAL
seq_0148,MEASURE JUNCTION PROFILE
seq_0148,DEPOSIT INTERLAYER DIELECTRIC
seq_0148,DENSIFY OXIDE
seq_0148,MEASURE DIELECTRIC THICKNESS
seq_0148,CMP DIELECTRIC
seq_0148,MEASURE SURFACE PLANARITY
seq_0148,SPIN COAT PHOTORESIST
seq_0148,SOFT BAKE
seq_0148,ALIGN MASK LEVEL 3
seq_0148,EXPOSE LITHO LEVEL 3
seq_0148,DEVELOP PHOTORESIST
seq_0148,VIA OPENING INSPECTION
seq_0148,HARD BAKE
seq_0148,VIA ETCH
seq_0148,STRIP RESIST
seq_0148,CLEAN AFTER VIA ETCH
seq_0148,MEASURE VIA CD
seq_0148,DEPOSIT BARRIER METAL
seq_0148,DEPOSIT METAL SEED
seq_0148,FILL VIA METAL
seq_0148,CMP METAL
seq_0148,MEASURE CONTACT RESISTANCE
seq_0148,DEPOSIT METAL 1
seq_0148,ANNEAL METAL
seq_0148,SPIN COAT PHOTORESIST
seq_0148,SOFT BAKE
seq_0148,ALIGN MASK LEVEL 4
seq_0148,EXPOSE LITHO LEVEL 4
seq_0148,DEVELOP PHOTORESIST
seq_0148,METAL PATTERN INSPECTION
seq_0148,HARD BAKE
seq_0148,METAL ETCH
seq_0148,STRIP PHOTORESIST
seq_0148,CLEAN AFTER METAL ETCH
seq_0148,DEPOSIT PASSIVATION LAYER
seq_0148,CURE PASSIVATION
seq_0148,MEASURE PASSIVATION THICKNESS
seq_0148,OPEN PAD WINDOW
seq_0148,OPEN PAD WINDOW LITHO
seq_0148,DEVELOP PAD WINDOW
seq_0148,PASSIVATION ETCH
seq_0148,STRIP RESIST
seq_0148,CLEAN PAD OPENING
seq_0148,MEASURE PAD OPENING
seq_0148,BACKSIDE CLEAN
seq_0148,BACKSIDE GRIND
seq_0148,MEASURE THICKNESS
seq_0148,BACKSIDE ETCH CLEAN
seq_0148,BACKSIDE RINSE
seq_0148,BACKSIDE DRY
seq_0148,BACKSIDE METALLIZATION PREP
seq_0148,DEPOSIT BACKSIDE METAL
seq_0148,BACKSIDE ANNEAL
seq_0148,MEASURE BACKSIDE CONTACT
seq_0148,FINAL CLEAN
seq_0148,FINAL THICKNESS MEASURE
seq_0148,FINAL PARTICLE INSPECTION
seq_0148,ELECTRICAL PARAMETRIC TEST
seq_0148,LEAKAGE TEST
seq_0148,THRESHOLD VOLTAGE TEST
seq_0148,SWITCHING TEST
seq_0148,WAFER SORT TEST
seq_0148,YIELD ANALYSIS
seq_0148,FINAL LOT RELEASE
seq_0148,SHIP LOT
seq_0149,RECEIVE WAFER LOT
seq_0149,LOT IDENTIFICATION
seq_0149,PRE CLEAN INSPECTION
seq_0149,MEASURE THICKNESS
seq_0149,MEASURE SURFACE PARTICLES
seq_0149,PRE CLEAN WAFER
seq_0149,FRONTSIDE CLEAN
seq_0149,RCA CLEAN 1
seq_0149,WET CLEAN RCA2
seq_0149,HF DIP
seq_0149,SUBSTRATE CHECK
seq_0149,EPITAXY PREP
seq_0149,EPITAXIAL DEPOSITION
seq_0149,MEASURE EPITAXY THICKNESS
seq_0149,MEASURE RESISTIVITY
seq_0149,EPITAXY ANNEAL
seq_0149,WAFER SURFACE CLEAN
seq_0149,THERMAL OXIDATION
seq_0149,MEASURE OXIDE THICKNESS
seq_0149,SPIN COAT PHOTORESIST
seq_0149,SOFT BAKE
seq_0149,ALIGN MASK LEVEL 1
seq_0149,EXPOSE LITHO LEVEL 1
seq_0149,POST EXPOSE BAKE
seq_0149,DEVELOP PHOTORESIST
seq_0149,PATTERN INSPECTION LEVEL 1
seq_0149,HARD BAKE
seq_0149,OXIDE ETCH
seq_0149,STRIP PHOTORESIST
seq_0149,CLEAN AFTER ETCH
seq_0149,MEASURE OPENING CD
seq_0149,IMPLANT WELL
seq_0149,PRE ANNEAL CHECK
seq_0149,DRIVE IN DIFFUSION
seq_0149,RAPID THERMAL ANNEAL
seq_0149,MEASURE JUNCTION DEPTH
seq_0149,THERMAL OXIDATION
seq_0149,GATE OXIDE PREP
seq_0149,GATE OXIDE GROWTH
seq_0149,MEASURE GATE OXIDE THICKNESS
seq_0149,DEPOSIT POLYSILICON
seq_0149,POLYSILICON ANNEAL
seq_0149,SPIN COAT PHOTORESIST
seq_0149,SOFT BAKE
seq_0149,ALIGN MASK LEVEL 2
seq_0149,EXPOSE LITHO LEVEL 2
seq_0149,DEVELOP PHOTORESIST
seq_0149,POLY PATTERN INSPECTION
seq_0149,POLYSILICON ETCH
seq_0149,STRIP RESIST
seq_0149,CLEAN AFTER POLY ETCH
seq_0149,IMPLANT SOURCE DRAIN
seq_0149,LIGHT ANNEAL
seq_0149,MEASURE SHEET RESISTANCE
seq_0149,DEPOSIT SPACER DIELECTRIC
seq_0149,ANISOTROPIC ETCH SPACER
seq_0149,MEASURE SPACER WIDTH
seq_0149,IMPLANT LDD
seq_0149,PRE ANNEAL CHECK
seq_0149,RAPID THERMAL ANNEAL
seq_0149,DEPOSIT INTERLEVEL DIELECTRIC
seq_0149,DENSIFY OXIDE
seq_0149,MEASURE DIELECTRIC THICKNESS
seq_0149,CMP DIELECTRIC
seq_0149,MEASURE SURFACE PLANARITY
seq_0149,SPIN COAT PHOTORESIST
seq_0149,SOFT BAKE
seq_0149,ALIGN MASK LEVEL 3
seq_0149,EXPOSE LITHO LEVEL 3
seq_0149,POST EXPOSE BAKE
seq_0149,DEVELOP PHOTORESIST
seq_0149,VIA INSPECTION
seq_0149,HARD BAKE
seq_0149,VIA ETCH
seq_0149,STRIP PHOTORESIST
seq_0149,CLEAN AFTER VIA ETCH
seq_0149,MEASURE VIA CD
seq_0149,DEPOSIT BARRIER METAL
seq_0149,DEPOSIT METAL SEED
seq_0149,FILL VIA METAL
seq_0149,CMP METAL
seq_0149,MEASURE CONTACT RESISTANCE
seq_0149,DEPOSIT METAL 1
seq_0149,ANNEAL METAL 1
seq_0149,MEASURE METAL THICKNESS
seq_0149,SPIN COAT PHOTORESIST
seq_0149,SOFT BAKE
seq_0149,ALIGN MASK LEVEL 4
seq_0149,EXPOSE LITHO LEVEL 4
seq_0149,POST EXPOSE BAKE
seq_0149,DEVELOP PHOTORESIST
seq_0149,METAL PATTERN INSPECTION
seq_0149,HARD BAKE
seq_0149,METAL ETCH
seq_0149,STRIP PHOTORESIST
seq_0149,CLEAN AFTER METAL ETCH
seq_0149,MEASURE LINE WIDTH
seq_0149,DEPOSIT PASSIVATION LAYER
seq_0149,CURE PASSIVATION
seq_0149,MEASURE PASSIVATION THICKNESS
seq_0149,OPEN BOND PAD WINDOW
seq_0149,OPEN PAD WINDOW LITHO
seq_0149,DEVELOP PAD WINDOW
seq_0149,PASSIVATION ETCH
seq_0149,STRIP RESIST
seq_0149,CLEAN PAD OPENING
seq_0149,MEASURE PAD OPENING
seq_0149,BACKSIDE CLEAN
seq_0149,BACKSIDE GRIND
seq_0149,MEASURE WAFER THICKNESS
seq_0149,BACKSIDE ETCH CLEAN
seq_0149,BACKSIDE RINSE
seq_0149,BACKSIDE DRY
seq_0149,BACKSIDE METALLIZATION PREP
seq_0149,DEPOSIT BACKSIDE METAL
seq_0149,BACKSIDE ANNEAL
seq_0149,MEASURE BACKSIDE CONTACT
seq_0149,FINAL CLEAN
seq_0149,FINAL THICKNESS MEASURE
seq_0149,FINAL GEOMETRY CHECK
seq_0149,FINAL CD INSPECTION
seq_0149,FINAL PARTICLE INSPECTION
seq_0149,PARAMETRIC TEST
seq_0149,LEAKAGE TEST
seq_0149,THRESHOLD VOLTAGE TEST
seq_0149,SWITCHING TEST
seq_0149,WAFER SORT TEST
seq_0149,YIELD ANALYSIS
seq_0149,LOT RELEASE
seq_0149,SHIP LOT
seq_0150,RECEIVE WAFER LOT
seq_0150,LOT IDENTIFICATION
seq_0150,INITIAL WAFER INSPECTION
seq_0150,MEASURE THICKNESS
seq_0150,MEASURE SURFACE PARTICLES
seq_0150,PRE CLEAN WAFER
seq_0150,BACKSIDE CLEAN
seq_0150,WET CLEAN RCA1
seq_0150,WET CLEAN RCA2
seq_0150,HF DIP
seq_0150,DRY WAFER
seq_0150,SUBSTRATE CHECK
seq_0150,EPITAXY PREP
seq_0150,EPITAXIAL DEPOSITION
seq_0150,MEASURE EPITAXY THICKNESS
seq_0150,MEASURE RESISTIVITY
seq_0150,EPITAXY ANNEAL
seq_0150,WAFER SURFACE CLEAN
seq_0150,THERMAL OXIDATION
seq_0150,MEASURE OXIDE THICKNESS
seq_0150,SPIN COAT PHOTORESIST
seq_0150,SOFT BAKE
seq_0150,ALIGN MASK LEVEL 1
seq_0150,EXPOSE LITHO LEVEL 1
seq_0150,DEVELOP PHOTORESIST
seq_0150,PATTERN INSPECTION LEVEL 1
seq_0150,OXIDE ETCH
seq_0150,STRIP PHOTORESIST
seq_0150,CLEAN AFTER ETCH
seq_0150,IMPLANT WELL
seq_0150,DRIVE IN DIFFUSION
seq_0150,RAPID THERMAL ANNEAL
seq_0150,MEASURE JUNCTION DEPTH
seq_0150,THERMAL OXIDATION
seq_0150,GATE OXIDE PREP
seq_0150,GATE OXIDE GROWTH
seq_0150,MEASURE GATE OXIDE THICKNESS
seq_0150,DEPOSIT POLYSILICON
seq_0150,POLYSILICON ANNEAL
seq_0150,SPIN COAT PHOTORESIST
seq_0150,SOFT BAKE
seq_0150,ALIGN MASK LEVEL 2
seq_0150,EXPOSE LITHO LEVEL 2
seq_0150,DEVELOP PHOTORESIST
seq_0150,POLY PATTERN INSPECTION
seq_0150,POLYSILICON ETCH
seq_0150,STRIP RESIST
seq_0150,CLEAN AFTER POLY ETCH
seq_0150,MEASURE GATE CD
seq_0150,IMPLANT SOURCE DRAIN
seq_0150,LIGHT ANNEAL
seq_0150,MEASURE SHEET RESISTANCE
seq_0150,DEPOSIT SPACER DIELECTRIC
seq_0150,ANISOTROPIC ETCH SPACER
seq_0150,IMPLANT LDD
seq_0150,RAPID THERMAL ANNEAL
seq_0150,DEPOSIT INTERLAYER DIELECTRIC
seq_0150,DENSIFY DIELECTRIC
seq_0150,MEASURE FILM THICKNESS
seq_0150,CMP INTERLAYER DIELECTRIC
seq_0150,MEASURE PLANARITY
seq_0150,SPIN COAT PHOTORESIST
seq_0150,SOFT BAKE
seq_0150,ALIGN MASK LEVEL 3
seq_0150,EXPOSE LITHO LEVEL 3
seq_0150,POST EXPOSE BAKE
seq_0150,DEVELOP PHOTORESIST
seq_0150,VIA OPENING INSPECTION
seq_0150,HARD BAKE
seq_0150,DIELECTRIC ETCH VIA
seq_0150,STRIP RESIST
seq_0150,CLEAN AFTER VIA ETCH
seq_0150,MEASURE VIA CD
seq_0150,DEPOSIT BARRIER METAL
seq_0150,DEPOSIT METAL SEED
seq_0150,FILL VIA METAL
seq_0150,CMP VIA FILL
seq_0150,MEASURE VIA RESISTANCE
seq_0150,DEPOSIT METAL 1
seq_0150,ANNEAL METAL
seq_0150,MEASURE METAL THICKNESS
seq_0150,SPIN COAT PHOTORESIST
seq_0150,SOFT BAKE
seq_0150,ALIGN MASK LEVEL 4
seq_0150,EXPOSE LITHO LEVEL 4
seq_0150,DEVELOP PHOTORESIST
seq_0150,METAL PATTERN INSPECTION
seq_0150,METAL ETCH
seq_0150,STRIP PHOTORESIST
seq_0150,CLEAN AFTER METAL ETCH
seq_0150,MEASURE LINE WIDTH
seq_0150,DEPOSIT PASSIVATION
seq_0150,CURE PASSIVATION
seq_0150,MEASURE PASSIVATION THICKNESS
seq_0150,OPEN BOND PAD WINDOW
seq_0150,PAD WINDOW LITHO
seq_0150,DEVELOP PAD WINDOW
seq_0150,PASSIVATION ETCH PAD OPENING
seq_0150,STRIP PHOTORESIST
seq_0150,CLEAN PAD OPENING
seq_0150,MEASURE PAD OPENING
seq_0150,BACKSIDE CLEAN
seq_0150,BACKSIDE GRIND
seq_0150,MEASURE THICKNESS
seq_0150,BACKSIDE ETCH CLEAN
seq_0150,BACKSIDE RINSE
seq_0150,BACKSIDE DRY
seq_0150,BACKSIDE METALLIZATION PREP
seq_0150,DEPOSIT BACKSIDE METAL
seq_0150,BACKSIDE ANNEAL
seq_0150,MEASURE BACKSIDE CONTACT
seq_0150,FINAL CLEAN
seq_0150,FINAL THICKNESS MEASURE
seq_0150,FINAL GEOMETRY CHECK
seq_0150,FINAL PARTICLE INSPECTION
seq_0150,PARAMETRIC TEST
seq_0150,LEAKAGE TEST
seq_0150,THRESHOLD VOLTAGE TEST
seq_0150,SWITCHING TEST
seq_0150,WAFER SORT TEST
seq_0150,YIELD ANALYSIS
seq_0150,LOT RELEASE
seq_0150,SHIP LOT
seq_0151,RECEIVE WAFER LOT
seq_0151,LOT IDENTIFICATION
seq_0151,PRE CLEAN INSPECTION
seq_0151,MEASURE THICKNESS
seq_0151,PRE CLEAN WAFER
seq_0151,BACKSIDE CLEAN
seq_0151,FRONTSIDE CLEAN
seq_0151,WET CLEAN RCA1
seq_0151,RCA CLEAN 2
seq_0151,HF DIP
seq_0151,DRY WAFER
seq_0151,SUBSTRATE CHECK
seq_0151,EPITAXY PREP
seq_0151,EPITAXIAL DEPOSITION
seq_0151,MEASURE EPITAXY THICKNESS
seq_0151,MEASURE RESISTIVITY
seq_0151,EPITAXY ANNEAL
seq_0151,WAFER SURFACE CLEAN
seq_0151,THERMAL OXIDATION
seq_0151,MEASURE OXIDE THICKNESS
seq_0151,SPIN COAT PHOTORESIST
seq_0151,SOFT BAKE
seq_0151,ALIGN MASK LEVEL 1
seq_0151,EXPOSE LITHO LEVEL 1
seq_0151,DEVELOP PHOTORESIST
seq_0151,PATTERN INSPECTION LEVEL 1
seq_0151,OXIDE ETCH
seq_0151,STRIP RESIST
seq_0151,CLEAN AFTER ETCH
seq_0151,MEASURE OPENING CD
seq_0151,IMPLANT WELL
seq_0151,PRE ANNEAL CHECK
seq_0151,DRIVE IN DIFFUSION
seq_0151,RAPID THERMAL ANNEAL
seq_0151,MEASURE JUNCTION DEPTH
seq_0151,THERMAL OXIDATION
seq_0151,GATE OXIDE PREP
seq_0151,GATE OXIDE GROWTH
seq_0151,MEASURE GATE OXIDE THICKNESS
seq_0151,DEPOSIT POLYSILICON
seq_0151,POLYSILICON ANNEAL
seq_0151,MEASURE POLY THICKNESS
seq_0151,SPIN COAT PHOTORESIST
seq_0151,SOFT BAKE
seq_0151,ALIGN MASK LEVEL 2
seq_0151,EXPOSE LITHO LEVEL 2
seq_0151,POST EXPOSE BAKE
seq_0151,DEVELOP PHOTORESIST
seq_0151,POLY PATTERN INSPECTION
seq_0151,HARD BAKE
seq_0151,POLYSILICON ETCH
seq_0151,STRIP RESIST
seq_0151,CLEAN AFTER POLY ETCH
seq_0151,MEASURE GATE CD
seq_0151,IMPLANT SOURCE DRAIN
seq_0151,PRE ANNEAL CHECK
seq_0151,LIGHT ANNEAL
seq_0151,MEASURE SHEET RESISTANCE
seq_0151,DEPOSIT SPACER DIELECTRIC
seq_0151,ANISOTROPIC ETCH SPACER
seq_0151,MEASURE SPACER WIDTH
seq_0151,IMPLANT LDD
seq_0151,PRE ANNEAL CHECK
seq_0151,RAPID THERMAL ANNEAL
seq_0151,DEPOSIT INTERLEVEL DIELECTRIC
seq_0151,DENSIFY DIELECTRIC
seq_0151,MEASURE DIELECTRIC THICKNESS
seq_0151,CMP DIELECTRIC
seq_0151,MEASURE PLANARITY
seq_0151,SPIN COAT PHOTORESIST
seq_0151,SOFT BAKE
seq_0151,ALIGN MASK LEVEL 3
seq_0151,EXPOSE LITHO LEVEL 3
seq_0151,DEVELOP PHOTORESIST
seq_0151,VIA OPENING INSPECTION
seq_0151,HARD BAKE
seq_0151,DIELECTRIC ETCH VIA
seq_0151,STRIP PHOTORESIST
seq_0151,CLEAN AFTER VIA ETCH
seq_0151,MEASURE VIA CD
seq_0151,DEPOSIT BARRIER METAL
seq_0151,DEPOSIT METAL SEED
seq_0151,FILL VIA METAL
seq_0151,CMP METAL
seq_0151,MEASURE CONTACT RESISTANCE
seq_0151,DEPOSIT TOP METAL
seq_0151,ANNEAL METAL 1
seq_0151,MEASURE METAL THICKNESS
seq_0151,SPIN COAT PHOTORESIST
seq_0151,SOFT BAKE
seq_0151,ALIGN MASK LEVEL 4
seq_0151,EXPOSE LITHO LEVEL 4
seq_0151,DEVELOP PHOTORESIST
seq_0151,METAL PATTERN INSPECTION
seq_0151,METAL ETCH
seq_0151,STRIP PHOTORESIST
seq_0151,CLEAN AFTER METAL ETCH
seq_0151,MEASURE LINE WIDTH
seq_0151,DEPOSIT PASSIVATION LAYER
seq_0151,CURE PASSIVATION
seq_0151,MEASURE PASSIVATION QUALITY
seq_0151,OPEN PAD WINDOW
seq_0151,PAD WINDOW LITHO
seq_0151,DEVELOP PAD WINDOW
seq_0151,PASSIVATION ETCH PAD OPENING
seq_0151,STRIP RESIST
seq_0151,CLEAN PAD OPENING
seq_0151,MEASURE PAD OPENING
seq_0151,BACKSIDE CLEAN
seq_0151,BACKSIDE GRIND
seq_0151,MEASURE THICKNESS
seq_0151,BACKSIDE ETCH CLEAN
seq_0151,BACKSIDE RINSE
seq_0151,BACKSIDE DRY
seq_0151,BACKSIDE METALLIZATION PREP
seq_0151,DEPOSIT BACKSIDE METAL
seq_0151,BACKSIDE ANNEAL
seq_0151,MEASURE BACKSIDE CONTACT
seq_0151,FINAL CLEAN
seq_0151,FINAL THICKNESS MEASURE
seq_0151,FINAL PARTICLE INSPECTION
seq_0151,PARAMETRIC TEST
seq_0151,LEAKAGE TEST
seq_0151,THRESHOLD VOLTAGE TEST
seq_0151,SWITCHING TEST
seq_0151,WAFER SORT TEST
seq_0151,YIELD ANALYSIS
seq_0151,FINAL LOT RELEASE
seq_0151,SHIP LOT
seq_0152,RECEIVE WAFER LOT
seq_0152,LOT IDENTIFICATION
seq_0152,INITIAL WAFER INSPECTION
seq_0152,MEASURE THICKNESS
seq_0152,MEASURE SURFACE PARTICLES
seq_0152,PRE CLEAN WAFER
seq_0152,RCA CLEAN 1
seq_0152,WET CLEAN RCA2
seq_0152,HF DIP
seq_0152,DRY WAFER
seq_0152,SUBSTRATE CHECK
seq_0152,EPITAXY PREP
seq_0152,EPITAXIAL DEPOSITION
seq_0152,MEASURE EPITAXY THICKNESS
seq_0152,MEASURE RESISTIVITY
seq_0152,EPITAXY ANNEAL
seq_0152,WAFER SURFACE CLEAN
seq_0152,THERMAL OXIDATION
seq_0152,MEASURE OXIDE THICKNESS
seq_0152,SPIN COAT PHOTORESIST
seq_0152,SOFT BAKE
seq_0152,ALIGN MASK LEVEL 1
seq_0152,EXPOSE LITHO LEVEL 1
seq_0152,POST EXPOSE BAKE
seq_0152,DEVELOP PHOTORESIST
seq_0152,PATTERN INSPECTION LEVEL 1
seq_0152,OXIDE ETCH
seq_0152,STRIP PHOTORESIST
seq_0152,CLEAN AFTER ETCH
seq_0152,IMPLANT WELL
seq_0152,PRE ANNEAL CHECK
seq_0152,DRIVE IN DIFFUSION
seq_0152,RAPID THERMAL ANNEAL
seq_0152,MEASURE JUNCTION DEPTH
seq_0152,THERMAL OXIDATION
seq_0152,GATE OXIDE PREP
seq_0152,GATE OXIDE GROWTH
seq_0152,MEASURE GATE OXIDE THICKNESS
seq_0152,DEPOSIT POLYSILICON
seq_0152,POLYSILICON ANNEAL
seq_0152,MEASURE POLY THICKNESS
seq_0152,SPIN COAT PHOTORESIST
seq_0152,SOFT BAKE
seq_0152,ALIGN MASK LEVEL 2
seq_0152,EXPOSE LITHO LEVEL 2
seq_0152,DEVELOP PHOTORESIST
seq_0152,POLY PATTERN INSPECTION
seq_0152,HARD BAKE
seq_0152,POLYSILICON ETCH
seq_0152,STRIP PHOTORESIST
seq_0152,CLEAN AFTER POLY ETCH
seq_0152,MEASURE GATE CD
seq_0152,IMPLANT SOURCE DRAIN
seq_0152,LIGHT ANNEAL
seq_0152,MEASURE SHEET RESISTANCE
seq_0152,DEPOSIT SPACER DIELECTRIC
seq_0152,ANISOTROPIC ETCH SPACER
seq_0152,MEASURE SPACER WIDTH
seq_0152,IMPLANT LDD
seq_0152,PRE ANNEAL CHECK
seq_0152,RAPID THERMAL ANNEAL
seq_0152,MEASURE JUNCTION PROFILE
seq_0152,DEPOSIT INTERLAYER DIELECTRIC
seq_0152,DENSIFY DIELECTRIC
seq_0152,MEASURE FILM THICKNESS
seq_0152,CMP DIELECTRIC
seq_0152,MEASURE PLANARITY
seq_0152,SPIN COAT PHOTORESIST
seq_0152,SOFT BAKE
seq_0152,ALIGN MASK LEVEL 3
seq_0152,EXPOSE LITHO LEVEL 3
seq_0152,POST EXPOSE BAKE
seq_0152,DEVELOP PHOTORESIST
seq_0152,VIA INSPECTION
seq_0152,DIELECTRIC ETCH VIA
seq_0152,STRIP RESIST
seq_0152,CLEAN AFTER VIA ETCH
seq_0152,MEASURE VIA CD
seq_0152,DEPOSIT BARRIER METAL
seq_0152,DEPOSIT METAL SEED
seq_0152,FILL VIA METAL
seq_0152,CMP VIA FILL
seq_0152,DEPOSIT METAL 1
seq_0152,ANNEAL METAL 1
seq_0152,MEASURE METAL THICKNESS
seq_0152,SPIN COAT PHOTORESIST
seq_0152,SOFT BAKE
seq_0152,ALIGN MASK LEVEL 4
seq_0152,EXPOSE LITHO LEVEL 4
seq_0152,POST EXPOSE BAKE
seq_0152,DEVELOP PHOTORESIST
seq_0152,METAL PATTERN INSPECTION
seq_0152,METAL ETCH
seq_0152,STRIP PHOTORESIST
seq_0152,CLEAN AFTER METAL ETCH
seq_0152,MEASURE LINE WIDTH
seq_0152,DEPOSIT PASSIVATION LAYER
seq_0152,CURE PASSIVATION
seq_0152,MEASURE PASSIVATION QUALITY
seq_0152,OPEN BOND PAD WINDOW
seq_0152,PAD WINDOW LITHO
seq_0152,DEVELOP PAD WINDOW
seq_0152,PASSIVATION ETCH PAD OPENING
seq_0152,STRIP RESIST
seq_0152,CLEAN PAD OPENING
seq_0152,MEASURE PAD OPENING
seq_0152,BACKSIDE CLEAN
seq_0152,BACKSIDE GRIND
seq_0152,MEASURE THICKNESS
seq_0152,BACKSIDE ETCH CLEAN
seq_0152,BACKSIDE RINSE
seq_0152,BACKSIDE DRY
seq_0152,BACKSIDE METALLIZATION PREP
seq_0152,DEPOSIT BACKSIDE METAL
seq_0152,BACKSIDE ANNEAL
seq_0152,MEASURE BACKSIDE CONTACT
seq_0152,FINAL CLEAN
seq_0152,FINAL THICKNESS MEASURE
seq_0152,FINAL CD INSPECTION
seq_0152,PARAMETRIC TEST
seq_0152,LEAKAGE TEST
seq_0152,THRESHOLD VOLTAGE TEST
seq_0152,SWITCHING TEST
seq_0152,WAFER SORT TEST
seq_0152,YIELD ANALYSIS
seq_0152,LOT RELEASE
seq_0152,SHIP LOT
seq_0153,RECEIVE WAFER LOT
seq_0153,LOT IDENTIFICATION
seq_0153,INITIAL WAFER INSPECTION
seq_0153,MEASURE THICKNESS
seq_0153,MEASURE SURFACE PARTICLES
seq_0153,PRE CLEAN WAFER
seq_0153,BACKSIDE CLEAN
seq_0153,FRONTSIDE CLEAN
seq_0153,WET CLEAN RCA1
seq_0153,WET CLEAN RCA2
seq_0153,HF DIP
seq_0153,DRY WAFER
seq_0153,SUBSTRATE CHECK
seq_0153,EPITAXY PREP
seq_0153,EPITAXIAL DEPOSITION
seq_0153,MEASURE EPITAXY THICKNESS
seq_0153,MEASURE RESISTIVITY
seq_0153,EPITAXY ANNEAL
seq_0153,WAFER SURFACE CLEAN
seq_0153,THERMAL OXIDATION
seq_0153,MEASURE OXIDE THICKNESS
seq_0153,SPIN COAT PHOTORESIST
seq_0153,SOFT BAKE
seq_0153,ALIGN MASK LEVEL 1
seq_0153,EXPOSE LITHO LEVEL 1
seq_0153,POST EXPOSE BAKE
seq_0153,DEVELOP PHOTORESIST
seq_0153,PATTERN INSPECTION LEVEL 1
seq_0153,OXIDE ETCH
seq_0153,STRIP RESIST
seq_0153,CLEAN AFTER ETCH
seq_0153,MEASURE OPENING CD
seq_0153,IMPLANT WELL
seq_0153,DRIVE IN DIFFUSION
seq_0153,RAPID THERMAL ANNEAL
seq_0153,MEASURE JUNCTION DEPTH
seq_0153,THERMAL OXIDATION
seq_0153,GATE OXIDE PREP
seq_0153,GATE OXIDE GROWTH
seq_0153,MEASURE GATE OXIDE THICKNESS
seq_0153,DEPOSIT POLYSILICON
seq_0153,POLYSILICON ANNEAL
seq_0153,SPIN COAT PHOTORESIST
seq_0153,SOFT BAKE
seq_0153,ALIGN MASK LEVEL 2
seq_0153,EXPOSE LITHO LEVEL 2
seq_0153,POST EXPOSE BAKE
seq_0153,DEVELOP PHOTORESIST
seq_0153,POLY PATTERN INSPECTION
seq_0153,POLYSILICON ETCH
seq_0153,STRIP RESIST
seq_0153,CLEAN AFTER POLY ETCH
seq_0153,MEASURE GATE CD
seq_0153,IMPLANT SOURCE DRAIN
seq_0153,LIGHT ANNEAL
seq_0153,MEASURE SHEET RESISTANCE
seq_0153,DEPOSIT SPACER DIELECTRIC
seq_0153,ANISOTROPIC ETCH SPACER
seq_0153,MEASURE SPACER WIDTH
seq_0153,IMPLANT LDD
seq_0153,PRE ANNEAL CHECK
seq_0153,RAPID THERMAL ANNEAL
seq_0153,MEASURE JUNCTION PROFILE
seq_0153,DEPOSIT INTERLAYER DIELECTRIC
seq_0153,DENSIFY DIELECTRIC
seq_0153,MEASURE FILM THICKNESS
seq_0153,CMP INTERLAYER DIELECTRIC
seq_0153,MEASURE PLANARITY
seq_0153,SPIN COAT PHOTORESIST
seq_0153,SOFT BAKE
seq_0153,ALIGN MASK LEVEL 3
seq_0153,EXPOSE LITHO LEVEL 3
seq_0153,DEVELOP PHOTORESIST
seq_0153,VIA INSPECTION
seq_0153,VIA ETCH THROUGH DIELECTRIC
seq_0153,STRIP RESIST
seq_0153,CLEAN AFTER VIA ETCH
seq_0153,MEASURE VIA CD
seq_0153,DEPOSIT BARRIER METAL
seq_0153,DEPOSIT METAL SEED
seq_0153,FILL VIA METAL
seq_0153,CMP METAL
seq_0153,MEASURE CONTACT RESISTANCE
seq_0153,DEPOSIT TOP METAL
seq_0153,ANNEAL METAL
seq_0153,SPIN COAT PHOTORESIST
seq_0153,SOFT BAKE
seq_0153,ALIGN MASK LEVEL 4
seq_0153,EXPOSE LITHO LEVEL 4
seq_0153,DEVELOP PHOTORESIST
seq_0153,METAL PATTERN INSPECTION
seq_0153,HARD BAKE
seq_0153,METAL ETCH
seq_0153,STRIP PHOTORESIST
seq_0153,CLEAN AFTER METAL ETCH
seq_0153,MEASURE LINE WIDTH
seq_0153,DEPOSIT PASSIVATION LAYER
seq_0153,CURE PASSIVATION
seq_0153,MEASURE PASSIVATION THICKNESS
seq_0153,OPEN PAD WINDOW
seq_0153,OPEN PAD WINDOW LITHO
seq_0153,DEVELOP PAD WINDOW
seq_0153,PASSIVATION ETCH
seq_0153,STRIP RESIST
seq_0153,CLEAN PAD OPENING
seq_0153,MEASURE PAD OPENING
seq_0153,BACKSIDE CLEAN
seq_0153,BACKSIDE GRIND
seq_0153,MEASURE WAFER THICKNESS
seq_0153,BACKSIDE ETCH CLEAN
seq_0153,BACKSIDE RINSE
seq_0153,BACKSIDE DRY
seq_0153,BACKSIDE METALLIZATION PREP
seq_0153,DEPOSIT BACKSIDE METAL
seq_0153,BACKSIDE ANNEAL
seq_0153,MEASURE BACKSIDE CONTACT
seq_0153,FINAL CLEAN
seq_0153,FINAL THICKNESS MEASURE
seq_0153,FINAL CD INSPECTION
seq_0153,FINAL PARTICLE INSPECTION
seq_0153,ELECTRICAL PARAMETRIC TEST
seq_0153,LEAKAGE TEST
seq_0153,THRESHOLD VOLTAGE TEST
seq_0153,SWITCHING TEST
seq_0153,WAFER SORT TEST
seq_0153,YIELD ANALYSIS
seq_0153,LOT RELEASE
seq_0153,SHIP LOT
seq_0154,RECEIVE WAFER LOT
seq_0154,LOT IDENTIFICATION
seq_0154,PRE CLEAN INSPECTION
seq_0154,MEASURE THICKNESS
seq_0154,PRE CLEAN WAFER
seq_0154,WET CLEAN RCA1
seq_0154,WET CLEAN RCA2
seq_0154,HF DIP
seq_0154,DRY WAFER
seq_0154,SUBSTRATE CHECK
seq_0154,EPITAXY PREP
seq_0154,EPITAXIAL DEPOSITION
seq_0154,MEASURE EPITAXY THICKNESS
seq_0154,MEASURE RESISTIVITY
seq_0154,EPITAXY ANNEAL
seq_0154,WAFER SURFACE CLEAN
seq_0154,THERMAL OXIDATION
seq_0154,MEASURE OXIDE THICKNESS
seq_0154,SPIN COAT PHOTORESIST
seq_0154,SOFT BAKE
seq_0154,ALIGN MASK LEVEL 1
seq_0154,EXPOSE LITHO LEVEL 1
seq_0154,DEVELOP PHOTORESIST
seq_0154,PATTERN INSPECTION LEVEL 1
seq_0154,OXIDE ETCH
seq_0154,STRIP RESIST
seq_0154,CLEAN AFTER ETCH
seq_0154,MEASURE OPENING CD
seq_0154,IMPLANT WELL
seq_0154,PRE ANNEAL CHECK
seq_0154,DRIVE IN DIFFUSION
seq_0154,RAPID THERMAL ANNEAL
seq_0154,MEASURE JUNCTION DEPTH
seq_0154,THERMAL OXIDATION
seq_0154,GATE OXIDE PREP
seq_0154,GATE OXIDE GROWTH
seq_0154,MEASURE GATE OXIDE THICKNESS
seq_0154,DEPOSIT POLYSILICON
seq_0154,POLYSILICON ANNEAL
seq_0154,MEASURE POLY THICKNESS
seq_0154,SPIN COAT PHOTORESIST
seq_0154,SOFT BAKE
seq_0154,ALIGN MASK LEVEL 2
seq_0154,EXPOSE LITHO LEVEL 2
seq_0154,DEVELOP PHOTORESIST
seq_0154,POLY PATTERN INSPECTION
seq_0154,POLYSILICON ETCH
seq_0154,STRIP RESIST
seq_0154,CLEAN AFTER POLY ETCH
seq_0154,MEASURE GATE CD
seq_0154,IMPLANT SOURCE DRAIN
seq_0154,LIGHT ANNEAL
seq_0154,DEPOSIT SPACER DIELECTRIC
seq_0154,ANISOTROPIC ETCH SPACER
seq_0154,MEASURE SPACER WIDTH
seq_0154,IMPLANT LDD
seq_0154,PRE ANNEAL CHECK
seq_0154,RAPID THERMAL ANNEAL
seq_0154,MEASURE JUNCTION PROFILE
seq_0154,DEPOSIT INTERLAYER DIELECTRIC
seq_0154,DENSIFY OXIDE
seq_0154,MEASURE FILM THICKNESS
seq_0154,CMP INTERLAYER DIELECTRIC
seq_0154,MEASURE PLANARITY
seq_0154,SPIN COAT PHOTORESIST
seq_0154,SOFT BAKE
seq_0154,ALIGN MASK LEVEL 3
seq_0154,EXPOSE LITHO LEVEL 3
seq_0154,DEVELOP PHOTORESIST
seq_0154,VIA INSPECTION
seq_0154,HARD BAKE
seq_0154,VIA ETCH THROUGH DIELECTRIC
seq_0154,STRIP RESIST
seq_0154,CLEAN AFTER VIA ETCH
seq_0154,MEASURE VIA CD
seq_0154,DEPOSIT BARRIER METAL
seq_0154,DEPOSIT METAL SEED
seq_0154,FILL VIA METAL
seq_0154,CMP METAL
seq_0154,MEASURE CONTACT RESISTANCE
seq_0154,DEPOSIT TOP METAL
seq_0154,ANNEAL METAL
seq_0154,SPIN COAT PHOTORESIST
seq_0154,SOFT BAKE
seq_0154,ALIGN MASK LEVEL 4
seq_0154,EXPOSE LITHO LEVEL 4
seq_0154,POST EXPOSE BAKE
seq_0154,DEVELOP PHOTORESIST
seq_0154,METAL PATTERN INSPECTION
seq_0154,METAL ETCH
seq_0154,STRIP RESIST
seq_0154,CLEAN AFTER METAL ETCH
seq_0154,DEPOSIT PASSIVATION
seq_0154,CURE PASSIVATION
seq_0154,MEASURE PASSIVATION THICKNESS
seq_0154,OPEN BOND PAD WINDOW
seq_0154,PAD WINDOW LITHO
seq_0154,DEVELOP PAD WINDOW
seq_0154,PASSIVATION ETCH
seq_0154,STRIP PHOTORESIST
seq_0154,CLEAN PAD OPENING
seq_0154,MEASURE PAD OPENING
seq_0154,BACKSIDE CLEAN
seq_0154,BACKSIDE GRIND
seq_0154,MEASURE THICKNESS
seq_0154,BACKSIDE ETCH CLEAN
seq_0154,BACKSIDE RINSE
seq_0154,BACKSIDE DRY
seq_0154,BACKSIDE METALLIZATION PREP
seq_0154,DEPOSIT BACKSIDE METAL
seq_0154,BACKSIDE ANNEAL
seq_0154,MEASURE BACKSIDE CONTACT
seq_0154,FINAL CLEAN
seq_0154,FINAL THICKNESS MEASURE
seq_0154,FINAL GEOMETRY CHECK
seq_0154,FINAL CD INSPECTION
seq_0154,FINAL PARTICLE INSPECTION
seq_0154,PARAMETRIC TEST
seq_0154,LEAKAGE TEST
seq_0154,THRESHOLD VOLTAGE TEST
seq_0154,SWITCHING TEST
seq_0154,WAFER SORT TEST
seq_0154,YIELD ANALYSIS
seq_0154,FINAL LOT RELEASE
seq_0154,SHIP LOT
seq_0155,RECEIVE WAFER LOT
seq_0155,LOT IDENTIFICATION
seq_0155,INITIAL WAFER INSPECTION
seq_0155,MEASURE THICKNESS
seq_0155,MEASURE SURFACE PARTICLES
seq_0155,PRE CLEAN WAFER
seq_0155,FRONTSIDE CLEAN
seq_0155,WET CLEAN RCA1
seq_0155,RCA CLEAN 2
seq_0155,HF DIP
seq_0155,SUBSTRATE CHECK
seq_0155,EPITAXY PREP
seq_0155,EPITAXIAL DEPOSITION
seq_0155,MEASURE EPITAXY THICKNESS
seq_0155,MEASURE RESISTIVITY
seq_0155,EPITAXY ANNEAL
seq_0155,WAFER SURFACE CLEAN
seq_0155,THERMAL OXIDATION
seq_0155,MEASURE OXIDE THICKNESS
seq_0155,SPIN COAT PHOTORESIST
seq_0155,SOFT BAKE
seq_0155,ALIGN MASK LEVEL 1
seq_0155,EXPOSE LITHO LEVEL 1
seq_0155,DEVELOP PHOTORESIST
seq_0155,PATTERN INSPECTION LEVEL 1
seq_0155,OXIDE ETCH
seq_0155,STRIP PHOTORESIST
seq_0155,CLEAN AFTER ETCH
seq_0155,IMPLANT WELL
seq_0155,PRE ANNEAL CHECK
seq_0155,DRIVE IN DIFFUSION
seq_0155,RAPID THERMAL ANNEAL
seq_0155,THERMAL OXIDATION
seq_0155,GATE OXIDE PREP
seq_0155,GATE OXIDE GROWTH
seq_0155,MEASURE GATE OXIDE THICKNESS
seq_0155,DEPOSIT POLYSILICON
seq_0155,POLYSILICON ANNEAL
seq_0155,MEASURE POLY THICKNESS
seq_0155,SPIN COAT PHOTORESIST
seq_0155,SOFT BAKE
seq_0155,ALIGN MASK LEVEL 2
seq_0155,EXPOSE LITHO LEVEL 2
seq_0155,POST EXPOSE BAKE
seq_0155,DEVELOP PHOTORESIST
seq_0155,POLY PATTERN INSPECTION
seq_0155,POLYSILICON ETCH
seq_0155,STRIP RESIST
seq_0155,CLEAN AFTER POLY ETCH
seq_0155,MEASURE GATE CD
seq_0155,IMPLANT SOURCE DRAIN
seq_0155,PRE ANNEAL CHECK
seq_0155,LIGHT ANNEAL
seq_0155,DEPOSIT SPACER DIELECTRIC
seq_0155,ANISOTROPIC ETCH SPACER
seq_0155,MEASURE SPACER WIDTH
seq_0155,IMPLANT LDD
seq_0155,PRE ANNEAL CHECK
seq_0155,RAPID THERMAL ANNEAL
seq_0155,DEPOSIT INTERLEVEL DIELECTRIC
seq_0155,DENSIFY DIELECTRIC
seq_0155,MEASURE DIELECTRIC THICKNESS
seq_0155,CMP DIELECTRIC
seq_0155,MEASURE SURFACE PLANARITY
seq_0155,SPIN COAT PHOTORESIST
seq_0155,SOFT BAKE
seq_0155,ALIGN MASK LEVEL 3
seq_0155,EXPOSE LITHO LEVEL 3
seq_0155,POST EXPOSE BAKE
seq_0155,DEVELOP PHOTORESIST
seq_0155,VIA INSPECTION
seq_0155,HARD BAKE
seq_0155,DIELECTRIC ETCH VIA
seq_0155,STRIP PHOTORESIST
seq_0155,CLEAN AFTER VIA ETCH
seq_0155,MEASURE VIA CD
seq_0155,DEPOSIT BARRIER METAL
seq_0155,DEPOSIT METAL SEED
seq_0155,FILL VIA METAL
seq_0155,CMP VIA FILL
seq_0155,MEASURE CONTACT RESISTANCE
seq_0155,DEPOSIT METAL 1
seq_0155,ANNEAL METAL
seq_0155,MEASURE METAL THICKNESS
seq_0155,SPIN COAT PHOTORESIST
seq_0155,SOFT BAKE
seq_0155,ALIGN MASK LEVEL 4
seq_0155,EXPOSE LITHO LEVEL 4
seq_0155,DEVELOP PHOTORESIST
seq_0155,METAL PATTERN INSPECTION
seq_0155,METAL ETCH
seq_0155,STRIP PHOTORESIST
seq_0155,CLEAN AFTER METAL ETCH
seq_0155,MEASURE LINE WIDTH
seq_0155,DEPOSIT PASSIVATION LAYER
seq_0155,CURE PASSIVATION
seq_0155,MEASURE PASSIVATION THICKNESS
seq_0155,OPEN BOND PAD WINDOW
seq_0155,OPEN PAD WINDOW LITHO
seq_0155,DEVELOP PHOTORESIST
seq_0155,PASSIVATION ETCH PAD OPENING
seq_0155,STRIP PHOTORESIST
seq_0155,CLEAN PAD OPENING
seq_0155,MEASURE PAD OPENING
seq_0155,BACKSIDE CLEAN
seq_0155,BACKSIDE GRIND
seq_0155,MEASURE WAFER THICKNESS
seq_0155,BACKSIDE ETCH CLEAN
seq_0155,BACKSIDE RINSE
seq_0155,BACKSIDE DRY
seq_0155,BACKSIDE METALLIZATION PREP
seq_0155,DEPOSIT BACKSIDE METAL
seq_0155,BACKSIDE ANNEAL
seq_0155,MEASURE BACKSIDE CONTACT
seq_0155,FINAL CLEAN
seq_0155,FINAL THICKNESS MEASURE
seq_0155,FINAL GEOMETRY CHECK
seq_0155,FINAL PARTICLE INSPECTION
seq_0155,ELECTRICAL PARAMETRIC TEST
seq_0155,LEAKAGE TEST
seq_0155,THRESHOLD VOLTAGE TEST
seq_0155,SWITCHING TEST
seq_0155,WAFER SORT TEST
seq_0155,YIELD ANALYSIS
seq_0155,LOT RELEASE
seq_0155,SHIP LOT
seq_0156,RECEIVE WAFER LOT
seq_0156,LOT IDENTIFICATION
seq_0156,INITIAL WAFER INSPECTION
seq_0156,MEASURE THICKNESS
seq_0156,PRE CLEAN WAFER
seq_0156,BACKSIDE CLEAN
seq_0156,FRONTSIDE CLEAN
seq_0156,RCA CLEAN 1
seq_0156,WET CLEAN RCA2
seq_0156,HF DIP
seq_0156,DRY WAFER
seq_0156,SUBSTRATE CHECK
seq_0156,EPITAXY PREP
seq_0156,EPITAXIAL DEPOSITION
seq_0156,MEASURE EPITAXY THICKNESS
seq_0156,MEASURE RESISTIVITY
seq_0156,EPITAXY ANNEAL
seq_0156,WAFER SURFACE CLEAN
seq_0156,THERMAL OXIDATION
seq_0156,MEASURE OXIDE THICKNESS
seq_0156,SPIN COAT PHOTORESIST
seq_0156,SOFT BAKE
seq_0156,ALIGN MASK LEVEL 1
seq_0156,EXPOSE LITHO LEVEL 1
seq_0156,POST EXPOSE BAKE
seq_0156,DEVELOP PHOTORESIST
seq_0156,PATTERN INSPECTION LEVEL 1
seq_0156,HARD BAKE
seq_0156,OXIDE ETCH
seq_0156,STRIP RESIST
seq_0156,CLEAN AFTER ETCH
seq_0156,IMPLANT WELL
seq_0156,DRIVE IN DIFFUSION
seq_0156,RAPID THERMAL ANNEAL
seq_0156,MEASURE JUNCTION DEPTH
seq_0156,THERMAL OXIDATION
seq_0156,GATE OXIDE PREP
seq_0156,GATE OXIDE GROWTH
seq_0156,MEASURE GATE OXIDE THICKNESS
seq_0156,DEPOSIT POLYSILICON
seq_0156,POLYSILICON ANNEAL
seq_0156,MEASURE POLY THICKNESS
seq_0156,SPIN COAT PHOTORESIST
seq_0156,SOFT BAKE
seq_0156,ALIGN MASK LEVEL 2
seq_0156,EXPOSE LITHO LEVEL 2
seq_0156,POST EXPOSE BAKE
seq_0156,DEVELOP PHOTORESIST
seq_0156,POLY PATTERN INSPECTION
seq_0156,POLYSILICON ETCH
seq_0156,STRIP RESIST
seq_0156,CLEAN AFTER POLY ETCH
seq_0156,IMPLANT SOURCE DRAIN
seq_0156,PRE ANNEAL CHECK
seq_0156,LIGHT ANNEAL
seq_0156,MEASURE SHEET RESISTANCE
seq_0156,DEPOSIT SPACER DIELECTRIC
seq_0156,ANISOTROPIC ETCH SPACER
seq_0156,MEASURE SPACER WIDTH
seq_0156,IMPLANT LDD
seq_0156,PRE ANNEAL CHECK
seq_0156,RAPID THERMAL ANNEAL
seq_0156,MEASURE JUNCTION PROFILE
seq_0156,DEPOSIT INTERLAYER DIELECTRIC
seq_0156,DENSIFY DIELECTRIC
seq_0156,MEASURE FILM THICKNESS
seq_0156,CMP INTERLAYER DIELECTRIC
seq_0156,MEASURE PLANARITY
seq_0156,SPIN COAT PHOTORESIST
seq_0156,SOFT BAKE
seq_0156,ALIGN MASK LEVEL 3
seq_0156,EXPOSE LITHO LEVEL 3
seq_0156,POST EXPOSE BAKE
seq_0156,DEVELOP PHOTORESIST
seq_0156,VIA OPENING INSPECTION
seq_0156,VIA ETCH
seq_0156,STRIP RESIST
seq_0156,CLEAN AFTER VIA ETCH
seq_0156,DEPOSIT BARRIER METAL
seq_0156,DEPOSIT METAL SEED
seq_0156,FILL VIA METAL
seq_0156,CMP VIA FILL
seq_0156,DEPOSIT TOP METAL
seq_0156,ANNEAL METAL
seq_0156,MEASURE METAL THICKNESS
seq_0156,SPIN COAT PHOTORESIST
seq_0156,SOFT BAKE
seq_0156,ALIGN MASK LEVEL 4
seq_0156,EXPOSE LITHO LEVEL 4
seq_0156,POST EXPOSE BAKE
seq_0156,DEVELOP PHOTORESIST
seq_0156,METAL PATTERN INSPECTION
seq_0156,METAL ETCH
seq_0156,STRIP RESIST
seq_0156,CLEAN AFTER METAL ETCH
seq_0156,MEASURE LINE WIDTH
seq_0156,DEPOSIT PASSIVATION
seq_0156,CURE PASSIVATION
seq_0156,MEASURE PASSIVATION QUALITY
seq_0156,OPEN PAD WINDOW
seq_0156,OPEN PAD WINDOW LITHO
seq_0156,DEVELOP PHOTORESIST
seq_0156,PASSIVATION ETCH PAD OPENING
seq_0156,STRIP RESIST
seq_0156,CLEAN PAD OPENING
seq_0156,MEASURE PAD OPENING
seq_0156,BACKSIDE CLEAN
seq_0156,BACKSIDE GRIND
seq_0156,MEASURE WAFER THICKNESS
seq_0156,BACKSIDE ETCH CLEAN
seq_0156,BACKSIDE RINSE
seq_0156,BACKSIDE DRY
seq_0156,BACKSIDE METALLIZATION PREP
seq_0156,DEPOSIT BACKSIDE METAL
seq_0156,BACKSIDE ANNEAL
seq_0156,MEASURE BACKSIDE CONTACT
seq_0156,FINAL CLEAN
seq_0156,FINAL THICKNESS MEASURE
seq_0156,FINAL GEOMETRY CHECK
seq_0156,FINAL CD INSPECTION
seq_0156,FINAL PARTICLE INSPECTION
seq_0156,PARAMETRIC TEST
seq_0156,LEAKAGE TEST
seq_0156,THRESHOLD VOLTAGE TEST
seq_0156,SWITCHING TEST
seq_0156,WAFER SORT TEST
seq_0156,YIELD ANALYSIS
seq_0156,FINAL LOT RELEASE
seq_0156,SHIP LOT
seq_0157,RECEIVE WAFER LOT
seq_0157,LOT IDENTIFICATION
seq_0157,INITIAL WAFER INSPECTION
seq_0157,MEASURE THICKNESS
seq_0157,MEASURE SURFACE PARTICLES
seq_0157,PRE CLEAN WAFER
seq_0157,BACKSIDE CLEAN
seq_0157,WET CLEAN RCA1
seq_0157,RCA CLEAN 2
seq_0157,HF DIP
seq_0157,DRY WAFER
seq_0157,SUBSTRATE CHECK
seq_0157,EPITAXY PREP
seq_0157,EPITAXIAL DEPOSITION
seq_0157,MEASURE EPITAXY THICKNESS
seq_0157,MEASURE RESISTIVITY
seq_0157,EPITAXY ANNEAL
seq_0157,WAFER SURFACE CLEAN
seq_0157,THERMAL OXIDATION
seq_0157,MEASURE OXIDE THICKNESS
seq_0157,SPIN COAT PHOTORESIST
seq_0157,SOFT BAKE
seq_0157,ALIGN MASK LEVEL 1
seq_0157,EXPOSE LITHO LEVEL 1
seq_0157,DEVELOP PHOTORESIST
seq_0157,PATTERN INSPECTION LEVEL 1
seq_0157,OXIDE ETCH
seq_0157,STRIP RESIST
seq_0157,CLEAN AFTER ETCH
seq_0157,MEASURE OPENING CD
seq_0157,IMPLANT WELL
seq_0157,PRE ANNEAL CHECK
seq_0157,DRIVE IN DIFFUSION
seq_0157,RAPID THERMAL ANNEAL
seq_0157,THERMAL OXIDATION
seq_0157,GATE OXIDE PREP
seq_0157,GATE OXIDE GROWTH
seq_0157,MEASURE GATE OXIDE THICKNESS
seq_0157,DEPOSIT POLYSILICON
seq_0157,POLYSILICON ANNEAL
seq_0157,MEASURE POLY THICKNESS
seq_0157,SPIN COAT PHOTORESIST
seq_0157,SOFT BAKE
seq_0157,ALIGN MASK LEVEL 2
seq_0157,EXPOSE LITHO LEVEL 2
seq_0157,POST EXPOSE BAKE
seq_0157,DEVELOP PHOTORESIST
seq_0157,POLY PATTERN INSPECTION
seq_0157,HARD BAKE
seq_0157,POLYSILICON ETCH
seq_0157,STRIP RESIST
seq_0157,CLEAN AFTER POLY ETCH
seq_0157,IMPLANT SOURCE DRAIN
seq_0157,PRE ANNEAL CHECK
seq_0157,LIGHT ANNEAL
seq_0157,DEPOSIT SPACER DIELECTRIC
seq_0157,ANISOTROPIC ETCH SPACER
seq_0157,MEASURE SPACER WIDTH
seq_0157,IMPLANT LDD
seq_0157,RAPID THERMAL ANNEAL
seq_0157,MEASURE JUNCTION PROFILE
seq_0157,DEPOSIT INTERLAYER DIELECTRIC
seq_0157,DENSIFY DIELECTRIC
seq_0157,MEASURE DIELECTRIC THICKNESS
seq_0157,CMP DIELECTRIC
seq_0157,MEASURE SURFACE PLANARITY
seq_0157,SPIN COAT PHOTORESIST
seq_0157,SOFT BAKE
seq_0157,ALIGN MASK LEVEL 3
seq_0157,EXPOSE LITHO LEVEL 3
seq_0157,DEVELOP PHOTORESIST
seq_0157,VIA OPENING INSPECTION
seq_0157,DIELECTRIC ETCH VIA
seq_0157,STRIP RESIST
seq_0157,CLEAN AFTER VIA ETCH
seq_0157,MEASURE VIA CD
seq_0157,DEPOSIT BARRIER METAL
seq_0157,DEPOSIT METAL SEED
seq_0157,FILL VIA METAL
seq_0157,CMP VIA FILL
seq_0157,DEPOSIT METAL 1
seq_0157,ANNEAL METAL 1
seq_0157,SPIN COAT PHOTORESIST
seq_0157,SOFT BAKE
seq_0157,ALIGN MASK LEVEL 4
seq_0157,EXPOSE LITHO LEVEL 4
seq_0157,DEVELOP PHOTORESIST
seq_0157,METAL PATTERN INSPECTION
seq_0157,METAL ETCH
seq_0157,STRIP PHOTORESIST
seq_0157,CLEAN AFTER METAL ETCH
seq_0157,DEPOSIT PASSIVATION LAYER
seq_0157,CURE PASSIVATION
seq_0157,MEASURE PASSIVATION THICKNESS
seq_0157,OPEN PAD WINDOW
seq_0157,OPEN PAD WINDOW LITHO
seq_0157,DEVELOP PAD WINDOW
seq_0157,PASSIVATION ETCH
seq_0157,STRIP RESIST
seq_0157,CLEAN PAD OPENING
seq_0157,MEASURE PAD OPENING
seq_0157,BACKSIDE CLEAN
seq_0157,BACKSIDE GRIND
seq_0157,MEASURE THICKNESS
seq_0157,BACKSIDE ETCH CLEAN
seq_0157,BACKSIDE RINSE
seq_0157,BACKSIDE DRY
seq_0157,BACKSIDE METALLIZATION PREP
seq_0157,DEPOSIT BACKSIDE METAL
seq_0157,BACKSIDE ANNEAL
seq_0157,MEASURE BACKSIDE CONTACT
seq_0157,FINAL CLEAN
seq_0157,FINAL THICKNESS MEASURE
seq_0157,FINAL GEOMETRY CHECK
seq_0157,ELECTRICAL PARAMETRIC TEST
seq_0157,LEAKAGE TEST
seq_0157,THRESHOLD VOLTAGE TEST
seq_0157,SWITCHING TEST
seq_0157,WAFER SORT TEST
seq_0157,YIELD ANALYSIS
seq_0157,LOT RELEASE
seq_0157,SHIP LOT
seq_0158,RECEIVE WAFER LOT
seq_0158,LOT IDENTIFICATION
seq_0158,PRE CLEAN INSPECTION
seq_0158,MEASURE SURFACE PARTICLES
seq_0158,PRE CLEAN WAFER
seq_0158,WET CLEAN RCA1
seq_0158,RCA CLEAN 2
seq_0158,HF DIP
seq_0158,DRY WAFER
seq_0158,SUBSTRATE CHECK
seq_0158,EPITAXY PREP
seq_0158,EPITAXIAL DEPOSITION
seq_0158,MEASURE EPITAXY THICKNESS
seq_0158,MEASURE RESISTIVITY
seq_0158,EPITAXY ANNEAL
seq_0158,WAFER SURFACE CLEAN
seq_0158,THERMAL OXIDATION
seq_0158,MEASURE OXIDE THICKNESS
seq_0158,SPIN COAT PHOTORESIST
seq_0158,SOFT BAKE
seq_0158,ALIGN MASK LEVEL 1
seq_0158,EXPOSE LITHO LEVEL 1
seq_0158,DEVELOP PHOTORESIST
seq_0158,PATTERN INSPECTION LEVEL 1
seq_0158,OXIDE ETCH
seq_0158,STRIP PHOTORESIST
seq_0158,CLEAN AFTER ETCH
seq_0158,IMPLANT WELL
seq_0158,PRE ANNEAL CHECK
seq_0158,DRIVE IN DIFFUSION
seq_0158,RAPID THERMAL ANNEAL
seq_0158,MEASURE JUNCTION DEPTH
seq_0158,THERMAL OXIDATION
seq_0158,GATE OXIDE PREP
seq_0158,GATE OXIDE GROWTH
seq_0158,MEASURE GATE OXIDE THICKNESS
seq_0158,DEPOSIT POLYSILICON
seq_0158,POLYSILICON ANNEAL
seq_0158,MEASURE POLY THICKNESS
seq_0158,SPIN COAT PHOTORESIST
seq_0158,SOFT BAKE
seq_0158,ALIGN MASK LEVEL 2
seq_0158,EXPOSE LITHO LEVEL 2
seq_0158,DEVELOP PHOTORESIST
seq_0158,POLY PATTERN INSPECTION
seq_0158,HARD BAKE
seq_0158,POLYSILICON ETCH
seq_0158,STRIP RESIST
seq_0158,CLEAN AFTER POLY ETCH
seq_0158,IMPLANT SOURCE DRAIN
seq_0158,PRE ANNEAL CHECK
seq_0158,LIGHT ANNEAL
seq_0158,DEPOSIT SPACER DIELECTRIC
seq_0158,ANISOTROPIC ETCH SPACER
seq_0158,MEASURE SPACER WIDTH
seq_0158,IMPLANT LDD
seq_0158,PRE ANNEAL CHECK
seq_0158,RAPID THERMAL ANNEAL
seq_0158,MEASURE JUNCTION PROFILE
seq_0158,DEPOSIT INTERLEVEL DIELECTRIC
seq_0158,DENSIFY DIELECTRIC
seq_0158,MEASURE FILM THICKNESS
seq_0158,CMP DIELECTRIC
seq_0158,MEASURE SURFACE PLANARITY
seq_0158,SPIN COAT PHOTORESIST
seq_0158,SOFT BAKE
seq_0158,ALIGN MASK LEVEL 3
seq_0158,EXPOSE LITHO LEVEL 3
seq_0158,POST EXPOSE BAKE
seq_0158,DEVELOP PHOTORESIST
seq_0158,VIA OPENING INSPECTION
seq_0158,HARD BAKE
seq_0158,VIA ETCH THROUGH DIELECTRIC
seq_0158,STRIP PHOTORESIST
seq_0158,CLEAN AFTER VIA ETCH
seq_0158,DEPOSIT BARRIER METAL
seq_0158,DEPOSIT METAL SEED
seq_0158,FILL VIA METAL
seq_0158,CMP METAL
seq_0158,MEASURE CONTACT RESISTANCE
seq_0158,DEPOSIT TOP METAL
seq_0158,ANNEAL METAL
seq_0158,SPIN COAT PHOTORESIST
seq_0158,SOFT BAKE
seq_0158,ALIGN MASK LEVEL 4
seq_0158,EXPOSE LITHO LEVEL 4
seq_0158,DEVELOP PHOTORESIST
seq_0158,METAL PATTERN INSPECTION
seq_0158,METAL ETCH
seq_0158,STRIP RESIST
seq_0158,CLEAN AFTER METAL ETCH
seq_0158,MEASURE LINE WIDTH
seq_0158,DEPOSIT PASSIVATION
seq_0158,CURE PASSIVATION
seq_0158,MEASURE PASSIVATION QUALITY
seq_0158,OPEN PAD WINDOW
seq_0158,PAD WINDOW LITHO
seq_0158,DEVELOP PHOTORESIST
seq_0158,PASSIVATION ETCH PAD OPENING
seq_0158,STRIP RESIST
seq_0158,CLEAN PAD OPENING
seq_0158,MEASURE PAD OPENING
seq_0158,BACKSIDE CLEAN
seq_0158,BACKSIDE GRIND
seq_0158,MEASURE THICKNESS
seq_0158,BACKSIDE ETCH CLEAN
seq_0158,BACKSIDE RINSE
seq_0158,BACKSIDE DRY
seq_0158,BACKSIDE METALLIZATION PREP
seq_0158,DEPOSIT BACKSIDE METAL
seq_0158,BACKSIDE ANNEAL
seq_0158,MEASURE BACKSIDE CONTACT
seq_0158,FINAL CLEAN
seq_0158,FINAL GEOMETRY CHECK
seq_0158,FINAL CD INSPECTION
seq_0158,FINAL PARTICLE INSPECTION
seq_0158,ELECTRICAL PARAMETRIC TEST
seq_0158,LEAKAGE TEST
seq_0158,THRESHOLD VOLTAGE TEST
seq_0158,SWITCHING TEST
seq_0158,WAFER SORT TEST
seq_0158,YIELD ANALYSIS
seq_0158,LOT RELEASE
seq_0158,SHIP LOT
seq_0159,RECEIVE WAFER LOT
seq_0159,LOT IDENTIFICATION
seq_0159,PRE CLEAN INSPECTION
seq_0159,MEASURE THICKNESS
seq_0159,MEASURE SURFACE PARTICLES
seq_0159,PRE CLEAN WAFER
seq_0159,BACKSIDE CLEAN
seq_0159,FRONTSIDE CLEAN
seq_0159,WET CLEAN RCA1
seq_0159,RCA CLEAN 2
seq_0159,HF DIP
seq_0159,DRY WAFER
seq_0159,SUBSTRATE CHECK
seq_0159,EPITAXY PREP
seq_0159,EPITAXIAL DEPOSITION
seq_0159,MEASURE EPITAXY THICKNESS
seq_0159,MEASURE RESISTIVITY
seq_0159,EPITAXY ANNEAL
seq_0159,WAFER SURFACE CLEAN
seq_0159,THERMAL OXIDATION
seq_0159,MEASURE OXIDE THICKNESS
seq_0159,SPIN COAT PHOTORESIST
seq_0159,SOFT BAKE
seq_0159,ALIGN MASK LEVEL 1
seq_0159,EXPOSE LITHO LEVEL 1
seq_0159,DEVELOP PHOTORESIST
seq_0159,PATTERN INSPECTION LEVEL 1
seq_0159,OXIDE ETCH
seq_0159,STRIP PHOTORESIST
seq_0159,CLEAN AFTER ETCH
seq_0159,MEASURE OPENING CD
seq_0159,IMPLANT WELL
seq_0159,PRE ANNEAL CHECK
seq_0159,DRIVE IN DIFFUSION
seq_0159,RAPID THERMAL ANNEAL
seq_0159,THERMAL OXIDATION
seq_0159,GATE OXIDE PREP
seq_0159,GATE OXIDE GROWTH
seq_0159,MEASURE GATE OXIDE THICKNESS
seq_0159,DEPOSIT POLYSILICON
seq_0159,POLYSILICON ANNEAL
seq_0159,MEASURE POLY THICKNESS
seq_0159,SPIN COAT PHOTORESIST
seq_0159,SOFT BAKE
seq_0159,ALIGN MASK LEVEL 2
seq_0159,EXPOSE LITHO LEVEL 2
seq_0159,DEVELOP PHOTORESIST
seq_0159,POLY PATTERN INSPECTION
seq_0159,POLYSILICON ETCH
seq_0159,STRIP PHOTORESIST
seq_0159,CLEAN AFTER POLY ETCH
seq_0159,MEASURE GATE CD
seq_0159,IMPLANT SOURCE DRAIN
seq_0159,LIGHT ANNEAL
seq_0159,MEASURE SHEET RESISTANCE
seq_0159,DEPOSIT SPACER DIELECTRIC
seq_0159,ANISOTROPIC ETCH SPACER
seq_0159,IMPLANT LDD
seq_0159,PRE ANNEAL CHECK
seq_0159,RAPID THERMAL ANNEAL
seq_0159,MEASURE JUNCTION PROFILE
seq_0159,DEPOSIT INTERLAYER DIELECTRIC
seq_0159,DENSIFY DIELECTRIC
seq_0159,MEASURE DIELECTRIC THICKNESS
seq_0159,CMP INTERLAYER DIELECTRIC
seq_0159,MEASURE SURFACE PLANARITY
seq_0159,SPIN COAT PHOTORESIST
seq_0159,SOFT BAKE
seq_0159,ALIGN MASK LEVEL 3
seq_0159,EXPOSE LITHO LEVEL 3
seq_0159,DEVELOP PHOTORESIST
seq_0159,VIA OPENING INSPECTION
seq_0159,VIA ETCH THROUGH DIELECTRIC
seq_0159,STRIP PHOTORESIST
seq_0159,CLEAN AFTER VIA ETCH
seq_0159,MEASURE VIA CD
seq_0159,DEPOSIT BARRIER METAL
seq_0159,DEPOSIT METAL SEED
seq_0159,FILL VIA METAL
seq_0159,CMP VIA FILL
seq_0159,MEASURE VIA RESISTANCE
seq_0159,DEPOSIT METAL 1
seq_0159,ANNEAL METAL 1
seq_0159,MEASURE METAL THICKNESS
seq_0159,SPIN COAT PHOTORESIST
seq_0159,SOFT BAKE
seq_0159,ALIGN MASK LEVEL 4
seq_0159,EXPOSE LITHO LEVEL 4
seq_0159,POST EXPOSE BAKE
seq_0159,DEVELOP PHOTORESIST
seq_0159,METAL PATTERN INSPECTION
seq_0159,HARD BAKE
seq_0159,METAL ETCH
seq_0159,STRIP PHOTORESIST
seq_0159,CLEAN AFTER METAL ETCH
seq_0159,MEASURE LINE WIDTH
seq_0159,DEPOSIT PASSIVATION
seq_0159,CURE PASSIVATION
seq_0159,MEASURE PASSIVATION QUALITY
seq_0159,OPEN BOND PAD WINDOW
seq_0159,OPEN PAD WINDOW LITHO
seq_0159,DEVELOP PAD WINDOW
seq_0159,PASSIVATION ETCH PAD OPENING
seq_0159,STRIP RESIST
seq_0159,CLEAN PAD OPENING
seq_0159,MEASURE PAD OPENING
seq_0159,BACKSIDE CLEAN
seq_0159,BACKSIDE GRIND
seq_0159,MEASURE THICKNESS
seq_0159,BACKSIDE ETCH CLEAN
seq_0159,BACKSIDE RINSE
seq_0159,BACKSIDE DRY
seq_0159,BACKSIDE METALLIZATION PREP
seq_0159,DEPOSIT BACKSIDE METAL
seq_0159,BACKSIDE ANNEAL
seq_0159,MEASURE BACKSIDE CONTACT
seq_0159,FINAL CLEAN
seq_0159,FINAL THICKNESS MEASURE
seq_0159,FINAL CD INSPECTION
seq_0159,FINAL PARTICLE INSPECTION
seq_0159,ELECTRICAL PARAMETRIC TEST
seq_0159,LEAKAGE TEST
seq_0159,THRESHOLD VOLTAGE TEST
seq_0159,SWITCHING TEST
seq_0159,WAFER SORT TEST
seq_0159,YIELD ANALYSIS
seq_0159,LOT RELEASE
seq_0159,SHIP LOT
seq_0160,RECEIVE WAFER LOT
seq_0160,LOT IDENTIFICATION
seq_0160,INITIAL WAFER INSPECTION
seq_0160,MEASURE THICKNESS
seq_0160,MEASURE SURFACE PARTICLES
seq_0160,PRE CLEAN WAFER
seq_0160,FRONTSIDE CLEAN
seq_0160,RCA CLEAN 1
seq_0160,WET CLEAN RCA2
seq_0160,HF DIP
seq_0160,DRY WAFER
seq_0160,SUBSTRATE CHECK
seq_0160,EPITAXY PREP
seq_0160,EPITAXIAL DEPOSITION
seq_0160,MEASURE EPITAXY THICKNESS
seq_0160,MEASURE RESISTIVITY
seq_0160,EPITAXY ANNEAL
seq_0160,WAFER SURFACE CLEAN
seq_0160,THERMAL OXIDATION
seq_0160,MEASURE OXIDE THICKNESS
seq_0160,SPIN COAT PHOTORESIST
seq_0160,SOFT BAKE
seq_0160,ALIGN MASK LEVEL 1
seq_0160,EXPOSE LITHO LEVEL 1
seq_0160,DEVELOP PHOTORESIST
seq_0160,PATTERN INSPECTION LEVEL 1
seq_0160,OXIDE ETCH
seq_0160,STRIP PHOTORESIST
seq_0160,CLEAN AFTER ETCH
seq_0160,IMPLANT WELL
seq_0160,DRIVE IN DIFFUSION
seq_0160,RAPID THERMAL ANNEAL
seq_0160,MEASURE JUNCTION DEPTH
seq_0160,THERMAL OXIDATION
seq_0160,GATE OXIDE PREP
seq_0160,GATE OXIDE GROWTH
seq_0160,MEASURE GATE OXIDE THICKNESS
seq_0160,DEPOSIT POLYSILICON
seq_0160,POLYSILICON ANNEAL
seq_0160,SPIN COAT PHOTORESIST
seq_0160,SOFT BAKE
seq_0160,ALIGN MASK LEVEL 2
seq_0160,EXPOSE LITHO LEVEL 2
seq_0160,DEVELOP PHOTORESIST
seq_0160,POLY PATTERN INSPECTION
seq_0160,HARD BAKE
seq_0160,POLYSILICON ETCH
seq_0160,STRIP PHOTORESIST
seq_0160,CLEAN AFTER POLY ETCH
seq_0160,MEASURE GATE CD
seq_0160,IMPLANT SOURCE DRAIN
seq_0160,LIGHT ANNEAL
seq_0160,MEASURE SHEET RESISTANCE
seq_0160,DEPOSIT SPACER DIELECTRIC
seq_0160,ANISOTROPIC ETCH SPACER
seq_0160,MEASURE SPACER WIDTH
seq_0160,IMPLANT LDD
seq_0160,RAPID THERMAL ANNEAL
seq_0160,MEASURE JUNCTION PROFILE
seq_0160,DEPOSIT INTERLAYER DIELECTRIC
seq_0160,DENSIFY DIELECTRIC
seq_0160,MEASURE DIELECTRIC THICKNESS
seq_0160,CMP INTERLAYER DIELECTRIC
seq_0160,MEASURE PLANARITY
seq_0160,SPIN COAT PHOTORESIST
seq_0160,SOFT BAKE
seq_0160,ALIGN MASK LEVEL 3
seq_0160,EXPOSE LITHO LEVEL 3
seq_0160,DEVELOP PHOTORESIST
seq_0160,VIA OPENING INSPECTION
seq_0160,DIELECTRIC ETCH VIA
seq_0160,STRIP PHOTORESIST
seq_0160,CLEAN AFTER VIA ETCH
seq_0160,MEASURE VIA CD
seq_0160,DEPOSIT BARRIER METAL
seq_0160,DEPOSIT METAL SEED
seq_0160,FILL VIA METAL
seq_0160,CMP METAL
seq_0160,MEASURE VIA RESISTANCE
seq_0160,DEPOSIT METAL 1
seq_0160,ANNEAL METAL 1
seq_0160,MEASURE METAL THICKNESS
seq_0160,SPIN COAT PHOTORESIST
seq_0160,SOFT BAKE
seq_0160,ALIGN MASK LEVEL 4
seq_0160,EXPOSE LITHO LEVEL 4
seq_0160,POST EXPOSE BAKE
seq_0160,DEVELOP PHOTORESIST
seq_0160,METAL PATTERN INSPECTION
seq_0160,METAL ETCH
seq_0160,STRIP PHOTORESIST
seq_0160,CLEAN AFTER METAL ETCH
seq_0160,MEASURE LINE WIDTH
seq_0160,DEPOSIT PASSIVATION LAYER
seq_0160,CURE PASSIVATION
seq_0160,MEASURE PASSIVATION QUALITY
seq_0160,OPEN PAD WINDOW
seq_0160,OPEN PAD WINDOW LITHO
seq_0160,DEVELOP PAD WINDOW
seq_0160,PASSIVATION ETCH
seq_0160,STRIP PHOTORESIST
seq_0160,CLEAN PAD OPENING
seq_0160,MEASURE PAD OPENING
seq_0160,BACKSIDE CLEAN
seq_0160,BACKSIDE GRIND
seq_0160,MEASURE WAFER THICKNESS
seq_0160,BACKSIDE ETCH CLEAN
seq_0160,BACKSIDE RINSE
seq_0160,BACKSIDE DRY
seq_0160,BACKSIDE METALLIZATION PREP
seq_0160,DEPOSIT BACKSIDE METAL
seq_0160,BACKSIDE ANNEAL
seq_0160,MEASURE BACKSIDE CONTACT
seq_0160,FINAL CLEAN
seq_0160,FINAL THICKNESS MEASURE
seq_0160,FINAL CD INSPECTION
seq_0160,FINAL PARTICLE INSPECTION
seq_0160,ELECTRICAL PARAMETRIC TEST
seq_0160,LEAKAGE TEST
seq_0160,THRESHOLD VOLTAGE TEST
seq_0160,SWITCHING TEST
seq_0160,WAFER SORT TEST
seq_0160,YIELD ANALYSIS
seq_0160,FINAL LOT RELEASE
seq_0160,SHIP LOT
seq_0161,RECEIVE WAFER LOT
seq_0161,LOT IDENTIFICATION
seq_0161,PRE CLEAN INSPECTION
seq_0161,MEASURE THICKNESS
seq_0161,MEASURE SURFACE PARTICLES
seq_0161,PRE CLEAN WAFER
seq_0161,BACKSIDE CLEAN
seq_0161,FRONTSIDE CLEAN
seq_0161,RCA CLEAN 1
seq_0161,RCA CLEAN 2
seq_0161,HF DIP
seq_0161,DRY WAFER
seq_0161,SUBSTRATE CHECK
seq_0161,EPITAXY PREP
seq_0161,EPITAXIAL DEPOSITION
seq_0161,MEASURE EPITAXY THICKNESS
seq_0161,MEASURE RESISTIVITY
seq_0161,EPITAXY ANNEAL
seq_0161,WAFER SURFACE CLEAN
seq_0161,THERMAL OXIDATION
seq_0161,MEASURE OXIDE THICKNESS
seq_0161,SPIN COAT PHOTORESIST
seq_0161,SOFT BAKE
seq_0161,ALIGN MASK LEVEL 1
seq_0161,EXPOSE LITHO LEVEL 1
seq_0161,POST EXPOSE BAKE
seq_0161,DEVELOP PHOTORESIST
seq_0161,PATTERN INSPECTION LEVEL 1
seq_0161,OXIDE ETCH
seq_0161,STRIP RESIST
seq_0161,CLEAN AFTER ETCH
seq_0161,IMPLANT WELL
seq_0161,DRIVE IN DIFFUSION
seq_0161,RAPID THERMAL ANNEAL
seq_0161,MEASURE JUNCTION DEPTH
seq_0161,THERMAL OXIDATION
seq_0161,GATE OXIDE PREP
seq_0161,GATE OXIDE GROWTH
seq_0161,MEASURE GATE OXIDE THICKNESS
seq_0161,DEPOSIT POLYSILICON
seq_0161,POLYSILICON ANNEAL
seq_0161,MEASURE POLY THICKNESS
seq_0161,SPIN COAT PHOTORESIST
seq_0161,SOFT BAKE
seq_0161,ALIGN MASK LEVEL 2
seq_0161,EXPOSE LITHO LEVEL 2
seq_0161,DEVELOP PHOTORESIST
seq_0161,POLY PATTERN INSPECTION
seq_0161,POLYSILICON ETCH
seq_0161,STRIP PHOTORESIST
seq_0161,CLEAN AFTER POLY ETCH
seq_0161,MEASURE GATE CD
seq_0161,IMPLANT SOURCE DRAIN
seq_0161,PRE ANNEAL CHECK
seq_0161,LIGHT ANNEAL
seq_0161,MEASURE SHEET RESISTANCE
seq_0161,DEPOSIT SPACER DIELECTRIC
seq_0161,ANISOTROPIC ETCH SPACER
seq_0161,MEASURE SPACER WIDTH
seq_0161,IMPLANT LDD
seq_0161,PRE ANNEAL CHECK
seq_0161,RAPID THERMAL ANNEAL
seq_0161,DEPOSIT INTERLAYER DIELECTRIC
seq_0161,DENSIFY DIELECTRIC
seq_0161,MEASURE DIELECTRIC THICKNESS
seq_0161,CMP DIELECTRIC
seq_0161,MEASURE PLANARITY
seq_0161,SPIN COAT PHOTORESIST
seq_0161,SOFT BAKE
seq_0161,ALIGN MASK LEVEL 3
seq_0161,EXPOSE LITHO LEVEL 3
seq_0161,POST EXPOSE BAKE
seq_0161,DEVELOP PHOTORESIST
seq_0161,VIA INSPECTION
seq_0161,HARD BAKE
seq_0161,DIELECTRIC ETCH VIA
seq_0161,STRIP RESIST
seq_0161,CLEAN AFTER VIA ETCH
seq_0161,DEPOSIT BARRIER METAL
seq_0161,DEPOSIT METAL SEED
seq_0161,FILL VIA METAL
seq_0161,CMP METAL
seq_0161,MEASURE CONTACT RESISTANCE
seq_0161,DEPOSIT TOP METAL
seq_0161,ANNEAL METAL 1
seq_0161,MEASURE METAL THICKNESS
seq_0161,SPIN COAT PHOTORESIST
seq_0161,SOFT BAKE
seq_0161,ALIGN MASK LEVEL 4
seq_0161,EXPOSE LITHO LEVEL 4
seq_0161,POST EXPOSE BAKE
seq_0161,DEVELOP PHOTORESIST
seq_0161,METAL PATTERN INSPECTION
seq_0161,HARD BAKE
seq_0161,METAL ETCH
seq_0161,STRIP PHOTORESIST
seq_0161,CLEAN AFTER METAL ETCH
seq_0161,MEASURE LINE WIDTH
seq_0161,DEPOSIT PASSIVATION
seq_0161,CURE PASSIVATION
seq_0161,MEASURE PASSIVATION THICKNESS
seq_0161,OPEN PAD WINDOW
seq_0161,OPEN PAD WINDOW LITHO
seq_0161,DEVELOP PHOTORESIST
seq_0161,PASSIVATION ETCH
seq_0161,STRIP RESIST
seq_0161,CLEAN PAD OPENING
seq_0161,MEASURE PAD OPENING
seq_0161,BACKSIDE CLEAN
seq_0161,BACKSIDE GRIND
seq_0161,MEASURE THICKNESS
seq_0161,BACKSIDE ETCH CLEAN
seq_0161,BACKSIDE RINSE
seq_0161,BACKSIDE DRY
seq_0161,BACKSIDE METALLIZATION PREP
seq_0161,DEPOSIT BACKSIDE METAL
seq_0161,BACKSIDE ANNEAL
seq_0161,MEASURE BACKSIDE CONTACT
seq_0161,FINAL CLEAN
seq_0161,FINAL THICKNESS MEASURE
seq_0161,FINAL GEOMETRY CHECK
seq_0161,FINAL CD INSPECTION
seq_0161,FINAL PARTICLE INSPECTION
seq_0161,ELECTRICAL PARAMETRIC TEST
seq_0161,LEAKAGE TEST
seq_0161,THRESHOLD VOLTAGE TEST
seq_0161,SWITCHING TEST
seq_0161,WAFER SORT TEST
seq_0161,YIELD ANALYSIS
seq_0161,LOT RELEASE
seq_0161,SHIP LOT
seq_0162,RECEIVE WAFER LOT
seq_0162,LOT IDENTIFICATION
seq_0162,PRE CLEAN INSPECTION
seq_0162,MEASURE SURFACE PARTICLES
seq_0162,PRE CLEAN WAFER
seq_0162,RCA CLEAN 1
seq_0162,WET CLEAN RCA2
seq_0162,HF DIP
seq_0162,SUBSTRATE CHECK
seq_0162,EPITAXY PREP
seq_0162,EPITAXIAL DEPOSITION
seq_0162,MEASURE EPITAXY THICKNESS
seq_0162,MEASURE RESISTIVITY
seq_0162,EPITAXY ANNEAL
seq_0162,WAFER SURFACE CLEAN
seq_0162,THERMAL OXIDATION
seq_0162,MEASURE OXIDE THICKNESS
seq_0162,SPIN COAT PHOTORESIST
seq_0162,SOFT BAKE
seq_0162,ALIGN MASK LEVEL 1
seq_0162,EXPOSE LITHO LEVEL 1
seq_0162,DEVELOP PHOTORESIST
seq_0162,PATTERN INSPECTION LEVEL 1
seq_0162,OXIDE ETCH
seq_0162,STRIP RESIST
seq_0162,CLEAN AFTER ETCH
seq_0162,MEASURE OPENING CD
seq_0162,IMPLANT WELL
seq_0162,DRIVE IN DIFFUSION
seq_0162,RAPID THERMAL ANNEAL
seq_0162,THERMAL OXIDATION
seq_0162,GATE OXIDE PREP
seq_0162,GATE OXIDE GROWTH
seq_0162,MEASURE GATE OXIDE THICKNESS
seq_0162,DEPOSIT POLYSILICON
seq_0162,POLYSILICON ANNEAL
seq_0162,MEASURE POLY THICKNESS
seq_0162,SPIN COAT PHOTORESIST
seq_0162,SOFT BAKE
seq_0162,ALIGN MASK LEVEL 2
seq_0162,EXPOSE LITHO LEVEL 2
seq_0162,DEVELOP PHOTORESIST
seq_0162,POLY PATTERN INSPECTION
seq_0162,POLYSILICON ETCH
seq_0162,STRIP RESIST
seq_0162,CLEAN AFTER POLY ETCH
seq_0162,IMPLANT SOURCE DRAIN
seq_0162,LIGHT ANNEAL
seq_0162,MEASURE SHEET RESISTANCE
seq_0162,DEPOSIT SPACER DIELECTRIC
seq_0162,ANISOTROPIC ETCH SPACER
seq_0162,IMPLANT LDD
seq_0162,PRE ANNEAL CHECK
seq_0162,RAPID THERMAL ANNEAL
seq_0162,MEASURE JUNCTION PROFILE
seq_0162,DEPOSIT INTERLAYER DIELECTRIC
seq_0162,DENSIFY OXIDE
seq_0162,MEASURE DIELECTRIC THICKNESS
seq_0162,CMP INTERLAYER DIELECTRIC
seq_0162,MEASURE SURFACE PLANARITY
seq_0162,SPIN COAT PHOTORESIST
seq_0162,SOFT BAKE
seq_0162,ALIGN MASK LEVEL 3
seq_0162,EXPOSE LITHO LEVEL 3
seq_0162,DEVELOP PHOTORESIST
seq_0162,VIA OPENING INSPECTION
seq_0162,VIA ETCH THROUGH DIELECTRIC
seq_0162,STRIP PHOTORESIST
seq_0162,CLEAN AFTER VIA ETCH
seq_0162,DEPOSIT BARRIER METAL
seq_0162,DEPOSIT METAL SEED
seq_0162,FILL VIA METAL
seq_0162,CMP METAL
seq_0162,MEASURE VIA RESISTANCE
seq_0162,DEPOSIT TOP METAL
seq_0162,ANNEAL METAL 1
seq_0162,MEASURE METAL THICKNESS
seq_0162,SPIN COAT PHOTORESIST
seq_0162,SOFT BAKE
seq_0162,ALIGN MASK LEVEL 4
seq_0162,EXPOSE LITHO LEVEL 4
seq_0162,DEVELOP PHOTORESIST
seq_0162,METAL PATTERN INSPECTION
seq_0162,METAL ETCH
seq_0162,STRIP PHOTORESIST
seq_0162,CLEAN AFTER METAL ETCH
seq_0162,MEASURE LINE WIDTH
seq_0162,DEPOSIT PASSIVATION
seq_0162,CURE PASSIVATION
seq_0162,MEASURE PASSIVATION THICKNESS
seq_0162,OPEN BOND PAD WINDOW
seq_0162,OPEN PAD WINDOW LITHO
seq_0162,DEVELOP PAD WINDOW
seq_0162,PASSIVATION ETCH PAD OPENING
seq_0162,STRIP RESIST
seq_0162,CLEAN PAD OPENING
seq_0162,MEASURE PAD OPENING
seq_0162,BACKSIDE CLEAN
seq_0162,BACKSIDE GRIND
seq_0162,MEASURE THICKNESS
seq_0162,BACKSIDE ETCH CLEAN
seq_0162,BACKSIDE RINSE
seq_0162,BACKSIDE DRY
seq_0162,BACKSIDE METALLIZATION PREP
seq_0162,DEPOSIT BACKSIDE METAL
seq_0162,BACKSIDE ANNEAL
seq_0162,MEASURE BACKSIDE CONTACT
seq_0162,FINAL CLEAN
seq_0162,FINAL THICKNESS MEASURE
seq_0162,FINAL GEOMETRY CHECK
seq_0162,FINAL PARTICLE INSPECTION
seq_0162,PARAMETRIC TEST
seq_0162,LEAKAGE TEST
seq_0162,THRESHOLD VOLTAGE TEST
seq_0162,SWITCHING TEST
seq_0162,WAFER SORT TEST
seq_0162,YIELD ANALYSIS
seq_0162,FINAL LOT RELEASE
seq_0162,SHIP LOT
seq_0163,RECEIVE WAFER LOT
seq_0163,LOT IDENTIFICATION
seq_0163,PRE CLEAN INSPECTION
seq_0163,MEASURE THICKNESS
seq_0163,MEASURE SURFACE PARTICLES
seq_0163,PRE CLEAN WAFER
seq_0163,RCA CLEAN 1
seq_0163,RCA CLEAN 2
seq_0163,HF DIP
seq_0163,SUBSTRATE CHECK
seq_0163,EPITAXY PREP
seq_0163,EPITAXIAL DEPOSITION
seq_0163,MEASURE EPITAXY THICKNESS
seq_0163,MEASURE RESISTIVITY
seq_0163,EPITAXY ANNEAL
seq_0163,WAFER SURFACE CLEAN
seq_0163,THERMAL OXIDATION
seq_0163,MEASURE OXIDE THICKNESS
seq_0163,SPIN COAT PHOTORESIST
seq_0163,SOFT BAKE
seq_0163,ALIGN MASK LEVEL 1
seq_0163,EXPOSE LITHO LEVEL 1
seq_0163,DEVELOP PHOTORESIST
seq_0163,PATTERN INSPECTION LEVEL 1
seq_0163,OXIDE ETCH
seq_0163,STRIP PHOTORESIST
seq_0163,CLEAN AFTER ETCH
seq_0163,MEASURE OPENING CD
seq_0163,IMPLANT WELL
seq_0163,DRIVE IN DIFFUSION
seq_0163,RAPID THERMAL ANNEAL
seq_0163,MEASURE JUNCTION DEPTH
seq_0163,THERMAL OXIDATION
seq_0163,GATE OXIDE PREP
seq_0163,GATE OXIDE GROWTH
seq_0163,MEASURE GATE OXIDE THICKNESS
seq_0163,DEPOSIT POLYSILICON
seq_0163,POLYSILICON ANNEAL
seq_0163,MEASURE POLY THICKNESS
seq_0163,SPIN COAT PHOTORESIST
seq_0163,SOFT BAKE
seq_0163,ALIGN MASK LEVEL 2
seq_0163,EXPOSE LITHO LEVEL 2
seq_0163,DEVELOP PHOTORESIST
seq_0163,POLY PATTERN INSPECTION
seq_0163,HARD BAKE
seq_0163,POLYSILICON ETCH
seq_0163,STRIP RESIST
seq_0163,CLEAN AFTER POLY ETCH
seq_0163,MEASURE GATE CD
seq_0163,IMPLANT SOURCE DRAIN
seq_0163,LIGHT ANNEAL
seq_0163,MEASURE SHEET RESISTANCE
seq_0163,DEPOSIT SPACER DIELECTRIC
seq_0163,ANISOTROPIC ETCH SPACER
seq_0163,MEASURE SPACER WIDTH
seq_0163,IMPLANT LDD
seq_0163,RAPID THERMAL ANNEAL
seq_0163,DEPOSIT INTERLAYER DIELECTRIC
seq_0163,DENSIFY DIELECTRIC
seq_0163,MEASURE DIELECTRIC THICKNESS
seq_0163,CMP DIELECTRIC
seq_0163,MEASURE SURFACE PLANARITY
seq_0163,SPIN COAT PHOTORESIST
seq_0163,SOFT BAKE
seq_0163,ALIGN MASK LEVEL 3
seq_0163,EXPOSE LITHO LEVEL 3
seq_0163,DEVELOP PHOTORESIST
seq_0163,VIA OPENING INSPECTION
seq_0163,VIA ETCH THROUGH DIELECTRIC
seq_0163,STRIP RESIST
seq_0163,CLEAN AFTER VIA ETCH
seq_0163,MEASURE VIA CD
seq_0163,DEPOSIT BARRIER METAL
seq_0163,DEPOSIT METAL SEED
seq_0163,FILL VIA METAL
seq_0163,CMP VIA FILL
seq_0163,MEASURE CONTACT RESISTANCE
seq_0163,DEPOSIT METAL 1
seq_0163,ANNEAL METAL 1
seq_0163,SPIN COAT PHOTORESIST
seq_0163,SOFT BAKE
seq_0163,ALIGN MASK LEVEL 4
seq_0163,EXPOSE LITHO LEVEL 4
seq_0163,POST EXPOSE BAKE
seq_0163,DEVELOP PHOTORESIST
seq_0163,METAL PATTERN INSPECTION
seq_0163,METAL ETCH
seq_0163,STRIP RESIST
seq_0163,CLEAN AFTER METAL ETCH
seq_0163,MEASURE LINE WIDTH
seq_0163,DEPOSIT PASSIVATION
seq_0163,CURE PASSIVATION
seq_0163,MEASURE PASSIVATION QUALITY
seq_0163,OPEN PAD WINDOW
seq_0163,PAD WINDOW LITHO
seq_0163,DEVELOP PAD WINDOW
seq_0163,PASSIVATION ETCH PAD OPENING
seq_0163,STRIP RESIST
seq_0163,CLEAN PAD OPENING
seq_0163,MEASURE PAD OPENING
seq_0163,BACKSIDE CLEAN
seq_0163,BACKSIDE GRIND
seq_0163,MEASURE THICKNESS
seq_0163,BACKSIDE ETCH CLEAN
seq_0163,BACKSIDE RINSE
seq_0163,BACKSIDE DRY
seq_0163,BACKSIDE METALLIZATION PREP
seq_0163,DEPOSIT BACKSIDE METAL
seq_0163,BACKSIDE ANNEAL
seq_0163,MEASURE BACKSIDE CONTACT
seq_0163,FINAL CLEAN
seq_0163,FINAL THICKNESS MEASURE
seq_0163,FINAL GEOMETRY CHECK
seq_0163,FINAL CD INSPECTION
seq_0163,FINAL PARTICLE INSPECTION
seq_0163,PARAMETRIC TEST
seq_0163,LEAKAGE TEST
seq_0163,THRESHOLD VOLTAGE TEST
seq_0163,SWITCHING TEST
seq_0163,WAFER SORT TEST
seq_0163,YIELD ANALYSIS
seq_0163,FINAL LOT RELEASE
seq_0163,SHIP LOT
seq_0164,RECEIVE WAFER LOT
seq_0164,LOT IDENTIFICATION
seq_0164,PRE CLEAN INSPECTION
seq_0164,MEASURE THICKNESS
seq_0164,MEASURE SURFACE PARTICLES
seq_0164,PRE CLEAN WAFER
seq_0164,BACKSIDE CLEAN
seq_0164,WET CLEAN RCA1
seq_0164,RCA CLEAN 2
seq_0164,HF DIP
seq_0164,DRY WAFER
seq_0164,SUBSTRATE CHECK
seq_0164,EPITAXY PREP
seq_0164,EPITAXIAL DEPOSITION
seq_0164,MEASURE EPITAXY THICKNESS
seq_0164,MEASURE RESISTIVITY
seq_0164,EPITAXY ANNEAL
seq_0164,WAFER SURFACE CLEAN
seq_0164,THERMAL OXIDATION
seq_0164,MEASURE OXIDE THICKNESS
seq_0164,SPIN COAT PHOTORESIST
seq_0164,SOFT BAKE
seq_0164,ALIGN MASK LEVEL 1
seq_0164,EXPOSE LITHO LEVEL 1
seq_0164,DEVELOP PHOTORESIST
seq_0164,PATTERN INSPECTION LEVEL 1
seq_0164,HARD BAKE
seq_0164,OXIDE ETCH
seq_0164,STRIP RESIST
seq_0164,CLEAN AFTER ETCH
seq_0164,MEASURE OPENING CD
seq_0164,IMPLANT WELL
seq_0164,DRIVE IN DIFFUSION
seq_0164,RAPID THERMAL ANNEAL
seq_0164,MEASURE JUNCTION DEPTH
seq_0164,THERMAL OXIDATION
seq_0164,GATE OXIDE PREP
seq_0164,GATE OXIDE GROWTH
seq_0164,MEASURE GATE OXIDE THICKNESS
seq_0164,DEPOSIT POLYSILICON
seq_0164,POLYSILICON ANNEAL
seq_0164,MEASURE POLY THICKNESS
seq_0164,SPIN COAT PHOTORESIST
seq_0164,SOFT BAKE
seq_0164,ALIGN MASK LEVEL 2
seq_0164,EXPOSE LITHO LEVEL 2
seq_0164,DEVELOP PHOTORESIST
seq_0164,POLY PATTERN INSPECTION
seq_0164,POLYSILICON ETCH
seq_0164,STRIP RESIST
seq_0164,CLEAN AFTER POLY ETCH
seq_0164,MEASURE GATE CD
seq_0164,IMPLANT SOURCE DRAIN
seq_0164,PRE ANNEAL CHECK
seq_0164,LIGHT ANNEAL
seq_0164,MEASURE SHEET RESISTANCE
seq_0164,DEPOSIT SPACER DIELECTRIC
seq_0164,ANISOTROPIC ETCH SPACER
seq_0164,MEASURE SPACER WIDTH
seq_0164,IMPLANT LDD
seq_0164,RAPID THERMAL ANNEAL
seq_0164,MEASURE JUNCTION PROFILE
seq_0164,DEPOSIT INTERLEVEL DIELECTRIC
seq_0164,DENSIFY DIELECTRIC
seq_0164,MEASURE FILM THICKNESS
seq_0164,CMP DIELECTRIC
seq_0164,MEASURE PLANARITY
seq_0164,SPIN COAT PHOTORESIST
seq_0164,SOFT BAKE
seq_0164,ALIGN MASK LEVEL 3
seq_0164,EXPOSE LITHO LEVEL 3
seq_0164,DEVELOP PHOTORESIST
seq_0164,VIA INSPECTION
seq_0164,HARD BAKE
seq_0164,VIA ETCH
seq_0164,STRIP PHOTORESIST
seq_0164,CLEAN AFTER VIA ETCH
seq_0164,MEASURE VIA CD
seq_0164,DEPOSIT BARRIER METAL
seq_0164,DEPOSIT METAL SEED
seq_0164,FILL VIA METAL
seq_0164,CMP VIA FILL
seq_0164,DEPOSIT METAL 1
seq_0164,ANNEAL METAL 1
seq_0164,MEASURE METAL THICKNESS
seq_0164,SPIN COAT PHOTORESIST
seq_0164,SOFT BAKE
seq_0164,ALIGN MASK LEVEL 4
seq_0164,EXPOSE LITHO LEVEL 4
seq_0164,DEVELOP PHOTORESIST
seq_0164,METAL PATTERN INSPECTION
seq_0164,HARD BAKE
seq_0164,METAL ETCH
seq_0164,STRIP PHOTORESIST
seq_0164,CLEAN AFTER METAL ETCH
seq_0164,DEPOSIT PASSIVATION
seq_0164,CURE PASSIVATION
seq_0164,MEASURE PASSIVATION THICKNESS
seq_0164,OPEN BOND PAD WINDOW
seq_0164,PAD WINDOW LITHO
seq_0164,DEVELOP PHOTORESIST
seq_0164,PASSIVATION ETCH PAD OPENING
seq_0164,STRIP RESIST
seq_0164,CLEAN PAD OPENING
seq_0164,MEASURE PAD OPENING
seq_0164,BACKSIDE CLEAN
seq_0164,BACKSIDE GRIND
seq_0164,MEASURE WAFER THICKNESS
seq_0164,BACKSIDE ETCH CLEAN
seq_0164,BACKSIDE RINSE
seq_0164,BACKSIDE DRY
seq_0164,BACKSIDE METALLIZATION PREP
seq_0164,DEPOSIT BACKSIDE METAL
seq_0164,BACKSIDE ANNEAL
seq_0164,MEASURE BACKSIDE CONTACT
seq_0164,FINAL CLEAN
seq_0164,FINAL THICKNESS MEASURE
seq_0164,FINAL GEOMETRY CHECK
seq_0164,FINAL CD INSPECTION
seq_0164,FINAL PARTICLE INSPECTION
seq_0164,ELECTRICAL PARAMETRIC TEST
seq_0164,LEAKAGE TEST
seq_0164,THRESHOLD VOLTAGE TEST
seq_0164,SWITCHING TEST
seq_0164,WAFER SORT TEST
seq_0164,YIELD ANALYSIS
seq_0164,LOT RELEASE
seq_0164,SHIP LOT
seq_0165,RECEIVE WAFER LOT
seq_0165,LOT IDENTIFICATION
seq_0165,INITIAL WAFER INSPECTION
seq_0165,MEASURE THICKNESS
seq_0165,MEASURE SURFACE PARTICLES
seq_0165,PRE CLEAN WAFER
seq_0165,FRONTSIDE CLEAN
seq_0165,WET CLEAN RCA1
seq_0165,WET CLEAN RCA2
seq_0165,HF DIP
seq_0165,DRY WAFER
seq_0165,SUBSTRATE CHECK
seq_0165,EPITAXY PREP
seq_0165,EPITAXIAL DEPOSITION
seq_0165,MEASURE EPITAXY THICKNESS
seq_0165,MEASURE RESISTIVITY
seq_0165,EPITAXY ANNEAL
seq_0165,WAFER SURFACE CLEAN
seq_0165,THERMAL OXIDATION
seq_0165,MEASURE OXIDE THICKNESS
seq_0165,SPIN COAT PHOTORESIST
seq_0165,SOFT BAKE
seq_0165,ALIGN MASK LEVEL 1
seq_0165,EXPOSE LITHO LEVEL 1
seq_0165,DEVELOP PHOTORESIST
seq_0165,PATTERN INSPECTION LEVEL 1
seq_0165,HARD BAKE
seq_0165,OXIDE ETCH
seq_0165,STRIP PHOTORESIST
seq_0165,CLEAN AFTER ETCH
seq_0165,MEASURE OPENING CD
seq_0165,IMPLANT WELL
seq_0165,PRE ANNEAL CHECK
seq_0165,DRIVE IN DIFFUSION
seq_0165,RAPID THERMAL ANNEAL
seq_0165,THERMAL OXIDATION
seq_0165,GATE OXIDE PREP
seq_0165,GATE OXIDE GROWTH
seq_0165,MEASURE GATE OXIDE THICKNESS
seq_0165,DEPOSIT POLYSILICON
seq_0165,POLYSILICON ANNEAL
seq_0165,MEASURE POLY THICKNESS
seq_0165,SPIN COAT PHOTORESIST
seq_0165,SOFT BAKE
seq_0165,ALIGN MASK LEVEL 2
seq_0165,EXPOSE LITHO LEVEL 2
seq_0165,POST EXPOSE BAKE
seq_0165,DEVELOP PHOTORESIST
seq_0165,POLY PATTERN INSPECTION
seq_0165,POLYSILICON ETCH
seq_0165,STRIP PHOTORESIST
seq_0165,CLEAN AFTER POLY ETCH
seq_0165,MEASURE GATE CD
seq_0165,IMPLANT SOURCE DRAIN
seq_0165,LIGHT ANNEAL
seq_0165,MEASURE SHEET RESISTANCE
seq_0165,DEPOSIT SPACER DIELECTRIC
seq_0165,ANISOTROPIC ETCH SPACER
seq_0165,MEASURE SPACER WIDTH
seq_0165,IMPLANT LDD
seq_0165,PRE ANNEAL CHECK
seq_0165,RAPID THERMAL ANNEAL
seq_0165,MEASURE JUNCTION PROFILE
seq_0165,DEPOSIT INTERLEVEL DIELECTRIC
seq_0165,DENSIFY OXIDE
seq_0165,MEASURE FILM THICKNESS
seq_0165,CMP INTERLAYER DIELECTRIC
seq_0165,MEASURE SURFACE PLANARITY
seq_0165,SPIN COAT PHOTORESIST
seq_0165,SOFT BAKE
seq_0165,ALIGN MASK LEVEL 3
seq_0165,EXPOSE LITHO LEVEL 3
seq_0165,DEVELOP PHOTORESIST
seq_0165,VIA INSPECTION
seq_0165,HARD BAKE
seq_0165,VIA ETCH
seq_0165,STRIP RESIST
seq_0165,CLEAN AFTER VIA ETCH
seq_0165,MEASURE VIA CD
seq_0165,DEPOSIT BARRIER METAL
seq_0165,DEPOSIT METAL SEED
seq_0165,FILL VIA METAL
seq_0165,CMP METAL
seq_0165,MEASURE VIA RESISTANCE
seq_0165,DEPOSIT TOP METAL
seq_0165,ANNEAL METAL 1
seq_0165,SPIN COAT PHOTORESIST
seq_0165,SOFT BAKE
seq_0165,ALIGN MASK LEVEL 4
seq_0165,EXPOSE LITHO LEVEL 4
seq_0165,DEVELOP PHOTORESIST
seq_0165,METAL PATTERN INSPECTION
seq_0165,METAL ETCH
seq_0165,STRIP PHOTORESIST
seq_0165,CLEAN AFTER METAL ETCH
seq_0165,MEASURE LINE WIDTH
seq_0165,DEPOSIT PASSIVATION
seq_0165,CURE PASSIVATION
seq_0165,MEASURE PASSIVATION QUALITY
seq_0165,OPEN PAD WINDOW
seq_0165,PAD WINDOW LITHO
seq_0165,DEVELOP PAD WINDOW
seq_0165,PASSIVATION ETCH PAD OPENING
seq_0165,STRIP RESIST
seq_0165,CLEAN PAD OPENING
seq_0165,MEASURE PAD OPENING
seq_0165,BACKSIDE CLEAN
seq_0165,BACKSIDE GRIND
seq_0165,MEASURE WAFER THICKNESS
seq_0165,BACKSIDE ETCH CLEAN
seq_0165,BACKSIDE RINSE
seq_0165,BACKSIDE DRY
seq_0165,BACKSIDE METALLIZATION PREP
seq_0165,DEPOSIT BACKSIDE METAL
seq_0165,BACKSIDE ANNEAL
seq_0165,MEASURE BACKSIDE CONTACT
seq_0165,FINAL CLEAN
seq_0165,FINAL GEOMETRY CHECK
seq_0165,FINAL PARTICLE INSPECTION
seq_0165,PARAMETRIC TEST
seq_0165,LEAKAGE TEST
seq_0165,THRESHOLD VOLTAGE TEST
seq_0165,SWITCHING TEST
seq_0165,WAFER SORT TEST
seq_0165,YIELD ANALYSIS
seq_0165,FINAL LOT RELEASE
seq_0165,SHIP LOT
seq_0166,RECEIVE WAFER LOT
seq_0166,LOT IDENTIFICATION
seq_0166,PRE CLEAN INSPECTION
seq_0166,MEASURE THICKNESS
seq_0166,PRE CLEAN WAFER
seq_0166,BACKSIDE CLEAN
seq_0166,FRONTSIDE CLEAN
seq_0166,RCA CLEAN 1
seq_0166,RCA CLEAN 2
seq_0166,HF DIP
seq_0166,DRY WAFER
seq_0166,SUBSTRATE CHECK
seq_0166,EPITAXY PREP
seq_0166,EPITAXIAL DEPOSITION
seq_0166,MEASURE EPITAXY THICKNESS
seq_0166,MEASURE RESISTIVITY
seq_0166,EPITAXY ANNEAL
seq_0166,WAFER SURFACE CLEAN
seq_0166,THERMAL OXIDATION
seq_0166,MEASURE OXIDE THICKNESS
seq_0166,SPIN COAT PHOTORESIST
seq_0166,SOFT BAKE
seq_0166,ALIGN MASK LEVEL 1
seq_0166,EXPOSE LITHO LEVEL 1
seq_0166,POST EXPOSE BAKE
seq_0166,DEVELOP PHOTORESIST
seq_0166,PATTERN INSPECTION LEVEL 1
seq_0166,HARD BAKE
seq_0166,OXIDE ETCH
seq_0166,STRIP RESIST
seq_0166,CLEAN AFTER ETCH
seq_0166,MEASURE OPENING CD
seq_0166,IMPLANT WELL
seq_0166,DRIVE IN DIFFUSION
seq_0166,RAPID THERMAL ANNEAL
seq_0166,THERMAL OXIDATION
seq_0166,GATE OXIDE PREP
seq_0166,GATE OXIDE GROWTH
seq_0166,MEASURE GATE OXIDE THICKNESS
seq_0166,DEPOSIT POLYSILICON
seq_0166,POLYSILICON ANNEAL
seq_0166,SPIN COAT PHOTORESIST
seq_0166,SOFT BAKE
seq_0166,ALIGN MASK LEVEL 2
seq_0166,EXPOSE LITHO LEVEL 2
seq_0166,DEVELOP PHOTORESIST
seq_0166,POLY PATTERN INSPECTION
seq_0166,HARD BAKE
seq_0166,POLYSILICON ETCH
seq_0166,STRIP PHOTORESIST
seq_0166,CLEAN AFTER POLY ETCH
seq_0166,MEASURE GATE CD
seq_0166,IMPLANT SOURCE DRAIN
seq_0166,PRE ANNEAL CHECK
seq_0166,LIGHT ANNEAL
seq_0166,DEPOSIT SPACER DIELECTRIC
seq_0166,ANISOTROPIC ETCH SPACER
seq_0166,MEASURE SPACER WIDTH
seq_0166,IMPLANT LDD
seq_0166,RAPID THERMAL ANNEAL
seq_0166,DEPOSIT INTERLEVEL DIELECTRIC
seq_0166,DENSIFY DIELECTRIC
seq_0166,MEASURE FILM THICKNESS
seq_0166,CMP DIELECTRIC
seq_0166,MEASURE PLANARITY
seq_0166,SPIN COAT PHOTORESIST
seq_0166,SOFT BAKE
seq_0166,ALIGN MASK LEVEL 3
seq_0166,EXPOSE LITHO LEVEL 3
seq_0166,DEVELOP PHOTORESIST
seq_0166,VIA OPENING INSPECTION
seq_0166,VIA ETCH THROUGH DIELECTRIC
seq_0166,STRIP RESIST
seq_0166,CLEAN AFTER VIA ETCH
seq_0166,DEPOSIT BARRIER METAL
seq_0166,DEPOSIT METAL SEED
seq_0166,FILL VIA METAL
seq_0166,CMP VIA FILL
seq_0166,MEASURE VIA RESISTANCE
seq_0166,DEPOSIT TOP METAL
seq_0166,ANNEAL METAL
seq_0166,MEASURE METAL THICKNESS
seq_0166,SPIN COAT PHOTORESIST
seq_0166,SOFT BAKE
seq_0166,ALIGN MASK LEVEL 4
seq_0166,EXPOSE LITHO LEVEL 4
seq_0166,POST EXPOSE BAKE
seq_0166,DEVELOP PHOTORESIST
seq_0166,METAL PATTERN INSPECTION
seq_0166,METAL ETCH
seq_0166,STRIP RESIST
seq_0166,CLEAN AFTER METAL ETCH
seq_0166,MEASURE LINE WIDTH
seq_0166,DEPOSIT PASSIVATION LAYER
seq_0166,CURE PASSIVATION
seq_0166,MEASURE PASSIVATION THICKNESS
seq_0166,OPEN PAD WINDOW
seq_0166,PAD WINDOW LITHO
seq_0166,DEVELOP PAD WINDOW
seq_0166,PASSIVATION ETCH PAD OPENING
seq_0166,STRIP PHOTORESIST
seq_0166,CLEAN PAD OPENING
seq_0166,MEASURE PAD OPENING
seq_0166,BACKSIDE CLEAN
seq_0166,BACKSIDE GRIND
seq_0166,MEASURE THICKNESS
seq_0166,BACKSIDE ETCH CLEAN
seq_0166,BACKSIDE RINSE
seq_0166,BACKSIDE DRY
seq_0166,BACKSIDE METALLIZATION PREP
seq_0166,DEPOSIT BACKSIDE METAL
seq_0166,BACKSIDE ANNEAL
seq_0166,MEASURE BACKSIDE CONTACT
seq_0166,FINAL CLEAN
seq_0166,FINAL THICKNESS MEASURE
seq_0166,FINAL GEOMETRY CHECK
seq_0166,PARAMETRIC TEST
seq_0166,LEAKAGE TEST
seq_0166,THRESHOLD VOLTAGE TEST
seq_0166,SWITCHING TEST
seq_0166,WAFER SORT TEST
seq_0166,YIELD ANALYSIS
seq_0166,LOT RELEASE
seq_0166,SHIP LOT
seq_0167,RECEIVE WAFER LOT
seq_0167,LOT IDENTIFICATION
seq_0167,PRE CLEAN INSPECTION
seq_0167,MEASURE THICKNESS
seq_0167,MEASURE SURFACE PARTICLES
seq_0167,PRE CLEAN WAFER
seq_0167,BACKSIDE CLEAN
seq_0167,WET CLEAN RCA1
seq_0167,WET CLEAN RCA2
seq_0167,HF DIP
seq_0167,DRY WAFER
seq_0167,SUBSTRATE CHECK
seq_0167,EPITAXY PREP
seq_0167,EPITAXIAL DEPOSITION
seq_0167,MEASURE EPITAXY THICKNESS
seq_0167,MEASURE RESISTIVITY
seq_0167,EPITAXY ANNEAL
seq_0167,WAFER SURFACE CLEAN
seq_0167,THERMAL OXIDATION
seq_0167,MEASURE OXIDE THICKNESS
seq_0167,SPIN COAT PHOTORESIST
seq_0167,SOFT BAKE
seq_0167,ALIGN MASK LEVEL 1
seq_0167,EXPOSE LITHO LEVEL 1
seq_0167,DEVELOP PHOTORESIST
seq_0167,PATTERN INSPECTION LEVEL 1
seq_0167,OXIDE ETCH
seq_0167,STRIP PHOTORESIST
seq_0167,CLEAN AFTER ETCH
seq_0167,MEASURE OPENING CD
seq_0167,IMPLANT WELL
seq_0167,PRE ANNEAL CHECK
seq_0167,DRIVE IN DIFFUSION
seq_0167,RAPID THERMAL ANNEAL
seq_0167,THERMAL OXIDATION
seq_0167,GATE OXIDE PREP
seq_0167,GATE OXIDE GROWTH
seq_0167,MEASURE GATE OXIDE THICKNESS
seq_0167,DEPOSIT POLYSILICON
seq_0167,POLYSILICON ANNEAL
seq_0167,MEASURE POLY THICKNESS
seq_0167,SPIN COAT PHOTORESIST
seq_0167,SOFT BAKE
seq_0167,ALIGN MASK LEVEL 2
seq_0167,EXPOSE LITHO LEVEL 2
seq_0167,DEVELOP PHOTORESIST
seq_0167,POLY PATTERN INSPECTION
seq_0167,POLYSILICON ETCH
seq_0167,STRIP RESIST
seq_0167,CLEAN AFTER POLY ETCH
seq_0167,IMPLANT SOURCE DRAIN
seq_0167,PRE ANNEAL CHECK
seq_0167,LIGHT ANNEAL
seq_0167,MEASURE SHEET RESISTANCE
seq_0167,DEPOSIT SPACER DIELECTRIC
seq_0167,ANISOTROPIC ETCH SPACER
seq_0167,MEASURE SPACER WIDTH
seq_0167,IMPLANT LDD
seq_0167,PRE ANNEAL CHECK
seq_0167,RAPID THERMAL ANNEAL
seq_0167,MEASURE JUNCTION PROFILE
seq_0167,DEPOSIT INTERLAYER DIELECTRIC
seq_0167,DENSIFY DIELECTRIC
seq_0167,MEASURE DIELECTRIC THICKNESS
seq_0167,CMP INTERLAYER DIELECTRIC
seq_0167,MEASURE PLANARITY
seq_0167,SPIN COAT PHOTORESIST
seq_0167,SOFT BAKE
seq_0167,ALIGN MASK LEVEL 3
seq_0167,EXPOSE LITHO LEVEL 3
seq_0167,POST EXPOSE BAKE
seq_0167,DEVELOP PHOTORESIST
seq_0167,VIA OPENING INSPECTION
seq_0167,VIA ETCH
seq_0167,STRIP RESIST
seq_0167,CLEAN AFTER VIA ETCH
seq_0167,MEASURE VIA CD
seq_0167,DEPOSIT BARRIER METAL
seq_0167,DEPOSIT METAL SEED
seq_0167,FILL VIA METAL
seq_0167,CMP VIA FILL
seq_0167,MEASURE VIA RESISTANCE
seq_0167,DEPOSIT TOP METAL
seq_0167,ANNEAL METAL
seq_0167,MEASURE METAL THICKNESS
seq_0167,SPIN COAT PHOTORESIST
seq_0167,SOFT BAKE
seq_0167,ALIGN MASK LEVEL 4
seq_0167,EXPOSE LITHO LEVEL 4
seq_0167,POST EXPOSE BAKE
seq_0167,DEVELOP PHOTORESIST
seq_0167,METAL PATTERN INSPECTION
seq_0167,METAL ETCH
seq_0167,STRIP PHOTORESIST
seq_0167,CLEAN AFTER METAL ETCH
seq_0167,MEASURE LINE WIDTH
seq_0167,DEPOSIT PASSIVATION LAYER
seq_0167,CURE PASSIVATION
seq_0167,MEASURE PASSIVATION QUALITY
seq_0167,OPEN BOND PAD WINDOW
seq_0167,OPEN PAD WINDOW LITHO
seq_0167,DEVELOP PHOTORESIST
seq_0167,PASSIVATION ETCH
seq_0167,STRIP RESIST
seq_0167,CLEAN PAD OPENING
seq_0167,MEASURE PAD OPENING
seq_0167,BACKSIDE CLEAN
seq_0167,BACKSIDE GRIND
seq_0167,MEASURE THICKNESS
seq_0167,BACKSIDE ETCH CLEAN
seq_0167,BACKSIDE RINSE
seq_0167,BACKSIDE DRY
seq_0167,BACKSIDE METALLIZATION PREP
seq_0167,DEPOSIT BACKSIDE METAL
seq_0167,BACKSIDE ANNEAL
seq_0167,MEASURE BACKSIDE CONTACT
seq_0167,FINAL CLEAN
seq_0167,FINAL THICKNESS MEASURE
seq_0167,FINAL GEOMETRY CHECK
seq_0167,FINAL PARTICLE INSPECTION
seq_0167,ELECTRICAL PARAMETRIC TEST
seq_0167,LEAKAGE TEST
seq_0167,THRESHOLD VOLTAGE TEST
seq_0167,SWITCHING TEST
seq_0167,WAFER SORT TEST
seq_0167,YIELD ANALYSIS
seq_0167,LOT RELEASE
seq_0167,SHIP LOT
seq_0168,RECEIVE WAFER LOT
seq_0168,LOT IDENTIFICATION
seq_0168,INITIAL WAFER INSPECTION
seq_0168,MEASURE SURFACE PARTICLES
seq_0168,PRE CLEAN WAFER
seq_0168,FRONTSIDE CLEAN
seq_0168,WET CLEAN RCA1
seq_0168,RCA CLEAN 2
seq_0168,HF DIP
seq_0168,DRY WAFER
seq_0168,SUBSTRATE CHECK
seq_0168,EPITAXY PREP
seq_0168,EPITAXIAL DEPOSITION
seq_0168,MEASURE EPITAXY THICKNESS
seq_0168,MEASURE RESISTIVITY
seq_0168,EPITAXY ANNEAL
seq_0168,WAFER SURFACE CLEAN
seq_0168,THERMAL OXIDATION
seq_0168,MEASURE OXIDE THICKNESS
seq_0168,SPIN COAT PHOTORESIST
seq_0168,SOFT BAKE
seq_0168,ALIGN MASK LEVEL 1
seq_0168,EXPOSE LITHO LEVEL 1
seq_0168,DEVELOP PHOTORESIST
seq_0168,PATTERN INSPECTION LEVEL 1
seq_0168,OXIDE ETCH
seq_0168,STRIP RESIST
seq_0168,CLEAN AFTER ETCH
seq_0168,MEASURE OPENING CD
seq_0168,IMPLANT WELL
seq_0168,PRE ANNEAL CHECK
seq_0168,DRIVE IN DIFFUSION
seq_0168,RAPID THERMAL ANNEAL
seq_0168,MEASURE JUNCTION DEPTH
seq_0168,THERMAL OXIDATION
seq_0168,GATE OXIDE PREP
seq_0168,GATE OXIDE GROWTH
seq_0168,MEASURE GATE OXIDE THICKNESS
seq_0168,DEPOSIT POLYSILICON
seq_0168,POLYSILICON ANNEAL
seq_0168,MEASURE POLY THICKNESS
seq_0168,SPIN COAT PHOTORESIST
seq_0168,SOFT BAKE
seq_0168,ALIGN MASK LEVEL 2
seq_0168,EXPOSE LITHO LEVEL 2
seq_0168,POST EXPOSE BAKE
seq_0168,DEVELOP PHOTORESIST
seq_0168,POLY PATTERN INSPECTION
seq_0168,POLYSILICON ETCH
seq_0168,STRIP RESIST
seq_0168,CLEAN AFTER POLY ETCH
seq_0168,MEASURE GATE CD
seq_0168,IMPLANT SOURCE DRAIN
seq_0168,PRE ANNEAL CHECK
seq_0168,LIGHT ANNEAL
seq_0168,MEASURE SHEET RESISTANCE
seq_0168,DEPOSIT SPACER DIELECTRIC
seq_0168,ANISOTROPIC ETCH SPACER
seq_0168,IMPLANT LDD
seq_0168,RAPID THERMAL ANNEAL
seq_0168,MEASURE JUNCTION PROFILE
seq_0168,DEPOSIT INTERLEVEL DIELECTRIC
seq_0168,DENSIFY OXIDE
seq_0168,MEASURE DIELECTRIC THICKNESS
seq_0168,CMP DIELECTRIC
seq_0168,MEASURE PLANARITY
seq_0168,SPIN COAT PHOTORESIST
seq_0168,SOFT BAKE
seq_0168,ALIGN MASK LEVEL 3
seq_0168,EXPOSE LITHO LEVEL 3
seq_0168,DEVELOP PHOTORESIST
seq_0168,VIA INSPECTION
seq_0168,HARD BAKE
seq_0168,DIELECTRIC ETCH VIA
seq_0168,STRIP RESIST
seq_0168,CLEAN AFTER VIA ETCH
seq_0168,MEASURE VIA CD
seq_0168,DEPOSIT BARRIER METAL
seq_0168,DEPOSIT METAL SEED
seq_0168,FILL VIA METAL
seq_0168,CMP METAL
seq_0168,MEASURE CONTACT RESISTANCE
seq_0168,DEPOSIT METAL 1
seq_0168,ANNEAL METAL
seq_0168,MEASURE METAL THICKNESS
seq_0168,SPIN COAT PHOTORESIST
seq_0168,SOFT BAKE
seq_0168,ALIGN MASK LEVEL 4
seq_0168,EXPOSE LITHO LEVEL 4
seq_0168,DEVELOP PHOTORESIST
seq_0168,METAL PATTERN INSPECTION
seq_0168,METAL ETCH
seq_0168,STRIP PHOTORESIST
seq_0168,CLEAN AFTER METAL ETCH
seq_0168,DEPOSIT PASSIVATION
seq_0168,CURE PASSIVATION
seq_0168,MEASURE PASSIVATION QUALITY
seq_0168,OPEN PAD WINDOW
seq_0168,PAD WINDOW LITHO
seq_0168,DEVELOP PHOTORESIST
seq_0168,PASSIVATION ETCH
seq_0168,STRIP RESIST
seq_0168,CLEAN PAD OPENING
seq_0168,MEASURE PAD OPENING
seq_0168,BACKSIDE CLEAN
seq_0168,BACKSIDE GRIND
seq_0168,MEASURE WAFER THICKNESS
seq_0168,BACKSIDE ETCH CLEAN
seq_0168,BACKSIDE RINSE
seq_0168,BACKSIDE DRY
seq_0168,BACKSIDE METALLIZATION PREP
seq_0168,DEPOSIT BACKSIDE METAL
seq_0168,BACKSIDE ANNEAL
seq_0168,MEASURE BACKSIDE CONTACT
seq_0168,FINAL CLEAN
seq_0168,FINAL GEOMETRY CHECK
seq_0168,FINAL CD INSPECTION
seq_0168,FINAL PARTICLE INSPECTION
seq_0168,PARAMETRIC TEST
seq_0168,LEAKAGE TEST
seq_0168,THRESHOLD VOLTAGE TEST
seq_0168,SWITCHING TEST
seq_0168,WAFER SORT TEST
seq_0168,YIELD ANALYSIS
seq_0168,LOT RELEASE
seq_0168,SHIP LOT
seq_0169,RECEIVE WAFER LOT
seq_0169,LOT IDENTIFICATION
seq_0169,PRE CLEAN INSPECTION
seq_0169,MEASURE THICKNESS
seq_0169,PRE CLEAN WAFER
seq_0169,BACKSIDE CLEAN
seq_0169,WET CLEAN RCA1
seq_0169,WET CLEAN RCA2
seq_0169,HF DIP
seq_0169,SUBSTRATE CHECK
seq_0169,EPITAXY PREP
seq_0169,EPITAXIAL DEPOSITION
seq_0169,MEASURE EPITAXY THICKNESS
seq_0169,MEASURE RESISTIVITY
seq_0169,EPITAXY ANNEAL
seq_0169,WAFER SURFACE CLEAN
seq_0169,THERMAL OXIDATION
seq_0169,MEASURE OXIDE THICKNESS
seq_0169,SPIN COAT PHOTORESIST
seq_0169,SOFT BAKE
seq_0169,ALIGN MASK LEVEL 1
seq_0169,EXPOSE LITHO LEVEL 1
seq_0169,DEVELOP PHOTORESIST
seq_0169,PATTERN INSPECTION LEVEL 1
seq_0169,OXIDE ETCH
seq_0169,STRIP PHOTORESIST
seq_0169,CLEAN AFTER ETCH
seq_0169,MEASURE OPENING CD
seq_0169,IMPLANT WELL
seq_0169,DRIVE IN DIFFUSION
seq_0169,RAPID THERMAL ANNEAL
seq_0169,THERMAL OXIDATION
seq_0169,GATE OXIDE PREP
seq_0169,GATE OXIDE GROWTH
seq_0169,MEASURE GATE OXIDE THICKNESS
seq_0169,DEPOSIT POLYSILICON
seq_0169,POLYSILICON ANNEAL
seq_0169,MEASURE POLY THICKNESS
seq_0169,SPIN COAT PHOTORESIST
seq_0169,SOFT BAKE
seq_0169,ALIGN MASK LEVEL 2
seq_0169,EXPOSE LITHO LEVEL 2
seq_0169,DEVELOP PHOTORESIST
seq_0169,POLY PATTERN INSPECTION
seq_0169,POLYSILICON ETCH
seq_0169,STRIP PHOTORESIST
seq_0169,CLEAN AFTER POLY ETCH
seq_0169,MEASURE GATE CD
seq_0169,IMPLANT SOURCE DRAIN
seq_0169,PRE ANNEAL CHECK
seq_0169,LIGHT ANNEAL
seq_0169,DEPOSIT SPACER DIELECTRIC
seq_0169,ANISOTROPIC ETCH SPACER
seq_0169,IMPLANT LDD
seq_0169,PRE ANNEAL CHECK
seq_0169,RAPID THERMAL ANNEAL
seq_0169,DEPOSIT INTERLAYER DIELECTRIC
seq_0169,DENSIFY OXIDE
seq_0169,MEASURE DIELECTRIC THICKNESS
seq_0169,CMP INTERLAYER DIELECTRIC
seq_0169,MEASURE SURFACE PLANARITY
seq_0169,SPIN COAT PHOTORESIST
seq_0169,SOFT BAKE
seq_0169,ALIGN MASK LEVEL 3
seq_0169,EXPOSE LITHO LEVEL 3
seq_0169,DEVELOP PHOTORESIST
seq_0169,VIA OPENING INSPECTION
seq_0169,DIELECTRIC ETCH VIA
seq_0169,STRIP RESIST
seq_0169,CLEAN AFTER VIA ETCH
seq_0169,MEASURE VIA CD
seq_0169,DEPOSIT BARRIER METAL
seq_0169,DEPOSIT METAL SEED
seq_0169,FILL VIA METAL
seq_0169,CMP VIA FILL
seq_0169,DEPOSIT METAL 1
seq_0169,ANNEAL METAL
seq_0169,SPIN COAT PHOTORESIST
seq_0169,SOFT BAKE
seq_0169,ALIGN MASK LEVEL 4
seq_0169,EXPOSE LITHO LEVEL 4
seq_0169,DEVELOP PHOTORESIST
seq_0169,METAL PATTERN INSPECTION
seq_0169,HARD BAKE
seq_0169,METAL ETCH
seq_0169,STRIP PHOTORESIST
seq_0169,CLEAN AFTER METAL ETCH
seq_0169,MEASURE LINE WIDTH
seq_0169,DEPOSIT PASSIVATION LAYER
seq_0169,CURE PASSIVATION
seq_0169,MEASURE PASSIVATION QUALITY
seq_0169,OPEN BOND PAD WINDOW
seq_0169,OPEN PAD WINDOW LITHO
seq_0169,DEVELOP PAD WINDOW
seq_0169,PASSIVATION ETCH
seq_0169,STRIP RESIST
seq_0169,CLEAN PAD OPENING
seq_0169,MEASURE PAD OPENING
seq_0169,BACKSIDE CLEAN
seq_0169,BACKSIDE GRIND
seq_0169,MEASURE WAFER THICKNESS
seq_0169,BACKSIDE ETCH CLEAN
seq_0169,BACKSIDE RINSE
seq_0169,BACKSIDE DRY
seq_0169,BACKSIDE METALLIZATION PREP
seq_0169,DEPOSIT BACKSIDE METAL
seq_0169,BACKSIDE ANNEAL
seq_0169,MEASURE BACKSIDE CONTACT
seq_0169,FINAL CLEAN
seq_0169,FINAL THICKNESS MEASURE
seq_0169,FINAL GEOMETRY CHECK
seq_0169,FINAL CD INSPECTION
seq_0169,FINAL PARTICLE INSPECTION
seq_0169,ELECTRICAL PARAMETRIC TEST
seq_0169,LEAKAGE TEST
seq_0169,THRESHOLD VOLTAGE TEST
seq_0169,SWITCHING TEST
seq_0169,WAFER SORT TEST
seq_0169,YIELD ANALYSIS
seq_0169,FINAL LOT RELEASE
seq_0169,SHIP LOT
seq_0170,RECEIVE WAFER LOT
seq_0170,LOT IDENTIFICATION
seq_0170,INITIAL WAFER INSPECTION
seq_0170,MEASURE THICKNESS
seq_0170,MEASURE SURFACE PARTICLES
seq_0170,PRE CLEAN WAFER
seq_0170,FRONTSIDE CLEAN
seq_0170,WET CLEAN RCA1
seq_0170,RCA CLEAN 2
seq_0170,HF DIP
seq_0170,DRY WAFER
seq_0170,SUBSTRATE CHECK
seq_0170,EPITAXY PREP
seq_0170,EPITAXIAL DEPOSITION
seq_0170,MEASURE EPITAXY THICKNESS
seq_0170,MEASURE RESISTIVITY
seq_0170,EPITAXY ANNEAL
seq_0170,WAFER SURFACE CLEAN
seq_0170,THERMAL OXIDATION
seq_0170,MEASURE OXIDE THICKNESS
seq_0170,SPIN COAT PHOTORESIST
seq_0170,SOFT BAKE
seq_0170,ALIGN MASK LEVEL 1
seq_0170,EXPOSE LITHO LEVEL 1
seq_0170,DEVELOP PHOTORESIST
seq_0170,PATTERN INSPECTION LEVEL 1
seq_0170,OXIDE ETCH
seq_0170,STRIP PHOTORESIST
seq_0170,CLEAN AFTER ETCH
seq_0170,MEASURE OPENING CD
seq_0170,IMPLANT WELL
seq_0170,DRIVE IN DIFFUSION
seq_0170,RAPID THERMAL ANNEAL
seq_0170,MEASURE JUNCTION DEPTH
seq_0170,THERMAL OXIDATION
seq_0170,GATE OXIDE PREP
seq_0170,GATE OXIDE GROWTH
seq_0170,MEASURE GATE OXIDE THICKNESS
seq_0170,DEPOSIT POLYSILICON
seq_0170,POLYSILICON ANNEAL
seq_0170,MEASURE POLY THICKNESS
seq_0170,SPIN COAT PHOTORESIST
seq_0170,SOFT BAKE
seq_0170,ALIGN MASK LEVEL 2
seq_0170,EXPOSE LITHO LEVEL 2
seq_0170,DEVELOP PHOTORESIST
seq_0170,POLY PATTERN INSPECTION
seq_0170,HARD BAKE
seq_0170,POLYSILICON ETCH
seq_0170,STRIP PHOTORESIST
seq_0170,CLEAN AFTER POLY ETCH
seq_0170,IMPLANT SOURCE DRAIN
seq_0170,PRE ANNEAL CHECK
seq_0170,LIGHT ANNEAL
seq_0170,MEASURE SHEET RESISTANCE
seq_0170,DEPOSIT SPACER DIELECTRIC
seq_0170,ANISOTROPIC ETCH SPACER
seq_0170,MEASURE SPACER WIDTH
seq_0170,IMPLANT LDD
seq_0170,PRE ANNEAL CHECK
seq_0170,RAPID THERMAL ANNEAL
seq_0170,MEASURE JUNCTION PROFILE
seq_0170,DEPOSIT INTERLEVEL DIELECTRIC
seq_0170,DENSIFY DIELECTRIC
seq_0170,MEASURE FILM THICKNESS
seq_0170,CMP INTERLAYER DIELECTRIC
seq_0170,MEASURE SURFACE PLANARITY
seq_0170,SPIN COAT PHOTORESIST
seq_0170,SOFT BAKE
seq_0170,ALIGN MASK LEVEL 3
seq_0170,EXPOSE LITHO LEVEL 3
seq_0170,DEVELOP PHOTORESIST
seq_0170,VIA INSPECTION
seq_0170,VIA ETCH THROUGH DIELECTRIC
seq_0170,STRIP PHOTORESIST
seq_0170,CLEAN AFTER VIA ETCH
seq_0170,MEASURE VIA CD
seq_0170,DEPOSIT BARRIER METAL
seq_0170,DEPOSIT METAL SEED
seq_0170,FILL VIA METAL
seq_0170,CMP METAL
seq_0170,MEASURE VIA RESISTANCE
seq_0170,DEPOSIT METAL 1
seq_0170,ANNEAL METAL 1
seq_0170,SPIN COAT PHOTORESIST
seq_0170,SOFT BAKE
seq_0170,ALIGN MASK LEVEL 4
seq_0170,EXPOSE LITHO LEVEL 4
seq_0170,DEVELOP PHOTORESIST
seq_0170,METAL PATTERN INSPECTION
seq_0170,HARD BAKE
seq_0170,METAL ETCH
seq_0170,STRIP RESIST
seq_0170,CLEAN AFTER METAL ETCH
seq_0170,MEASURE LINE WIDTH
seq_0170,DEPOSIT PASSIVATION
seq_0170,CURE PASSIVATION
seq_0170,MEASURE PASSIVATION QUALITY
seq_0170,OPEN BOND PAD WINDOW
seq_0170,OPEN PAD WINDOW LITHO
seq_0170,DEVELOP PAD WINDOW
seq_0170,PASSIVATION ETCH PAD OPENING
seq_0170,STRIP PHOTORESIST
seq_0170,CLEAN PAD OPENING
seq_0170,MEASURE PAD OPENING
seq_0170,BACKSIDE CLEAN
seq_0170,BACKSIDE GRIND
seq_0170,MEASURE THICKNESS
seq_0170,BACKSIDE ETCH CLEAN
seq_0170,BACKSIDE RINSE
seq_0170,BACKSIDE DRY
seq_0170,BACKSIDE METALLIZATION PREP
seq_0170,DEPOSIT BACKSIDE METAL
seq_0170,BACKSIDE ANNEAL
seq_0170,MEASURE BACKSIDE CONTACT
seq_0170,FINAL CLEAN
seq_0170,FINAL THICKNESS MEASURE
seq_0170,FINAL GEOMETRY CHECK
seq_0170,FINAL PARTICLE INSPECTION
seq_0170,PARAMETRIC TEST
seq_0170,LEAKAGE TEST
seq_0170,THRESHOLD VOLTAGE TEST
seq_0170,SWITCHING TEST
seq_0170,WAFER SORT TEST
seq_0170,YIELD ANALYSIS
seq_0170,LOT RELEASE
seq_0170,SHIP LOT
seq_0171,RECEIVE WAFER LOT
seq_0171,LOT IDENTIFICATION
seq_0171,PRE CLEAN INSPECTION
seq_0171,MEASURE THICKNESS
seq_0171,MEASURE SURFACE PARTICLES
seq_0171,PRE CLEAN WAFER
seq_0171,FRONTSIDE CLEAN
seq_0171,RCA CLEAN 1
seq_0171,WET CLEAN RCA2
seq_0171,HF DIP
seq_0171,DRY WAFER
seq_0171,SUBSTRATE CHECK
seq_0171,EPITAXY PREP
seq_0171,EPITAXIAL DEPOSITION
seq_0171,MEASURE EPITAXY THICKNESS
seq_0171,MEASURE RESISTIVITY
seq_0171,EPITAXY ANNEAL
seq_0171,WAFER SURFACE CLEAN
seq_0171,THERMAL OXIDATION
seq_0171,MEASURE OXIDE THICKNESS
seq_0171,SPIN COAT PHOTORESIST
seq_0171,SOFT BAKE
seq_0171,ALIGN MASK LEVEL 1
seq_0171,EXPOSE LITHO LEVEL 1
seq_0171,DEVELOP PHOTORESIST
seq_0171,PATTERN INSPECTION LEVEL 1
seq_0171,OXIDE ETCH
seq_0171,STRIP RESIST
seq_0171,CLEAN AFTER ETCH
seq_0171,MEASURE OPENING CD
seq_0171,IMPLANT WELL
seq_0171,PRE ANNEAL CHECK
seq_0171,DRIVE IN DIFFUSION
seq_0171,RAPID THERMAL ANNEAL
seq_0171,MEASURE JUNCTION DEPTH
seq_0171,THERMAL OXIDATION
seq_0171,GATE OXIDE PREP
seq_0171,GATE OXIDE GROWTH
seq_0171,MEASURE GATE OXIDE THICKNESS
seq_0171,DEPOSIT POLYSILICON
seq_0171,POLYSILICON ANNEAL
seq_0171,MEASURE POLY THICKNESS
seq_0171,SPIN COAT PHOTORESIST
seq_0171,SOFT BAKE
seq_0171,ALIGN MASK LEVEL 2
seq_0171,EXPOSE LITHO LEVEL 2
seq_0171,DEVELOP PHOTORESIST
seq_0171,POLY PATTERN INSPECTION
seq_0171,POLYSILICON ETCH
seq_0171,STRIP RESIST
seq_0171,CLEAN AFTER POLY ETCH
seq_0171,IMPLANT SOURCE DRAIN
seq_0171,PRE ANNEAL CHECK
seq_0171,LIGHT ANNEAL
seq_0171,MEASURE SHEET RESISTANCE
seq_0171,DEPOSIT SPACER DIELECTRIC
seq_0171,ANISOTROPIC ETCH SPACER
seq_0171,MEASURE SPACER WIDTH
seq_0171,IMPLANT LDD
seq_0171,PRE ANNEAL CHECK
seq_0171,RAPID THERMAL ANNEAL
seq_0171,MEASURE JUNCTION PROFILE
seq_0171,DEPOSIT INTERLAYER DIELECTRIC
seq_0171,DENSIFY DIELECTRIC
seq_0171,MEASURE DIELECTRIC THICKNESS
seq_0171,CMP DIELECTRIC
seq_0171,MEASURE SURFACE PLANARITY
seq_0171,SPIN COAT PHOTORESIST
seq_0171,SOFT BAKE
seq_0171,ALIGN MASK LEVEL 3
seq_0171,EXPOSE LITHO LEVEL 3
seq_0171,DEVELOP PHOTORESIST
seq_0171,VIA INSPECTION
seq_0171,VIA ETCH THROUGH DIELECTRIC
seq_0171,STRIP PHOTORESIST
seq_0171,CLEAN AFTER VIA ETCH
seq_0171,MEASURE VIA CD
seq_0171,DEPOSIT BARRIER METAL
seq_0171,DEPOSIT METAL SEED
seq_0171,FILL VIA METAL
seq_0171,CMP VIA FILL
seq_0171,MEASURE CONTACT RESISTANCE
seq_0171,DEPOSIT TOP METAL
seq_0171,ANNEAL METAL 1
seq_0171,SPIN COAT PHOTORESIST
seq_0171,SOFT BAKE
seq_0171,ALIGN MASK LEVEL 4
seq_0171,EXPOSE LITHO LEVEL 4
seq_0171,DEVELOP PHOTORESIST
seq_0171,METAL PATTERN INSPECTION
seq_0171,METAL ETCH
seq_0171,STRIP RESIST
seq_0171,CLEAN AFTER METAL ETCH
seq_0171,MEASURE LINE WIDTH
seq_0171,DEPOSIT PASSIVATION LAYER
seq_0171,CURE PASSIVATION
seq_0171,MEASURE PASSIVATION THICKNESS
seq_0171,OPEN BOND PAD WINDOW
seq_0171,OPEN PAD WINDOW LITHO
seq_0171,DEVELOP PHOTORESIST
seq_0171,PASSIVATION ETCH PAD OPENING
seq_0171,STRIP RESIST
seq_0171,CLEAN PAD OPENING
seq_0171,MEASURE PAD OPENING
seq_0171,BACKSIDE CLEAN
seq_0171,BACKSIDE GRIND
seq_0171,MEASURE WAFER THICKNESS
seq_0171,BACKSIDE ETCH CLEAN
seq_0171,BACKSIDE RINSE
seq_0171,BACKSIDE DRY
seq_0171,BACKSIDE METALLIZATION PREP
seq_0171,DEPOSIT BACKSIDE METAL
seq_0171,BACKSIDE ANNEAL
seq_0171,MEASURE BACKSIDE CONTACT
seq_0171,FINAL CLEAN
seq_0171,FINAL THICKNESS MEASURE
seq_0171,FINAL GEOMETRY CHECK
seq_0171,FINAL CD INSPECTION
seq_0171,FINAL PARTICLE INSPECTION
seq_0171,PARAMETRIC TEST
seq_0171,LEAKAGE TEST
seq_0171,THRESHOLD VOLTAGE TEST
seq_0171,SWITCHING TEST
seq_0171,WAFER SORT TEST
seq_0171,YIELD ANALYSIS
seq_0171,LOT RELEASE
seq_0171,SHIP LOT
seq_0172,RECEIVE WAFER LOT
seq_0172,LOT IDENTIFICATION
seq_0172,PRE CLEAN INSPECTION
seq_0172,MEASURE THICKNESS
seq_0172,MEASURE SURFACE PARTICLES
seq_0172,PRE CLEAN WAFER
seq_0172,BACKSIDE CLEAN
seq_0172,WET CLEAN RCA1
seq_0172,RCA CLEAN 2
seq_0172,HF DIP
seq_0172,SUBSTRATE CHECK
seq_0172,EPITAXY PREP
seq_0172,EPITAXIAL DEPOSITION
seq_0172,MEASURE EPITAXY THICKNESS
seq_0172,MEASURE RESISTIVITY
seq_0172,EPITAXY ANNEAL
seq_0172,WAFER SURFACE CLEAN
seq_0172,THERMAL OXIDATION
seq_0172,MEASURE OXIDE THICKNESS
seq_0172,SPIN COAT PHOTORESIST
seq_0172,SOFT BAKE
seq_0172,ALIGN MASK LEVEL 1
seq_0172,EXPOSE LITHO LEVEL 1
seq_0172,DEVELOP PHOTORESIST
seq_0172,PATTERN INSPECTION LEVEL 1
seq_0172,HARD BAKE
seq_0172,OXIDE ETCH
seq_0172,STRIP PHOTORESIST
seq_0172,CLEAN AFTER ETCH
seq_0172,MEASURE OPENING CD
seq_0172,IMPLANT WELL
seq_0172,PRE ANNEAL CHECK
seq_0172,DRIVE IN DIFFUSION
seq_0172,RAPID THERMAL ANNEAL
seq_0172,THERMAL OXIDATION
seq_0172,GATE OXIDE PREP
seq_0172,GATE OXIDE GROWTH
seq_0172,MEASURE GATE OXIDE THICKNESS
seq_0172,DEPOSIT POLYSILICON
seq_0172,POLYSILICON ANNEAL
seq_0172,MEASURE POLY THICKNESS
seq_0172,SPIN COAT PHOTORESIST
seq_0172,SOFT BAKE
seq_0172,ALIGN MASK LEVEL 2
seq_0172,EXPOSE LITHO LEVEL 2
seq_0172,DEVELOP PHOTORESIST
seq_0172,POLY PATTERN INSPECTION
seq_0172,POLYSILICON ETCH
seq_0172,STRIP PHOTORESIST
seq_0172,CLEAN AFTER POLY ETCH
seq_0172,IMPLANT SOURCE DRAIN
seq_0172,PRE ANNEAL CHECK
seq_0172,LIGHT ANNEAL
seq_0172,DEPOSIT SPACER DIELECTRIC
seq_0172,ANISOTROPIC ETCH SPACER
seq_0172,IMPLANT LDD
seq_0172,RAPID THERMAL ANNEAL
seq_0172,DEPOSIT INTERLEVEL DIELECTRIC
seq_0172,DENSIFY OXIDE
seq_0172,MEASURE DIELECTRIC THICKNESS
seq_0172,CMP INTERLAYER DIELECTRIC
seq_0172,MEASURE SURFACE PLANARITY
seq_0172,SPIN COAT PHOTORESIST
seq_0172,SOFT BAKE
seq_0172,ALIGN MASK LEVEL 3
seq_0172,EXPOSE LITHO LEVEL 3
seq_0172,DEVELOP PHOTORESIST
seq_0172,VIA OPENING INSPECTION
seq_0172,DIELECTRIC ETCH VIA
seq_0172,STRIP PHOTORESIST
seq_0172,CLEAN AFTER VIA ETCH
seq_0172,MEASURE VIA CD
seq_0172,DEPOSIT BARRIER METAL
seq_0172,DEPOSIT METAL SEED
seq_0172,FILL VIA METAL
seq_0172,CMP METAL
seq_0172,MEASURE CONTACT RESISTANCE
seq_0172,DEPOSIT METAL 1
seq_0172,ANNEAL METAL 1
seq_0172,MEASURE METAL THICKNESS
seq_0172,SPIN COAT PHOTORESIST
seq_0172,SOFT BAKE
seq_0172,ALIGN MASK LEVEL 4
seq_0172,EXPOSE LITHO LEVEL 4
seq_0172,DEVELOP PHOTORESIST
seq_0172,METAL PATTERN INSPECTION
seq_0172,METAL ETCH
seq_0172,STRIP RESIST
seq_0172,CLEAN AFTER METAL ETCH
seq_0172,MEASURE LINE WIDTH
seq_0172,DEPOSIT PASSIVATION
seq_0172,CURE PASSIVATION
seq_0172,MEASURE PASSIVATION THICKNESS
seq_0172,OPEN BOND PAD WINDOW
seq_0172,OPEN PAD WINDOW LITHO
seq_0172,DEVELOP PHOTORESIST
seq_0172,PASSIVATION ETCH
seq_0172,STRIP PHOTORESIST
seq_0172,CLEAN PAD OPENING
seq_0172,MEASURE PAD OPENING
seq_0172,BACKSIDE CLEAN
seq_0172,BACKSIDE GRIND
seq_0172,MEASURE THICKNESS
seq_0172,BACKSIDE ETCH CLEAN
seq_0172,BACKSIDE RINSE
seq_0172,BACKSIDE DRY
seq_0172,BACKSIDE METALLIZATION PREP
seq_0172,DEPOSIT BACKSIDE METAL
seq_0172,BACKSIDE ANNEAL
seq_0172,MEASURE BACKSIDE CONTACT
seq_0172,FINAL CLEAN
seq_0172,FINAL GEOMETRY CHECK
seq_0172,FINAL CD INSPECTION
seq_0172,FINAL PARTICLE INSPECTION
seq_0172,ELECTRICAL PARAMETRIC TEST
seq_0172,LEAKAGE TEST
seq_0172,THRESHOLD VOLTAGE TEST
seq_0172,SWITCHING TEST
seq_0172,WAFER SORT TEST
seq_0172,YIELD ANALYSIS
seq_0172,FINAL LOT RELEASE
seq_0172,SHIP LOT
seq_0173,RECEIVE WAFER LOT
seq_0173,LOT IDENTIFICATION
seq_0173,PRE CLEAN INSPECTION
seq_0173,MEASURE THICKNESS
seq_0173,MEASURE SURFACE PARTICLES
seq_0173,PRE CLEAN WAFER
seq_0173,BACKSIDE CLEAN
seq_0173,WET CLEAN RCA1
seq_0173,RCA CLEAN 2
seq_0173,HF DIP
seq_0173,DRY WAFER
seq_0173,SUBSTRATE CHECK
seq_0173,EPITAXY PREP
seq_0173,EPITAXIAL DEPOSITION
seq_0173,MEASURE EPITAXY THICKNESS
seq_0173,MEASURE RESISTIVITY
seq_0173,EPITAXY ANNEAL
seq_0173,WAFER SURFACE CLEAN
seq_0173,THERMAL OXIDATION
seq_0173,MEASURE OXIDE THICKNESS
seq_0173,SPIN COAT PHOTORESIST
seq_0173,SOFT BAKE
seq_0173,ALIGN MASK LEVEL 1
seq_0173,EXPOSE LITHO LEVEL 1
seq_0173,DEVELOP PHOTORESIST
seq_0173,PATTERN INSPECTION LEVEL 1
seq_0173,HARD BAKE
seq_0173,OXIDE ETCH
seq_0173,STRIP PHOTORESIST
seq_0173,CLEAN AFTER ETCH
seq_0173,MEASURE OPENING CD
seq_0173,IMPLANT WELL
seq_0173,PRE ANNEAL CHECK
seq_0173,DRIVE IN DIFFUSION
seq_0173,RAPID THERMAL ANNEAL
seq_0173,MEASURE JUNCTION DEPTH
seq_0173,THERMAL OXIDATION
seq_0173,GATE OXIDE PREP
seq_0173,GATE OXIDE GROWTH
seq_0173,MEASURE GATE OXIDE THICKNESS
seq_0173,DEPOSIT POLYSILICON
seq_0173,POLYSILICON ANNEAL
seq_0173,MEASURE POLY THICKNESS
seq_0173,SPIN COAT PHOTORESIST
seq_0173,SOFT BAKE
seq_0173,ALIGN MASK LEVEL 2
seq_0173,EXPOSE LITHO LEVEL 2
seq_0173,DEVELOP PHOTORESIST
seq_0173,POLY PATTERN INSPECTION
seq_0173,POLYSILICON ETCH
seq_0173,STRIP PHOTORESIST
seq_0173,CLEAN AFTER POLY ETCH
seq_0173,MEASURE GATE CD
seq_0173,IMPLANT SOURCE DRAIN
seq_0173,LIGHT ANNEAL
seq_0173,MEASURE SHEET RESISTANCE
seq_0173,DEPOSIT SPACER DIELECTRIC
seq_0173,ANISOTROPIC ETCH SPACER
seq_0173,IMPLANT LDD
seq_0173,PRE ANNEAL CHECK
seq_0173,RAPID THERMAL ANNEAL
seq_0173,MEASURE JUNCTION PROFILE
seq_0173,DEPOSIT INTERLEVEL DIELECTRIC
seq_0173,DENSIFY OXIDE
seq_0173,MEASURE DIELECTRIC THICKNESS
seq_0173,CMP INTERLAYER DIELECTRIC
seq_0173,MEASURE SURFACE PLANARITY
seq_0173,SPIN COAT PHOTORESIST
seq_0173,SOFT BAKE
seq_0173,ALIGN MASK LEVEL 3
seq_0173,EXPOSE LITHO LEVEL 3
seq_0173,DEVELOP PHOTORESIST
seq_0173,VIA INSPECTION
seq_0173,VIA ETCH
seq_0173,STRIP RESIST
seq_0173,CLEAN AFTER VIA ETCH
seq_0173,MEASURE VIA CD
seq_0173,DEPOSIT BARRIER METAL
seq_0173,DEPOSIT METAL SEED
seq_0173,FILL VIA METAL
seq_0173,CMP VIA FILL
seq_0173,MEASURE CONTACT RESISTANCE
seq_0173,DEPOSIT METAL 1
seq_0173,ANNEAL METAL
seq_0173,SPIN COAT PHOTORESIST
seq_0173,SOFT BAKE
seq_0173,ALIGN MASK LEVEL 4
seq_0173,EXPOSE LITHO LEVEL 4
seq_0173,POST EXPOSE BAKE
seq_0173,DEVELOP PHOTORESIST
seq_0173,METAL PATTERN INSPECTION
seq_0173,HARD BAKE
seq_0173,METAL ETCH
seq_0173,STRIP PHOTORESIST
seq_0173,CLEAN AFTER METAL ETCH
seq_0173,MEASURE LINE WIDTH
seq_0173,DEPOSIT PASSIVATION
seq_0173,CURE PASSIVATION
seq_0173,MEASURE PASSIVATION QUALITY
seq_0173,OPEN BOND PAD WINDOW
seq_0173,PAD WINDOW LITHO
seq_0173,DEVELOP PAD WINDOW
seq_0173,PASSIVATION ETCH PAD OPENING
seq_0173,STRIP PHOTORESIST
seq_0173,CLEAN PAD OPENING
seq_0173,MEASURE PAD OPENING
seq_0173,BACKSIDE CLEAN
seq_0173,BACKSIDE GRIND
seq_0173,MEASURE THICKNESS
seq_0173,BACKSIDE ETCH CLEAN
seq_0173,BACKSIDE RINSE
seq_0173,BACKSIDE DRY
seq_0173,BACKSIDE METALLIZATION PREP
seq_0173,DEPOSIT BACKSIDE METAL
seq_0173,BACKSIDE ANNEAL
seq_0173,MEASURE BACKSIDE CONTACT
seq_0173,FINAL CLEAN
seq_0173,FINAL THICKNESS MEASURE
seq_0173,FINAL PARTICLE INSPECTION
seq_0173,PARAMETRIC TEST
seq_0173,LEAKAGE TEST
seq_0173,THRESHOLD VOLTAGE TEST
seq_0173,SWITCHING TEST
seq_0173,WAFER SORT TEST
seq_0173,YIELD ANALYSIS
seq_0173,FINAL LOT RELEASE
seq_0173,SHIP LOT
seq_0174,RECEIVE WAFER LOT
seq_0174,LOT IDENTIFICATION
seq_0174,INITIAL WAFER INSPECTION
seq_0174,MEASURE THICKNESS
seq_0174,MEASURE SURFACE PARTICLES
seq_0174,PRE CLEAN WAFER
seq_0174,WET CLEAN RCA1
seq_0174,WET CLEAN RCA2
seq_0174,HF DIP
seq_0174,DRY WAFER
seq_0174,SUBSTRATE CHECK
seq_0174,EPITAXY PREP
seq_0174,EPITAXIAL DEPOSITION
seq_0174,MEASURE EPITAXY THICKNESS
seq_0174,MEASURE RESISTIVITY
seq_0174,EPITAXY ANNEAL
seq_0174,WAFER SURFACE CLEAN
seq_0174,THERMAL OXIDATION
seq_0174,MEASURE OXIDE THICKNESS
seq_0174,SPIN COAT PHOTORESIST
seq_0174,SOFT BAKE
seq_0174,ALIGN MASK LEVEL 1
seq_0174,EXPOSE LITHO LEVEL 1
seq_0174,POST EXPOSE BAKE
seq_0174,DEVELOP PHOTORESIST
seq_0174,PATTERN INSPECTION LEVEL 1
seq_0174,HARD BAKE
seq_0174,OXIDE ETCH
seq_0174,STRIP PHOTORESIST
seq_0174,CLEAN AFTER ETCH
seq_0174,MEASURE OPENING CD
seq_0174,IMPLANT WELL
seq_0174,PRE ANNEAL CHECK
seq_0174,DRIVE IN DIFFUSION
seq_0174,RAPID THERMAL ANNEAL
seq_0174,MEASURE JUNCTION DEPTH
seq_0174,THERMAL OXIDATION
seq_0174,GATE OXIDE PREP
seq_0174,GATE OXIDE GROWTH
seq_0174,MEASURE GATE OXIDE THICKNESS
seq_0174,DEPOSIT POLYSILICON
seq_0174,POLYSILICON ANNEAL
seq_0174,SPIN COAT PHOTORESIST
seq_0174,SOFT BAKE
seq_0174,ALIGN MASK LEVEL 2
seq_0174,EXPOSE LITHO LEVEL 2
seq_0174,DEVELOP PHOTORESIST
seq_0174,POLY PATTERN INSPECTION
seq_0174,HARD BAKE
seq_0174,POLYSILICON ETCH
seq_0174,STRIP RESIST
seq_0174,CLEAN AFTER POLY ETCH
seq_0174,IMPLANT SOURCE DRAIN
seq_0174,PRE ANNEAL CHECK
seq_0174,LIGHT ANNEAL
seq_0174,MEASURE SHEET RESISTANCE
seq_0174,DEPOSIT SPACER DIELECTRIC
seq_0174,ANISOTROPIC ETCH SPACER
seq_0174,MEASURE SPACER WIDTH
seq_0174,IMPLANT LDD
seq_0174,RAPID THERMAL ANNEAL
seq_0174,MEASURE JUNCTION PROFILE
seq_0174,DEPOSIT INTERLEVEL DIELECTRIC
seq_0174,DENSIFY OXIDE
seq_0174,MEASURE FILM THICKNESS
seq_0174,CMP INTERLAYER DIELECTRIC
seq_0174,MEASURE PLANARITY
seq_0174,SPIN COAT PHOTORESIST
seq_0174,SOFT BAKE
seq_0174,ALIGN MASK LEVEL 3
seq_0174,EXPOSE LITHO LEVEL 3
seq_0174,DEVELOP PHOTORESIST
seq_0174,VIA OPENING INSPECTION
seq_0174,DIELECTRIC ETCH VIA
seq_0174,STRIP RESIST
seq_0174,CLEAN AFTER VIA ETCH
seq_0174,MEASURE VIA CD
seq_0174,DEPOSIT BARRIER METAL
seq_0174,DEPOSIT METAL SEED
seq_0174,FILL VIA METAL
seq_0174,CMP VIA FILL
seq_0174,DEPOSIT METAL 1
seq_0174,ANNEAL METAL
seq_0174,MEASURE METAL THICKNESS
seq_0174,SPIN COAT PHOTORESIST
seq_0174,SOFT BAKE
seq_0174,ALIGN MASK LEVEL 4
seq_0174,EXPOSE LITHO LEVEL 4
seq_0174,DEVELOP PHOTORESIST
seq_0174,METAL PATTERN INSPECTION
seq_0174,METAL ETCH
seq_0174,STRIP PHOTORESIST
seq_0174,CLEAN AFTER METAL ETCH
seq_0174,MEASURE LINE WIDTH
seq_0174,DEPOSIT PASSIVATION LAYER
seq_0174,CURE PASSIVATION
seq_0174,MEASURE PASSIVATION THICKNESS
seq_0174,OPEN BOND PAD WINDOW
seq_0174,PAD WINDOW LITHO
seq_0174,DEVELOP PAD WINDOW
seq_0174,PASSIVATION ETCH
seq_0174,STRIP RESIST
seq_0174,CLEAN PAD OPENING
seq_0174,MEASURE PAD OPENING
seq_0174,BACKSIDE CLEAN
seq_0174,BACKSIDE GRIND
seq_0174,MEASURE WAFER THICKNESS
seq_0174,BACKSIDE ETCH CLEAN
seq_0174,BACKSIDE RINSE
seq_0174,BACKSIDE DRY
seq_0174,BACKSIDE METALLIZATION PREP
seq_0174,DEPOSIT BACKSIDE METAL
seq_0174,BACKSIDE ANNEAL
seq_0174,MEASURE BACKSIDE CONTACT
seq_0174,FINAL CLEAN
seq_0174,FINAL THICKNESS MEASURE
seq_0174,FINAL GEOMETRY CHECK
seq_0174,FINAL CD INSPECTION
seq_0174,FINAL PARTICLE INSPECTION
seq_0174,PARAMETRIC TEST
seq_0174,LEAKAGE TEST
seq_0174,THRESHOLD VOLTAGE TEST
seq_0174,SWITCHING TEST
seq_0174,WAFER SORT TEST
seq_0174,YIELD ANALYSIS
seq_0174,FINAL LOT RELEASE
seq_0174,SHIP LOT
seq_0175,RECEIVE WAFER LOT
seq_0175,LOT IDENTIFICATION
seq_0175,PRE CLEAN INSPECTION
seq_0175,MEASURE THICKNESS
seq_0175,MEASURE SURFACE PARTICLES
seq_0175,PRE CLEAN WAFER
seq_0175,FRONTSIDE CLEAN
seq_0175,RCA CLEAN 1
seq_0175,WET CLEAN RCA2
seq_0175,HF DIP
seq_0175,DRY WAFER
seq_0175,SUBSTRATE CHECK
seq_0175,EPITAXY PREP
seq_0175,EPITAXIAL DEPOSITION
seq_0175,MEASURE EPITAXY THICKNESS
seq_0175,MEASURE RESISTIVITY
seq_0175,EPITAXY ANNEAL
seq_0175,WAFER SURFACE CLEAN
seq_0175,THERMAL OXIDATION
seq_0175,MEASURE OXIDE THICKNESS
seq_0175,SPIN COAT PHOTORESIST
seq_0175,SOFT BAKE
seq_0175,ALIGN MASK LEVEL 1
seq_0175,EXPOSE LITHO LEVEL 1
seq_0175,DEVELOP PHOTORESIST
seq_0175,PATTERN INSPECTION LEVEL 1
seq_0175,OXIDE ETCH
seq_0175,STRIP PHOTORESIST
seq_0175,CLEAN AFTER ETCH
seq_0175,MEASURE OPENING CD
seq_0175,IMPLANT WELL
seq_0175,DRIVE IN DIFFUSION
seq_0175,RAPID THERMAL ANNEAL
seq_0175,MEASURE JUNCTION DEPTH
seq_0175,THERMAL OXIDATION
seq_0175,GATE OXIDE PREP
seq_0175,GATE OXIDE GROWTH
seq_0175,MEASURE GATE OXIDE THICKNESS
seq_0175,DEPOSIT POLYSILICON
seq_0175,POLYSILICON ANNEAL
seq_0175,MEASURE POLY THICKNESS
seq_0175,SPIN COAT PHOTORESIST
seq_0175,SOFT BAKE
seq_0175,ALIGN MASK LEVEL 2
seq_0175,EXPOSE LITHO LEVEL 2
seq_0175,DEVELOP PHOTORESIST
seq_0175,POLY PATTERN INSPECTION
seq_0175,POLYSILICON ETCH
seq_0175,STRIP PHOTORESIST
seq_0175,CLEAN AFTER POLY ETCH
seq_0175,IMPLANT SOURCE DRAIN
seq_0175,PRE ANNEAL CHECK
seq_0175,LIGHT ANNEAL
seq_0175,MEASURE SHEET RESISTANCE
seq_0175,DEPOSIT SPACER DIELECTRIC
seq_0175,ANISOTROPIC ETCH SPACER
seq_0175,MEASURE SPACER WIDTH
seq_0175,IMPLANT LDD
seq_0175,PRE ANNEAL CHECK
seq_0175,RAPID THERMAL ANNEAL
seq_0175,MEASURE JUNCTION PROFILE
seq_0175,DEPOSIT INTERLAYER DIELECTRIC
seq_0175,DENSIFY OXIDE
seq_0175,MEASURE FILM THICKNESS
seq_0175,CMP DIELECTRIC
seq_0175,MEASURE PLANARITY
seq_0175,SPIN COAT PHOTORESIST
seq_0175,SOFT BAKE
seq_0175,ALIGN MASK LEVEL 3
seq_0175,EXPOSE LITHO LEVEL 3
seq_0175,DEVELOP PHOTORESIST
seq_0175,VIA OPENING INSPECTION
seq_0175,DIELECTRIC ETCH VIA
seq_0175,STRIP PHOTORESIST
seq_0175,CLEAN AFTER VIA ETCH
seq_0175,MEASURE VIA CD
seq_0175,DEPOSIT BARRIER METAL
seq_0175,DEPOSIT METAL SEED
seq_0175,FILL VIA METAL
seq_0175,CMP METAL
seq_0175,MEASURE VIA RESISTANCE
seq_0175,DEPOSIT TOP METAL
seq_0175,ANNEAL METAL 1
seq_0175,MEASURE METAL THICKNESS
seq_0175,SPIN COAT PHOTORESIST
seq_0175,SOFT BAKE
seq_0175,ALIGN MASK LEVEL 4
seq_0175,EXPOSE LITHO LEVEL 4
seq_0175,DEVELOP PHOTORESIST
seq_0175,METAL PATTERN INSPECTION
seq_0175,METAL ETCH
seq_0175,STRIP RESIST
seq_0175,CLEAN AFTER METAL ETCH
seq_0175,MEASURE LINE WIDTH
seq_0175,DEPOSIT PASSIVATION
seq_0175,CURE PASSIVATION
seq_0175,MEASURE PASSIVATION THICKNESS
seq_0175,OPEN BOND PAD WINDOW
seq_0175,OPEN PAD WINDOW LITHO
seq_0175,DEVELOP PAD WINDOW
seq_0175,PASSIVATION ETCH
seq_0175,STRIP RESIST
seq_0175,CLEAN PAD OPENING
seq_0175,MEASURE PAD OPENING
seq_0175,BACKSIDE CLEAN
seq_0175,BACKSIDE GRIND
seq_0175,MEASURE WAFER THICKNESS
seq_0175,BACKSIDE ETCH CLEAN
seq_0175,BACKSIDE RINSE
seq_0175,BACKSIDE DRY
seq_0175,BACKSIDE METALLIZATION PREP
seq_0175,DEPOSIT BACKSIDE METAL
seq_0175,BACKSIDE ANNEAL
seq_0175,MEASURE BACKSIDE CONTACT
seq_0175,FINAL CLEAN
seq_0175,FINAL THICKNESS MEASURE
seq_0175,FINAL GEOMETRY CHECK
seq_0175,FINAL PARTICLE INSPECTION
seq_0175,PARAMETRIC TEST
seq_0175,LEAKAGE TEST
seq_0175,THRESHOLD VOLTAGE TEST
seq_0175,SWITCHING TEST
seq_0175,WAFER SORT TEST
seq_0175,YIELD ANALYSIS
seq_0175,FINAL LOT RELEASE
seq_0175,SHIP LOT
seq_0176,RECEIVE WAFER LOT
seq_0176,LOT IDENTIFICATION
seq_0176,PRE CLEAN INSPECTION
seq_0176,MEASURE THICKNESS
seq_0176,MEASURE SURFACE PARTICLES
seq_0176,PRE CLEAN WAFER
seq_0176,BACKSIDE CLEAN
seq_0176,WET CLEAN RCA1
seq_0176,RCA CLEAN 2
seq_0176,HF DIP
seq_0176,DRY WAFER
seq_0176,SUBSTRATE CHECK
seq_0176,EPITAXY PREP
seq_0176,EPITAXIAL DEPOSITION
seq_0176,MEASURE EPITAXY THICKNESS
seq_0176,MEASURE RESISTIVITY
seq_0176,EPITAXY ANNEAL
seq_0176,WAFER SURFACE CLEAN
seq_0176,THERMAL OXIDATION
seq_0176,MEASURE OXIDE THICKNESS
seq_0176,SPIN COAT PHOTORESIST
seq_0176,SOFT BAKE
seq_0176,ALIGN MASK LEVEL 1
seq_0176,EXPOSE LITHO LEVEL 1
seq_0176,DEVELOP PHOTORESIST
seq_0176,PATTERN INSPECTION LEVEL 1
seq_0176,OXIDE ETCH
seq_0176,STRIP PHOTORESIST
seq_0176,CLEAN AFTER ETCH
seq_0176,IMPLANT WELL
seq_0176,PRE ANNEAL CHECK
seq_0176,DRIVE IN DIFFUSION
seq_0176,RAPID THERMAL ANNEAL
seq_0176,MEASURE JUNCTION DEPTH
seq_0176,THERMAL OXIDATION
seq_0176,GATE OXIDE PREP
seq_0176,GATE OXIDE GROWTH
seq_0176,MEASURE GATE OXIDE THICKNESS
seq_0176,DEPOSIT POLYSILICON
seq_0176,POLYSILICON ANNEAL
seq_0176,MEASURE POLY THICKNESS
seq_0176,SPIN COAT PHOTORESIST
seq_0176,SOFT BAKE
seq_0176,ALIGN MASK LEVEL 2
seq_0176,EXPOSE LITHO LEVEL 2
seq_0176,POST EXPOSE BAKE
seq_0176,DEVELOP PHOTORESIST
seq_0176,POLY PATTERN INSPECTION
seq_0176,HARD BAKE
seq_0176,POLYSILICON ETCH
seq_0176,STRIP PHOTORESIST
seq_0176,CLEAN AFTER POLY ETCH
seq_0176,MEASURE GATE CD
seq_0176,IMPLANT SOURCE DRAIN
seq_0176,PRE ANNEAL CHECK
seq_0176,LIGHT ANNEAL
seq_0176,MEASURE SHEET RESISTANCE
seq_0176,DEPOSIT SPACER DIELECTRIC
seq_0176,ANISOTROPIC ETCH SPACER
seq_0176,IMPLANT LDD
seq_0176,RAPID THERMAL ANNEAL
seq_0176,MEASURE JUNCTION PROFILE
seq_0176,DEPOSIT INTERLEVEL DIELECTRIC
seq_0176,DENSIFY OXIDE
seq_0176,MEASURE FILM THICKNESS
seq_0176,CMP INTERLAYER DIELECTRIC
seq_0176,MEASURE PLANARITY
seq_0176,SPIN COAT PHOTORESIST
seq_0176,SOFT BAKE
seq_0176,ALIGN MASK LEVEL 3
seq_0176,EXPOSE LITHO LEVEL 3
seq_0176,DEVELOP PHOTORESIST
seq_0176,VIA OPENING INSPECTION
seq_0176,HARD BAKE
seq_0176,DIELECTRIC ETCH VIA
seq_0176,STRIP PHOTORESIST
seq_0176,CLEAN AFTER VIA ETCH
seq_0176,MEASURE VIA CD
seq_0176,DEPOSIT BARRIER METAL
seq_0176,DEPOSIT METAL SEED
seq_0176,FILL VIA METAL
seq_0176,CMP VIA FILL
seq_0176,MEASURE VIA RESISTANCE
seq_0176,DEPOSIT TOP METAL
seq_0176,ANNEAL METAL
seq_0176,SPIN COAT PHOTORESIST
seq_0176,SOFT BAKE
seq_0176,ALIGN MASK LEVEL 4
seq_0176,EXPOSE LITHO LEVEL 4
seq_0176,DEVELOP PHOTORESIST
seq_0176,METAL PATTERN INSPECTION
seq_0176,HARD BAKE
seq_0176,METAL ETCH
seq_0176,STRIP PHOTORESIST
seq_0176,CLEAN AFTER METAL ETCH
seq_0176,DEPOSIT PASSIVATION
seq_0176,CURE PASSIVATION
seq_0176,MEASURE PASSIVATION QUALITY
seq_0176,OPEN PAD WINDOW
seq_0176,PAD WINDOW LITHO
seq_0176,DEVELOP PAD WINDOW
seq_0176,PASSIVATION ETCH
seq_0176,STRIP RESIST
seq_0176,CLEAN PAD OPENING
seq_0176,MEASURE PAD OPENING
seq_0176,BACKSIDE CLEAN
seq_0176,BACKSIDE GRIND
seq_0176,MEASURE WAFER THICKNESS
seq_0176,BACKSIDE ETCH CLEAN
seq_0176,BACKSIDE RINSE
seq_0176,BACKSIDE DRY
seq_0176,BACKSIDE METALLIZATION PREP
seq_0176,DEPOSIT BACKSIDE METAL
seq_0176,BACKSIDE ANNEAL
seq_0176,MEASURE BACKSIDE CONTACT
seq_0176,FINAL CLEAN
seq_0176,FINAL THICKNESS MEASURE
seq_0176,FINAL GEOMETRY CHECK
seq_0176,FINAL CD INSPECTION
seq_0176,FINAL PARTICLE INSPECTION
seq_0176,PARAMETRIC TEST
seq_0176,LEAKAGE TEST
seq_0176,THRESHOLD VOLTAGE TEST
seq_0176,SWITCHING TEST
seq_0176,WAFER SORT TEST
seq_0176,YIELD ANALYSIS
seq_0176,LOT RELEASE
seq_0176,SHIP LOT
seq_0177,RECEIVE WAFER LOT
seq_0177,LOT IDENTIFICATION
seq_0177,INITIAL WAFER INSPECTION
seq_0177,MEASURE THICKNESS
seq_0177,MEASURE SURFACE PARTICLES
seq_0177,PRE CLEAN WAFER
seq_0177,WET CLEAN RCA1
seq_0177,RCA CLEAN 2
seq_0177,HF DIP
seq_0177,DRY WAFER
seq_0177,SUBSTRATE CHECK
seq_0177,EPITAXY PREP
seq_0177,EPITAXIAL DEPOSITION
seq_0177,MEASURE EPITAXY THICKNESS
seq_0177,MEASURE RESISTIVITY
seq_0177,EPITAXY ANNEAL
seq_0177,WAFER SURFACE CLEAN
seq_0177,THERMAL OXIDATION
seq_0177,MEASURE OXIDE THICKNESS
seq_0177,SPIN COAT PHOTORESIST
seq_0177,SOFT BAKE
seq_0177,ALIGN MASK LEVEL 1
seq_0177,EXPOSE LITHO LEVEL 1
seq_0177,DEVELOP PHOTORESIST
seq_0177,PATTERN INSPECTION LEVEL 1
seq_0177,OXIDE ETCH
seq_0177,STRIP RESIST
seq_0177,CLEAN AFTER ETCH
seq_0177,IMPLANT WELL
seq_0177,DRIVE IN DIFFUSION
seq_0177,RAPID THERMAL ANNEAL
seq_0177,MEASURE JUNCTION DEPTH
seq_0177,THERMAL OXIDATION
seq_0177,GATE OXIDE PREP
seq_0177,GATE OXIDE GROWTH
seq_0177,MEASURE GATE OXIDE THICKNESS
seq_0177,DEPOSIT POLYSILICON
seq_0177,POLYSILICON ANNEAL
seq_0177,MEASURE POLY THICKNESS
seq_0177,SPIN COAT PHOTORESIST
seq_0177,SOFT BAKE
seq_0177,ALIGN MASK LEVEL 2
seq_0177,EXPOSE LITHO LEVEL 2
seq_0177,DEVELOP PHOTORESIST
seq_0177,POLY PATTERN INSPECTION
seq_0177,HARD BAKE
seq_0177,POLYSILICON ETCH
seq_0177,STRIP PHOTORESIST
seq_0177,CLEAN AFTER POLY ETCH
seq_0177,IMPLANT SOURCE DRAIN
seq_0177,PRE ANNEAL CHECK
seq_0177,LIGHT ANNEAL
seq_0177,MEASURE SHEET RESISTANCE
seq_0177,DEPOSIT SPACER DIELECTRIC
seq_0177,ANISOTROPIC ETCH SPACER
seq_0177,MEASURE SPACER WIDTH
seq_0177,IMPLANT LDD
seq_0177,RAPID THERMAL ANNEAL
seq_0177,MEASURE JUNCTION PROFILE
seq_0177,DEPOSIT INTERLEVEL DIELECTRIC
seq_0177,DENSIFY OXIDE
seq_0177,MEASURE FILM THICKNESS
seq_0177,CMP DIELECTRIC
seq_0177,MEASURE SURFACE PLANARITY
seq_0177,SPIN COAT PHOTORESIST
seq_0177,SOFT BAKE
seq_0177,ALIGN MASK LEVEL 3
seq_0177,EXPOSE LITHO LEVEL 3
seq_0177,POST EXPOSE BAKE
seq_0177,DEVELOP PHOTORESIST
seq_0177,VIA INSPECTION
seq_0177,VIA ETCH
seq_0177,STRIP RESIST
seq_0177,CLEAN AFTER VIA ETCH
seq_0177,MEASURE VIA CD
seq_0177,DEPOSIT BARRIER METAL
seq_0177,DEPOSIT METAL SEED
seq_0177,FILL VIA METAL
seq_0177,CMP VIA FILL
seq_0177,MEASURE CONTACT RESISTANCE
seq_0177,DEPOSIT METAL 1
seq_0177,ANNEAL METAL
seq_0177,SPIN COAT PHOTORESIST
seq_0177,SOFT BAKE
seq_0177,ALIGN MASK LEVEL 4
seq_0177,EXPOSE LITHO LEVEL 4
seq_0177,DEVELOP PHOTORESIST
seq_0177,METAL PATTERN INSPECTION
seq_0177,METAL ETCH
seq_0177,STRIP PHOTORESIST
seq_0177,CLEAN AFTER METAL ETCH
seq_0177,MEASURE LINE WIDTH
seq_0177,DEPOSIT PASSIVATION
seq_0177,CURE PASSIVATION
seq_0177,MEASURE PASSIVATION THICKNESS
seq_0177,OPEN PAD WINDOW
seq_0177,PAD WINDOW LITHO
seq_0177,DEVELOP PHOTORESIST
seq_0177,PASSIVATION ETCH
seq_0177,STRIP PHOTORESIST
seq_0177,CLEAN PAD OPENING
seq_0177,MEASURE PAD OPENING
seq_0177,BACKSIDE CLEAN
seq_0177,BACKSIDE GRIND
seq_0177,MEASURE WAFER THICKNESS
seq_0177,BACKSIDE ETCH CLEAN
seq_0177,BACKSIDE RINSE
seq_0177,BACKSIDE DRY
seq_0177,BACKSIDE METALLIZATION PREP
seq_0177,DEPOSIT BACKSIDE METAL
seq_0177,BACKSIDE ANNEAL
seq_0177,MEASURE BACKSIDE CONTACT
seq_0177,FINAL CLEAN
seq_0177,FINAL THICKNESS MEASURE
seq_0177,FINAL GEOMETRY CHECK
seq_0177,FINAL PARTICLE INSPECTION
seq_0177,PARAMETRIC TEST
seq_0177,LEAKAGE TEST
seq_0177,THRESHOLD VOLTAGE TEST
seq_0177,SWITCHING TEST
seq_0177,WAFER SORT TEST
seq_0177,YIELD ANALYSIS
seq_0177,LOT RELEASE
seq_0177,SHIP LOT
seq_0178,RECEIVE WAFER LOT
seq_0178,LOT IDENTIFICATION
seq_0178,INITIAL WAFER INSPECTION
seq_0178,PRE CLEAN WAFER
seq_0178,BACKSIDE CLEAN
seq_0178,FRONTSIDE CLEAN
seq_0178,RCA CLEAN 1
seq_0178,WET CLEAN RCA2
seq_0178,HF DIP
seq_0178,SUBSTRATE CHECK
seq_0178,EPITAXY PREP
seq_0178,EPITAXIAL DEPOSITION
seq_0178,MEASURE EPITAXY THICKNESS
seq_0178,MEASURE RESISTIVITY
seq_0178,EPITAXY ANNEAL
seq_0178,WAFER SURFACE CLEAN
seq_0178,THERMAL OXIDATION
seq_0178,MEASURE OXIDE THICKNESS
seq_0178,SPIN COAT PHOTORESIST
seq_0178,SOFT BAKE
seq_0178,ALIGN MASK LEVEL 1
seq_0178,EXPOSE LITHO LEVEL 1
seq_0178,DEVELOP PHOTORESIST
seq_0178,PATTERN INSPECTION LEVEL 1
seq_0178,OXIDE ETCH
seq_0178,STRIP RESIST
seq_0178,CLEAN AFTER ETCH
seq_0178,MEASURE OPENING CD
seq_0178,IMPLANT WELL
seq_0178,DRIVE IN DIFFUSION
seq_0178,RAPID THERMAL ANNEAL
seq_0178,MEASURE JUNCTION DEPTH
seq_0178,THERMAL OXIDATION
seq_0178,GATE OXIDE PREP
seq_0178,GATE OXIDE GROWTH
seq_0178,MEASURE GATE OXIDE THICKNESS
seq_0178,DEPOSIT POLYSILICON
seq_0178,POLYSILICON ANNEAL
seq_0178,MEASURE POLY THICKNESS
seq_0178,SPIN COAT PHOTORESIST
seq_0178,SOFT BAKE
seq_0178,ALIGN MASK LEVEL 2
seq_0178,EXPOSE LITHO LEVEL 2
seq_0178,DEVELOP PHOTORESIST
seq_0178,POLY PATTERN INSPECTION
seq_0178,HARD BAKE
seq_0178,POLYSILICON ETCH
seq_0178,STRIP RESIST
seq_0178,CLEAN AFTER POLY ETCH
seq_0178,MEASURE GATE CD
seq_0178,IMPLANT SOURCE DRAIN
seq_0178,LIGHT ANNEAL
seq_0178,MEASURE SHEET RESISTANCE
seq_0178,DEPOSIT SPACER DIELECTRIC
seq_0178,ANISOTROPIC ETCH SPACER
seq_0178,MEASURE SPACER WIDTH
seq_0178,IMPLANT LDD
seq_0178,PRE ANNEAL CHECK
seq_0178,RAPID THERMAL ANNEAL
seq_0178,DEPOSIT INTERLEVEL DIELECTRIC
seq_0178,DENSIFY OXIDE
seq_0178,MEASURE FILM THICKNESS
seq_0178,CMP DIELECTRIC
seq_0178,MEASURE SURFACE PLANARITY
seq_0178,SPIN COAT PHOTORESIST
seq_0178,SOFT BAKE
seq_0178,ALIGN MASK LEVEL 3
seq_0178,EXPOSE LITHO LEVEL 3
seq_0178,DEVELOP PHOTORESIST
seq_0178,VIA INSPECTION
seq_0178,HARD BAKE
seq_0178,VIA ETCH THROUGH DIELECTRIC
seq_0178,STRIP RESIST
seq_0178,CLEAN AFTER VIA ETCH
seq_0178,MEASURE VIA CD
seq_0178,DEPOSIT BARRIER METAL
seq_0178,DEPOSIT METAL SEED
seq_0178,FILL VIA METAL
seq_0178,CMP VIA FILL
seq_0178,MEASURE VIA RESISTANCE
seq_0178,DEPOSIT TOP METAL
seq_0178,ANNEAL METAL 1
seq_0178,MEASURE METAL THICKNESS
seq_0178,SPIN COAT PHOTORESIST
seq_0178,SOFT BAKE
seq_0178,ALIGN MASK LEVEL 4
seq_0178,EXPOSE LITHO LEVEL 4
seq_0178,DEVELOP PHOTORESIST
seq_0178,METAL PATTERN INSPECTION
seq_0178,METAL ETCH
seq_0178,STRIP PHOTORESIST
seq_0178,CLEAN AFTER METAL ETCH
seq_0178,DEPOSIT PASSIVATION
seq_0178,CURE PASSIVATION
seq_0178,MEASURE PASSIVATION QUALITY
seq_0178,OPEN BOND PAD WINDOW
seq_0178,OPEN PAD WINDOW LITHO
seq_0178,DEVELOP PHOTORESIST
seq_0178,PASSIVATION ETCH PAD OPENING
seq_0178,STRIP PHOTORESIST
seq_0178,CLEAN PAD OPENING
seq_0178,MEASURE PAD OPENING
seq_0178,BACKSIDE CLEAN
seq_0178,BACKSIDE GRIND
seq_0178,MEASURE WAFER THICKNESS
seq_0178,BACKSIDE ETCH CLEAN
seq_0178,BACKSIDE RINSE
seq_0178,BACKSIDE DRY
seq_0178,BACKSIDE METALLIZATION PREP
seq_0178,DEPOSIT BACKSIDE METAL
seq_0178,BACKSIDE ANNEAL
seq_0178,MEASURE BACKSIDE CONTACT
seq_0178,FINAL CLEAN
seq_0178,FINAL THICKNESS MEASURE
seq_0178,FINAL GEOMETRY CHECK
seq_0178,FINAL CD INSPECTION
seq_0178,FINAL PARTICLE INSPECTION
seq_0178,ELECTRICAL PARAMETRIC TEST
seq_0178,LEAKAGE TEST
seq_0178,THRESHOLD VOLTAGE TEST
seq_0178,SWITCHING TEST
seq_0178,WAFER SORT TEST
seq_0178,YIELD ANALYSIS
seq_0178,LOT RELEASE
seq_0178,SHIP LOT
seq_0179,RECEIVE WAFER LOT
seq_0179,LOT IDENTIFICATION
seq_0179,PRE CLEAN INSPECTION
seq_0179,MEASURE THICKNESS
seq_0179,MEASURE SURFACE PARTICLES
seq_0179,PRE CLEAN WAFER
seq_0179,BACKSIDE CLEAN
seq_0179,WET CLEAN RCA1
seq_0179,RCA CLEAN 2
seq_0179,HF DIP
seq_0179,DRY WAFER
seq_0179,SUBSTRATE CHECK
seq_0179,EPITAXY PREP
seq_0179,EPITAXIAL DEPOSITION
seq_0179,MEASURE EPITAXY THICKNESS
seq_0179,MEASURE RESISTIVITY
seq_0179,EPITAXY ANNEAL
seq_0179,WAFER SURFACE CLEAN
seq_0179,THERMAL OXIDATION
seq_0179,MEASURE OXIDE THICKNESS
seq_0179,SPIN COAT PHOTORESIST
seq_0179,SOFT BAKE
seq_0179,ALIGN MASK LEVEL 1
seq_0179,EXPOSE LITHO LEVEL 1
seq_0179,POST EXPOSE BAKE
seq_0179,DEVELOP PHOTORESIST
seq_0179,PATTERN INSPECTION LEVEL 1
seq_0179,OXIDE ETCH
seq_0179,STRIP PHOTORESIST
seq_0179,CLEAN AFTER ETCH
seq_0179,MEASURE OPENING CD
seq_0179,IMPLANT WELL
seq_0179,DRIVE IN DIFFUSION
seq_0179,RAPID THERMAL ANNEAL
seq_0179,MEASURE JUNCTION DEPTH
seq_0179,THERMAL OXIDATION
seq_0179,GATE OXIDE PREP
seq_0179,GATE OXIDE GROWTH
seq_0179,MEASURE GATE OXIDE THICKNESS
seq_0179,DEPOSIT POLYSILICON
seq_0179,POLYSILICON ANNEAL
seq_0179,SPIN COAT PHOTORESIST
seq_0179,SOFT BAKE
seq_0179,ALIGN MASK LEVEL 2
seq_0179,EXPOSE LITHO LEVEL 2
seq_0179,DEVELOP PHOTORESIST
seq_0179,POLY PATTERN INSPECTION
seq_0179,POLYSILICON ETCH
seq_0179,STRIP PHOTORESIST
seq_0179,CLEAN AFTER POLY ETCH
seq_0179,MEASURE GATE CD
seq_0179,IMPLANT SOURCE DRAIN
seq_0179,LIGHT ANNEAL
seq_0179,DEPOSIT SPACER DIELECTRIC
seq_0179,ANISOTROPIC ETCH SPACER
seq_0179,MEASURE SPACER WIDTH
seq_0179,IMPLANT LDD
seq_0179,PRE ANNEAL CHECK
seq_0179,RAPID THERMAL ANNEAL
seq_0179,MEASURE JUNCTION PROFILE
seq_0179,DEPOSIT INTERLAYER DIELECTRIC
seq_0179,DENSIFY DIELECTRIC
seq_0179,MEASURE DIELECTRIC THICKNESS
seq_0179,CMP DIELECTRIC
seq_0179,MEASURE PLANARITY
seq_0179,SPIN COAT PHOTORESIST
seq_0179,SOFT BAKE
seq_0179,ALIGN MASK LEVEL 3
seq_0179,EXPOSE LITHO LEVEL 3
seq_0179,POST EXPOSE BAKE
seq_0179,DEVELOP PHOTORESIST
seq_0179,VIA INSPECTION
seq_0179,HARD BAKE
seq_0179,VIA ETCH
seq_0179,STRIP RESIST
seq_0179,CLEAN AFTER VIA ETCH
seq_0179,MEASURE VIA CD
seq_0179,DEPOSIT BARRIER METAL
seq_0179,DEPOSIT METAL SEED
seq_0179,FILL VIA METAL
seq_0179,CMP VIA FILL
seq_0179,DEPOSIT TOP METAL
seq_0179,ANNEAL METAL 1
seq_0179,SPIN COAT PHOTORESIST
seq_0179,SOFT BAKE
seq_0179,ALIGN MASK LEVEL 4
seq_0179,EXPOSE LITHO LEVEL 4
seq_0179,DEVELOP PHOTORESIST
seq_0179,METAL PATTERN INSPECTION
seq_0179,METAL ETCH
seq_0179,STRIP PHOTORESIST
seq_0179,CLEAN AFTER METAL ETCH
seq_0179,MEASURE LINE WIDTH
seq_0179,DEPOSIT PASSIVATION
seq_0179,CURE PASSIVATION
seq_0179,MEASURE PASSIVATION THICKNESS
seq_0179,OPEN BOND PAD WINDOW
seq_0179,PAD WINDOW LITHO
seq_0179,DEVELOP PAD WINDOW
seq_0179,PASSIVATION ETCH
seq_0179,STRIP RESIST
seq_0179,CLEAN PAD OPENING
seq_0179,MEASURE PAD OPENING
seq_0179,BACKSIDE CLEAN
seq_0179,BACKSIDE GRIND
seq_0179,MEASURE WAFER THICKNESS
seq_0179,BACKSIDE ETCH CLEAN
seq_0179,BACKSIDE RINSE
seq_0179,BACKSIDE DRY
seq_0179,BACKSIDE METALLIZATION PREP
seq_0179,DEPOSIT BACKSIDE METAL
seq_0179,BACKSIDE ANNEAL
seq_0179,MEASURE BACKSIDE CONTACT
seq_0179,FINAL CLEAN
seq_0179,FINAL GEOMETRY CHECK
seq_0179,FINAL PARTICLE INSPECTION
seq_0179,PARAMETRIC TEST
seq_0179,LEAKAGE TEST
seq_0179,THRESHOLD VOLTAGE TEST
seq_0179,SWITCHING TEST
seq_0179,WAFER SORT TEST
seq_0179,YIELD ANALYSIS
seq_0179,LOT RELEASE
seq_0179,SHIP LOT
seq_0180,RECEIVE WAFER LOT
seq_0180,LOT IDENTIFICATION
seq_0180,INITIAL WAFER INSPECTION
seq_0180,MEASURE THICKNESS
seq_0180,MEASURE SURFACE PARTICLES
seq_0180,PRE CLEAN WAFER
seq_0180,FRONTSIDE CLEAN
seq_0180,RCA CLEAN 1
seq_0180,RCA CLEAN 2
seq_0180,HF DIP
seq_0180,DRY WAFER
seq_0180,SUBSTRATE CHECK
seq_0180,EPITAXY PREP
seq_0180,EPITAXIAL DEPOSITION
seq_0180,MEASURE EPITAXY THICKNESS
seq_0180,MEASURE RESISTIVITY
seq_0180,EPITAXY ANNEAL
seq_0180,WAFER SURFACE CLEAN
seq_0180,THERMAL OXIDATION
seq_0180,MEASURE OXIDE THICKNESS
seq_0180,SPIN COAT PHOTORESIST
seq_0180,SOFT BAKE
seq_0180,ALIGN MASK LEVEL 1
seq_0180,EXPOSE LITHO LEVEL 1
seq_0180,POST EXPOSE BAKE
seq_0180,DEVELOP PHOTORESIST
seq_0180,PATTERN INSPECTION LEVEL 1
seq_0180,OXIDE ETCH
seq_0180,STRIP PHOTORESIST
seq_0180,CLEAN AFTER ETCH
seq_0180,MEASURE OPENING CD
seq_0180,IMPLANT WELL
seq_0180,PRE ANNEAL CHECK
seq_0180,DRIVE IN DIFFUSION
seq_0180,RAPID THERMAL ANNEAL
seq_0180,MEASURE JUNCTION DEPTH
seq_0180,THERMAL OXIDATION
seq_0180,GATE OXIDE PREP
seq_0180,GATE OXIDE GROWTH
seq_0180,MEASURE GATE OXIDE THICKNESS
seq_0180,DEPOSIT POLYSILICON
seq_0180,POLYSILICON ANNEAL
seq_0180,MEASURE POLY THICKNESS
seq_0180,SPIN COAT PHOTORESIST
seq_0180,SOFT BAKE
seq_0180,ALIGN MASK LEVEL 2
seq_0180,EXPOSE LITHO LEVEL 2
seq_0180,POST EXPOSE BAKE
seq_0180,DEVELOP PHOTORESIST
seq_0180,POLY PATTERN INSPECTION
seq_0180,POLYSILICON ETCH
seq_0180,STRIP RESIST
seq_0180,CLEAN AFTER POLY ETCH
seq_0180,MEASURE GATE CD
seq_0180,IMPLANT SOURCE DRAIN
seq_0180,PRE ANNEAL CHECK
seq_0180,LIGHT ANNEAL
seq_0180,MEASURE SHEET RESISTANCE
seq_0180,DEPOSIT SPACER DIELECTRIC
seq_0180,ANISOTROPIC ETCH SPACER
seq_0180,MEASURE SPACER WIDTH
seq_0180,IMPLANT LDD
seq_0180,RAPID THERMAL ANNEAL
seq_0180,MEASURE JUNCTION PROFILE
seq_0180,DEPOSIT INTERLEVEL DIELECTRIC
seq_0180,DENSIFY DIELECTRIC
seq_0180,MEASURE FILM THICKNESS
seq_0180,CMP INTERLAYER DIELECTRIC
seq_0180,MEASURE PLANARITY
seq_0180,SPIN COAT PHOTORESIST
seq_0180,SOFT BAKE
seq_0180,ALIGN MASK LEVEL 3
seq_0180,EXPOSE LITHO LEVEL 3
seq_0180,POST EXPOSE BAKE
seq_0180,DEVELOP PHOTORESIST
seq_0180,VIA OPENING INSPECTION
seq_0180,VIA ETCH
seq_0180,STRIP RESIST
seq_0180,CLEAN AFTER VIA ETCH
seq_0180,MEASURE VIA CD
seq_0180,DEPOSIT BARRIER METAL
seq_0180,DEPOSIT METAL SEED
seq_0180,FILL VIA METAL
seq_0180,CMP METAL
seq_0180,MEASURE CONTACT RESISTANCE
seq_0180,DEPOSIT TOP METAL
seq_0180,ANNEAL METAL 1
seq_0180,SPIN COAT PHOTORESIST
seq_0180,SOFT BAKE
seq_0180,ALIGN MASK LEVEL 4
seq_0180,EXPOSE LITHO LEVEL 4
seq_0180,DEVELOP PHOTORESIST
seq_0180,METAL PATTERN INSPECTION
seq_0180,METAL ETCH
seq_0180,STRIP RESIST
seq_0180,CLEAN AFTER METAL ETCH
seq_0180,DEPOSIT PASSIVATION
seq_0180,CURE PASSIVATION
seq_0180,MEASURE PASSIVATION QUALITY
seq_0180,OPEN BOND PAD WINDOW
seq_0180,PAD WINDOW LITHO
seq_0180,DEVELOP PAD WINDOW
seq_0180,PASSIVATION ETCH PAD OPENING
seq_0180,STRIP PHOTORESIST
seq_0180,CLEAN PAD OPENING
seq_0180,MEASURE PAD OPENING
seq_0180,BACKSIDE CLEAN
seq_0180,BACKSIDE GRIND
seq_0180,MEASURE WAFER THICKNESS
seq_0180,BACKSIDE ETCH CLEAN
seq_0180,BACKSIDE RINSE
seq_0180,BACKSIDE DRY
seq_0180,BACKSIDE METALLIZATION PREP
seq_0180,DEPOSIT BACKSIDE METAL
seq_0180,BACKSIDE ANNEAL
seq_0180,MEASURE BACKSIDE CONTACT
seq_0180,FINAL CLEAN
seq_0180,FINAL GEOMETRY CHECK
seq_0180,FINAL PARTICLE INSPECTION
seq_0180,ELECTRICAL PARAMETRIC TEST
seq_0180,LEAKAGE TEST
seq_0180,THRESHOLD VOLTAGE TEST
seq_0180,SWITCHING TEST
seq_0180,WAFER SORT TEST
seq_0180,YIELD ANALYSIS
seq_0180,FINAL LOT RELEASE
seq_0180,SHIP LOT
seq_0181,RECEIVE WAFER LOT
seq_0181,LOT IDENTIFICATION
seq_0181,PRE CLEAN INSPECTION
seq_0181,MEASURE THICKNESS
seq_0181,MEASURE SURFACE PARTICLES
seq_0181,PRE CLEAN WAFER
seq_0181,BACKSIDE CLEAN
seq_0181,WET CLEAN RCA1
seq_0181,WET CLEAN RCA2
seq_0181,HF DIP
seq_0181,DRY WAFER
seq_0181,SUBSTRATE CHECK
seq_0181,EPITAXY PREP
seq_0181,EPITAXIAL DEPOSITION
seq_0181,MEASURE EPITAXY THICKNESS
seq_0181,MEASURE RESISTIVITY
seq_0181,EPITAXY ANNEAL
seq_0181,WAFER SURFACE CLEAN
seq_0181,THERMAL OXIDATION
seq_0181,MEASURE OXIDE THICKNESS
seq_0181,SPIN COAT PHOTORESIST
seq_0181,SOFT BAKE
seq_0181,ALIGN MASK LEVEL 1
seq_0181,EXPOSE LITHO LEVEL 1
seq_0181,POST EXPOSE BAKE
seq_0181,DEVELOP PHOTORESIST
seq_0181,PATTERN INSPECTION LEVEL 1
seq_0181,OXIDE ETCH
seq_0181,STRIP RESIST
seq_0181,CLEAN AFTER ETCH
seq_0181,IMPLANT WELL
seq_0181,DRIVE IN DIFFUSION
seq_0181,RAPID THERMAL ANNEAL
seq_0181,THERMAL OXIDATION
seq_0181,GATE OXIDE PREP
seq_0181,GATE OXIDE GROWTH
seq_0181,MEASURE GATE OXIDE THICKNESS
seq_0181,DEPOSIT POLYSILICON
seq_0181,POLYSILICON ANNEAL
seq_0181,MEASURE POLY THICKNESS
seq_0181,SPIN COAT PHOTORESIST
seq_0181,SOFT BAKE
seq_0181,ALIGN MASK LEVEL 2
seq_0181,EXPOSE LITHO LEVEL 2
seq_0181,POST EXPOSE BAKE
seq_0181,DEVELOP PHOTORESIST
seq_0181,POLY PATTERN INSPECTION
seq_0181,POLYSILICON ETCH
seq_0181,STRIP PHOTORESIST
seq_0181,CLEAN AFTER POLY ETCH
seq_0181,MEASURE GATE CD
seq_0181,IMPLANT SOURCE DRAIN
seq_0181,LIGHT ANNEAL
seq_0181,DEPOSIT SPACER DIELECTRIC
seq_0181,ANISOTROPIC ETCH SPACER
seq_0181,MEASURE SPACER WIDTH
seq_0181,IMPLANT LDD
seq_0181,RAPID THERMAL ANNEAL
seq_0181,DEPOSIT INTERLEVEL DIELECTRIC
seq_0181,DENSIFY DIELECTRIC
seq_0181,MEASURE FILM THICKNESS
seq_0181,CMP INTERLAYER DIELECTRIC
seq_0181,MEASURE PLANARITY
seq_0181,SPIN COAT PHOTORESIST
seq_0181,SOFT BAKE
seq_0181,ALIGN MASK LEVEL 3
seq_0181,EXPOSE LITHO LEVEL 3
seq_0181,DEVELOP PHOTORESIST
seq_0181,VIA INSPECTION
seq_0181,DIELECTRIC ETCH VIA
seq_0181,STRIP PHOTORESIST
seq_0181,CLEAN AFTER VIA ETCH
seq_0181,MEASURE VIA CD
seq_0181,DEPOSIT BARRIER METAL
seq_0181,DEPOSIT METAL SEED
seq_0181,FILL VIA METAL
seq_0181,CMP VIA FILL
seq_0181,MEASURE CONTACT RESISTANCE
seq_0181,DEPOSIT METAL 1
seq_0181,ANNEAL METAL 1
seq_0181,SPIN COAT PHOTORESIST
seq_0181,SOFT BAKE
seq_0181,ALIGN MASK LEVEL 4
seq_0181,EXPOSE LITHO LEVEL 4
seq_0181,POST EXPOSE BAKE
seq_0181,DEVELOP PHOTORESIST
seq_0181,METAL PATTERN INSPECTION
seq_0181,METAL ETCH
seq_0181,STRIP RESIST
seq_0181,CLEAN AFTER METAL ETCH
seq_0181,MEASURE LINE WIDTH
seq_0181,DEPOSIT PASSIVATION LAYER
seq_0181,CURE PASSIVATION
seq_0181,MEASURE PASSIVATION QUALITY
seq_0181,OPEN PAD WINDOW
seq_0181,PAD WINDOW LITHO
seq_0181,DEVELOP PHOTORESIST
seq_0181,PASSIVATION ETCH PAD OPENING
seq_0181,STRIP PHOTORESIST
seq_0181,CLEAN PAD OPENING
seq_0181,MEASURE PAD OPENING
seq_0181,BACKSIDE CLEAN
seq_0181,BACKSIDE GRIND
seq_0181,MEASURE WAFER THICKNESS
seq_0181,BACKSIDE ETCH CLEAN
seq_0181,BACKSIDE RINSE
seq_0181,BACKSIDE DRY
seq_0181,BACKSIDE METALLIZATION PREP
seq_0181,DEPOSIT BACKSIDE METAL
seq_0181,BACKSIDE ANNEAL
seq_0181,MEASURE BACKSIDE CONTACT
seq_0181,FINAL CLEAN
seq_0181,FINAL THICKNESS MEASURE
seq_0181,FINAL GEOMETRY CHECK
seq_0181,FINAL CD INSPECTION
seq_0181,FINAL PARTICLE INSPECTION
seq_0181,PARAMETRIC TEST
seq_0181,LEAKAGE TEST
seq_0181,THRESHOLD VOLTAGE TEST
seq_0181,SWITCHING TEST
seq_0181,WAFER SORT TEST
seq_0181,YIELD ANALYSIS
seq_0181,LOT RELEASE
seq_0181,SHIP LOT
seq_0182,RECEIVE WAFER LOT
seq_0182,LOT IDENTIFICATION
seq_0182,PRE CLEAN INSPECTION
seq_0182,MEASURE THICKNESS
seq_0182,MEASURE SURFACE PARTICLES
seq_0182,PRE CLEAN WAFER
seq_0182,BACKSIDE CLEAN
seq_0182,RCA CLEAN 1
seq_0182,WET CLEAN RCA2
seq_0182,HF DIP
seq_0182,SUBSTRATE CHECK
seq_0182,EPITAXY PREP
seq_0182,EPITAXIAL DEPOSITION
seq_0182,MEASURE EPITAXY THICKNESS
seq_0182,MEASURE RESISTIVITY
seq_0182,EPITAXY ANNEAL
seq_0182,WAFER SURFACE CLEAN
seq_0182,THERMAL OXIDATION
seq_0182,MEASURE OXIDE THICKNESS
seq_0182,SPIN COAT PHOTORESIST
seq_0182,SOFT BAKE
seq_0182,ALIGN MASK LEVEL 1
seq_0182,EXPOSE LITHO LEVEL 1
seq_0182,DEVELOP PHOTORESIST
seq_0182,PATTERN INSPECTION LEVEL 1
seq_0182,OXIDE ETCH
seq_0182,STRIP RESIST
seq_0182,CLEAN AFTER ETCH
seq_0182,MEASURE OPENING CD
seq_0182,IMPLANT WELL
seq_0182,DRIVE IN DIFFUSION
seq_0182,RAPID THERMAL ANNEAL
seq_0182,MEASURE JUNCTION DEPTH
seq_0182,THERMAL OXIDATION
seq_0182,GATE OXIDE PREP
seq_0182,GATE OXIDE GROWTH
seq_0182,MEASURE GATE OXIDE THICKNESS
seq_0182,DEPOSIT POLYSILICON
seq_0182,POLYSILICON ANNEAL
seq_0182,MEASURE POLY THICKNESS
seq_0182,SPIN COAT PHOTORESIST
seq_0182,SOFT BAKE
seq_0182,ALIGN MASK LEVEL 2
seq_0182,EXPOSE LITHO LEVEL 2
seq_0182,DEVELOP PHOTORESIST
seq_0182,POLY PATTERN INSPECTION
seq_0182,POLYSILICON ETCH
seq_0182,STRIP RESIST
seq_0182,CLEAN AFTER POLY ETCH
seq_0182,IMPLANT SOURCE DRAIN
seq_0182,LIGHT ANNEAL
seq_0182,MEASURE SHEET RESISTANCE
seq_0182,DEPOSIT SPACER DIELECTRIC
seq_0182,ANISOTROPIC ETCH SPACER
seq_0182,MEASURE SPACER WIDTH
seq_0182,IMPLANT LDD
seq_0182,RAPID THERMAL ANNEAL
seq_0182,MEASURE JUNCTION PROFILE
seq_0182,DEPOSIT INTERLEVEL DIELECTRIC
seq_0182,DENSIFY DIELECTRIC
seq_0182,MEASURE FILM THICKNESS
seq_0182,CMP INTERLAYER DIELECTRIC
seq_0182,MEASURE PLANARITY
seq_0182,SPIN COAT PHOTORESIST
seq_0182,SOFT BAKE
seq_0182,ALIGN MASK LEVEL 3
seq_0182,EXPOSE LITHO LEVEL 3
seq_0182,DEVELOP PHOTORESIST
seq_0182,VIA INSPECTION
seq_0182,HARD BAKE
seq_0182,VIA ETCH THROUGH DIELECTRIC
seq_0182,STRIP PHOTORESIST
seq_0182,CLEAN AFTER VIA ETCH
seq_0182,DEPOSIT BARRIER METAL
seq_0182,DEPOSIT METAL SEED
seq_0182,FILL VIA METAL
seq_0182,CMP METAL
seq_0182,DEPOSIT TOP METAL
seq_0182,ANNEAL METAL 1
seq_0182,MEASURE METAL THICKNESS
seq_0182,SPIN COAT PHOTORESIST
seq_0182,SOFT BAKE
seq_0182,ALIGN MASK LEVEL 4
seq_0182,EXPOSE LITHO LEVEL 4
seq_0182,DEVELOP PHOTORESIST
seq_0182,METAL PATTERN INSPECTION
seq_0182,HARD BAKE
seq_0182,METAL ETCH
seq_0182,STRIP PHOTORESIST
seq_0182,CLEAN AFTER METAL ETCH
seq_0182,MEASURE LINE WIDTH
seq_0182,DEPOSIT PASSIVATION
seq_0182,CURE PASSIVATION
seq_0182,MEASURE PASSIVATION THICKNESS
seq_0182,OPEN BOND PAD WINDOW
seq_0182,OPEN PAD WINDOW LITHO
seq_0182,DEVELOP PAD WINDOW
seq_0182,PASSIVATION ETCH
seq_0182,STRIP RESIST
seq_0182,CLEAN PAD OPENING
seq_0182,MEASURE PAD OPENING
seq_0182,BACKSIDE CLEAN
seq_0182,BACKSIDE GRIND
seq_0182,MEASURE WAFER THICKNESS
seq_0182,BACKSIDE ETCH CLEAN
seq_0182,BACKSIDE RINSE
seq_0182,BACKSIDE DRY
seq_0182,BACKSIDE METALLIZATION PREP
seq_0182,DEPOSIT BACKSIDE METAL
seq_0182,BACKSIDE ANNEAL
seq_0182,MEASURE BACKSIDE CONTACT
seq_0182,FINAL CLEAN
seq_0182,FINAL THICKNESS MEASURE
seq_0182,FINAL CD INSPECTION
seq_0182,FINAL PARTICLE INSPECTION
seq_0182,PARAMETRIC TEST
seq_0182,LEAKAGE TEST
seq_0182,THRESHOLD VOLTAGE TEST
seq_0182,SWITCHING TEST
seq_0182,WAFER SORT TEST
seq_0182,YIELD ANALYSIS
seq_0182,FINAL LOT RELEASE
seq_0182,SHIP LOT
seq_0183,RECEIVE WAFER LOT
seq_0183,LOT IDENTIFICATION
seq_0183,INITIAL WAFER INSPECTION
seq_0183,MEASURE THICKNESS
seq_0183,PRE CLEAN WAFER
seq_0183,FRONTSIDE CLEAN
seq_0183,RCA CLEAN 1
seq_0183,RCA CLEAN 2
seq_0183,HF DIP
seq_0183,SUBSTRATE CHECK
seq_0183,EPITAXY PREP
seq_0183,EPITAXIAL DEPOSITION
seq_0183,MEASURE EPITAXY THICKNESS
seq_0183,MEASURE RESISTIVITY
seq_0183,EPITAXY ANNEAL
seq_0183,WAFER SURFACE CLEAN
seq_0183,THERMAL OXIDATION
seq_0183,MEASURE OXIDE THICKNESS
seq_0183,SPIN COAT PHOTORESIST
seq_0183,SOFT BAKE
seq_0183,ALIGN MASK LEVEL 1
seq_0183,EXPOSE LITHO LEVEL 1
seq_0183,DEVELOP PHOTORESIST
seq_0183,PATTERN INSPECTION LEVEL 1
seq_0183,HARD BAKE
seq_0183,OXIDE ETCH
seq_0183,STRIP PHOTORESIST
seq_0183,CLEAN AFTER ETCH
seq_0183,MEASURE OPENING CD
seq_0183,IMPLANT WELL
seq_0183,PRE ANNEAL CHECK
seq_0183,DRIVE IN DIFFUSION
seq_0183,RAPID THERMAL ANNEAL
seq_0183,MEASURE JUNCTION DEPTH
seq_0183,THERMAL OXIDATION
seq_0183,GATE OXIDE PREP
seq_0183,GATE OXIDE GROWTH
seq_0183,MEASURE GATE OXIDE THICKNESS
seq_0183,DEPOSIT POLYSILICON
seq_0183,POLYSILICON ANNEAL
seq_0183,SPIN COAT PHOTORESIST
seq_0183,SOFT BAKE
seq_0183,ALIGN MASK LEVEL 2
seq_0183,EXPOSE LITHO LEVEL 2
seq_0183,POST EXPOSE BAKE
seq_0183,DEVELOP PHOTORESIST
seq_0183,POLY PATTERN INSPECTION
seq_0183,POLYSILICON ETCH
seq_0183,STRIP RESIST
seq_0183,CLEAN AFTER POLY ETCH
seq_0183,MEASURE GATE CD
seq_0183,IMPLANT SOURCE DRAIN
seq_0183,PRE ANNEAL CHECK
seq_0183,LIGHT ANNEAL
seq_0183,MEASURE SHEET RESISTANCE
seq_0183,DEPOSIT SPACER DIELECTRIC
seq_0183,ANISOTROPIC ETCH SPACER
seq_0183,IMPLANT LDD
seq_0183,RAPID THERMAL ANNEAL
seq_0183,MEASURE JUNCTION PROFILE
seq_0183,DEPOSIT INTERLEVEL DIELECTRIC
seq_0183,DENSIFY OXIDE
seq_0183,MEASURE DIELECTRIC THICKNESS
seq_0183,CMP DIELECTRIC
seq_0183,MEASURE SURFACE PLANARITY
seq_0183,SPIN COAT PHOTORESIST
seq_0183,SOFT BAKE
seq_0183,ALIGN MASK LEVEL 3
seq_0183,EXPOSE LITHO LEVEL 3
seq_0183,DEVELOP PHOTORESIST
seq_0183,VIA INSPECTION
seq_0183,HARD BAKE
seq_0183,DIELECTRIC ETCH VIA
seq_0183,STRIP PHOTORESIST
seq_0183,CLEAN AFTER VIA ETCH
seq_0183,DEPOSIT BARRIER METAL
seq_0183,DEPOSIT METAL SEED
seq_0183,FILL VIA METAL
seq_0183,CMP METAL
seq_0183,DEPOSIT METAL 1
seq_0183,ANNEAL METAL 1
seq_0183,SPIN COAT PHOTORESIST
seq_0183,SOFT BAKE
seq_0183,ALIGN MASK LEVEL 4
seq_0183,EXPOSE LITHO LEVEL 4
seq_0183,DEVELOP PHOTORESIST
seq_0183,METAL PATTERN INSPECTION
seq_0183,METAL ETCH
seq_0183,STRIP PHOTORESIST
seq_0183,CLEAN AFTER METAL ETCH
seq_0183,DEPOSIT PASSIVATION
seq_0183,CURE PASSIVATION
seq_0183,MEASURE PASSIVATION QUALITY
seq_0183,OPEN PAD WINDOW
seq_0183,PAD WINDOW LITHO
seq_0183,DEVELOP PHOTORESIST
seq_0183,PASSIVATION ETCH PAD OPENING
seq_0183,STRIP RESIST
seq_0183,CLEAN PAD OPENING
seq_0183,MEASURE PAD OPENING
seq_0183,BACKSIDE CLEAN
seq_0183,BACKSIDE GRIND
seq_0183,MEASURE WAFER THICKNESS
seq_0183,BACKSIDE ETCH CLEAN
seq_0183,BACKSIDE RINSE
seq_0183,BACKSIDE DRY
seq_0183,BACKSIDE METALLIZATION PREP
seq_0183,DEPOSIT BACKSIDE METAL
seq_0183,BACKSIDE ANNEAL
seq_0183,MEASURE BACKSIDE CONTACT
seq_0183,FINAL CLEAN
seq_0183,FINAL GEOMETRY CHECK
seq_0183,FINAL CD INSPECTION
seq_0183,FINAL PARTICLE INSPECTION
seq_0183,ELECTRICAL PARAMETRIC TEST
seq_0183,LEAKAGE TEST
seq_0183,THRESHOLD VOLTAGE TEST
seq_0183,SWITCHING TEST
seq_0183,WAFER SORT TEST
seq_0183,YIELD ANALYSIS
seq_0183,FINAL LOT RELEASE
seq_0183,SHIP LOT
seq_0184,RECEIVE WAFER LOT
seq_0184,LOT IDENTIFICATION
seq_0184,PRE CLEAN INSPECTION
seq_0184,MEASURE THICKNESS
seq_0184,MEASURE SURFACE PARTICLES
seq_0184,PRE CLEAN WAFER
seq_0184,BACKSIDE CLEAN
seq_0184,RCA CLEAN 1
seq_0184,WET CLEAN RCA2
seq_0184,HF DIP
seq_0184,SUBSTRATE CHECK
seq_0184,EPITAXY PREP
seq_0184,EPITAXIAL DEPOSITION
seq_0184,MEASURE EPITAXY THICKNESS
seq_0184,MEASURE RESISTIVITY
seq_0184,EPITAXY ANNEAL
seq_0184,WAFER SURFACE CLEAN
seq_0184,THERMAL OXIDATION
seq_0184,MEASURE OXIDE THICKNESS
seq_0184,SPIN COAT PHOTORESIST
seq_0184,SOFT BAKE
seq_0184,ALIGN MASK LEVEL 1
seq_0184,EXPOSE LITHO LEVEL 1
seq_0184,POST EXPOSE BAKE
seq_0184,DEVELOP PHOTORESIST
seq_0184,PATTERN INSPECTION LEVEL 1
seq_0184,OXIDE ETCH
seq_0184,STRIP PHOTORESIST
seq_0184,CLEAN AFTER ETCH
seq_0184,IMPLANT WELL
seq_0184,PRE ANNEAL CHECK
seq_0184,DRIVE IN DIFFUSION
seq_0184,RAPID THERMAL ANNEAL
seq_0184,MEASURE JUNCTION DEPTH
seq_0184,THERMAL OXIDATION
seq_0184,GATE OXIDE PREP
seq_0184,GATE OXIDE GROWTH
seq_0184,MEASURE GATE OXIDE THICKNESS
seq_0184,DEPOSIT POLYSILICON
seq_0184,POLYSILICON ANNEAL
seq_0184,MEASURE POLY THICKNESS
seq_0184,SPIN COAT PHOTORESIST
seq_0184,SOFT BAKE
seq_0184,ALIGN MASK LEVEL 2
seq_0184,EXPOSE LITHO LEVEL 2
seq_0184,POST EXPOSE BAKE
seq_0184,DEVELOP PHOTORESIST
seq_0184,POLY PATTERN INSPECTION
seq_0184,HARD BAKE
seq_0184,POLYSILICON ETCH
seq_0184,STRIP RESIST
seq_0184,CLEAN AFTER POLY ETCH
seq_0184,MEASURE GATE CD
seq_0184,IMPLANT SOURCE DRAIN
seq_0184,LIGHT ANNEAL
seq_0184,DEPOSIT SPACER DIELECTRIC
seq_0184,ANISOTROPIC ETCH SPACER
seq_0184,MEASURE SPACER WIDTH
seq_0184,IMPLANT LDD
seq_0184,PRE ANNEAL CHECK
seq_0184,RAPID THERMAL ANNEAL
seq_0184,MEASURE JUNCTION PROFILE
seq_0184,DEPOSIT INTERLEVEL DIELECTRIC
seq_0184,DENSIFY OXIDE
seq_0184,MEASURE FILM THICKNESS
seq_0184,CMP INTERLAYER DIELECTRIC
seq_0184,MEASURE SURFACE PLANARITY
seq_0184,SPIN COAT PHOTORESIST
seq_0184,SOFT BAKE
seq_0184,ALIGN MASK LEVEL 3
seq_0184,EXPOSE LITHO LEVEL 3
seq_0184,DEVELOP PHOTORESIST
seq_0184,VIA OPENING INSPECTION
seq_0184,VIA ETCH
seq_0184,STRIP PHOTORESIST
seq_0184,CLEAN AFTER VIA ETCH
seq_0184,DEPOSIT BARRIER METAL
seq_0184,DEPOSIT METAL SEED
seq_0184,FILL VIA METAL
seq_0184,CMP VIA FILL
seq_0184,MEASURE VIA RESISTANCE
seq_0184,DEPOSIT METAL 1
seq_0184,ANNEAL METAL 1
seq_0184,MEASURE METAL THICKNESS
seq_0184,SPIN COAT PHOTORESIST
seq_0184,SOFT BAKE
seq_0184,ALIGN MASK LEVEL 4
seq_0184,EXPOSE LITHO LEVEL 4
seq_0184,POST EXPOSE BAKE
seq_0184,DEVELOP PHOTORESIST
seq_0184,METAL PATTERN INSPECTION
seq_0184,METAL ETCH
seq_0184,STRIP RESIST
seq_0184,CLEAN AFTER METAL ETCH
seq_0184,DEPOSIT PASSIVATION LAYER
seq_0184,CURE PASSIVATION
seq_0184,MEASURE PASSIVATION THICKNESS
seq_0184,OPEN PAD WINDOW
seq_0184,OPEN PAD WINDOW LITHO
seq_0184,DEVELOP PHOTORESIST
seq_0184,PASSIVATION ETCH PAD OPENING
seq_0184,STRIP RESIST
seq_0184,CLEAN PAD OPENING
seq_0184,MEASURE PAD OPENING
seq_0184,BACKSIDE CLEAN
seq_0184,BACKSIDE GRIND
seq_0184,MEASURE THICKNESS
seq_0184,BACKSIDE ETCH CLEAN
seq_0184,BACKSIDE RINSE
seq_0184,BACKSIDE DRY
seq_0184,BACKSIDE METALLIZATION PREP
seq_0184,DEPOSIT BACKSIDE METAL
seq_0184,BACKSIDE ANNEAL
seq_0184,MEASURE BACKSIDE CONTACT
seq_0184,FINAL CLEAN
seq_0184,FINAL THICKNESS MEASURE
seq_0184,FINAL GEOMETRY CHECK
seq_0184,ELECTRICAL PARAMETRIC TEST
seq_0184,LEAKAGE TEST
seq_0184,THRESHOLD VOLTAGE TEST
seq_0184,SWITCHING TEST
seq_0184,WAFER SORT TEST
seq_0184,YIELD ANALYSIS
seq_0184,FINAL LOT RELEASE
seq_0184,SHIP LOT
seq_0185,RECEIVE WAFER LOT
seq_0185,LOT IDENTIFICATION
seq_0185,PRE CLEAN INSPECTION
seq_0185,MEASURE THICKNESS
seq_0185,MEASURE SURFACE PARTICLES
seq_0185,PRE CLEAN WAFER
seq_0185,BACKSIDE CLEAN
seq_0185,RCA CLEAN 1
seq_0185,WET CLEAN RCA2
seq_0185,HF DIP
seq_0185,DRY WAFER
seq_0185,SUBSTRATE CHECK
seq_0185,EPITAXY PREP
seq_0185,EPITAXIAL DEPOSITION
seq_0185,MEASURE EPITAXY THICKNESS
seq_0185,MEASURE RESISTIVITY
seq_0185,EPITAXY ANNEAL
seq_0185,WAFER SURFACE CLEAN
seq_0185,THERMAL OXIDATION
seq_0185,MEASURE OXIDE THICKNESS
seq_0185,SPIN COAT PHOTORESIST
seq_0185,SOFT BAKE
seq_0185,ALIGN MASK LEVEL 1
seq_0185,EXPOSE LITHO LEVEL 1
seq_0185,DEVELOP PHOTORESIST
seq_0185,PATTERN INSPECTION LEVEL 1
seq_0185,OXIDE ETCH
seq_0185,STRIP RESIST
seq_0185,CLEAN AFTER ETCH
seq_0185,MEASURE OPENING CD
seq_0185,IMPLANT WELL
seq_0185,DRIVE IN DIFFUSION
seq_0185,RAPID THERMAL ANNEAL
seq_0185,MEASURE JUNCTION DEPTH
seq_0185,THERMAL OXIDATION
seq_0185,GATE OXIDE PREP
seq_0185,GATE OXIDE GROWTH
seq_0185,MEASURE GATE OXIDE THICKNESS
seq_0185,DEPOSIT POLYSILICON
seq_0185,POLYSILICON ANNEAL
seq_0185,MEASURE POLY THICKNESS
seq_0185,SPIN COAT PHOTORESIST
seq_0185,SOFT BAKE
seq_0185,ALIGN MASK LEVEL 2
seq_0185,EXPOSE LITHO LEVEL 2
seq_0185,DEVELOP PHOTORESIST
seq_0185,POLY PATTERN INSPECTION
seq_0185,HARD BAKE
seq_0185,POLYSILICON ETCH
seq_0185,STRIP PHOTORESIST
seq_0185,CLEAN AFTER POLY ETCH
seq_0185,MEASURE GATE CD
seq_0185,IMPLANT SOURCE DRAIN
seq_0185,PRE ANNEAL CHECK
seq_0185,LIGHT ANNEAL
seq_0185,MEASURE SHEET RESISTANCE
seq_0185,DEPOSIT SPACER DIELECTRIC
seq_0185,ANISOTROPIC ETCH SPACER
seq_0185,IMPLANT LDD
seq_0185,RAPID THERMAL ANNEAL
seq_0185,MEASURE JUNCTION PROFILE
seq_0185,DEPOSIT INTERLEVEL DIELECTRIC
seq_0185,DENSIFY DIELECTRIC
seq_0185,MEASURE FILM THICKNESS
seq_0185,CMP INTERLAYER DIELECTRIC
seq_0185,MEASURE SURFACE PLANARITY
seq_0185,SPIN COAT PHOTORESIST
seq_0185,SOFT BAKE
seq_0185,ALIGN MASK LEVEL 3
seq_0185,EXPOSE LITHO LEVEL 3
seq_0185,DEVELOP PHOTORESIST
seq_0185,VIA INSPECTION
seq_0185,VIA ETCH THROUGH DIELECTRIC
seq_0185,STRIP PHOTORESIST
seq_0185,CLEAN AFTER VIA ETCH
seq_0185,DEPOSIT BARRIER METAL
seq_0185,DEPOSIT METAL SEED
seq_0185,FILL VIA METAL
seq_0185,CMP VIA FILL
seq_0185,MEASURE CONTACT RESISTANCE
seq_0185,DEPOSIT METAL 1
seq_0185,ANNEAL METAL
seq_0185,SPIN COAT PHOTORESIST
seq_0185,SOFT BAKE
seq_0185,ALIGN MASK LEVEL 4
seq_0185,EXPOSE LITHO LEVEL 4
seq_0185,DEVELOP PHOTORESIST
seq_0185,METAL PATTERN INSPECTION
seq_0185,METAL ETCH
seq_0185,STRIP RESIST
seq_0185,CLEAN AFTER METAL ETCH
seq_0185,MEASURE LINE WIDTH
seq_0185,DEPOSIT PASSIVATION LAYER
seq_0185,CURE PASSIVATION
seq_0185,MEASURE PASSIVATION THICKNESS
seq_0185,OPEN BOND PAD WINDOW
seq_0185,OPEN PAD WINDOW LITHO
seq_0185,DEVELOP PHOTORESIST
seq_0185,PASSIVATION ETCH PAD OPENING
seq_0185,STRIP PHOTORESIST
seq_0185,CLEAN PAD OPENING
seq_0185,MEASURE PAD OPENING
seq_0185,BACKSIDE CLEAN
seq_0185,BACKSIDE GRIND
seq_0185,MEASURE THICKNESS
seq_0185,BACKSIDE ETCH CLEAN
seq_0185,BACKSIDE RINSE
seq_0185,BACKSIDE DRY
seq_0185,BACKSIDE METALLIZATION PREP
seq_0185,DEPOSIT BACKSIDE METAL
seq_0185,BACKSIDE ANNEAL
seq_0185,MEASURE BACKSIDE CONTACT
seq_0185,FINAL CLEAN
seq_0185,FINAL GEOMETRY CHECK
seq_0185,FINAL CD INSPECTION
seq_0185,ELECTRICAL PARAMETRIC TEST
seq_0185,LEAKAGE TEST
seq_0185,THRESHOLD VOLTAGE TEST
seq_0185,SWITCHING TEST
seq_0185,WAFER SORT TEST
seq_0185,YIELD ANALYSIS
seq_0185,FINAL LOT RELEASE
seq_0185,SHIP LOT
seq_0186,RECEIVE WAFER LOT
seq_0186,LOT IDENTIFICATION
seq_0186,PRE CLEAN INSPECTION
seq_0186,MEASURE THICKNESS
seq_0186,MEASURE SURFACE PARTICLES
seq_0186,PRE CLEAN WAFER
seq_0186,WET CLEAN RCA1
seq_0186,RCA CLEAN 2
seq_0186,HF DIP
seq_0186,DRY WAFER
seq_0186,SUBSTRATE CHECK
seq_0186,EPITAXY PREP
seq_0186,EPITAXIAL DEPOSITION
seq_0186,MEASURE EPITAXY THICKNESS
seq_0186,MEASURE RESISTIVITY
seq_0186,EPITAXY ANNEAL
seq_0186,WAFER SURFACE CLEAN
seq_0186,THERMAL OXIDATION
seq_0186,MEASURE OXIDE THICKNESS
seq_0186,SPIN COAT PHOTORESIST
seq_0186,SOFT BAKE
seq_0186,ALIGN MASK LEVEL 1
seq_0186,EXPOSE LITHO LEVEL 1
seq_0186,DEVELOP PHOTORESIST
seq_0186,PATTERN INSPECTION LEVEL 1
seq_0186,OXIDE ETCH
seq_0186,STRIP PHOTORESIST
seq_0186,CLEAN AFTER ETCH
seq_0186,IMPLANT WELL
seq_0186,PRE ANNEAL CHECK
seq_0186,DRIVE IN DIFFUSION
seq_0186,RAPID THERMAL ANNEAL
seq_0186,MEASURE JUNCTION DEPTH
seq_0186,THERMAL OXIDATION
seq_0186,GATE OXIDE PREP
seq_0186,GATE OXIDE GROWTH
seq_0186,MEASURE GATE OXIDE THICKNESS
seq_0186,DEPOSIT POLYSILICON
seq_0186,POLYSILICON ANNEAL
seq_0186,SPIN COAT PHOTORESIST
seq_0186,SOFT BAKE
seq_0186,ALIGN MASK LEVEL 2
seq_0186,EXPOSE LITHO LEVEL 2
seq_0186,POST EXPOSE BAKE
seq_0186,DEVELOP PHOTORESIST
seq_0186,POLY PATTERN INSPECTION
seq_0186,POLYSILICON ETCH
seq_0186,STRIP RESIST
seq_0186,CLEAN AFTER POLY ETCH
seq_0186,MEASURE GATE CD
seq_0186,IMPLANT SOURCE DRAIN
seq_0186,LIGHT ANNEAL
seq_0186,MEASURE SHEET RESISTANCE
seq_0186,DEPOSIT SPACER DIELECTRIC
seq_0186,ANISOTROPIC ETCH SPACER
seq_0186,MEASURE SPACER WIDTH
seq_0186,IMPLANT LDD
seq_0186,PRE ANNEAL CHECK
seq_0186,RAPID THERMAL ANNEAL
seq_0186,MEASURE JUNCTION PROFILE
seq_0186,DEPOSIT INTERLAYER DIELECTRIC
seq_0186,DENSIFY DIELECTRIC
seq_0186,MEASURE FILM THICKNESS
seq_0186,CMP DIELECTRIC
seq_0186,MEASURE SURFACE PLANARITY
seq_0186,SPIN COAT PHOTORESIST
seq_0186,SOFT BAKE
seq_0186,ALIGN MASK LEVEL 3
seq_0186,EXPOSE LITHO LEVEL 3
seq_0186,DEVELOP PHOTORESIST
seq_0186,VIA INSPECTION
seq_0186,VIA ETCH THROUGH DIELECTRIC
seq_0186,STRIP RESIST
seq_0186,CLEAN AFTER VIA ETCH
seq_0186,DEPOSIT BARRIER METAL
seq_0186,DEPOSIT METAL SEED
seq_0186,FILL VIA METAL
seq_0186,CMP VIA FILL
seq_0186,MEASURE CONTACT RESISTANCE
seq_0186,DEPOSIT METAL 1
seq_0186,ANNEAL METAL 1
seq_0186,SPIN COAT PHOTORESIST
seq_0186,SOFT BAKE
seq_0186,ALIGN MASK LEVEL 4
seq_0186,EXPOSE LITHO LEVEL 4
seq_0186,DEVELOP PHOTORESIST
seq_0186,METAL PATTERN INSPECTION
seq_0186,HARD BAKE
seq_0186,METAL ETCH
seq_0186,STRIP RESIST
seq_0186,CLEAN AFTER METAL ETCH
seq_0186,MEASURE LINE WIDTH
seq_0186,DEPOSIT PASSIVATION LAYER
seq_0186,CURE PASSIVATION
seq_0186,MEASURE PASSIVATION QUALITY
seq_0186,OPEN PAD WINDOW
seq_0186,OPEN PAD WINDOW LITHO
seq_0186,DEVELOP PAD WINDOW
seq_0186,PASSIVATION ETCH PAD OPENING
seq_0186,STRIP RESIST
seq_0186,CLEAN PAD OPENING
seq_0186,MEASURE PAD OPENING
seq_0186,BACKSIDE CLEAN
seq_0186,BACKSIDE GRIND
seq_0186,MEASURE THICKNESS
seq_0186,BACKSIDE ETCH CLEAN
seq_0186,BACKSIDE RINSE
seq_0186,BACKSIDE DRY
seq_0186,BACKSIDE METALLIZATION PREP
seq_0186,DEPOSIT BACKSIDE METAL
seq_0186,BACKSIDE ANNEAL
seq_0186,MEASURE BACKSIDE CONTACT
seq_0186,FINAL CLEAN
seq_0186,FINAL THICKNESS MEASURE
seq_0186,FINAL CD INSPECTION
seq_0186,FINAL PARTICLE INSPECTION
seq_0186,PARAMETRIC TEST
seq_0186,LEAKAGE TEST
seq_0186,THRESHOLD VOLTAGE TEST
seq_0186,SWITCHING TEST
seq_0186,WAFER SORT TEST
seq_0186,YIELD ANALYSIS
seq_0186,LOT RELEASE
seq_0186,SHIP LOT
seq_0187,RECEIVE WAFER LOT
seq_0187,LOT IDENTIFICATION
seq_0187,INITIAL WAFER INSPECTION
seq_0187,MEASURE THICKNESS
seq_0187,MEASURE SURFACE PARTICLES
seq_0187,PRE CLEAN WAFER
seq_0187,BACKSIDE CLEAN
seq_0187,FRONTSIDE CLEAN
seq_0187,WET CLEAN RCA1
seq_0187,RCA CLEAN 2
seq_0187,HF DIP
seq_0187,DRY WAFER
seq_0187,SUBSTRATE CHECK
seq_0187,EPITAXY PREP
seq_0187,EPITAXIAL DEPOSITION
seq_0187,MEASURE EPITAXY THICKNESS
seq_0187,MEASURE RESISTIVITY
seq_0187,EPITAXY ANNEAL
seq_0187,WAFER SURFACE CLEAN
seq_0187,THERMAL OXIDATION
seq_0187,MEASURE OXIDE THICKNESS
seq_0187,SPIN COAT PHOTORESIST
seq_0187,SOFT BAKE
seq_0187,ALIGN MASK LEVEL 1
seq_0187,EXPOSE LITHO LEVEL 1
seq_0187,DEVELOP PHOTORESIST
seq_0187,PATTERN INSPECTION LEVEL 1
seq_0187,OXIDE ETCH
seq_0187,STRIP PHOTORESIST
seq_0187,CLEAN AFTER ETCH
seq_0187,MEASURE OPENING CD
seq_0187,IMPLANT WELL
seq_0187,DRIVE IN DIFFUSION
seq_0187,RAPID THERMAL ANNEAL
seq_0187,MEASURE JUNCTION DEPTH
seq_0187,THERMAL OXIDATION
seq_0187,GATE OXIDE PREP
seq_0187,GATE OXIDE GROWTH
seq_0187,MEASURE GATE OXIDE THICKNESS
seq_0187,DEPOSIT POLYSILICON
seq_0187,POLYSILICON ANNEAL
seq_0187,MEASURE POLY THICKNESS
seq_0187,SPIN COAT PHOTORESIST
seq_0187,SOFT BAKE
seq_0187,ALIGN MASK LEVEL 2
seq_0187,EXPOSE LITHO LEVEL 2
seq_0187,DEVELOP PHOTORESIST
seq_0187,POLY PATTERN INSPECTION
seq_0187,POLYSILICON ETCH
seq_0187,STRIP RESIST
seq_0187,CLEAN AFTER POLY ETCH
seq_0187,MEASURE GATE CD
seq_0187,IMPLANT SOURCE DRAIN
seq_0187,PRE ANNEAL CHECK
seq_0187,LIGHT ANNEAL
seq_0187,MEASURE SHEET RESISTANCE
seq_0187,DEPOSIT SPACER DIELECTRIC
seq_0187,ANISOTROPIC ETCH SPACER
seq_0187,IMPLANT LDD
seq_0187,RAPID THERMAL ANNEAL
seq_0187,MEASURE JUNCTION PROFILE
seq_0187,DEPOSIT INTERLAYER DIELECTRIC
seq_0187,DENSIFY DIELECTRIC
seq_0187,MEASURE FILM THICKNESS
seq_0187,CMP DIELECTRIC
seq_0187,MEASURE SURFACE PLANARITY
seq_0187,SPIN COAT PHOTORESIST
seq_0187,SOFT BAKE
seq_0187,ALIGN MASK LEVEL 3
seq_0187,EXPOSE LITHO LEVEL 3
seq_0187,POST EXPOSE BAKE
seq_0187,DEVELOP PHOTORESIST
seq_0187,VIA INSPECTION
seq_0187,VIA ETCH
seq_0187,STRIP RESIST
seq_0187,CLEAN AFTER VIA ETCH
seq_0187,MEASURE VIA CD
seq_0187,DEPOSIT BARRIER METAL
seq_0187,DEPOSIT METAL SEED
seq_0187,FILL VIA METAL
seq_0187,CMP VIA FILL
seq_0187,MEASURE CONTACT RESISTANCE
seq_0187,DEPOSIT TOP METAL
seq_0187,ANNEAL METAL 1
seq_0187,SPIN COAT PHOTORESIST
seq_0187,SOFT BAKE
seq_0187,ALIGN MASK LEVEL 4
seq_0187,EXPOSE LITHO LEVEL 4
seq_0187,DEVELOP PHOTORESIST
seq_0187,METAL PATTERN INSPECTION
seq_0187,METAL ETCH
seq_0187,STRIP RESIST
seq_0187,CLEAN AFTER METAL ETCH
seq_0187,MEASURE LINE WIDTH
seq_0187,DEPOSIT PASSIVATION
seq_0187,CURE PASSIVATION
seq_0187,MEASURE PASSIVATION THICKNESS
seq_0187,OPEN BOND PAD WINDOW
seq_0187,PAD WINDOW LITHO
seq_0187,DEVELOP PAD WINDOW
seq_0187,PASSIVATION ETCH PAD OPENING
seq_0187,STRIP PHOTORESIST
seq_0187,CLEAN PAD OPENING
seq_0187,MEASURE PAD OPENING
seq_0187,BACKSIDE CLEAN
seq_0187,BACKSIDE GRIND
seq_0187,MEASURE THICKNESS
seq_0187,BACKSIDE ETCH CLEAN
seq_0187,BACKSIDE RINSE
seq_0187,BACKSIDE DRY
seq_0187,BACKSIDE METALLIZATION PREP
seq_0187,DEPOSIT BACKSIDE METAL
seq_0187,BACKSIDE ANNEAL
seq_0187,MEASURE BACKSIDE CONTACT
seq_0187,FINAL CLEAN
seq_0187,FINAL THICKNESS MEASURE
seq_0187,FINAL GEOMETRY CHECK
seq_0187,FINAL CD INSPECTION
seq_0187,FINAL PARTICLE INSPECTION
seq_0187,PARAMETRIC TEST
seq_0187,LEAKAGE TEST
seq_0187,THRESHOLD VOLTAGE TEST
seq_0187,SWITCHING TEST
seq_0187,WAFER SORT TEST
seq_0187,YIELD ANALYSIS
seq_0187,FINAL LOT RELEASE
seq_0187,SHIP LOT
seq_0188,RECEIVE WAFER LOT
seq_0188,LOT IDENTIFICATION
seq_0188,INITIAL WAFER INSPECTION
seq_0188,MEASURE THICKNESS
seq_0188,MEASURE SURFACE PARTICLES
seq_0188,PRE CLEAN WAFER
seq_0188,WET CLEAN RCA1
seq_0188,WET CLEAN RCA2
seq_0188,HF DIP
seq_0188,DRY WAFER
seq_0188,SUBSTRATE CHECK
seq_0188,EPITAXY PREP
seq_0188,EPITAXIAL DEPOSITION
seq_0188,MEASURE EPITAXY THICKNESS
seq_0188,MEASURE RESISTIVITY
seq_0188,EPITAXY ANNEAL
seq_0188,WAFER SURFACE CLEAN
seq_0188,THERMAL OXIDATION
seq_0188,MEASURE OXIDE THICKNESS
seq_0188,SPIN COAT PHOTORESIST
seq_0188,SOFT BAKE
seq_0188,ALIGN MASK LEVEL 1
seq_0188,EXPOSE LITHO LEVEL 1
seq_0188,DEVELOP PHOTORESIST
seq_0188,PATTERN INSPECTION LEVEL 1
seq_0188,OXIDE ETCH
seq_0188,STRIP PHOTORESIST
seq_0188,CLEAN AFTER ETCH
seq_0188,IMPLANT WELL
seq_0188,PRE ANNEAL CHECK
seq_0188,DRIVE IN DIFFUSION
seq_0188,RAPID THERMAL ANNEAL
seq_0188,MEASURE JUNCTION DEPTH
seq_0188,THERMAL OXIDATION
seq_0188,GATE OXIDE PREP
seq_0188,GATE OXIDE GROWTH
seq_0188,MEASURE GATE OXIDE THICKNESS
seq_0188,DEPOSIT POLYSILICON
seq_0188,POLYSILICON ANNEAL
seq_0188,SPIN COAT PHOTORESIST
seq_0188,SOFT BAKE
seq_0188,ALIGN MASK LEVEL 2
seq_0188,EXPOSE LITHO LEVEL 2
seq_0188,POST EXPOSE BAKE
seq_0188,DEVELOP PHOTORESIST
seq_0188,POLY PATTERN INSPECTION
seq_0188,POLYSILICON ETCH
seq_0188,STRIP PHOTORESIST
seq_0188,CLEAN AFTER POLY ETCH
seq_0188,MEASURE GATE CD
seq_0188,IMPLANT SOURCE DRAIN
seq_0188,PRE ANNEAL CHECK
seq_0188,LIGHT ANNEAL
seq_0188,DEPOSIT SPACER DIELECTRIC
seq_0188,ANISOTROPIC ETCH SPACER
seq_0188,IMPLANT LDD
seq_0188,PRE ANNEAL CHECK
seq_0188,RAPID THERMAL ANNEAL
seq_0188,MEASURE JUNCTION PROFILE
seq_0188,DEPOSIT INTERLAYER DIELECTRIC
seq_0188,DENSIFY OXIDE
seq_0188,MEASURE DIELECTRIC THICKNESS
seq_0188,CMP DIELECTRIC
seq_0188,MEASURE SURFACE PLANARITY
seq_0188,SPIN COAT PHOTORESIST
seq_0188,SOFT BAKE
seq_0188,ALIGN MASK LEVEL 3
seq_0188,EXPOSE LITHO LEVEL 3
seq_0188,DEVELOP PHOTORESIST
seq_0188,VIA OPENING INSPECTION
seq_0188,VIA ETCH
seq_0188,STRIP RESIST
seq_0188,CLEAN AFTER VIA ETCH
seq_0188,MEASURE VIA CD
seq_0188,DEPOSIT BARRIER METAL
seq_0188,DEPOSIT METAL SEED
seq_0188,FILL VIA METAL
seq_0188,CMP VIA FILL
seq_0188,MEASURE VIA RESISTANCE
seq_0188,DEPOSIT TOP METAL
seq_0188,ANNEAL METAL 1
seq_0188,SPIN COAT PHOTORESIST
seq_0188,SOFT BAKE
seq_0188,ALIGN MASK LEVEL 4
seq_0188,EXPOSE LITHO LEVEL 4
seq_0188,POST EXPOSE BAKE
seq_0188,DEVELOP PHOTORESIST
seq_0188,METAL PATTERN INSPECTION
seq_0188,METAL ETCH
seq_0188,STRIP PHOTORESIST
seq_0188,CLEAN AFTER METAL ETCH
seq_0188,DEPOSIT PASSIVATION
seq_0188,CURE PASSIVATION
seq_0188,MEASURE PASSIVATION QUALITY
seq_0188,OPEN BOND PAD WINDOW
seq_0188,OPEN PAD WINDOW LITHO
seq_0188,DEVELOP PAD WINDOW
seq_0188,PASSIVATION ETCH
seq_0188,STRIP PHOTORESIST
seq_0188,CLEAN PAD OPENING
seq_0188,MEASURE PAD OPENING
seq_0188,BACKSIDE CLEAN
seq_0188,BACKSIDE GRIND
seq_0188,MEASURE THICKNESS
seq_0188,BACKSIDE ETCH CLEAN
seq_0188,BACKSIDE RINSE
seq_0188,BACKSIDE DRY
seq_0188,BACKSIDE METALLIZATION PREP
seq_0188,DEPOSIT BACKSIDE METAL
seq_0188,BACKSIDE ANNEAL
seq_0188,MEASURE BACKSIDE CONTACT
seq_0188,FINAL CLEAN
seq_0188,FINAL THICKNESS MEASURE
seq_0188,FINAL GEOMETRY CHECK
seq_0188,FINAL PARTICLE INSPECTION
seq_0188,ELECTRICAL PARAMETRIC TEST
seq_0188,LEAKAGE TEST
seq_0188,THRESHOLD VOLTAGE TEST
seq_0188,SWITCHING TEST
seq_0188,WAFER SORT TEST
seq_0188,YIELD ANALYSIS
seq_0188,LOT RELEASE
seq_0188,SHIP LOT
seq_0189,RECEIVE WAFER LOT
seq_0189,LOT IDENTIFICATION
seq_0189,INITIAL WAFER INSPECTION
seq_0189,MEASURE THICKNESS
seq_0189,MEASURE SURFACE PARTICLES
seq_0189,PRE CLEAN WAFER
seq_0189,BACKSIDE CLEAN
seq_0189,FRONTSIDE CLEAN
seq_0189,WET CLEAN RCA1
seq_0189,WET CLEAN RCA2
seq_0189,HF DIP
seq_0189,SUBSTRATE CHECK
seq_0189,EPITAXY PREP
seq_0189,EPITAXIAL DEPOSITION
seq_0189,MEASURE EPITAXY THICKNESS
seq_0189,MEASURE RESISTIVITY
seq_0189,EPITAXY ANNEAL
seq_0189,WAFER SURFACE CLEAN
seq_0189,THERMAL OXIDATION
seq_0189,MEASURE OXIDE THICKNESS
seq_0189,SPIN COAT PHOTORESIST
seq_0189,SOFT BAKE
seq_0189,ALIGN MASK LEVEL 1
seq_0189,EXPOSE LITHO LEVEL 1
seq_0189,POST EXPOSE BAKE
seq_0189,DEVELOP PHOTORESIST
seq_0189,PATTERN INSPECTION LEVEL 1
seq_0189,HARD BAKE
seq_0189,OXIDE ETCH
seq_0189,STRIP PHOTORESIST
seq_0189,CLEAN AFTER ETCH
seq_0189,MEASURE OPENING CD
seq_0189,IMPLANT WELL
seq_0189,PRE ANNEAL CHECK
seq_0189,DRIVE IN DIFFUSION
seq_0189,RAPID THERMAL ANNEAL
seq_0189,MEASURE JUNCTION DEPTH
seq_0189,THERMAL OXIDATION
seq_0189,GATE OXIDE PREP
seq_0189,GATE OXIDE GROWTH
seq_0189,MEASURE GATE OXIDE THICKNESS
seq_0189,DEPOSIT POLYSILICON
seq_0189,POLYSILICON ANNEAL
seq_0189,SPIN COAT PHOTORESIST
seq_0189,SOFT BAKE
seq_0189,ALIGN MASK LEVEL 2
seq_0189,EXPOSE LITHO LEVEL 2
seq_0189,DEVELOP PHOTORESIST
seq_0189,POLY PATTERN INSPECTION
seq_0189,HARD BAKE
seq_0189,POLYSILICON ETCH
seq_0189,STRIP RESIST
seq_0189,CLEAN AFTER POLY ETCH
seq_0189,MEASURE GATE CD
seq_0189,IMPLANT SOURCE DRAIN
seq_0189,PRE ANNEAL CHECK
seq_0189,LIGHT ANNEAL
seq_0189,MEASURE SHEET RESISTANCE
seq_0189,DEPOSIT SPACER DIELECTRIC
seq_0189,ANISOTROPIC ETCH SPACER
seq_0189,MEASURE SPACER WIDTH
seq_0189,IMPLANT LDD
seq_0189,PRE ANNEAL CHECK
seq_0189,RAPID THERMAL ANNEAL
seq_0189,MEASURE JUNCTION PROFILE
seq_0189,DEPOSIT INTERLAYER DIELECTRIC
seq_0189,DENSIFY OXIDE
seq_0189,MEASURE DIELECTRIC THICKNESS
seq_0189,CMP DIELECTRIC
seq_0189,MEASURE SURFACE PLANARITY
seq_0189,SPIN COAT PHOTORESIST
seq_0189,SOFT BAKE
seq_0189,ALIGN MASK LEVEL 3
seq_0189,EXPOSE LITHO LEVEL 3
seq_0189,DEVELOP PHOTORESIST
seq_0189,VIA OPENING INSPECTION
seq_0189,VIA ETCH
seq_0189,STRIP PHOTORESIST
seq_0189,CLEAN AFTER VIA ETCH
seq_0189,DEPOSIT BARRIER METAL
seq_0189,DEPOSIT METAL SEED
seq_0189,FILL VIA METAL
seq_0189,CMP METAL
seq_0189,MEASURE CONTACT RESISTANCE
seq_0189,DEPOSIT TOP METAL
seq_0189,ANNEAL METAL
seq_0189,MEASURE METAL THICKNESS
seq_0189,SPIN COAT PHOTORESIST
seq_0189,SOFT BAKE
seq_0189,ALIGN MASK LEVEL 4
seq_0189,EXPOSE LITHO LEVEL 4
seq_0189,DEVELOP PHOTORESIST
seq_0189,METAL PATTERN INSPECTION
seq_0189,METAL ETCH
seq_0189,STRIP PHOTORESIST
seq_0189,CLEAN AFTER METAL ETCH
seq_0189,MEASURE LINE WIDTH
seq_0189,DEPOSIT PASSIVATION
seq_0189,CURE PASSIVATION
seq_0189,MEASURE PASSIVATION THICKNESS
seq_0189,OPEN PAD WINDOW
seq_0189,PAD WINDOW LITHO
seq_0189,DEVELOP PHOTORESIST
seq_0189,PASSIVATION ETCH
seq_0189,STRIP PHOTORESIST
seq_0189,CLEAN PAD OPENING
seq_0189,MEASURE PAD OPENING
seq_0189,BACKSIDE CLEAN
seq_0189,BACKSIDE GRIND
seq_0189,MEASURE WAFER THICKNESS
seq_0189,BACKSIDE ETCH CLEAN
seq_0189,BACKSIDE RINSE
seq_0189,BACKSIDE DRY
seq_0189,BACKSIDE METALLIZATION PREP
seq_0189,DEPOSIT BACKSIDE METAL
seq_0189,BACKSIDE ANNEAL
seq_0189,MEASURE BACKSIDE CONTACT
seq_0189,FINAL CLEAN
seq_0189,FINAL THICKNESS MEASURE
seq_0189,FINAL GEOMETRY CHECK
seq_0189,FINAL CD INSPECTION
seq_0189,FINAL PARTICLE INSPECTION
seq_0189,ELECTRICAL PARAMETRIC TEST
seq_0189,LEAKAGE TEST
seq_0189,THRESHOLD VOLTAGE TEST
seq_0189,SWITCHING TEST
seq_0189,WAFER SORT TEST
seq_0189,YIELD ANALYSIS
seq_0189,FINAL LOT RELEASE
seq_0189,SHIP LOT
seq_0190,RECEIVE WAFER LOT
seq_0190,LOT IDENTIFICATION
seq_0190,PRE CLEAN INSPECTION
seq_0190,MEASURE THICKNESS
seq_0190,MEASURE SURFACE PARTICLES
seq_0190,PRE CLEAN WAFER
seq_0190,FRONTSIDE CLEAN
seq_0190,WET CLEAN RCA1
seq_0190,WET CLEAN RCA2
seq_0190,HF DIP
seq_0190,DRY WAFER
seq_0190,SUBSTRATE CHECK
seq_0190,EPITAXY PREP
seq_0190,EPITAXIAL DEPOSITION
seq_0190,MEASURE EPITAXY THICKNESS
seq_0190,MEASURE RESISTIVITY
seq_0190,EPITAXY ANNEAL
seq_0190,WAFER SURFACE CLEAN
seq_0190,THERMAL OXIDATION
seq_0190,MEASURE OXIDE THICKNESS
seq_0190,SPIN COAT PHOTORESIST
seq_0190,SOFT BAKE
seq_0190,ALIGN MASK LEVEL 1
seq_0190,EXPOSE LITHO LEVEL 1
seq_0190,DEVELOP PHOTORESIST
seq_0190,PATTERN INSPECTION LEVEL 1
seq_0190,OXIDE ETCH
seq_0190,STRIP PHOTORESIST
seq_0190,CLEAN AFTER ETCH
seq_0190,MEASURE OPENING CD
seq_0190,IMPLANT WELL
seq_0190,DRIVE IN DIFFUSION
seq_0190,RAPID THERMAL ANNEAL
seq_0190,MEASURE JUNCTION DEPTH
seq_0190,THERMAL OXIDATION
seq_0190,GATE OXIDE PREP
seq_0190,GATE OXIDE GROWTH
seq_0190,MEASURE GATE OXIDE THICKNESS
seq_0190,DEPOSIT POLYSILICON
seq_0190,POLYSILICON ANNEAL
seq_0190,MEASURE POLY THICKNESS
seq_0190,SPIN COAT PHOTORESIST
seq_0190,SOFT BAKE
seq_0190,ALIGN MASK LEVEL 2
seq_0190,EXPOSE LITHO LEVEL 2
seq_0190,DEVELOP PHOTORESIST
seq_0190,POLY PATTERN INSPECTION
seq_0190,POLYSILICON ETCH
seq_0190,STRIP RESIST
seq_0190,CLEAN AFTER POLY ETCH
seq_0190,MEASURE GATE CD
seq_0190,IMPLANT SOURCE DRAIN
seq_0190,PRE ANNEAL CHECK
seq_0190,LIGHT ANNEAL
seq_0190,MEASURE SHEET RESISTANCE
seq_0190,DEPOSIT SPACER DIELECTRIC
seq_0190,ANISOTROPIC ETCH SPACER
seq_0190,MEASURE SPACER WIDTH
seq_0190,IMPLANT LDD
seq_0190,PRE ANNEAL CHECK
seq_0190,RAPID THERMAL ANNEAL
seq_0190,MEASURE JUNCTION PROFILE
seq_0190,DEPOSIT INTERLEVEL DIELECTRIC
seq_0190,DENSIFY DIELECTRIC
seq_0190,MEASURE DIELECTRIC THICKNESS
seq_0190,CMP DIELECTRIC
seq_0190,MEASURE PLANARITY
seq_0190,SPIN COAT PHOTORESIST
seq_0190,SOFT BAKE
seq_0190,ALIGN MASK LEVEL 3
seq_0190,EXPOSE LITHO LEVEL 3
seq_0190,POST EXPOSE BAKE
seq_0190,DEVELOP PHOTORESIST
seq_0190,VIA INSPECTION
seq_0190,DIELECTRIC ETCH VIA
seq_0190,STRIP RESIST
seq_0190,CLEAN AFTER VIA ETCH
seq_0190,MEASURE VIA CD
seq_0190,DEPOSIT BARRIER METAL
seq_0190,DEPOSIT METAL SEED
seq_0190,FILL VIA METAL
seq_0190,CMP VIA FILL
seq_0190,MEASURE CONTACT RESISTANCE
seq_0190,DEPOSIT METAL 1
seq_0190,ANNEAL METAL 1
seq_0190,SPIN COAT PHOTORESIST
seq_0190,SOFT BAKE
seq_0190,ALIGN MASK LEVEL 4
seq_0190,EXPOSE LITHO LEVEL 4
seq_0190,POST EXPOSE BAKE
seq_0190,DEVELOP PHOTORESIST
seq_0190,METAL PATTERN INSPECTION
seq_0190,METAL ETCH
seq_0190,STRIP RESIST
seq_0190,CLEAN AFTER METAL ETCH
seq_0190,MEASURE LINE WIDTH
seq_0190,DEPOSIT PASSIVATION
seq_0190,CURE PASSIVATION
seq_0190,MEASURE PASSIVATION QUALITY
seq_0190,OPEN PAD WINDOW
seq_0190,PAD WINDOW LITHO
seq_0190,DEVELOP PAD WINDOW
seq_0190,PASSIVATION ETCH PAD OPENING
seq_0190,STRIP RESIST
seq_0190,CLEAN PAD OPENING
seq_0190,MEASURE PAD OPENING
seq_0190,BACKSIDE CLEAN
seq_0190,BACKSIDE GRIND
seq_0190,MEASURE THICKNESS
seq_0190,BACKSIDE ETCH CLEAN
seq_0190,BACKSIDE RINSE
seq_0190,BACKSIDE DRY
seq_0190,BACKSIDE METALLIZATION PREP
seq_0190,DEPOSIT BACKSIDE METAL
seq_0190,BACKSIDE ANNEAL
seq_0190,MEASURE BACKSIDE CONTACT
seq_0190,FINAL CLEAN
seq_0190,FINAL THICKNESS MEASURE
seq_0190,FINAL GEOMETRY CHECK
seq_0190,FINAL CD INSPECTION
seq_0190,FINAL PARTICLE INSPECTION
seq_0190,PARAMETRIC TEST
seq_0190,LEAKAGE TEST
seq_0190,THRESHOLD VOLTAGE TEST
seq_0190,SWITCHING TEST
seq_0190,WAFER SORT TEST
seq_0190,YIELD ANALYSIS
seq_0190,LOT RELEASE
seq_0190,SHIP LOT
seq_0191,RECEIVE WAFER LOT
seq_0191,LOT IDENTIFICATION
seq_0191,INITIAL WAFER INSPECTION
seq_0191,MEASURE THICKNESS
seq_0191,MEASURE SURFACE PARTICLES
seq_0191,PRE CLEAN WAFER
seq_0191,FRONTSIDE CLEAN
seq_0191,RCA CLEAN 1
seq_0191,WET CLEAN RCA2
seq_0191,HF DIP
seq_0191,SUBSTRATE CHECK
seq_0191,EPITAXY PREP
seq_0191,EPITAXIAL DEPOSITION
seq_0191,MEASURE EPITAXY THICKNESS
seq_0191,MEASURE RESISTIVITY
seq_0191,EPITAXY ANNEAL
seq_0191,WAFER SURFACE CLEAN
seq_0191,THERMAL OXIDATION
seq_0191,MEASURE OXIDE THICKNESS
seq_0191,SPIN COAT PHOTORESIST
seq_0191,SOFT BAKE
seq_0191,ALIGN MASK LEVEL 1
seq_0191,EXPOSE LITHO LEVEL 1
seq_0191,DEVELOP PHOTORESIST
seq_0191,PATTERN INSPECTION LEVEL 1
seq_0191,OXIDE ETCH
seq_0191,STRIP PHOTORESIST
seq_0191,CLEAN AFTER ETCH
seq_0191,IMPLANT WELL
seq_0191,DRIVE IN DIFFUSION
seq_0191,RAPID THERMAL ANNEAL
seq_0191,MEASURE JUNCTION DEPTH
seq_0191,THERMAL OXIDATION
seq_0191,GATE OXIDE PREP
seq_0191,GATE OXIDE GROWTH
seq_0191,MEASURE GATE OXIDE THICKNESS
seq_0191,DEPOSIT POLYSILICON
seq_0191,POLYSILICON ANNEAL
seq_0191,MEASURE POLY THICKNESS
seq_0191,SPIN COAT PHOTORESIST
seq_0191,SOFT BAKE
seq_0191,ALIGN MASK LEVEL 2
seq_0191,EXPOSE LITHO LEVEL 2
seq_0191,DEVELOP PHOTORESIST
seq_0191,POLY PATTERN INSPECTION
seq_0191,POLYSILICON ETCH
seq_0191,STRIP PHOTORESIST
seq_0191,CLEAN AFTER POLY ETCH
seq_0191,MEASURE GATE CD
seq_0191,IMPLANT SOURCE DRAIN
seq_0191,LIGHT ANNEAL
seq_0191,DEPOSIT SPACER DIELECTRIC
seq_0191,ANISOTROPIC ETCH SPACER
seq_0191,MEASURE SPACER WIDTH
seq_0191,IMPLANT LDD
seq_0191,RAPID THERMAL ANNEAL
seq_0191,DEPOSIT INTERLEVEL DIELECTRIC
seq_0191,DENSIFY OXIDE
seq_0191,MEASURE FILM THICKNESS
seq_0191,CMP DIELECTRIC
seq_0191,MEASURE SURFACE PLANARITY
seq_0191,SPIN COAT PHOTORESIST
seq_0191,SOFT BAKE
seq_0191,ALIGN MASK LEVEL 3
seq_0191,EXPOSE LITHO LEVEL 3
seq_0191,POST EXPOSE BAKE
seq_0191,DEVELOP PHOTORESIST
seq_0191,VIA INSPECTION
seq_0191,VIA ETCH THROUGH DIELECTRIC
seq_0191,STRIP PHOTORESIST
seq_0191,CLEAN AFTER VIA ETCH
seq_0191,MEASURE VIA CD
seq_0191,DEPOSIT BARRIER METAL
seq_0191,DEPOSIT METAL SEED
seq_0191,FILL VIA METAL
seq_0191,CMP METAL
seq_0191,MEASURE CONTACT RESISTANCE
seq_0191,DEPOSIT METAL 1
seq_0191,ANNEAL METAL 1
seq_0191,MEASURE METAL THICKNESS
seq_0191,SPIN COAT PHOTORESIST
seq_0191,SOFT BAKE
seq_0191,ALIGN MASK LEVEL 4
seq_0191,EXPOSE LITHO LEVEL 4
seq_0191,DEVELOP PHOTORESIST
seq_0191,METAL PATTERN INSPECTION
seq_0191,METAL ETCH
seq_0191,STRIP RESIST
seq_0191,CLEAN AFTER METAL ETCH
seq_0191,MEASURE LINE WIDTH
seq_0191,DEPOSIT PASSIVATION LAYER
seq_0191,CURE PASSIVATION
seq_0191,MEASURE PASSIVATION THICKNESS
seq_0191,OPEN PAD WINDOW
seq_0191,PAD WINDOW LITHO
seq_0191,DEVELOP PHOTORESIST
seq_0191,PASSIVATION ETCH PAD OPENING
seq_0191,STRIP RESIST
seq_0191,CLEAN PAD OPENING
seq_0191,MEASURE PAD OPENING
seq_0191,BACKSIDE CLEAN
seq_0191,BACKSIDE GRIND
seq_0191,MEASURE THICKNESS
seq_0191,BACKSIDE ETCH CLEAN
seq_0191,BACKSIDE RINSE
seq_0191,BACKSIDE DRY
seq_0191,BACKSIDE METALLIZATION PREP
seq_0191,DEPOSIT BACKSIDE METAL
seq_0191,BACKSIDE ANNEAL
seq_0191,MEASURE BACKSIDE CONTACT
seq_0191,FINAL CLEAN
seq_0191,FINAL THICKNESS MEASURE
seq_0191,FINAL GEOMETRY CHECK
seq_0191,PARAMETRIC TEST
seq_0191,LEAKAGE TEST
seq_0191,THRESHOLD VOLTAGE TEST
seq_0191,SWITCHING TEST
seq_0191,WAFER SORT TEST
seq_0191,YIELD ANALYSIS
seq_0191,LOT RELEASE
seq_0191,SHIP LOT
seq_0192,RECEIVE WAFER LOT
seq_0192,LOT IDENTIFICATION
seq_0192,INITIAL WAFER INSPECTION
seq_0192,MEASURE THICKNESS
seq_0192,MEASURE SURFACE PARTICLES
seq_0192,PRE CLEAN WAFER
seq_0192,FRONTSIDE CLEAN
seq_0192,RCA CLEAN 1
seq_0192,WET CLEAN RCA2
seq_0192,HF DIP
seq_0192,DRY WAFER
seq_0192,SUBSTRATE CHECK
seq_0192,EPITAXY PREP
seq_0192,EPITAXIAL DEPOSITION
seq_0192,MEASURE EPITAXY THICKNESS
seq_0192,MEASURE RESISTIVITY
seq_0192,EPITAXY ANNEAL
seq_0192,WAFER SURFACE CLEAN
seq_0192,THERMAL OXIDATION
seq_0192,MEASURE OXIDE THICKNESS
seq_0192,SPIN COAT PHOTORESIST
seq_0192,SOFT BAKE
seq_0192,ALIGN MASK LEVEL 1
seq_0192,EXPOSE LITHO LEVEL 1
seq_0192,DEVELOP PHOTORESIST
seq_0192,PATTERN INSPECTION LEVEL 1
seq_0192,OXIDE ETCH
seq_0192,STRIP PHOTORESIST
seq_0192,CLEAN AFTER ETCH
seq_0192,MEASURE OPENING CD
seq_0192,IMPLANT WELL
seq_0192,DRIVE IN DIFFUSION
seq_0192,RAPID THERMAL ANNEAL
seq_0192,MEASURE JUNCTION DEPTH
seq_0192,THERMAL OXIDATION
seq_0192,GATE OXIDE PREP
seq_0192,GATE OXIDE GROWTH
seq_0192,MEASURE GATE OXIDE THICKNESS
seq_0192,DEPOSIT POLYSILICON
seq_0192,POLYSILICON ANNEAL
seq_0192,SPIN COAT PHOTORESIST
seq_0192,SOFT BAKE
seq_0192,ALIGN MASK LEVEL 2
seq_0192,EXPOSE LITHO LEVEL 2
seq_0192,DEVELOP PHOTORESIST
seq_0192,POLY PATTERN INSPECTION
seq_0192,POLYSILICON ETCH
seq_0192,STRIP RESIST
seq_0192,CLEAN AFTER POLY ETCH
seq_0192,MEASURE GATE CD
seq_0192,IMPLANT SOURCE DRAIN
seq_0192,PRE ANNEAL CHECK
seq_0192,LIGHT ANNEAL
seq_0192,MEASURE SHEET RESISTANCE
seq_0192,DEPOSIT SPACER DIELECTRIC
seq_0192,ANISOTROPIC ETCH SPACER
seq_0192,MEASURE SPACER WIDTH
seq_0192,IMPLANT LDD
seq_0192,PRE ANNEAL CHECK
seq_0192,RAPID THERMAL ANNEAL
seq_0192,MEASURE JUNCTION PROFILE
seq_0192,DEPOSIT INTERLEVEL DIELECTRIC
seq_0192,DENSIFY OXIDE
seq_0192,MEASURE FILM THICKNESS
seq_0192,CMP INTERLAYER DIELECTRIC
seq_0192,MEASURE SURFACE PLANARITY
seq_0192,SPIN COAT PHOTORESIST
seq_0192,SOFT BAKE
seq_0192,ALIGN MASK LEVEL 3
seq_0192,EXPOSE LITHO LEVEL 3
seq_0192,POST EXPOSE BAKE
seq_0192,DEVELOP PHOTORESIST
seq_0192,VIA INSPECTION
seq_0192,HARD BAKE
seq_0192,VIA ETCH
seq_0192,STRIP RESIST
seq_0192,CLEAN AFTER VIA ETCH
seq_0192,MEASURE VIA CD
seq_0192,DEPOSIT BARRIER METAL
seq_0192,DEPOSIT METAL SEED
seq_0192,FILL VIA METAL
seq_0192,CMP VIA FILL
seq_0192,MEASURE CONTACT RESISTANCE
seq_0192,DEPOSIT TOP METAL
seq_0192,ANNEAL METAL
seq_0192,MEASURE METAL THICKNESS
seq_0192,SPIN COAT PHOTORESIST
seq_0192,SOFT BAKE
seq_0192,ALIGN MASK LEVEL 4
seq_0192,EXPOSE LITHO LEVEL 4
seq_0192,DEVELOP PHOTORESIST
seq_0192,METAL PATTERN INSPECTION
seq_0192,METAL ETCH
seq_0192,STRIP RESIST
seq_0192,CLEAN AFTER METAL ETCH
seq_0192,DEPOSIT PASSIVATION
seq_0192,CURE PASSIVATION
seq_0192,MEASURE PASSIVATION THICKNESS
seq_0192,OPEN PAD WINDOW
seq_0192,OPEN PAD WINDOW LITHO
seq_0192,DEVELOP PAD WINDOW
seq_0192,PASSIVATION ETCH
seq_0192,STRIP PHOTORESIST
seq_0192,CLEAN PAD OPENING
seq_0192,MEASURE PAD OPENING
seq_0192,BACKSIDE CLEAN
seq_0192,BACKSIDE GRIND
seq_0192,MEASURE THICKNESS
seq_0192,BACKSIDE ETCH CLEAN
seq_0192,BACKSIDE RINSE
seq_0192,BACKSIDE DRY
seq_0192,BACKSIDE METALLIZATION PREP
seq_0192,DEPOSIT BACKSIDE METAL
seq_0192,BACKSIDE ANNEAL
seq_0192,MEASURE BACKSIDE CONTACT
seq_0192,FINAL CLEAN
seq_0192,FINAL THICKNESS MEASURE
seq_0192,FINAL GEOMETRY CHECK
seq_0192,FINAL CD INSPECTION
seq_0192,PARAMETRIC TEST
seq_0192,LEAKAGE TEST
seq_0192,THRESHOLD VOLTAGE TEST
seq_0192,SWITCHING TEST
seq_0192,WAFER SORT TEST
seq_0192,YIELD ANALYSIS
seq_0192,LOT RELEASE
seq_0192,SHIP LOT
seq_0193,RECEIVE WAFER LOT
seq_0193,LOT IDENTIFICATION
seq_0193,PRE CLEAN INSPECTION
seq_0193,MEASURE THICKNESS
seq_0193,MEASURE SURFACE PARTICLES
seq_0193,PRE CLEAN WAFER
seq_0193,BACKSIDE CLEAN
seq_0193,RCA CLEAN 1
seq_0193,RCA CLEAN 2
seq_0193,HF DIP
seq_0193,SUBSTRATE CHECK
seq_0193,EPITAXY PREP
seq_0193,EPITAXIAL DEPOSITION
seq_0193,MEASURE EPITAXY THICKNESS
seq_0193,MEASURE RESISTIVITY
seq_0193,EPITAXY ANNEAL
seq_0193,WAFER SURFACE CLEAN
seq_0193,THERMAL OXIDATION
seq_0193,MEASURE OXIDE THICKNESS
seq_0193,SPIN COAT PHOTORESIST
seq_0193,SOFT BAKE
seq_0193,ALIGN MASK LEVEL 1
seq_0193,EXPOSE LITHO LEVEL 1
seq_0193,DEVELOP PHOTORESIST
seq_0193,PATTERN INSPECTION LEVEL 1
seq_0193,OXIDE ETCH
seq_0193,STRIP PHOTORESIST
seq_0193,CLEAN AFTER ETCH
seq_0193,IMPLANT WELL
seq_0193,PRE ANNEAL CHECK
seq_0193,DRIVE IN DIFFUSION
seq_0193,RAPID THERMAL ANNEAL
seq_0193,MEASURE JUNCTION DEPTH
seq_0193,THERMAL OXIDATION
seq_0193,GATE OXIDE PREP
seq_0193,GATE OXIDE GROWTH
seq_0193,MEASURE GATE OXIDE THICKNESS
seq_0193,DEPOSIT POLYSILICON
seq_0193,POLYSILICON ANNEAL
seq_0193,MEASURE POLY THICKNESS
seq_0193,SPIN COAT PHOTORESIST
seq_0193,SOFT BAKE
seq_0193,ALIGN MASK LEVEL 2
seq_0193,EXPOSE LITHO LEVEL 2
seq_0193,POST EXPOSE BAKE
seq_0193,DEVELOP PHOTORESIST
seq_0193,POLY PATTERN INSPECTION
seq_0193,POLYSILICON ETCH
seq_0193,STRIP RESIST
seq_0193,CLEAN AFTER POLY ETCH
seq_0193,MEASURE GATE CD
seq_0193,IMPLANT SOURCE DRAIN
seq_0193,PRE ANNEAL CHECK
seq_0193,LIGHT ANNEAL
seq_0193,MEASURE SHEET RESISTANCE
seq_0193,DEPOSIT SPACER DIELECTRIC
seq_0193,ANISOTROPIC ETCH SPACER
seq_0193,MEASURE SPACER WIDTH
seq_0193,IMPLANT LDD
seq_0193,PRE ANNEAL CHECK
seq_0193,RAPID THERMAL ANNEAL
seq_0193,MEASURE JUNCTION PROFILE
seq_0193,DEPOSIT INTERLEVEL DIELECTRIC
seq_0193,DENSIFY DIELECTRIC
seq_0193,MEASURE FILM THICKNESS
seq_0193,CMP DIELECTRIC
seq_0193,MEASURE PLANARITY
seq_0193,SPIN COAT PHOTORESIST
seq_0193,SOFT BAKE
seq_0193,ALIGN MASK LEVEL 3
seq_0193,EXPOSE LITHO LEVEL 3
seq_0193,POST EXPOSE BAKE
seq_0193,DEVELOP PHOTORESIST
seq_0193,VIA INSPECTION
seq_0193,VIA ETCH
seq_0193,STRIP RESIST
seq_0193,CLEAN AFTER VIA ETCH
seq_0193,MEASURE VIA CD
seq_0193,DEPOSIT BARRIER METAL
seq_0193,DEPOSIT METAL SEED
seq_0193,FILL VIA METAL
seq_0193,CMP METAL
seq_0193,DEPOSIT METAL 1
seq_0193,ANNEAL METAL
seq_0193,SPIN COAT PHOTORESIST
seq_0193,SOFT BAKE
seq_0193,ALIGN MASK LEVEL 4
seq_0193,EXPOSE LITHO LEVEL 4
seq_0193,POST EXPOSE BAKE
seq_0193,DEVELOP PHOTORESIST
seq_0193,METAL PATTERN INSPECTION
seq_0193,METAL ETCH
seq_0193,STRIP PHOTORESIST
seq_0193,CLEAN AFTER METAL ETCH
seq_0193,MEASURE LINE WIDTH
seq_0193,DEPOSIT PASSIVATION
seq_0193,CURE PASSIVATION
seq_0193,MEASURE PASSIVATION THICKNESS
seq_0193,OPEN PAD WINDOW
seq_0193,PAD WINDOW LITHO
seq_0193,DEVELOP PAD WINDOW
seq_0193,PASSIVATION ETCH
seq_0193,STRIP RESIST
seq_0193,CLEAN PAD OPENING
seq_0193,MEASURE PAD OPENING
seq_0193,BACKSIDE CLEAN
seq_0193,BACKSIDE GRIND
seq_0193,MEASURE WAFER THICKNESS
seq_0193,BACKSIDE ETCH CLEAN
seq_0193,BACKSIDE RINSE
seq_0193,BACKSIDE DRY
seq_0193,BACKSIDE METALLIZATION PREP
seq_0193,DEPOSIT BACKSIDE METAL
seq_0193,BACKSIDE ANNEAL
seq_0193,MEASURE BACKSIDE CONTACT
seq_0193,FINAL CLEAN
seq_0193,FINAL THICKNESS MEASURE
seq_0193,FINAL GEOMETRY CHECK
seq_0193,ELECTRICAL PARAMETRIC TEST
seq_0193,LEAKAGE TEST
seq_0193,THRESHOLD VOLTAGE TEST
seq_0193,SWITCHING TEST
seq_0193,WAFER SORT TEST
seq_0193,YIELD ANALYSIS
seq_0193,FINAL LOT RELEASE
seq_0193,SHIP LOT
seq_0194,RECEIVE WAFER LOT
seq_0194,LOT IDENTIFICATION
seq_0194,INITIAL WAFER INSPECTION
seq_0194,MEASURE THICKNESS
seq_0194,MEASURE SURFACE PARTICLES
seq_0194,PRE CLEAN WAFER
seq_0194,BACKSIDE CLEAN
seq_0194,FRONTSIDE CLEAN
seq_0194,WET CLEAN RCA1
seq_0194,WET CLEAN RCA2
seq_0194,HF DIP
seq_0194,DRY WAFER
seq_0194,SUBSTRATE CHECK
seq_0194,EPITAXY PREP
seq_0194,EPITAXIAL DEPOSITION
seq_0194,MEASURE EPITAXY THICKNESS
seq_0194,MEASURE RESISTIVITY
seq_0194,EPITAXY ANNEAL
seq_0194,WAFER SURFACE CLEAN
seq_0194,THERMAL OXIDATION
seq_0194,MEASURE OXIDE THICKNESS
seq_0194,SPIN COAT PHOTORESIST
seq_0194,SOFT BAKE
seq_0194,ALIGN MASK LEVEL 1
seq_0194,EXPOSE LITHO LEVEL 1
seq_0194,DEVELOP PHOTORESIST
seq_0194,PATTERN INSPECTION LEVEL 1
seq_0194,HARD BAKE
seq_0194,OXIDE ETCH
seq_0194,STRIP PHOTORESIST
seq_0194,CLEAN AFTER ETCH
seq_0194,MEASURE OPENING CD
seq_0194,IMPLANT WELL
seq_0194,DRIVE IN DIFFUSION
seq_0194,RAPID THERMAL ANNEAL
seq_0194,MEASURE JUNCTION DEPTH
seq_0194,THERMAL OXIDATION
seq_0194,GATE OXIDE PREP
seq_0194,GATE OXIDE GROWTH
seq_0194,MEASURE GATE OXIDE THICKNESS
seq_0194,DEPOSIT POLYSILICON
seq_0194,POLYSILICON ANNEAL
seq_0194,SPIN COAT PHOTORESIST
seq_0194,SOFT BAKE
seq_0194,ALIGN MASK LEVEL 2
seq_0194,EXPOSE LITHO LEVEL 2
seq_0194,POST EXPOSE BAKE
seq_0194,DEVELOP PHOTORESIST
seq_0194,POLY PATTERN INSPECTION
seq_0194,POLYSILICON ETCH
seq_0194,STRIP RESIST
seq_0194,CLEAN AFTER POLY ETCH
seq_0194,MEASURE GATE CD
seq_0194,IMPLANT SOURCE DRAIN
seq_0194,PRE ANNEAL CHECK
seq_0194,LIGHT ANNEAL
seq_0194,MEASURE SHEET RESISTANCE
seq_0194,DEPOSIT SPACER DIELECTRIC
seq_0194,ANISOTROPIC ETCH SPACER
seq_0194,MEASURE SPACER WIDTH
seq_0194,IMPLANT LDD
seq_0194,PRE ANNEAL CHECK
seq_0194,RAPID THERMAL ANNEAL
seq_0194,MEASURE JUNCTION PROFILE
seq_0194,DEPOSIT INTERLEVEL DIELECTRIC
seq_0194,DENSIFY DIELECTRIC
seq_0194,MEASURE FILM THICKNESS
seq_0194,CMP INTERLAYER DIELECTRIC
seq_0194,MEASURE PLANARITY
seq_0194,SPIN COAT PHOTORESIST
seq_0194,SOFT BAKE
seq_0194,ALIGN MASK LEVEL 3
seq_0194,EXPOSE LITHO LEVEL 3
seq_0194,DEVELOP PHOTORESIST
seq_0194,VIA INSPECTION
seq_0194,VIA ETCH
seq_0194,STRIP PHOTORESIST
seq_0194,CLEAN AFTER VIA ETCH
seq_0194,DEPOSIT BARRIER METAL
seq_0194,DEPOSIT METAL SEED
seq_0194,FILL VIA METAL
seq_0194,CMP VIA FILL
seq_0194,MEASURE CONTACT RESISTANCE
seq_0194,DEPOSIT TOP METAL
seq_0194,ANNEAL METAL 1
seq_0194,MEASURE METAL THICKNESS
seq_0194,SPIN COAT PHOTORESIST
seq_0194,SOFT BAKE
seq_0194,ALIGN MASK LEVEL 4
seq_0194,EXPOSE LITHO LEVEL 4
seq_0194,DEVELOP PHOTORESIST
seq_0194,METAL PATTERN INSPECTION
seq_0194,METAL ETCH
seq_0194,STRIP RESIST
seq_0194,CLEAN AFTER METAL ETCH
seq_0194,DEPOSIT PASSIVATION
seq_0194,CURE PASSIVATION
seq_0194,MEASURE PASSIVATION QUALITY
seq_0194,OPEN BOND PAD WINDOW
seq_0194,PAD WINDOW LITHO
seq_0194,DEVELOP PHOTORESIST
seq_0194,PASSIVATION ETCH PAD OPENING
seq_0194,STRIP RESIST
seq_0194,CLEAN PAD OPENING
seq_0194,MEASURE PAD OPENING
seq_0194,BACKSIDE CLEAN
seq_0194,BACKSIDE GRIND
seq_0194,MEASURE WAFER THICKNESS
seq_0194,BACKSIDE ETCH CLEAN
seq_0194,BACKSIDE RINSE
seq_0194,BACKSIDE DRY
seq_0194,BACKSIDE METALLIZATION PREP
seq_0194,DEPOSIT BACKSIDE METAL
seq_0194,BACKSIDE ANNEAL
seq_0194,MEASURE BACKSIDE CONTACT
seq_0194,FINAL CLEAN
seq_0194,FINAL THICKNESS MEASURE
seq_0194,FINAL CD INSPECTION
seq_0194,FINAL PARTICLE INSPECTION
seq_0194,ELECTRICAL PARAMETRIC TEST
seq_0194,LEAKAGE TEST
seq_0194,THRESHOLD VOLTAGE TEST
seq_0194,SWITCHING TEST
seq_0194,WAFER SORT TEST
seq_0194,YIELD ANALYSIS
seq_0194,FINAL LOT RELEASE
seq_0194,SHIP LOT
seq_0195,RECEIVE WAFER LOT
seq_0195,LOT IDENTIFICATION
seq_0195,INITIAL WAFER INSPECTION
seq_0195,MEASURE THICKNESS
seq_0195,MEASURE SURFACE PARTICLES
seq_0195,PRE CLEAN WAFER
seq_0195,BACKSIDE CLEAN
seq_0195,FRONTSIDE CLEAN
seq_0195,WET CLEAN RCA1
seq_0195,RCA CLEAN 2
seq_0195,HF DIP
seq_0195,DRY WAFER
seq_0195,SUBSTRATE CHECK
seq_0195,EPITAXY PREP
seq_0195,EPITAXIAL DEPOSITION
seq_0195,MEASURE EPITAXY THICKNESS
seq_0195,MEASURE RESISTIVITY
seq_0195,EPITAXY ANNEAL
seq_0195,WAFER SURFACE CLEAN
seq_0195,THERMAL OXIDATION
seq_0195,MEASURE OXIDE THICKNESS
seq_0195,SPIN COAT PHOTORESIST
seq_0195,SOFT BAKE
seq_0195,ALIGN MASK LEVEL 1
seq_0195,EXPOSE LITHO LEVEL 1
seq_0195,DEVELOP PHOTORESIST
seq_0195,PATTERN INSPECTION LEVEL 1
seq_0195,HARD BAKE
seq_0195,OXIDE ETCH
seq_0195,STRIP RESIST
seq_0195,CLEAN AFTER ETCH
seq_0195,IMPLANT WELL
seq_0195,PRE ANNEAL CHECK
seq_0195,DRIVE IN DIFFUSION
seq_0195,RAPID THERMAL ANNEAL
seq_0195,MEASURE JUNCTION DEPTH
seq_0195,THERMAL OXIDATION
seq_0195,GATE OXIDE PREP
seq_0195,GATE OXIDE GROWTH
seq_0195,MEASURE GATE OXIDE THICKNESS
seq_0195,DEPOSIT POLYSILICON
seq_0195,POLYSILICON ANNEAL
seq_0195,MEASURE POLY THICKNESS
seq_0195,SPIN COAT PHOTORESIST
seq_0195,SOFT BAKE
seq_0195,ALIGN MASK LEVEL 2
seq_0195,EXPOSE LITHO LEVEL 2
seq_0195,DEVELOP PHOTORESIST
seq_0195,POLY PATTERN INSPECTION
seq_0195,POLYSILICON ETCH
seq_0195,STRIP RESIST
seq_0195,CLEAN AFTER POLY ETCH
seq_0195,MEASURE GATE CD
seq_0195,IMPLANT SOURCE DRAIN
seq_0195,LIGHT ANNEAL
seq_0195,MEASURE SHEET RESISTANCE
seq_0195,DEPOSIT SPACER DIELECTRIC
seq_0195,ANISOTROPIC ETCH SPACER
seq_0195,MEASURE SPACER WIDTH
seq_0195,IMPLANT LDD
seq_0195,PRE ANNEAL CHECK
seq_0195,RAPID THERMAL ANNEAL
seq_0195,MEASURE JUNCTION PROFILE
seq_0195,DEPOSIT INTERLAYER DIELECTRIC
seq_0195,DENSIFY OXIDE
seq_0195,MEASURE FILM THICKNESS
seq_0195,CMP INTERLAYER DIELECTRIC
seq_0195,MEASURE PLANARITY
seq_0195,SPIN COAT PHOTORESIST
seq_0195,SOFT BAKE
seq_0195,ALIGN MASK LEVEL 3
seq_0195,EXPOSE LITHO LEVEL 3
seq_0195,DEVELOP PHOTORESIST
seq_0195,VIA OPENING INSPECTION
seq_0195,HARD BAKE
seq_0195,DIELECTRIC ETCH VIA
seq_0195,STRIP PHOTORESIST
seq_0195,CLEAN AFTER VIA ETCH
seq_0195,MEASURE VIA CD
seq_0195,DEPOSIT BARRIER METAL
seq_0195,DEPOSIT METAL SEED
seq_0195,FILL VIA METAL
seq_0195,CMP METAL
seq_0195,MEASURE CONTACT RESISTANCE
seq_0195,DEPOSIT METAL 1
seq_0195,ANNEAL METAL 1
seq_0195,SPIN COAT PHOTORESIST
seq_0195,SOFT BAKE
seq_0195,ALIGN MASK LEVEL 4
seq_0195,EXPOSE LITHO LEVEL 4
seq_0195,DEVELOP PHOTORESIST
seq_0195,METAL PATTERN INSPECTION
seq_0195,METAL ETCH
seq_0195,STRIP RESIST
seq_0195,CLEAN AFTER METAL ETCH
seq_0195,MEASURE LINE WIDTH
seq_0195,DEPOSIT PASSIVATION
seq_0195,CURE PASSIVATION
seq_0195,MEASURE PASSIVATION THICKNESS
seq_0195,OPEN BOND PAD WINDOW
seq_0195,PAD WINDOW LITHO
seq_0195,DEVELOP PHOTORESIST
seq_0195,PASSIVATION ETCH
seq_0195,STRIP PHOTORESIST
seq_0195,CLEAN PAD OPENING
seq_0195,MEASURE PAD OPENING
seq_0195,BACKSIDE CLEAN
seq_0195,BACKSIDE GRIND
seq_0195,MEASURE THICKNESS
seq_0195,BACKSIDE ETCH CLEAN
seq_0195,BACKSIDE RINSE
seq_0195,BACKSIDE DRY
seq_0195,BACKSIDE METALLIZATION PREP
seq_0195,DEPOSIT BACKSIDE METAL
seq_0195,BACKSIDE ANNEAL
seq_0195,MEASURE BACKSIDE CONTACT
seq_0195,FINAL CLEAN
seq_0195,FINAL THICKNESS MEASURE
seq_0195,FINAL PARTICLE INSPECTION
seq_0195,ELECTRICAL PARAMETRIC TEST
seq_0195,LEAKAGE TEST
seq_0195,THRESHOLD VOLTAGE TEST
seq_0195,SWITCHING TEST
seq_0195,WAFER SORT TEST
seq_0195,YIELD ANALYSIS
seq_0195,LOT RELEASE
seq_0195,SHIP LOT
seq_0196,RECEIVE WAFER LOT
seq_0196,LOT IDENTIFICATION
seq_0196,PRE CLEAN INSPECTION
seq_0196,MEASURE THICKNESS
seq_0196,MEASURE SURFACE PARTICLES
seq_0196,PRE CLEAN WAFER
seq_0196,RCA CLEAN 1
seq_0196,WET CLEAN RCA2
seq_0196,HF DIP
seq_0196,DRY WAFER
seq_0196,SUBSTRATE CHECK
seq_0196,EPITAXY PREP
seq_0196,EPITAXIAL DEPOSITION
seq_0196,MEASURE EPITAXY THICKNESS
seq_0196,MEASURE RESISTIVITY
seq_0196,EPITAXY ANNEAL
seq_0196,WAFER SURFACE CLEAN
seq_0196,THERMAL OXIDATION
seq_0196,MEASURE OXIDE THICKNESS
seq_0196,SPIN COAT PHOTORESIST
seq_0196,SOFT BAKE
seq_0196,ALIGN MASK LEVEL 1
seq_0196,EXPOSE LITHO LEVEL 1
seq_0196,DEVELOP PHOTORESIST
seq_0196,PATTERN INSPECTION LEVEL 1
seq_0196,OXIDE ETCH
seq_0196,STRIP PHOTORESIST
seq_0196,CLEAN AFTER ETCH
seq_0196,MEASURE OPENING CD
seq_0196,IMPLANT WELL
seq_0196,DRIVE IN DIFFUSION
seq_0196,RAPID THERMAL ANNEAL
seq_0196,MEASURE JUNCTION DEPTH
seq_0196,THERMAL OXIDATION
seq_0196,GATE OXIDE PREP
seq_0196,GATE OXIDE GROWTH
seq_0196,MEASURE GATE OXIDE THICKNESS
seq_0196,DEPOSIT POLYSILICON
seq_0196,POLYSILICON ANNEAL
seq_0196,MEASURE POLY THICKNESS
seq_0196,SPIN COAT PHOTORESIST
seq_0196,SOFT BAKE
seq_0196,ALIGN MASK LEVEL 2
seq_0196,EXPOSE LITHO LEVEL 2
seq_0196,POST EXPOSE BAKE
seq_0196,DEVELOP PHOTORESIST
seq_0196,POLY PATTERN INSPECTION
seq_0196,POLYSILICON ETCH
seq_0196,STRIP RESIST
seq_0196,CLEAN AFTER POLY ETCH
seq_0196,MEASURE GATE CD
seq_0196,IMPLANT SOURCE DRAIN
seq_0196,LIGHT ANNEAL
seq_0196,MEASURE SHEET RESISTANCE
seq_0196,DEPOSIT SPACER DIELECTRIC
seq_0196,ANISOTROPIC ETCH SPACER
seq_0196,MEASURE SPACER WIDTH
seq_0196,IMPLANT LDD
seq_0196,PRE ANNEAL CHECK
seq_0196,RAPID THERMAL ANNEAL
seq_0196,DEPOSIT INTERLAYER DIELECTRIC
seq_0196,DENSIFY DIELECTRIC
seq_0196,MEASURE DIELECTRIC THICKNESS
seq_0196,CMP INTERLAYER DIELECTRIC
seq_0196,MEASURE PLANARITY
seq_0196,SPIN COAT PHOTORESIST
seq_0196,SOFT BAKE
seq_0196,ALIGN MASK LEVEL 3
seq_0196,EXPOSE LITHO LEVEL 3
seq_0196,DEVELOP PHOTORESIST
seq_0196,VIA INSPECTION
seq_0196,VIA ETCH
seq_0196,STRIP RESIST
seq_0196,CLEAN AFTER VIA ETCH
seq_0196,DEPOSIT BARRIER METAL
seq_0196,DEPOSIT METAL SEED
seq_0196,FILL VIA METAL
seq_0196,CMP METAL
seq_0196,MEASURE CONTACT RESISTANCE
seq_0196,DEPOSIT TOP METAL
seq_0196,ANNEAL METAL
seq_0196,MEASURE METAL THICKNESS
seq_0196,SPIN COAT PHOTORESIST
seq_0196,SOFT BAKE
seq_0196,ALIGN MASK LEVEL 4
seq_0196,EXPOSE LITHO LEVEL 4
seq_0196,POST EXPOSE BAKE
seq_0196,DEVELOP PHOTORESIST
seq_0196,METAL PATTERN INSPECTION
seq_0196,METAL ETCH
seq_0196,STRIP RESIST
seq_0196,CLEAN AFTER METAL ETCH
seq_0196,DEPOSIT PASSIVATION LAYER
seq_0196,CURE PASSIVATION
seq_0196,MEASURE PASSIVATION THICKNESS
seq_0196,OPEN PAD WINDOW
seq_0196,OPEN PAD WINDOW LITHO
seq_0196,DEVELOP PAD WINDOW
seq_0196,PASSIVATION ETCH PAD OPENING
seq_0196,STRIP RESIST
seq_0196,CLEAN PAD OPENING
seq_0196,MEASURE PAD OPENING
seq_0196,BACKSIDE CLEAN
seq_0196,BACKSIDE GRIND
seq_0196,MEASURE THICKNESS
seq_0196,BACKSIDE ETCH CLEAN
seq_0196,BACKSIDE RINSE
seq_0196,BACKSIDE DRY
seq_0196,BACKSIDE METALLIZATION PREP
seq_0196,DEPOSIT BACKSIDE METAL
seq_0196,BACKSIDE ANNEAL
seq_0196,MEASURE BACKSIDE CONTACT
seq_0196,FINAL CLEAN
seq_0196,FINAL THICKNESS MEASURE
seq_0196,FINAL GEOMETRY CHECK
seq_0196,FINAL CD INSPECTION
seq_0196,FINAL PARTICLE INSPECTION
seq_0196,PARAMETRIC TEST
seq_0196,LEAKAGE TEST
seq_0196,THRESHOLD VOLTAGE TEST
seq_0196,SWITCHING TEST
seq_0196,WAFER SORT TEST
seq_0196,YIELD ANALYSIS
seq_0196,FINAL LOT RELEASE
seq_0196,SHIP LOT
seq_0197,RECEIVE WAFER LOT
seq_0197,LOT IDENTIFICATION
seq_0197,PRE CLEAN INSPECTION
seq_0197,MEASURE THICKNESS
seq_0197,MEASURE SURFACE PARTICLES
seq_0197,PRE CLEAN WAFER
seq_0197,FRONTSIDE CLEAN
seq_0197,RCA CLEAN 1
seq_0197,WET CLEAN RCA2
seq_0197,HF DIP
seq_0197,SUBSTRATE CHECK
seq_0197,EPITAXY PREP
seq_0197,EPITAXIAL DEPOSITION
seq_0197,MEASURE EPITAXY THICKNESS
seq_0197,MEASURE RESISTIVITY
seq_0197,EPITAXY ANNEAL
seq_0197,WAFER SURFACE CLEAN
seq_0197,THERMAL OXIDATION
seq_0197,MEASURE OXIDE THICKNESS
seq_0197,SPIN COAT PHOTORESIST
seq_0197,SOFT BAKE
seq_0197,ALIGN MASK LEVEL 1
seq_0197,EXPOSE LITHO LEVEL 1
seq_0197,POST EXPOSE BAKE
seq_0197,DEVELOP PHOTORESIST
seq_0197,PATTERN INSPECTION LEVEL 1
seq_0197,OXIDE ETCH
seq_0197,STRIP PHOTORESIST
seq_0197,CLEAN AFTER ETCH
seq_0197,MEASURE OPENING CD
seq_0197,IMPLANT WELL
seq_0197,PRE ANNEAL CHECK
seq_0197,DRIVE IN DIFFUSION
seq_0197,RAPID THERMAL ANNEAL
seq_0197,MEASURE JUNCTION DEPTH
seq_0197,THERMAL OXIDATION
seq_0197,GATE OXIDE PREP
seq_0197,GATE OXIDE GROWTH
seq_0197,MEASURE GATE OXIDE THICKNESS
seq_0197,DEPOSIT POLYSILICON
seq_0197,POLYSILICON ANNEAL
seq_0197,MEASURE POLY THICKNESS
seq_0197,SPIN COAT PHOTORESIST
seq_0197,SOFT BAKE
seq_0197,ALIGN MASK LEVEL 2
seq_0197,EXPOSE LITHO LEVEL 2
seq_0197,POST EXPOSE BAKE
seq_0197,DEVELOP PHOTORESIST
seq_0197,POLY PATTERN INSPECTION
seq_0197,HARD BAKE
seq_0197,POLYSILICON ETCH
seq_0197,STRIP PHOTORESIST
seq_0197,CLEAN AFTER POLY ETCH
seq_0197,IMPLANT SOURCE DRAIN
seq_0197,PRE ANNEAL CHECK
seq_0197,LIGHT ANNEAL
seq_0197,DEPOSIT SPACER DIELECTRIC
seq_0197,ANISOTROPIC ETCH SPACER
seq_0197,MEASURE SPACER WIDTH
seq_0197,IMPLANT LDD
seq_0197,PRE ANNEAL CHECK
seq_0197,RAPID THERMAL ANNEAL
seq_0197,MEASURE JUNCTION PROFILE
seq_0197,DEPOSIT INTERLAYER DIELECTRIC
seq_0197,DENSIFY OXIDE
seq_0197,MEASURE DIELECTRIC THICKNESS
seq_0197,CMP INTERLAYER DIELECTRIC
seq_0197,MEASURE SURFACE PLANARITY
seq_0197,SPIN COAT PHOTORESIST
seq_0197,SOFT BAKE
seq_0197,ALIGN MASK LEVEL 3
seq_0197,EXPOSE LITHO LEVEL 3
seq_0197,DEVELOP PHOTORESIST
seq_0197,VIA OPENING INSPECTION
seq_0197,DIELECTRIC ETCH VIA
seq_0197,STRIP PHOTORESIST
seq_0197,CLEAN AFTER VIA ETCH
seq_0197,DEPOSIT BARRIER METAL
seq_0197,DEPOSIT METAL SEED
seq_0197,FILL VIA METAL
seq_0197,CMP METAL
seq_0197,MEASURE CONTACT RESISTANCE
seq_0197,DEPOSIT TOP METAL
seq_0197,ANNEAL METAL 1
seq_0197,MEASURE METAL THICKNESS
seq_0197,SPIN COAT PHOTORESIST
seq_0197,SOFT BAKE
seq_0197,ALIGN MASK LEVEL 4
seq_0197,EXPOSE LITHO LEVEL 4
seq_0197,POST EXPOSE BAKE
seq_0197,DEVELOP PHOTORESIST
seq_0197,METAL PATTERN INSPECTION
seq_0197,METAL ETCH
seq_0197,STRIP RESIST
seq_0197,CLEAN AFTER METAL ETCH
seq_0197,MEASURE LINE WIDTH
seq_0197,DEPOSIT PASSIVATION LAYER
seq_0197,CURE PASSIVATION
seq_0197,MEASURE PASSIVATION THICKNESS
seq_0197,OPEN BOND PAD WINDOW
seq_0197,PAD WINDOW LITHO
seq_0197,DEVELOP PHOTORESIST
seq_0197,PASSIVATION ETCH
seq_0197,STRIP PHOTORESIST
seq_0197,CLEAN PAD OPENING
seq_0197,MEASURE PAD OPENING
seq_0197,BACKSIDE CLEAN
seq_0197,BACKSIDE GRIND
seq_0197,MEASURE WAFER THICKNESS
seq_0197,BACKSIDE ETCH CLEAN
seq_0197,BACKSIDE RINSE
seq_0197,BACKSIDE DRY
seq_0197,BACKSIDE METALLIZATION PREP
seq_0197,DEPOSIT BACKSIDE METAL
seq_0197,BACKSIDE ANNEAL
seq_0197,MEASURE BACKSIDE CONTACT
seq_0197,FINAL CLEAN
seq_0197,FINAL GEOMETRY CHECK
seq_0197,FINAL CD INSPECTION
seq_0197,PARAMETRIC TEST
seq_0197,LEAKAGE TEST
seq_0197,THRESHOLD VOLTAGE TEST
seq_0197,SWITCHING TEST
seq_0197,WAFER SORT TEST
seq_0197,YIELD ANALYSIS
seq_0197,LOT RELEASE
seq_0197,SHIP LOT
seq_0198,RECEIVE WAFER LOT
seq_0198,LOT IDENTIFICATION
seq_0198,INITIAL WAFER INSPECTION
seq_0198,MEASURE THICKNESS
seq_0198,MEASURE SURFACE PARTICLES
seq_0198,PRE CLEAN WAFER
seq_0198,RCA CLEAN 1
seq_0198,WET CLEAN RCA2
seq_0198,HF DIP
seq_0198,SUBSTRATE CHECK
seq_0198,EPITAXY PREP
seq_0198,EPITAXIAL DEPOSITION
seq_0198,MEASURE EPITAXY THICKNESS
seq_0198,MEASURE RESISTIVITY
seq_0198,EPITAXY ANNEAL
seq_0198,WAFER SURFACE CLEAN
seq_0198,THERMAL OXIDATION
seq_0198,MEASURE OXIDE THICKNESS
seq_0198,SPIN COAT PHOTORESIST
seq_0198,SOFT BAKE
seq_0198,ALIGN MASK LEVEL 1
seq_0198,EXPOSE LITHO LEVEL 1
seq_0198,POST EXPOSE BAKE
seq_0198,DEVELOP PHOTORESIST
seq_0198,PATTERN INSPECTION LEVEL 1
seq_0198,OXIDE ETCH
seq_0198,STRIP RESIST
seq_0198,CLEAN AFTER ETCH
seq_0198,IMPLANT WELL
seq_0198,PRE ANNEAL CHECK
seq_0198,DRIVE IN DIFFUSION
seq_0198,RAPID THERMAL ANNEAL
seq_0198,MEASURE JUNCTION DEPTH
seq_0198,THERMAL OXIDATION
seq_0198,GATE OXIDE PREP
seq_0198,GATE OXIDE GROWTH
seq_0198,MEASURE GATE OXIDE THICKNESS
seq_0198,DEPOSIT POLYSILICON
seq_0198,POLYSILICON ANNEAL
seq_0198,MEASURE POLY THICKNESS
seq_0198,SPIN COAT PHOTORESIST
seq_0198,SOFT BAKE
seq_0198,ALIGN MASK LEVEL 2
seq_0198,EXPOSE LITHO LEVEL 2
seq_0198,DEVELOP PHOTORESIST
seq_0198,POLY PATTERN INSPECTION
seq_0198,HARD BAKE
seq_0198,POLYSILICON ETCH
seq_0198,STRIP RESIST
seq_0198,CLEAN AFTER POLY ETCH
seq_0198,MEASURE GATE CD
seq_0198,IMPLANT SOURCE DRAIN
seq_0198,PRE ANNEAL CHECK
seq_0198,LIGHT ANNEAL
seq_0198,MEASURE SHEET RESISTANCE
seq_0198,DEPOSIT SPACER DIELECTRIC
seq_0198,ANISOTROPIC ETCH SPACER
seq_0198,MEASURE SPACER WIDTH
seq_0198,IMPLANT LDD
seq_0198,RAPID THERMAL ANNEAL
seq_0198,MEASURE JUNCTION PROFILE
seq_0198,DEPOSIT INTERLEVEL DIELECTRIC
seq_0198,DENSIFY DIELECTRIC
seq_0198,MEASURE DIELECTRIC THICKNESS
seq_0198,CMP INTERLAYER DIELECTRIC
seq_0198,MEASURE PLANARITY
seq_0198,SPIN COAT PHOTORESIST
seq_0198,SOFT BAKE
seq_0198,ALIGN MASK LEVEL 3
seq_0198,EXPOSE LITHO LEVEL 3
seq_0198,DEVELOP PHOTORESIST
seq_0198,VIA INSPECTION
seq_0198,VIA ETCH
seq_0198,STRIP PHOTORESIST
seq_0198,CLEAN AFTER VIA ETCH
seq_0198,MEASURE VIA CD
seq_0198,DEPOSIT BARRIER METAL
seq_0198,DEPOSIT METAL SEED
seq_0198,FILL VIA METAL
seq_0198,CMP VIA FILL
seq_0198,MEASURE VIA RESISTANCE
seq_0198,DEPOSIT METAL 1
seq_0198,ANNEAL METAL 1
seq_0198,SPIN COAT PHOTORESIST
seq_0198,SOFT BAKE
seq_0198,ALIGN MASK LEVEL 4
seq_0198,EXPOSE LITHO LEVEL 4
seq_0198,DEVELOP PHOTORESIST
seq_0198,METAL PATTERN INSPECTION
seq_0198,METAL ETCH
seq_0198,STRIP RESIST
seq_0198,CLEAN AFTER METAL ETCH
seq_0198,MEASURE LINE WIDTH
seq_0198,DEPOSIT PASSIVATION
seq_0198,CURE PASSIVATION
seq_0198,MEASURE PASSIVATION THICKNESS
seq_0198,OPEN PAD WINDOW
seq_0198,PAD WINDOW LITHO
seq_0198,DEVELOP PAD WINDOW
seq_0198,PASSIVATION ETCH PAD OPENING
seq_0198,STRIP PHOTORESIST
seq_0198,CLEAN PAD OPENING
seq_0198,MEASURE PAD OPENING
seq_0198,BACKSIDE CLEAN
seq_0198,BACKSIDE GRIND
seq_0198,MEASURE WAFER THICKNESS
seq_0198,BACKSIDE ETCH CLEAN
seq_0198,BACKSIDE RINSE
seq_0198,BACKSIDE DRY
seq_0198,BACKSIDE METALLIZATION PREP
seq_0198,DEPOSIT BACKSIDE METAL
seq_0198,BACKSIDE ANNEAL
seq_0198,MEASURE BACKSIDE CONTACT
seq_0198,FINAL CLEAN
seq_0198,FINAL GEOMETRY CHECK
seq_0198,FINAL CD INSPECTION
seq_0198,FINAL PARTICLE INSPECTION
seq_0198,ELECTRICAL PARAMETRIC TEST
seq_0198,LEAKAGE TEST
seq_0198,THRESHOLD VOLTAGE TEST
seq_0198,SWITCHING TEST
seq_0198,WAFER SORT TEST
seq_0198,YIELD ANALYSIS
seq_0198,LOT RELEASE
seq_0198,SHIP LOT
seq_0199,RECEIVE WAFER LOT
seq_0199,LOT IDENTIFICATION
seq_0199,PRE CLEAN INSPECTION
seq_0199,MEASURE THICKNESS
seq_0199,PRE CLEAN WAFER
seq_0199,BACKSIDE CLEAN
seq_0199,RCA CLEAN 1
seq_0199,RCA CLEAN 2
seq_0199,HF DIP
seq_0199,DRY WAFER
seq_0199,SUBSTRATE CHECK
seq_0199,EPITAXY PREP
seq_0199,EPITAXIAL DEPOSITION
seq_0199,MEASURE EPITAXY THICKNESS
seq_0199,MEASURE RESISTIVITY
seq_0199,EPITAXY ANNEAL
seq_0199,WAFER SURFACE CLEAN
seq_0199,THERMAL OXIDATION
seq_0199,MEASURE OXIDE THICKNESS
seq_0199,SPIN COAT PHOTORESIST
seq_0199,SOFT BAKE
seq_0199,ALIGN MASK LEVEL 1
seq_0199,EXPOSE LITHO LEVEL 1
seq_0199,POST EXPOSE BAKE
seq_0199,DEVELOP PHOTORESIST
seq_0199,PATTERN INSPECTION LEVEL 1
seq_0199,OXIDE ETCH
seq_0199,STRIP PHOTORESIST
seq_0199,CLEAN AFTER ETCH
seq_0199,MEASURE OPENING CD
seq_0199,IMPLANT WELL
seq_0199,DRIVE IN DIFFUSION
seq_0199,RAPID THERMAL ANNEAL
seq_0199,MEASURE JUNCTION DEPTH
seq_0199,THERMAL OXIDATION
seq_0199,GATE OXIDE PREP
seq_0199,GATE OXIDE GROWTH
seq_0199,MEASURE GATE OXIDE THICKNESS
seq_0199,DEPOSIT POLYSILICON
seq_0199,POLYSILICON ANNEAL
seq_0199,MEASURE POLY THICKNESS
seq_0199,SPIN COAT PHOTORESIST
seq_0199,SOFT BAKE
seq_0199,ALIGN MASK LEVEL 2
seq_0199,EXPOSE LITHO LEVEL 2
seq_0199,DEVELOP PHOTORESIST
seq_0199,POLY PATTERN INSPECTION
seq_0199,HARD BAKE
seq_0199,POLYSILICON ETCH
seq_0199,STRIP PHOTORESIST
seq_0199,CLEAN AFTER POLY ETCH
seq_0199,MEASURE GATE CD
seq_0199,IMPLANT SOURCE DRAIN
seq_0199,PRE ANNEAL CHECK
seq_0199,LIGHT ANNEAL
seq_0199,MEASURE SHEET RESISTANCE
seq_0199,DEPOSIT SPACER DIELECTRIC
seq_0199,ANISOTROPIC ETCH SPACER
seq_0199,MEASURE SPACER WIDTH
seq_0199,IMPLANT LDD
seq_0199,PRE ANNEAL CHECK
seq_0199,RAPID THERMAL ANNEAL
seq_0199,MEASURE JUNCTION PROFILE
seq_0199,DEPOSIT INTERLEVEL DIELECTRIC
seq_0199,DENSIFY OXIDE
seq_0199,MEASURE DIELECTRIC THICKNESS
seq_0199,CMP DIELECTRIC
seq_0199,MEASURE SURFACE PLANARITY
seq_0199,SPIN COAT PHOTORESIST
seq_0199,SOFT BAKE
seq_0199,ALIGN MASK LEVEL 3
seq_0199,EXPOSE LITHO LEVEL 3
seq_0199,DEVELOP PHOTORESIST
seq_0199,VIA OPENING INSPECTION
seq_0199,DIELECTRIC ETCH VIA
seq_0199,STRIP RESIST
seq_0199,CLEAN AFTER VIA ETCH
seq_0199,DEPOSIT BARRIER METAL
seq_0199,DEPOSIT METAL SEED
seq_0199,FILL VIA METAL
seq_0199,CMP METAL
seq_0199,MEASURE CONTACT RESISTANCE
seq_0199,DEPOSIT TOP METAL
seq_0199,ANNEAL METAL
seq_0199,SPIN COAT PHOTORESIST
seq_0199,SOFT BAKE
seq_0199,ALIGN MASK LEVEL 4
seq_0199,EXPOSE LITHO LEVEL 4
seq_0199,DEVELOP PHOTORESIST
seq_0199,METAL PATTERN INSPECTION
seq_0199,METAL ETCH
seq_0199,STRIP PHOTORESIST
seq_0199,CLEAN AFTER METAL ETCH
seq_0199,MEASURE LINE WIDTH
seq_0199,DEPOSIT PASSIVATION LAYER
seq_0199,CURE PASSIVATION
seq_0199,MEASURE PASSIVATION THICKNESS
seq_0199,OPEN BOND PAD WINDOW
seq_0199,OPEN PAD WINDOW LITHO
seq_0199,DEVELOP PAD WINDOW
seq_0199,PASSIVATION ETCH PAD OPENING
seq_0199,STRIP RESIST
seq_0199,CLEAN PAD OPENING
seq_0199,MEASURE PAD OPENING
seq_0199,BACKSIDE CLEAN
seq_0199,BACKSIDE GRIND
seq_0199,MEASURE THICKNESS
seq_0199,BACKSIDE ETCH CLEAN
seq_0199,BACKSIDE RINSE
seq_0199,BACKSIDE DRY
seq_0199,BACKSIDE METALLIZATION PREP
seq_0199,DEPOSIT BACKSIDE METAL
seq_0199,BACKSIDE ANNEAL
seq_0199,MEASURE BACKSIDE CONTACT
seq_0199,FINAL CLEAN
seq_0199,FINAL GEOMETRY CHECK
seq_0199,FINAL CD INSPECTION
seq_0199,FINAL PARTICLE INSPECTION
seq_0199,PARAMETRIC TEST
seq_0199,LEAKAGE TEST
seq_0199,THRESHOLD VOLTAGE TEST
seq_0199,SWITCHING TEST
seq_0199,WAFER SORT TEST
seq_0199,YIELD ANALYSIS
seq_0199,LOT RELEASE
seq_0199,SHIP LOT
seq_0200,RECEIVE WAFER LOT
seq_0200,LOT IDENTIFICATION
seq_0200,INITIAL WAFER INSPECTION
seq_0200,MEASURE THICKNESS
seq_0200,PRE CLEAN WAFER
seq_0200,RCA CLEAN 1
seq_0200,WET CLEAN RCA2
seq_0200,HF DIP
seq_0200,DRY WAFER
seq_0200,SUBSTRATE CHECK
seq_0200,EPITAXY PREP
seq_0200,EPITAXIAL DEPOSITION
seq_0200,MEASURE EPITAXY THICKNESS
seq_0200,MEASURE RESISTIVITY
seq_0200,EPITAXY ANNEAL
seq_0200,WAFER SURFACE CLEAN
seq_0200,THERMAL OXIDATION
seq_0200,MEASURE OXIDE THICKNESS
seq_0200,SPIN COAT PHOTORESIST
seq_0200,SOFT BAKE
seq_0200,ALIGN MASK LEVEL 1
seq_0200,EXPOSE LITHO LEVEL 1
seq_0200,DEVELOP PHOTORESIST
seq_0200,PATTERN INSPECTION LEVEL 1
seq_0200,OXIDE ETCH
seq_0200,STRIP PHOTORESIST
seq_0200,CLEAN AFTER ETCH
seq_0200,IMPLANT WELL
seq_0200,DRIVE IN DIFFUSION
seq_0200,RAPID THERMAL ANNEAL
seq_0200,THERMAL OXIDATION
seq_0200,GATE OXIDE PREP
seq_0200,GATE OXIDE GROWTH
seq_0200,MEASURE GATE OXIDE THICKNESS
seq_0200,DEPOSIT POLYSILICON
seq_0200,POLYSILICON ANNEAL
seq_0200,MEASURE POLY THICKNESS
seq_0200,SPIN COAT PHOTORESIST
seq_0200,SOFT BAKE
seq_0200,ALIGN MASK LEVEL 2
seq_0200,EXPOSE LITHO LEVEL 2
seq_0200,DEVELOP PHOTORESIST
seq_0200,POLY PATTERN INSPECTION
seq_0200,POLYSILICON ETCH
seq_0200,STRIP RESIST
seq_0200,CLEAN AFTER POLY ETCH
seq_0200,MEASURE GATE CD
seq_0200,IMPLANT SOURCE DRAIN
seq_0200,LIGHT ANNEAL
seq_0200,MEASURE SHEET RESISTANCE
seq_0200,DEPOSIT SPACER DIELECTRIC
seq_0200,ANISOTROPIC ETCH SPACER
seq_0200,MEASURE SPACER WIDTH
seq_0200,IMPLANT LDD
seq_0200,RAPID THERMAL ANNEAL
seq_0200,MEASURE JUNCTION PROFILE
seq_0200,DEPOSIT INTERLAYER DIELECTRIC
seq_0200,DENSIFY OXIDE
seq_0200,MEASURE FILM THICKNESS
seq_0200,CMP DIELECTRIC
seq_0200,MEASURE SURFACE PLANARITY
seq_0200,SPIN COAT PHOTORESIST
seq_0200,SOFT BAKE
seq_0200,ALIGN MASK LEVEL 3
seq_0200,EXPOSE LITHO LEVEL 3
seq_0200,POST EXPOSE BAKE
seq_0200,DEVELOP PHOTORESIST
seq_0200,VIA INSPECTION
seq_0200,VIA ETCH
seq_0200,STRIP RESIST
seq_0200,CLEAN AFTER VIA ETCH
seq_0200,MEASURE VIA CD
seq_0200,DEPOSIT BARRIER METAL
seq_0200,DEPOSIT METAL SEED
seq_0200,FILL VIA METAL
seq_0200,CMP METAL
seq_0200,MEASURE VIA RESISTANCE
seq_0200,DEPOSIT METAL 1
seq_0200,ANNEAL METAL
seq_0200,MEASURE METAL THICKNESS
seq_0200,SPIN COAT PHOTORESIST
seq_0200,SOFT BAKE
seq_0200,ALIGN MASK LEVEL 4
seq_0200,EXPOSE LITHO LEVEL 4
seq_0200,DEVELOP PHOTORESIST
seq_0200,METAL PATTERN INSPECTION
seq_0200,METAL ETCH
seq_0200,STRIP RESIST
seq_0200,CLEAN AFTER METAL ETCH
seq_0200,MEASURE LINE WIDTH
seq_0200,DEPOSIT PASSIVATION
seq_0200,CURE PASSIVATION
seq_0200,MEASURE PASSIVATION THICKNESS
seq_0200,OPEN BOND PAD WINDOW
seq_0200,OPEN PAD WINDOW LITHO
seq_0200,DEVELOP PAD WINDOW
seq_0200,PASSIVATION ETCH PAD OPENING
seq_0200,STRIP RESIST
seq_0200,CLEAN PAD OPENING
seq_0200,MEASURE PAD OPENING
seq_0200,BACKSIDE CLEAN
seq_0200,BACKSIDE GRIND
seq_0200,MEASURE WAFER THICKNESS
seq_0200,BACKSIDE ETCH CLEAN
seq_0200,BACKSIDE RINSE
seq_0200,BACKSIDE DRY
seq_0200,BACKSIDE METALLIZATION PREP
seq_0200,DEPOSIT BACKSIDE METAL
seq_0200,BACKSIDE ANNEAL
seq_0200,MEASURE BACKSIDE CONTACT
seq_0200,FINAL CLEAN
seq_0200,FINAL THICKNESS MEASURE
seq_0200,FINAL GEOMETRY CHECK
seq_0200,FINAL CD INSPECTION
seq_0200,ELECTRICAL PARAMETRIC TEST
seq_0200,LEAKAGE TEST
seq_0200,THRESHOLD VOLTAGE TEST
seq_0200,SWITCHING TEST
seq_0200,WAFER SORT TEST
seq_0200,YIELD ANALYSIS
seq_0200,LOT RELEASE
seq_0200,SHIP LOT
seq_0201,RECEIVE WAFER LOT
seq_0201,LOT IDENTIFICATION
seq_0201,INITIAL WAFER INSPECTION
seq_0201,MEASURE SURFACE PARTICLES
seq_0201,PRE CLEAN WAFER
seq_0201,FRONTSIDE CLEAN
seq_0201,WET CLEAN RCA1
seq_0201,RCA CLEAN 2
seq_0201,HF DIP
seq_0201,SUBSTRATE CHECK
seq_0201,EPITAXY PREP
seq_0201,EPITAXIAL DEPOSITION
seq_0201,MEASURE EPITAXY THICKNESS
seq_0201,MEASURE RESISTIVITY
seq_0201,EPITAXY ANNEAL
seq_0201,WAFER SURFACE CLEAN
seq_0201,THERMAL OXIDATION
seq_0201,MEASURE OXIDE THICKNESS
seq_0201,SPIN COAT PHOTORESIST
seq_0201,SOFT BAKE
seq_0201,ALIGN MASK LEVEL 1
seq_0201,EXPOSE LITHO LEVEL 1
seq_0201,DEVELOP PHOTORESIST
seq_0201,PATTERN INSPECTION LEVEL 1
seq_0201,HARD BAKE
seq_0201,OXIDE ETCH
seq_0201,STRIP PHOTORESIST
seq_0201,CLEAN AFTER ETCH
seq_0201,IMPLANT WELL
seq_0201,PRE ANNEAL CHECK
seq_0201,DRIVE IN DIFFUSION
seq_0201,RAPID THERMAL ANNEAL
seq_0201,MEASURE JUNCTION DEPTH
seq_0201,THERMAL OXIDATION
seq_0201,GATE OXIDE PREP
seq_0201,GATE OXIDE GROWTH
seq_0201,MEASURE GATE OXIDE THICKNESS
seq_0201,DEPOSIT POLYSILICON
seq_0201,POLYSILICON ANNEAL
seq_0201,MEASURE POLY THICKNESS
seq_0201,SPIN COAT PHOTORESIST
seq_0201,SOFT BAKE
seq_0201,ALIGN MASK LEVEL 2
seq_0201,EXPOSE LITHO LEVEL 2
seq_0201,DEVELOP PHOTORESIST
seq_0201,POLY PATTERN INSPECTION
seq_0201,HARD BAKE
seq_0201,POLYSILICON ETCH
seq_0201,STRIP PHOTORESIST
seq_0201,CLEAN AFTER POLY ETCH
seq_0201,IMPLANT SOURCE DRAIN
seq_0201,PRE ANNEAL CHECK
seq_0201,LIGHT ANNEAL
seq_0201,MEASURE SHEET RESISTANCE
seq_0201,DEPOSIT SPACER DIELECTRIC
seq_0201,ANISOTROPIC ETCH SPACER
seq_0201,MEASURE SPACER WIDTH
seq_0201,IMPLANT LDD
seq_0201,PRE ANNEAL CHECK
seq_0201,RAPID THERMAL ANNEAL
seq_0201,DEPOSIT INTERLAYER DIELECTRIC
seq_0201,DENSIFY DIELECTRIC
seq_0201,MEASURE DIELECTRIC THICKNESS
seq_0201,CMP DIELECTRIC
seq_0201,MEASURE PLANARITY
seq_0201,SPIN COAT PHOTORESIST
seq_0201,SOFT BAKE
seq_0201,ALIGN MASK LEVEL 3
seq_0201,EXPOSE LITHO LEVEL 3
seq_0201,DEVELOP PHOTORESIST
seq_0201,VIA OPENING INSPECTION
seq_0201,VIA ETCH THROUGH DIELECTRIC
seq_0201,STRIP PHOTORESIST
seq_0201,CLEAN AFTER VIA ETCH
seq_0201,MEASURE VIA CD
seq_0201,DEPOSIT BARRIER METAL
seq_0201,DEPOSIT METAL SEED
seq_0201,FILL VIA METAL
seq_0201,CMP VIA FILL
seq_0201,MEASURE VIA RESISTANCE
seq_0201,DEPOSIT TOP METAL
seq_0201,ANNEAL METAL
seq_0201,SPIN COAT PHOTORESIST
seq_0201,SOFT BAKE
seq_0201,ALIGN MASK LEVEL 4
seq_0201,EXPOSE LITHO LEVEL 4
seq_0201,DEVELOP PHOTORESIST
seq_0201,METAL PATTERN INSPECTION
seq_0201,METAL ETCH
seq_0201,STRIP RESIST
seq_0201,CLEAN AFTER METAL ETCH
seq_0201,DEPOSIT PASSIVATION LAYER
seq_0201,CURE PASSIVATION
seq_0201,MEASURE PASSIVATION QUALITY
seq_0201,OPEN PAD WINDOW
seq_0201,OPEN PAD WINDOW LITHO
seq_0201,DEVELOP PHOTORESIST
seq_0201,PASSIVATION ETCH PAD OPENING
seq_0201,STRIP RESIST
seq_0201,CLEAN PAD OPENING
seq_0201,MEASURE PAD OPENING
seq_0201,BACKSIDE CLEAN
seq_0201,BACKSIDE GRIND
seq_0201,MEASURE THICKNESS
seq_0201,BACKSIDE ETCH CLEAN
seq_0201,BACKSIDE RINSE
seq_0201,BACKSIDE DRY
seq_0201,BACKSIDE METALLIZATION PREP
seq_0201,DEPOSIT BACKSIDE METAL
seq_0201,BACKSIDE ANNEAL
seq_0201,MEASURE BACKSIDE CONTACT
seq_0201,FINAL CLEAN
seq_0201,FINAL GEOMETRY CHECK
seq_0201,FINAL PARTICLE INSPECTION
seq_0201,ELECTRICAL PARAMETRIC TEST
seq_0201,LEAKAGE TEST
seq_0201,THRESHOLD VOLTAGE TEST
seq_0201,SWITCHING TEST
seq_0201,WAFER SORT TEST
seq_0201,YIELD ANALYSIS
seq_0201,FINAL LOT RELEASE
seq_0201,SHIP LOT
seq_0202,RECEIVE WAFER LOT
seq_0202,LOT IDENTIFICATION
seq_0202,INITIAL WAFER INSPECTION
seq_0202,MEASURE THICKNESS
seq_0202,MEASURE SURFACE PARTICLES
seq_0202,PRE CLEAN WAFER
seq_0202,RCA CLEAN 1
seq_0202,WET CLEAN RCA2
seq_0202,HF DIP
seq_0202,DRY WAFER
seq_0202,SUBSTRATE CHECK
seq_0202,EPITAXY PREP
seq_0202,EPITAXIAL DEPOSITION
seq_0202,MEASURE EPITAXY THICKNESS
seq_0202,MEASURE RESISTIVITY
seq_0202,EPITAXY ANNEAL
seq_0202,WAFER SURFACE CLEAN
seq_0202,THERMAL OXIDATION
seq_0202,MEASURE OXIDE THICKNESS
seq_0202,SPIN COAT PHOTORESIST
seq_0202,SOFT BAKE
seq_0202,ALIGN MASK LEVEL 1
seq_0202,EXPOSE LITHO LEVEL 1
seq_0202,DEVELOP PHOTORESIST
seq_0202,PATTERN INSPECTION LEVEL 1
seq_0202,HARD BAKE
seq_0202,OXIDE ETCH
seq_0202,STRIP PHOTORESIST
seq_0202,CLEAN AFTER ETCH
seq_0202,MEASURE OPENING CD
seq_0202,IMPLANT WELL
seq_0202,PRE ANNEAL CHECK
seq_0202,DRIVE IN DIFFUSION
seq_0202,RAPID THERMAL ANNEAL
seq_0202,MEASURE JUNCTION DEPTH
seq_0202,THERMAL OXIDATION
seq_0202,GATE OXIDE PREP
seq_0202,GATE OXIDE GROWTH
seq_0202,MEASURE GATE OXIDE THICKNESS
seq_0202,DEPOSIT POLYSILICON
seq_0202,POLYSILICON ANNEAL
seq_0202,MEASURE POLY THICKNESS
seq_0202,SPIN COAT PHOTORESIST
seq_0202,SOFT BAKE
seq_0202,ALIGN MASK LEVEL 2
seq_0202,EXPOSE LITHO LEVEL 2
seq_0202,DEVELOP PHOTORESIST
seq_0202,POLY PATTERN INSPECTION
seq_0202,POLYSILICON ETCH
seq_0202,STRIP RESIST
seq_0202,CLEAN AFTER POLY ETCH
seq_0202,MEASURE GATE CD
seq_0202,IMPLANT SOURCE DRAIN
seq_0202,LIGHT ANNEAL
seq_0202,MEASURE SHEET RESISTANCE
seq_0202,DEPOSIT SPACER DIELECTRIC
seq_0202,ANISOTROPIC ETCH SPACER
seq_0202,MEASURE SPACER WIDTH
seq_0202,IMPLANT LDD
seq_0202,PRE ANNEAL CHECK
seq_0202,RAPID THERMAL ANNEAL
seq_0202,MEASURE JUNCTION PROFILE
seq_0202,DEPOSIT INTERLEVEL DIELECTRIC
seq_0202,DENSIFY DIELECTRIC
seq_0202,MEASURE FILM THICKNESS
seq_0202,CMP INTERLAYER DIELECTRIC
seq_0202,MEASURE SURFACE PLANARITY
seq_0202,SPIN COAT PHOTORESIST
seq_0202,SOFT BAKE
seq_0202,ALIGN MASK LEVEL 3
seq_0202,EXPOSE LITHO LEVEL 3
seq_0202,DEVELOP PHOTORESIST
seq_0202,VIA OPENING INSPECTION
seq_0202,VIA ETCH THROUGH DIELECTRIC
seq_0202,STRIP RESIST
seq_0202,CLEAN AFTER VIA ETCH
seq_0202,MEASURE VIA CD
seq_0202,DEPOSIT BARRIER METAL
seq_0202,DEPOSIT METAL SEED
seq_0202,FILL VIA METAL
seq_0202,CMP VIA FILL
seq_0202,MEASURE VIA RESISTANCE
seq_0202,DEPOSIT TOP METAL
seq_0202,ANNEAL METAL 1
seq_0202,MEASURE METAL THICKNESS
seq_0202,SPIN COAT PHOTORESIST
seq_0202,SOFT BAKE
seq_0202,ALIGN MASK LEVEL 4
seq_0202,EXPOSE LITHO LEVEL 4
seq_0202,POST EXPOSE BAKE
seq_0202,DEVELOP PHOTORESIST
seq_0202,METAL PATTERN INSPECTION
seq_0202,METAL ETCH
seq_0202,STRIP PHOTORESIST
seq_0202,CLEAN AFTER METAL ETCH
seq_0202,MEASURE LINE WIDTH
seq_0202,DEPOSIT PASSIVATION
seq_0202,CURE PASSIVATION
seq_0202,MEASURE PASSIVATION THICKNESS
seq_0202,OPEN BOND PAD WINDOW
seq_0202,OPEN PAD WINDOW LITHO
seq_0202,DEVELOP PHOTORESIST
seq_0202,PASSIVATION ETCH
seq_0202,STRIP RESIST
seq_0202,CLEAN PAD OPENING
seq_0202,MEASURE PAD OPENING
seq_0202,BACKSIDE CLEAN
seq_0202,BACKSIDE GRIND
seq_0202,MEASURE WAFER THICKNESS
seq_0202,BACKSIDE ETCH CLEAN
seq_0202,BACKSIDE RINSE
seq_0202,BACKSIDE DRY
seq_0202,BACKSIDE METALLIZATION PREP
seq_0202,DEPOSIT BACKSIDE METAL
seq_0202,BACKSIDE ANNEAL
seq_0202,MEASURE BACKSIDE CONTACT
seq_0202,FINAL CLEAN
seq_0202,FINAL THICKNESS MEASURE
seq_0202,FINAL GEOMETRY CHECK
seq_0202,FINAL PARTICLE INSPECTION
seq_0202,ELECTRICAL PARAMETRIC TEST
seq_0202,LEAKAGE TEST
seq_0202,THRESHOLD VOLTAGE TEST
seq_0202,SWITCHING TEST
seq_0202,WAFER SORT TEST
seq_0202,YIELD ANALYSIS
seq_0202,LOT RELEASE
seq_0202,SHIP LOT
seq_0203,RECEIVE WAFER LOT
seq_0203,LOT IDENTIFICATION
seq_0203,PRE CLEAN INSPECTION
seq_0203,MEASURE SURFACE PARTICLES
seq_0203,PRE CLEAN WAFER
seq_0203,FRONTSIDE CLEAN
seq_0203,WET CLEAN RCA1
seq_0203,WET CLEAN RCA2
seq_0203,HF DIP
seq_0203,SUBSTRATE CHECK
seq_0203,EPITAXY PREP
seq_0203,EPITAXIAL DEPOSITION
seq_0203,MEASURE EPITAXY THICKNESS
seq_0203,MEASURE RESISTIVITY
seq_0203,EPITAXY ANNEAL
seq_0203,WAFER SURFACE CLEAN
seq_0203,THERMAL OXIDATION
seq_0203,MEASURE OXIDE THICKNESS
seq_0203,SPIN COAT PHOTORESIST
seq_0203,SOFT BAKE
seq_0203,ALIGN MASK LEVEL 1
seq_0203,EXPOSE LITHO LEVEL 1
seq_0203,DEVELOP PHOTORESIST
seq_0203,PATTERN INSPECTION LEVEL 1
seq_0203,OXIDE ETCH
seq_0203,STRIP PHOTORESIST
seq_0203,CLEAN AFTER ETCH
seq_0203,MEASURE OPENING CD
seq_0203,IMPLANT WELL
seq_0203,PRE ANNEAL CHECK
seq_0203,DRIVE IN DIFFUSION
seq_0203,RAPID THERMAL ANNEAL
seq_0203,MEASURE JUNCTION DEPTH
seq_0203,THERMAL OXIDATION
seq_0203,GATE OXIDE PREP
seq_0203,GATE OXIDE GROWTH
seq_0203,MEASURE GATE OXIDE THICKNESS
seq_0203,DEPOSIT POLYSILICON
seq_0203,POLYSILICON ANNEAL
seq_0203,SPIN COAT PHOTORESIST
seq_0203,SOFT BAKE
seq_0203,ALIGN MASK LEVEL 2
seq_0203,EXPOSE LITHO LEVEL 2
seq_0203,POST EXPOSE BAKE
seq_0203,DEVELOP PHOTORESIST
seq_0203,POLY PATTERN INSPECTION
seq_0203,HARD BAKE
seq_0203,POLYSILICON ETCH
seq_0203,STRIP PHOTORESIST
seq_0203,CLEAN AFTER POLY ETCH
seq_0203,MEASURE GATE CD
seq_0203,IMPLANT SOURCE DRAIN
seq_0203,PRE ANNEAL CHECK
seq_0203,LIGHT ANNEAL
seq_0203,MEASURE SHEET RESISTANCE
seq_0203,DEPOSIT SPACER DIELECTRIC
seq_0203,ANISOTROPIC ETCH SPACER
seq_0203,IMPLANT LDD
seq_0203,RAPID THERMAL ANNEAL
seq_0203,MEASURE JUNCTION PROFILE
seq_0203,DEPOSIT INTERLAYER DIELECTRIC
seq_0203,DENSIFY DIELECTRIC
seq_0203,MEASURE DIELECTRIC THICKNESS
seq_0203,CMP DIELECTRIC
seq_0203,MEASURE PLANARITY
seq_0203,SPIN COAT PHOTORESIST
seq_0203,SOFT BAKE
seq_0203,ALIGN MASK LEVEL 3
seq_0203,EXPOSE LITHO LEVEL 3
seq_0203,POST EXPOSE BAKE
seq_0203,DEVELOP PHOTORESIST
seq_0203,VIA INSPECTION
seq_0203,HARD BAKE
seq_0203,VIA ETCH THROUGH DIELECTRIC
seq_0203,STRIP PHOTORESIST
seq_0203,CLEAN AFTER VIA ETCH
seq_0203,MEASURE VIA CD
seq_0203,DEPOSIT BARRIER METAL
seq_0203,DEPOSIT METAL SEED
seq_0203,FILL VIA METAL
seq_0203,CMP METAL
seq_0203,MEASURE VIA RESISTANCE
seq_0203,DEPOSIT METAL 1
seq_0203,ANNEAL METAL 1
seq_0203,SPIN COAT PHOTORESIST
seq_0203,SOFT BAKE
seq_0203,ALIGN MASK LEVEL 4
seq_0203,EXPOSE LITHO LEVEL 4
seq_0203,DEVELOP PHOTORESIST
seq_0203,METAL PATTERN INSPECTION
seq_0203,HARD BAKE
seq_0203,METAL ETCH
seq_0203,STRIP PHOTORESIST
seq_0203,CLEAN AFTER METAL ETCH
seq_0203,DEPOSIT PASSIVATION LAYER
seq_0203,CURE PASSIVATION
seq_0203,MEASURE PASSIVATION QUALITY
seq_0203,OPEN PAD WINDOW
seq_0203,PAD WINDOW LITHO
seq_0203,DEVELOP PHOTORESIST
seq_0203,PASSIVATION ETCH PAD OPENING
seq_0203,STRIP RESIST
seq_0203,CLEAN PAD OPENING
seq_0203,MEASURE PAD OPENING
seq_0203,BACKSIDE CLEAN
seq_0203,BACKSIDE GRIND
seq_0203,MEASURE THICKNESS
seq_0203,BACKSIDE ETCH CLEAN
seq_0203,BACKSIDE RINSE
seq_0203,BACKSIDE DRY
seq_0203,BACKSIDE METALLIZATION PREP
seq_0203,DEPOSIT BACKSIDE METAL
seq_0203,BACKSIDE ANNEAL
seq_0203,MEASURE BACKSIDE CONTACT
seq_0203,FINAL CLEAN
seq_0203,FINAL CD INSPECTION
seq_0203,FINAL PARTICLE INSPECTION
seq_0203,PARAMETRIC TEST
seq_0203,LEAKAGE TEST
seq_0203,THRESHOLD VOLTAGE TEST
seq_0203,SWITCHING TEST
seq_0203,WAFER SORT TEST
seq_0203,YIELD ANALYSIS
seq_0203,LOT RELEASE
seq_0203,SHIP LOT
seq_0204,RECEIVE WAFER LOT
seq_0204,LOT IDENTIFICATION
seq_0204,PRE CLEAN INSPECTION
seq_0204,MEASURE THICKNESS
seq_0204,PRE CLEAN WAFER
seq_0204,WET CLEAN RCA1
seq_0204,WET CLEAN RCA2
seq_0204,HF DIP
seq_0204,SUBSTRATE CHECK
seq_0204,EPITAXY PREP
seq_0204,EPITAXIAL DEPOSITION
seq_0204,MEASURE EPITAXY THICKNESS
seq_0204,MEASURE RESISTIVITY
seq_0204,EPITAXY ANNEAL
seq_0204,WAFER SURFACE CLEAN
seq_0204,THERMAL OXIDATION
seq_0204,MEASURE OXIDE THICKNESS
seq_0204,SPIN COAT PHOTORESIST
seq_0204,SOFT BAKE
seq_0204,ALIGN MASK LEVEL 1
seq_0204,EXPOSE LITHO LEVEL 1
seq_0204,DEVELOP PHOTORESIST
seq_0204,PATTERN INSPECTION LEVEL 1
seq_0204,OXIDE ETCH
seq_0204,STRIP RESIST
seq_0204,CLEAN AFTER ETCH
seq_0204,MEASURE OPENING CD
seq_0204,IMPLANT WELL
seq_0204,PRE ANNEAL CHECK
seq_0204,DRIVE IN DIFFUSION
seq_0204,RAPID THERMAL ANNEAL
seq_0204,MEASURE JUNCTION DEPTH
seq_0204,THERMAL OXIDATION
seq_0204,GATE OXIDE PREP
seq_0204,GATE OXIDE GROWTH
seq_0204,MEASURE GATE OXIDE THICKNESS
seq_0204,DEPOSIT POLYSILICON
seq_0204,POLYSILICON ANNEAL
seq_0204,MEASURE POLY THICKNESS
seq_0204,SPIN COAT PHOTORESIST
seq_0204,SOFT BAKE
seq_0204,ALIGN MASK LEVEL 2
seq_0204,EXPOSE LITHO LEVEL 2
seq_0204,POST EXPOSE BAKE
seq_0204,DEVELOP PHOTORESIST
seq_0204,POLY PATTERN INSPECTION
seq_0204,HARD BAKE
seq_0204,POLYSILICON ETCH
seq_0204,STRIP PHOTORESIST
seq_0204,CLEAN AFTER POLY ETCH
seq_0204,MEASURE GATE CD
seq_0204,IMPLANT SOURCE DRAIN
seq_0204,PRE ANNEAL CHECK
seq_0204,LIGHT ANNEAL
seq_0204,DEPOSIT SPACER DIELECTRIC
seq_0204,ANISOTROPIC ETCH SPACER
seq_0204,MEASURE SPACER WIDTH
seq_0204,IMPLANT LDD
seq_0204,PRE ANNEAL CHECK
seq_0204,RAPID THERMAL ANNEAL
seq_0204,MEASURE JUNCTION PROFILE
seq_0204,DEPOSIT INTERLEVEL DIELECTRIC
seq_0204,DENSIFY DIELECTRIC
seq_0204,MEASURE DIELECTRIC THICKNESS
seq_0204,CMP DIELECTRIC
seq_0204,MEASURE PLANARITY
seq_0204,SPIN COAT PHOTORESIST
seq_0204,SOFT BAKE
seq_0204,ALIGN MASK LEVEL 3
seq_0204,EXPOSE LITHO LEVEL 3
seq_0204,POST EXPOSE BAKE
seq_0204,DEVELOP PHOTORESIST
seq_0204,VIA INSPECTION
seq_0204,HARD BAKE
seq_0204,VIA ETCH THROUGH DIELECTRIC
seq_0204,STRIP PHOTORESIST
seq_0204,CLEAN AFTER VIA ETCH
seq_0204,MEASURE VIA CD
seq_0204,DEPOSIT BARRIER METAL
seq_0204,DEPOSIT METAL SEED
seq_0204,FILL VIA METAL
seq_0204,CMP METAL
seq_0204,DEPOSIT METAL 1
seq_0204,ANNEAL METAL
seq_0204,SPIN COAT PHOTORESIST
seq_0204,SOFT BAKE
seq_0204,ALIGN MASK LEVEL 4
seq_0204,EXPOSE LITHO LEVEL 4
seq_0204,POST EXPOSE BAKE
seq_0204,DEVELOP PHOTORESIST
seq_0204,METAL PATTERN INSPECTION
seq_0204,METAL ETCH
seq_0204,STRIP RESIST
seq_0204,CLEAN AFTER METAL ETCH
seq_0204,MEASURE LINE WIDTH
seq_0204,DEPOSIT PASSIVATION LAYER
seq_0204,CURE PASSIVATION
seq_0204,MEASURE PASSIVATION THICKNESS
seq_0204,OPEN BOND PAD WINDOW
seq_0204,OPEN PAD WINDOW LITHO
seq_0204,DEVELOP PAD WINDOW
seq_0204,PASSIVATION ETCH PAD OPENING
seq_0204,STRIP PHOTORESIST
seq_0204,CLEAN PAD OPENING
seq_0204,MEASURE PAD OPENING
seq_0204,BACKSIDE CLEAN
seq_0204,BACKSIDE GRIND
seq_0204,MEASURE THICKNESS
seq_0204,BACKSIDE ETCH CLEAN
seq_0204,BACKSIDE RINSE
seq_0204,BACKSIDE DRY
seq_0204,BACKSIDE METALLIZATION PREP
seq_0204,DEPOSIT BACKSIDE METAL
seq_0204,BACKSIDE ANNEAL
seq_0204,MEASURE BACKSIDE CONTACT
seq_0204,FINAL CLEAN
seq_0204,FINAL THICKNESS MEASURE
seq_0204,FINAL GEOMETRY CHECK
seq_0204,FINAL CD INSPECTION
seq_0204,FINAL PARTICLE INSPECTION
seq_0204,ELECTRICAL PARAMETRIC TEST
seq_0204,LEAKAGE TEST
seq_0204,THRESHOLD VOLTAGE TEST
seq_0204,SWITCHING TEST
seq_0204,WAFER SORT TEST
seq_0204,YIELD ANALYSIS
seq_0204,FINAL LOT RELEASE
seq_0204,SHIP LOT
seq_0205,RECEIVE WAFER LOT
seq_0205,LOT IDENTIFICATION
seq_0205,INITIAL WAFER INSPECTION
seq_0205,MEASURE SURFACE PARTICLES
seq_0205,PRE CLEAN WAFER
seq_0205,FRONTSIDE CLEAN
seq_0205,RCA CLEAN 1
seq_0205,RCA CLEAN 2
seq_0205,HF DIP
seq_0205,DRY WAFER
seq_0205,SUBSTRATE CHECK
seq_0205,EPITAXY PREP
seq_0205,EPITAXIAL DEPOSITION
seq_0205,MEASURE EPITAXY THICKNESS
seq_0205,MEASURE RESISTIVITY
seq_0205,EPITAXY ANNEAL
seq_0205,WAFER SURFACE CLEAN
seq_0205,THERMAL OXIDATION
seq_0205,MEASURE OXIDE THICKNESS
seq_0205,SPIN COAT PHOTORESIST
seq_0205,SOFT BAKE
seq_0205,ALIGN MASK LEVEL 1
seq_0205,EXPOSE LITHO LEVEL 1
seq_0205,DEVELOP PHOTORESIST
seq_0205,PATTERN INSPECTION LEVEL 1
seq_0205,HARD BAKE
seq_0205,OXIDE ETCH
seq_0205,STRIP RESIST
seq_0205,CLEAN AFTER ETCH
seq_0205,MEASURE OPENING CD
seq_0205,IMPLANT WELL
seq_0205,PRE ANNEAL CHECK
seq_0205,DRIVE IN DIFFUSION
seq_0205,RAPID THERMAL ANNEAL
seq_0205,MEASURE JUNCTION DEPTH
seq_0205,THERMAL OXIDATION
seq_0205,GATE OXIDE PREP
seq_0205,GATE OXIDE GROWTH
seq_0205,MEASURE GATE OXIDE THICKNESS
seq_0205,DEPOSIT POLYSILICON
seq_0205,POLYSILICON ANNEAL
seq_0205,MEASURE POLY THICKNESS
seq_0205,SPIN COAT PHOTORESIST
seq_0205,SOFT BAKE
seq_0205,ALIGN MASK LEVEL 2
seq_0205,EXPOSE LITHO LEVEL 2
seq_0205,DEVELOP PHOTORESIST
seq_0205,POLY PATTERN INSPECTION
seq_0205,POLYSILICON ETCH
seq_0205,STRIP RESIST
seq_0205,CLEAN AFTER POLY ETCH
seq_0205,IMPLANT SOURCE DRAIN
seq_0205,LIGHT ANNEAL
seq_0205,MEASURE SHEET RESISTANCE
seq_0205,DEPOSIT SPACER DIELECTRIC
seq_0205,ANISOTROPIC ETCH SPACER
seq_0205,MEASURE SPACER WIDTH
seq_0205,IMPLANT LDD
seq_0205,PRE ANNEAL CHECK
seq_0205,RAPID THERMAL ANNEAL
seq_0205,MEASURE JUNCTION PROFILE
seq_0205,DEPOSIT INTERLEVEL DIELECTRIC
seq_0205,DENSIFY DIELECTRIC
seq_0205,MEASURE DIELECTRIC THICKNESS
seq_0205,CMP DIELECTRIC
seq_0205,MEASURE SURFACE PLANARITY
seq_0205,SPIN COAT PHOTORESIST
seq_0205,SOFT BAKE
seq_0205,ALIGN MASK LEVEL 3
seq_0205,EXPOSE LITHO LEVEL 3
seq_0205,DEVELOP PHOTORESIST
seq_0205,VIA INSPECTION
seq_0205,DIELECTRIC ETCH VIA
seq_0205,STRIP PHOTORESIST
seq_0205,CLEAN AFTER VIA ETCH
seq_0205,MEASURE VIA CD
seq_0205,DEPOSIT BARRIER METAL
seq_0205,DEPOSIT METAL SEED
seq_0205,FILL VIA METAL
seq_0205,CMP METAL
seq_0205,DEPOSIT TOP METAL
seq_0205,ANNEAL METAL
seq_0205,SPIN COAT PHOTORESIST
seq_0205,SOFT BAKE
seq_0205,ALIGN MASK LEVEL 4
seq_0205,EXPOSE LITHO LEVEL 4
seq_0205,POST EXPOSE BAKE
seq_0205,DEVELOP PHOTORESIST
seq_0205,METAL PATTERN INSPECTION
seq_0205,METAL ETCH
seq_0205,STRIP RESIST
seq_0205,CLEAN AFTER METAL ETCH
seq_0205,MEASURE LINE WIDTH
seq_0205,DEPOSIT PASSIVATION LAYER
seq_0205,CURE PASSIVATION
seq_0205,MEASURE PASSIVATION THICKNESS
seq_0205,OPEN PAD WINDOW
seq_0205,PAD WINDOW LITHO
seq_0205,DEVELOP PHOTORESIST
seq_0205,PASSIVATION ETCH PAD OPENING
seq_0205,STRIP PHOTORESIST
seq_0205,CLEAN PAD OPENING
seq_0205,MEASURE PAD OPENING
seq_0205,BACKSIDE CLEAN
seq_0205,BACKSIDE GRIND
seq_0205,MEASURE THICKNESS
seq_0205,BACKSIDE ETCH CLEAN
seq_0205,BACKSIDE RINSE
seq_0205,BACKSIDE DRY
seq_0205,BACKSIDE METALLIZATION PREP
seq_0205,DEPOSIT BACKSIDE METAL
seq_0205,BACKSIDE ANNEAL
seq_0205,MEASURE BACKSIDE CONTACT
seq_0205,FINAL CLEAN
seq_0205,FINAL THICKNESS MEASURE
seq_0205,FINAL GEOMETRY CHECK
seq_0205,FINAL PARTICLE INSPECTION
seq_0205,PARAMETRIC TEST
seq_0205,LEAKAGE TEST
seq_0205,THRESHOLD VOLTAGE TEST
seq_0205,SWITCHING TEST
seq_0205,WAFER SORT TEST
seq_0205,YIELD ANALYSIS
seq_0205,FINAL LOT RELEASE
seq_0205,SHIP LOT
seq_0206,RECEIVE WAFER LOT
seq_0206,LOT IDENTIFICATION
seq_0206,PRE CLEAN INSPECTION
seq_0206,MEASURE THICKNESS
seq_0206,MEASURE SURFACE PARTICLES
seq_0206,PRE CLEAN WAFER
seq_0206,WET CLEAN RCA1
seq_0206,RCA CLEAN 2
seq_0206,HF DIP
seq_0206,DRY WAFER
seq_0206,SUBSTRATE CHECK
seq_0206,EPITAXY PREP
seq_0206,EPITAXIAL DEPOSITION
seq_0206,MEASURE EPITAXY THICKNESS
seq_0206,MEASURE RESISTIVITY
seq_0206,EPITAXY ANNEAL
seq_0206,WAFER SURFACE CLEAN
seq_0206,THERMAL OXIDATION
seq_0206,MEASURE OXIDE THICKNESS
seq_0206,SPIN COAT PHOTORESIST
seq_0206,SOFT BAKE
seq_0206,ALIGN MASK LEVEL 1
seq_0206,EXPOSE LITHO LEVEL 1
seq_0206,DEVELOP PHOTORESIST
seq_0206,PATTERN INSPECTION LEVEL 1
seq_0206,HARD BAKE
seq_0206,OXIDE ETCH
seq_0206,STRIP RESIST
seq_0206,CLEAN AFTER ETCH
seq_0206,IMPLANT WELL
seq_0206,PRE ANNEAL CHECK
seq_0206,DRIVE IN DIFFUSION
seq_0206,RAPID THERMAL ANNEAL
seq_0206,THERMAL OXIDATION
seq_0206,GATE OXIDE PREP
seq_0206,GATE OXIDE GROWTH
seq_0206,MEASURE GATE OXIDE THICKNESS
seq_0206,DEPOSIT POLYSILICON
seq_0206,POLYSILICON ANNEAL
seq_0206,MEASURE POLY THICKNESS
seq_0206,SPIN COAT PHOTORESIST
seq_0206,SOFT BAKE
seq_0206,ALIGN MASK LEVEL 2
seq_0206,EXPOSE LITHO LEVEL 2
seq_0206,DEVELOP PHOTORESIST
seq_0206,POLY PATTERN INSPECTION
seq_0206,HARD BAKE
seq_0206,POLYSILICON ETCH
seq_0206,STRIP PHOTORESIST
seq_0206,CLEAN AFTER POLY ETCH
seq_0206,IMPLANT SOURCE DRAIN
seq_0206,PRE ANNEAL CHECK
seq_0206,LIGHT ANNEAL
seq_0206,MEASURE SHEET RESISTANCE
seq_0206,DEPOSIT SPACER DIELECTRIC
seq_0206,ANISOTROPIC ETCH SPACER
seq_0206,MEASURE SPACER WIDTH
seq_0206,IMPLANT LDD
seq_0206,RAPID THERMAL ANNEAL
seq_0206,DEPOSIT INTERLAYER DIELECTRIC
seq_0206,DENSIFY OXIDE
seq_0206,MEASURE FILM THICKNESS
seq_0206,CMP INTERLAYER DIELECTRIC
seq_0206,MEASURE PLANARITY
seq_0206,SPIN COAT PHOTORESIST
seq_0206,SOFT BAKE
seq_0206,ALIGN MASK LEVEL 3
seq_0206,EXPOSE LITHO LEVEL 3
seq_0206,DEVELOP PHOTORESIST
seq_0206,VIA OPENING INSPECTION
seq_0206,VIA ETCH THROUGH DIELECTRIC
seq_0206,STRIP RESIST
seq_0206,CLEAN AFTER VIA ETCH
seq_0206,MEASURE VIA CD
seq_0206,DEPOSIT BARRIER METAL
seq_0206,DEPOSIT METAL SEED
seq_0206,FILL VIA METAL
seq_0206,CMP VIA FILL
seq_0206,MEASURE VIA RESISTANCE
seq_0206,DEPOSIT TOP METAL
seq_0206,ANNEAL METAL
seq_0206,SPIN COAT PHOTORESIST
seq_0206,SOFT BAKE
seq_0206,ALIGN MASK LEVEL 4
seq_0206,EXPOSE LITHO LEVEL 4
seq_0206,DEVELOP PHOTORESIST
seq_0206,METAL PATTERN INSPECTION
seq_0206,METAL ETCH
seq_0206,STRIP RESIST
seq_0206,CLEAN AFTER METAL ETCH
seq_0206,MEASURE LINE WIDTH
seq_0206,DEPOSIT PASSIVATION LAYER
seq_0206,CURE PASSIVATION
seq_0206,MEASURE PASSIVATION QUALITY
seq_0206,OPEN PAD WINDOW
seq_0206,PAD WINDOW LITHO
seq_0206,DEVELOP PHOTORESIST
seq_0206,PASSIVATION ETCH PAD OPENING
seq_0206,STRIP RESIST
seq_0206,CLEAN PAD OPENING
seq_0206,MEASURE PAD OPENING
seq_0206,BACKSIDE CLEAN
seq_0206,BACKSIDE GRIND
seq_0206,MEASURE THICKNESS
seq_0206,BACKSIDE ETCH CLEAN
seq_0206,BACKSIDE RINSE
seq_0206,BACKSIDE DRY
seq_0206,BACKSIDE METALLIZATION PREP
seq_0206,DEPOSIT BACKSIDE METAL
seq_0206,BACKSIDE ANNEAL
seq_0206,MEASURE BACKSIDE CONTACT
seq_0206,FINAL CLEAN
seq_0206,FINAL THICKNESS MEASURE
seq_0206,FINAL GEOMETRY CHECK
seq_0206,FINAL PARTICLE INSPECTION
seq_0206,ELECTRICAL PARAMETRIC TEST
seq_0206,LEAKAGE TEST
seq_0206,THRESHOLD VOLTAGE TEST
seq_0206,SWITCHING TEST
seq_0206,WAFER SORT TEST
seq_0206,YIELD ANALYSIS
seq_0206,LOT RELEASE
seq_0206,SHIP LOT
seq_0207,RECEIVE WAFER LOT
seq_0207,LOT IDENTIFICATION
seq_0207,PRE CLEAN INSPECTION
seq_0207,MEASURE SURFACE PARTICLES
seq_0207,PRE CLEAN WAFER
seq_0207,BACKSIDE CLEAN
seq_0207,FRONTSIDE CLEAN
seq_0207,RCA CLEAN 1
seq_0207,RCA CLEAN 2
seq_0207,HF DIP
seq_0207,DRY WAFER
seq_0207,SUBSTRATE CHECK
seq_0207,EPITAXY PREP
seq_0207,EPITAXIAL DEPOSITION
seq_0207,MEASURE EPITAXY THICKNESS
seq_0207,MEASURE RESISTIVITY
seq_0207,EPITAXY ANNEAL
seq_0207,WAFER SURFACE CLEAN
seq_0207,THERMAL OXIDATION
seq_0207,MEASURE OXIDE THICKNESS
seq_0207,SPIN COAT PHOTORESIST
seq_0207,SOFT BAKE
seq_0207,ALIGN MASK LEVEL 1
seq_0207,EXPOSE LITHO LEVEL 1
seq_0207,DEVELOP PHOTORESIST
seq_0207,PATTERN INSPECTION LEVEL 1
seq_0207,OXIDE ETCH
seq_0207,STRIP RESIST
seq_0207,CLEAN AFTER ETCH
seq_0207,MEASURE OPENING CD
seq_0207,IMPLANT WELL
seq_0207,PRE ANNEAL CHECK
seq_0207,DRIVE IN DIFFUSION
seq_0207,RAPID THERMAL ANNEAL
seq_0207,THERMAL OXIDATION
seq_0207,GATE OXIDE PREP
seq_0207,GATE OXIDE GROWTH
seq_0207,MEASURE GATE OXIDE THICKNESS
seq_0207,DEPOSIT POLYSILICON
seq_0207,POLYSILICON ANNEAL
seq_0207,SPIN COAT PHOTORESIST
seq_0207,SOFT BAKE
seq_0207,ALIGN MASK LEVEL 2
seq_0207,EXPOSE LITHO LEVEL 2
seq_0207,DEVELOP PHOTORESIST
seq_0207,POLY PATTERN INSPECTION
seq_0207,POLYSILICON ETCH
seq_0207,STRIP RESIST
seq_0207,CLEAN AFTER POLY ETCH
seq_0207,MEASURE GATE CD
seq_0207,IMPLANT SOURCE DRAIN
seq_0207,LIGHT ANNEAL
seq_0207,MEASURE SHEET RESISTANCE
seq_0207,DEPOSIT SPACER DIELECTRIC
seq_0207,ANISOTROPIC ETCH SPACER
seq_0207,MEASURE SPACER WIDTH
seq_0207,IMPLANT LDD
seq_0207,PRE ANNEAL CHECK
seq_0207,RAPID THERMAL ANNEAL
seq_0207,MEASURE JUNCTION PROFILE
seq_0207,DEPOSIT INTERLAYER DIELECTRIC
seq_0207,DENSIFY OXIDE
seq_0207,MEASURE DIELECTRIC THICKNESS
seq_0207,CMP DIELECTRIC
seq_0207,MEASURE PLANARITY
seq_0207,SPIN COAT PHOTORESIST
seq_0207,SOFT BAKE
seq_0207,ALIGN MASK LEVEL 3
seq_0207,EXPOSE LITHO LEVEL 3
seq_0207,DEVELOP PHOTORESIST
seq_0207,VIA INSPECTION
seq_0207,VIA ETCH THROUGH DIELECTRIC
seq_0207,STRIP PHOTORESIST
seq_0207,CLEAN AFTER VIA ETCH
seq_0207,MEASURE VIA CD
seq_0207,DEPOSIT BARRIER METAL
seq_0207,DEPOSIT METAL SEED
seq_0207,FILL VIA METAL
seq_0207,CMP VIA FILL
seq_0207,DEPOSIT METAL 1
seq_0207,ANNEAL METAL
seq_0207,SPIN COAT PHOTORESIST
seq_0207,SOFT BAKE
seq_0207,ALIGN MASK LEVEL 4
seq_0207,EXPOSE LITHO LEVEL 4
seq_0207,DEVELOP PHOTORESIST
seq_0207,METAL PATTERN INSPECTION
seq_0207,HARD BAKE
seq_0207,METAL ETCH
seq_0207,STRIP PHOTORESIST
seq_0207,CLEAN AFTER METAL ETCH
seq_0207,MEASURE LINE WIDTH
seq_0207,DEPOSIT PASSIVATION LAYER
seq_0207,CURE PASSIVATION
seq_0207,MEASURE PASSIVATION QUALITY
seq_0207,OPEN PAD WINDOW
seq_0207,PAD WINDOW LITHO
seq_0207,DEVELOP PHOTORESIST
seq_0207,PASSIVATION ETCH PAD OPENING
seq_0207,STRIP RESIST
seq_0207,CLEAN PAD OPENING
seq_0207,MEASURE PAD OPENING
seq_0207,BACKSIDE CLEAN
seq_0207,BACKSIDE GRIND
seq_0207,MEASURE THICKNESS
seq_0207,BACKSIDE ETCH CLEAN
seq_0207,BACKSIDE RINSE
seq_0207,BACKSIDE DRY
seq_0207,BACKSIDE METALLIZATION PREP
seq_0207,DEPOSIT BACKSIDE METAL
seq_0207,BACKSIDE ANNEAL
seq_0207,MEASURE BACKSIDE CONTACT
seq_0207,FINAL CLEAN
seq_0207,FINAL THICKNESS MEASURE
seq_0207,FINAL GEOMETRY CHECK
seq_0207,FINAL CD INSPECTION
seq_0207,FINAL PARTICLE INSPECTION
seq_0207,PARAMETRIC TEST
seq_0207,LEAKAGE TEST
seq_0207,THRESHOLD VOLTAGE TEST
seq_0207,SWITCHING TEST
seq_0207,WAFER SORT TEST
seq_0207,YIELD ANALYSIS
seq_0207,LOT RELEASE
seq_0207,SHIP LOT
seq_0208,RECEIVE WAFER LOT
seq_0208,LOT IDENTIFICATION
seq_0208,INITIAL WAFER INSPECTION
seq_0208,MEASURE THICKNESS
seq_0208,MEASURE SURFACE PARTICLES
seq_0208,PRE CLEAN WAFER
seq_0208,BACKSIDE CLEAN
seq_0208,FRONTSIDE CLEAN
seq_0208,WET CLEAN RCA1
seq_0208,RCA CLEAN 2
seq_0208,HF DIP
seq_0208,SUBSTRATE CHECK
seq_0208,EPITAXY PREP
seq_0208,EPITAXIAL DEPOSITION
seq_0208,MEASURE EPITAXY THICKNESS
seq_0208,MEASURE RESISTIVITY
seq_0208,EPITAXY ANNEAL
seq_0208,WAFER SURFACE CLEAN
seq_0208,THERMAL OXIDATION
seq_0208,MEASURE OXIDE THICKNESS
seq_0208,SPIN COAT PHOTORESIST
seq_0208,SOFT BAKE
seq_0208,ALIGN MASK LEVEL 1
seq_0208,EXPOSE LITHO LEVEL 1
seq_0208,DEVELOP PHOTORESIST
seq_0208,PATTERN INSPECTION LEVEL 1
seq_0208,OXIDE ETCH
seq_0208,STRIP PHOTORESIST
seq_0208,CLEAN AFTER ETCH
seq_0208,MEASURE OPENING CD
seq_0208,IMPLANT WELL
seq_0208,PRE ANNEAL CHECK
seq_0208,DRIVE IN DIFFUSION
seq_0208,RAPID THERMAL ANNEAL
seq_0208,MEASURE JUNCTION DEPTH
seq_0208,THERMAL OXIDATION
seq_0208,GATE OXIDE PREP
seq_0208,GATE OXIDE GROWTH
seq_0208,MEASURE GATE OXIDE THICKNESS
seq_0208,DEPOSIT POLYSILICON
seq_0208,POLYSILICON ANNEAL
seq_0208,MEASURE POLY THICKNESS
seq_0208,SPIN COAT PHOTORESIST
seq_0208,SOFT BAKE
seq_0208,ALIGN MASK LEVEL 2
seq_0208,EXPOSE LITHO LEVEL 2
seq_0208,DEVELOP PHOTORESIST
seq_0208,POLY PATTERN INSPECTION
seq_0208,POLYSILICON ETCH
seq_0208,STRIP RESIST
seq_0208,CLEAN AFTER POLY ETCH
seq_0208,MEASURE GATE CD
seq_0208,IMPLANT SOURCE DRAIN
seq_0208,LIGHT ANNEAL
seq_0208,MEASURE SHEET RESISTANCE
seq_0208,DEPOSIT SPACER DIELECTRIC
seq_0208,ANISOTROPIC ETCH SPACER
seq_0208,MEASURE SPACER WIDTH
seq_0208,IMPLANT LDD
seq_0208,RAPID THERMAL ANNEAL
seq_0208,MEASURE JUNCTION PROFILE
seq_0208,DEPOSIT INTERLEVEL DIELECTRIC
seq_0208,DENSIFY OXIDE
seq_0208,MEASURE DIELECTRIC THICKNESS
seq_0208,CMP INTERLAYER DIELECTRIC
seq_0208,MEASURE SURFACE PLANARITY
seq_0208,SPIN COAT PHOTORESIST
seq_0208,SOFT BAKE
seq_0208,ALIGN MASK LEVEL 3
seq_0208,EXPOSE LITHO LEVEL 3
seq_0208,DEVELOP PHOTORESIST
seq_0208,VIA INSPECTION
seq_0208,VIA ETCH THROUGH DIELECTRIC
seq_0208,STRIP RESIST
seq_0208,CLEAN AFTER VIA ETCH
seq_0208,MEASURE VIA CD
seq_0208,DEPOSIT BARRIER METAL
seq_0208,DEPOSIT METAL SEED
seq_0208,FILL VIA METAL
seq_0208,CMP METAL
seq_0208,MEASURE CONTACT RESISTANCE
seq_0208,DEPOSIT METAL 1
seq_0208,ANNEAL METAL
seq_0208,MEASURE METAL THICKNESS
seq_0208,SPIN COAT PHOTORESIST
seq_0208,SOFT BAKE
seq_0208,ALIGN MASK LEVEL 4
seq_0208,EXPOSE LITHO LEVEL 4
seq_0208,DEVELOP PHOTORESIST
seq_0208,METAL PATTERN INSPECTION
seq_0208,METAL ETCH
seq_0208,STRIP PHOTORESIST
seq_0208,CLEAN AFTER METAL ETCH
seq_0208,DEPOSIT PASSIVATION LAYER
seq_0208,CURE PASSIVATION
seq_0208,MEASURE PASSIVATION QUALITY
seq_0208,OPEN PAD WINDOW
seq_0208,PAD WINDOW LITHO
seq_0208,DEVELOP PAD WINDOW
seq_0208,PASSIVATION ETCH PAD OPENING
seq_0208,STRIP RESIST
seq_0208,CLEAN PAD OPENING
seq_0208,MEASURE PAD OPENING
seq_0208,BACKSIDE CLEAN
seq_0208,BACKSIDE GRIND
seq_0208,MEASURE THICKNESS
seq_0208,BACKSIDE ETCH CLEAN
seq_0208,BACKSIDE RINSE
seq_0208,BACKSIDE DRY
seq_0208,BACKSIDE METALLIZATION PREP
seq_0208,DEPOSIT BACKSIDE METAL
seq_0208,BACKSIDE ANNEAL
seq_0208,MEASURE BACKSIDE CONTACT
seq_0208,FINAL CLEAN
seq_0208,FINAL THICKNESS MEASURE
seq_0208,FINAL GEOMETRY CHECK
seq_0208,FINAL CD INSPECTION
seq_0208,FINAL PARTICLE INSPECTION
seq_0208,ELECTRICAL PARAMETRIC TEST
seq_0208,LEAKAGE TEST
seq_0208,THRESHOLD VOLTAGE TEST
seq_0208,SWITCHING TEST
seq_0208,WAFER SORT TEST
seq_0208,YIELD ANALYSIS
seq_0208,FINAL LOT RELEASE
seq_0208,SHIP LOT
seq_0209,RECEIVE WAFER LOT
seq_0209,LOT IDENTIFICATION
seq_0209,INITIAL WAFER INSPECTION
seq_0209,MEASURE THICKNESS
seq_0209,MEASURE SURFACE PARTICLES
seq_0209,PRE CLEAN WAFER
seq_0209,BACKSIDE CLEAN
seq_0209,FRONTSIDE CLEAN
seq_0209,WET CLEAN RCA1
seq_0209,WET CLEAN RCA2
seq_0209,HF DIP
seq_0209,DRY WAFER
seq_0209,SUBSTRATE CHECK
seq_0209,EPITAXY PREP
seq_0209,EPITAXIAL DEPOSITION
seq_0209,MEASURE EPITAXY THICKNESS
seq_0209,MEASURE RESISTIVITY
seq_0209,EPITAXY ANNEAL
seq_0209,WAFER SURFACE CLEAN
seq_0209,THERMAL OXIDATION
seq_0209,MEASURE OXIDE THICKNESS
seq_0209,SPIN COAT PHOTORESIST
seq_0209,SOFT BAKE
seq_0209,ALIGN MASK LEVEL 1
seq_0209,EXPOSE LITHO LEVEL 1
seq_0209,DEVELOP PHOTORESIST
seq_0209,PATTERN INSPECTION LEVEL 1
seq_0209,OXIDE ETCH
seq_0209,STRIP RESIST
seq_0209,CLEAN AFTER ETCH
seq_0209,IMPLANT WELL
seq_0209,DRIVE IN DIFFUSION
seq_0209,RAPID THERMAL ANNEAL
seq_0209,MEASURE JUNCTION DEPTH
seq_0209,THERMAL OXIDATION
seq_0209,GATE OXIDE PREP
seq_0209,GATE OXIDE GROWTH
seq_0209,MEASURE GATE OXIDE THICKNESS
seq_0209,DEPOSIT POLYSILICON
seq_0209,POLYSILICON ANNEAL
seq_0209,MEASURE POLY THICKNESS
seq_0209,SPIN COAT PHOTORESIST
seq_0209,SOFT BAKE
seq_0209,ALIGN MASK LEVEL 2
seq_0209,EXPOSE LITHO LEVEL 2
seq_0209,DEVELOP PHOTORESIST
seq_0209,POLY PATTERN INSPECTION
seq_0209,HARD BAKE
seq_0209,POLYSILICON ETCH
seq_0209,STRIP PHOTORESIST
seq_0209,CLEAN AFTER POLY ETCH
seq_0209,IMPLANT SOURCE DRAIN
seq_0209,PRE ANNEAL CHECK
seq_0209,LIGHT ANNEAL
seq_0209,MEASURE SHEET RESISTANCE
seq_0209,DEPOSIT SPACER DIELECTRIC
seq_0209,ANISOTROPIC ETCH SPACER
seq_0209,IMPLANT LDD
seq_0209,PRE ANNEAL CHECK
seq_0209,RAPID THERMAL ANNEAL
seq_0209,DEPOSIT INTERLAYER DIELECTRIC
seq_0209,DENSIFY DIELECTRIC
seq_0209,MEASURE FILM THICKNESS
seq_0209,CMP INTERLAYER DIELECTRIC
seq_0209,MEASURE PLANARITY
seq_0209,SPIN COAT PHOTORESIST
seq_0209,SOFT BAKE
seq_0209,ALIGN MASK LEVEL 3
seq_0209,EXPOSE LITHO LEVEL 3
seq_0209,POST EXPOSE BAKE
seq_0209,DEVELOP PHOTORESIST
seq_0209,VIA OPENING INSPECTION
seq_0209,VIA ETCH
seq_0209,STRIP PHOTORESIST
seq_0209,CLEAN AFTER VIA ETCH
seq_0209,DEPOSIT BARRIER METAL
seq_0209,DEPOSIT METAL SEED
seq_0209,FILL VIA METAL
seq_0209,CMP METAL
seq_0209,MEASURE VIA RESISTANCE
seq_0209,DEPOSIT METAL 1
seq_0209,ANNEAL METAL
seq_0209,SPIN COAT PHOTORESIST
seq_0209,SOFT BAKE
seq_0209,ALIGN MASK LEVEL 4
seq_0209,EXPOSE LITHO LEVEL 4
seq_0209,POST EXPOSE BAKE
seq_0209,DEVELOP PHOTORESIST
seq_0209,METAL PATTERN INSPECTION
seq_0209,HARD BAKE
seq_0209,METAL ETCH
seq_0209,STRIP PHOTORESIST
seq_0209,CLEAN AFTER METAL ETCH
seq_0209,DEPOSIT PASSIVATION LAYER
seq_0209,CURE PASSIVATION
seq_0209,MEASURE PASSIVATION THICKNESS
seq_0209,OPEN PAD WINDOW
seq_0209,OPEN PAD WINDOW LITHO
seq_0209,DEVELOP PAD WINDOW
seq_0209,PASSIVATION ETCH
seq_0209,STRIP PHOTORESIST
seq_0209,CLEAN PAD OPENING
seq_0209,MEASURE PAD OPENING
seq_0209,BACKSIDE CLEAN
seq_0209,BACKSIDE GRIND
seq_0209,MEASURE WAFER THICKNESS
seq_0209,BACKSIDE ETCH CLEAN
seq_0209,BACKSIDE RINSE
seq_0209,BACKSIDE DRY
seq_0209,BACKSIDE METALLIZATION PREP
seq_0209,DEPOSIT BACKSIDE METAL
seq_0209,BACKSIDE ANNEAL
seq_0209,MEASURE BACKSIDE CONTACT
seq_0209,FINAL CLEAN
seq_0209,FINAL THICKNESS MEASURE
seq_0209,FINAL GEOMETRY CHECK
seq_0209,FINAL PARTICLE INSPECTION
seq_0209,ELECTRICAL PARAMETRIC TEST
seq_0209,LEAKAGE TEST
seq_0209,THRESHOLD VOLTAGE TEST
seq_0209,SWITCHING TEST
seq_0209,WAFER SORT TEST
seq_0209,YIELD ANALYSIS
seq_0209,LOT RELEASE
seq_0209,SHIP LOT
seq_0210,RECEIVE WAFER LOT
seq_0210,LOT IDENTIFICATION
seq_0210,INITIAL WAFER INSPECTION
seq_0210,MEASURE THICKNESS
seq_0210,MEASURE SURFACE PARTICLES
seq_0210,PRE CLEAN WAFER
seq_0210,FRONTSIDE CLEAN
seq_0210,RCA CLEAN 1
seq_0210,WET CLEAN RCA2
seq_0210,HF DIP
seq_0210,DRY WAFER
seq_0210,SUBSTRATE CHECK
seq_0210,EPITAXY PREP
seq_0210,EPITAXIAL DEPOSITION
seq_0210,MEASURE EPITAXY THICKNESS
seq_0210,MEASURE RESISTIVITY
seq_0210,EPITAXY ANNEAL
seq_0210,WAFER SURFACE CLEAN
seq_0210,THERMAL OXIDATION
seq_0210,MEASURE OXIDE THICKNESS
seq_0210,SPIN COAT PHOTORESIST
seq_0210,SOFT BAKE
seq_0210,ALIGN MASK LEVEL 1
seq_0210,EXPOSE LITHO LEVEL 1
seq_0210,POST EXPOSE BAKE
seq_0210,DEVELOP PHOTORESIST
seq_0210,PATTERN INSPECTION LEVEL 1
seq_0210,OXIDE ETCH
seq_0210,STRIP PHOTORESIST
seq_0210,CLEAN AFTER ETCH
seq_0210,MEASURE OPENING CD
seq_0210,IMPLANT WELL
seq_0210,DRIVE IN DIFFUSION
seq_0210,RAPID THERMAL ANNEAL
seq_0210,MEASURE JUNCTION DEPTH
seq_0210,THERMAL OXIDATION
seq_0210,GATE OXIDE PREP
seq_0210,GATE OXIDE GROWTH
seq_0210,MEASURE GATE OXIDE THICKNESS
seq_0210,DEPOSIT POLYSILICON
seq_0210,POLYSILICON ANNEAL
seq_0210,MEASURE POLY THICKNESS
seq_0210,SPIN COAT PHOTORESIST
seq_0210,SOFT BAKE
seq_0210,ALIGN MASK LEVEL 2
seq_0210,EXPOSE LITHO LEVEL 2
seq_0210,POST EXPOSE BAKE
seq_0210,DEVELOP PHOTORESIST
seq_0210,POLY PATTERN INSPECTION
seq_0210,POLYSILICON ETCH
seq_0210,STRIP RESIST
seq_0210,CLEAN AFTER POLY ETCH
seq_0210,MEASURE GATE CD
seq_0210,IMPLANT SOURCE DRAIN
seq_0210,PRE ANNEAL CHECK
seq_0210,LIGHT ANNEAL
seq_0210,MEASURE SHEET RESISTANCE
seq_0210,DEPOSIT SPACER DIELECTRIC
seq_0210,ANISOTROPIC ETCH SPACER
seq_0210,MEASURE SPACER WIDTH
seq_0210,IMPLANT LDD
seq_0210,PRE ANNEAL CHECK
seq_0210,RAPID THERMAL ANNEAL
seq_0210,DEPOSIT INTERLAYER DIELECTRIC
seq_0210,DENSIFY OXIDE
seq_0210,MEASURE DIELECTRIC THICKNESS
seq_0210,CMP DIELECTRIC
seq_0210,MEASURE PLANARITY
seq_0210,SPIN COAT PHOTORESIST
seq_0210,SOFT BAKE
seq_0210,ALIGN MASK LEVEL 3
seq_0210,EXPOSE LITHO LEVEL 3
seq_0210,DEVELOP PHOTORESIST
seq_0210,VIA OPENING INSPECTION
seq_0210,HARD BAKE
seq_0210,VIA ETCH
seq_0210,STRIP PHOTORESIST
seq_0210,CLEAN AFTER VIA ETCH
seq_0210,DEPOSIT BARRIER METAL
seq_0210,DEPOSIT METAL SEED
seq_0210,FILL VIA METAL
seq_0210,CMP VIA FILL
seq_0210,MEASURE CONTACT RESISTANCE
seq_0210,DEPOSIT TOP METAL
seq_0210,ANNEAL METAL
seq_0210,SPIN COAT PHOTORESIST
seq_0210,SOFT BAKE
seq_0210,ALIGN MASK LEVEL 4
seq_0210,EXPOSE LITHO LEVEL 4
seq_0210,DEVELOP PHOTORESIST
seq_0210,METAL PATTERN INSPECTION
seq_0210,HARD BAKE
seq_0210,METAL ETCH
seq_0210,STRIP PHOTORESIST
seq_0210,CLEAN AFTER METAL ETCH
seq_0210,DEPOSIT PASSIVATION
seq_0210,CURE PASSIVATION
seq_0210,MEASURE PASSIVATION THICKNESS
seq_0210,OPEN PAD WINDOW
seq_0210,PAD WINDOW LITHO
seq_0210,DEVELOP PAD WINDOW
seq_0210,PASSIVATION ETCH
seq_0210,STRIP PHOTORESIST
seq_0210,CLEAN PAD OPENING
seq_0210,MEASURE PAD OPENING
seq_0210,BACKSIDE CLEAN
seq_0210,BACKSIDE GRIND
seq_0210,MEASURE WAFER THICKNESS
seq_0210,BACKSIDE ETCH CLEAN
seq_0210,BACKSIDE RINSE
seq_0210,BACKSIDE DRY
seq_0210,BACKSIDE METALLIZATION PREP
seq_0210,DEPOSIT BACKSIDE METAL
seq_0210,BACKSIDE ANNEAL
seq_0210,MEASURE BACKSIDE CONTACT
seq_0210,FINAL CLEAN
seq_0210,FINAL THICKNESS MEASURE
seq_0210,FINAL GEOMETRY CHECK
seq_0210,FINAL CD INSPECTION
seq_0210,FINAL PARTICLE INSPECTION
seq_0210,PARAMETRIC TEST
seq_0210,LEAKAGE TEST
seq_0210,THRESHOLD VOLTAGE TEST
seq_0210,SWITCHING TEST
seq_0210,WAFER SORT TEST
seq_0210,YIELD ANALYSIS
seq_0210,LOT RELEASE
seq_0210,SHIP LOT
seq_0211,RECEIVE WAFER LOT
seq_0211,LOT IDENTIFICATION
seq_0211,INITIAL WAFER INSPECTION
seq_0211,MEASURE THICKNESS
seq_0211,MEASURE SURFACE PARTICLES
seq_0211,PRE CLEAN WAFER
seq_0211,FRONTSIDE CLEAN
seq_0211,WET CLEAN RCA1
seq_0211,RCA CLEAN 2
seq_0211,HF DIP
seq_0211,DRY WAFER
seq_0211,SUBSTRATE CHECK
seq_0211,EPITAXY PREP
seq_0211,EPITAXIAL DEPOSITION
seq_0211,MEASURE EPITAXY THICKNESS
seq_0211,MEASURE RESISTIVITY
seq_0211,EPITAXY ANNEAL
seq_0211,WAFER SURFACE CLEAN
seq_0211,THERMAL OXIDATION
seq_0211,MEASURE OXIDE THICKNESS
seq_0211,SPIN COAT PHOTORESIST
seq_0211,SOFT BAKE
seq_0211,ALIGN MASK LEVEL 1
seq_0211,EXPOSE LITHO LEVEL 1
seq_0211,DEVELOP PHOTORESIST
seq_0211,PATTERN INSPECTION LEVEL 1
seq_0211,OXIDE ETCH
seq_0211,STRIP PHOTORESIST
seq_0211,CLEAN AFTER ETCH
seq_0211,MEASURE OPENING CD
seq_0211,IMPLANT WELL
seq_0211,PRE ANNEAL CHECK
seq_0211,DRIVE IN DIFFUSION
seq_0211,RAPID THERMAL ANNEAL
seq_0211,MEASURE JUNCTION DEPTH
seq_0211,THERMAL OXIDATION
seq_0211,GATE OXIDE PREP
seq_0211,GATE OXIDE GROWTH
seq_0211,MEASURE GATE OXIDE THICKNESS
seq_0211,DEPOSIT POLYSILICON
seq_0211,POLYSILICON ANNEAL
seq_0211,MEASURE POLY THICKNESS
seq_0211,SPIN COAT PHOTORESIST
seq_0211,SOFT BAKE
seq_0211,ALIGN MASK LEVEL 2
seq_0211,EXPOSE LITHO LEVEL 2
seq_0211,DEVELOP PHOTORESIST
seq_0211,POLY PATTERN INSPECTION
seq_0211,POLYSILICON ETCH
seq_0211,STRIP PHOTORESIST
seq_0211,CLEAN AFTER POLY ETCH
seq_0211,MEASURE GATE CD
seq_0211,IMPLANT SOURCE DRAIN
seq_0211,PRE ANNEAL CHECK
seq_0211,LIGHT ANNEAL
seq_0211,DEPOSIT SPACER DIELECTRIC
seq_0211,ANISOTROPIC ETCH SPACER
seq_0211,MEASURE SPACER WIDTH
seq_0211,IMPLANT LDD
seq_0211,RAPID THERMAL ANNEAL
seq_0211,MEASURE JUNCTION PROFILE
seq_0211,DEPOSIT INTERLEVEL DIELECTRIC
seq_0211,DENSIFY DIELECTRIC
seq_0211,MEASURE DIELECTRIC THICKNESS
seq_0211,CMP INTERLAYER DIELECTRIC
seq_0211,MEASURE PLANARITY
seq_0211,SPIN COAT PHOTORESIST
seq_0211,SOFT BAKE
seq_0211,ALIGN MASK LEVEL 3
seq_0211,EXPOSE LITHO LEVEL 3
seq_0211,DEVELOP PHOTORESIST
seq_0211,VIA OPENING INSPECTION
seq_0211,VIA ETCH THROUGH DIELECTRIC
seq_0211,STRIP PHOTORESIST
seq_0211,CLEAN AFTER VIA ETCH
seq_0211,DEPOSIT BARRIER METAL
seq_0211,DEPOSIT METAL SEED
seq_0211,FILL VIA METAL
seq_0211,CMP METAL
seq_0211,MEASURE CONTACT RESISTANCE
seq_0211,DEPOSIT METAL 1
seq_0211,ANNEAL METAL
seq_0211,SPIN COAT PHOTORESIST
seq_0211,SOFT BAKE
seq_0211,ALIGN MASK LEVEL 4
seq_0211,EXPOSE LITHO LEVEL 4
seq_0211,DEVELOP PHOTORESIST
seq_0211,METAL PATTERN INSPECTION
seq_0211,METAL ETCH
seq_0211,STRIP PHOTORESIST
seq_0211,CLEAN AFTER METAL ETCH
seq_0211,MEASURE LINE WIDTH
seq_0211,DEPOSIT PASSIVATION
seq_0211,CURE PASSIVATION
seq_0211,MEASURE PASSIVATION THICKNESS
seq_0211,OPEN PAD WINDOW
seq_0211,PAD WINDOW LITHO
seq_0211,DEVELOP PHOTORESIST
seq_0211,PASSIVATION ETCH
seq_0211,STRIP PHOTORESIST
seq_0211,CLEAN PAD OPENING
seq_0211,MEASURE PAD OPENING
seq_0211,BACKSIDE CLEAN
seq_0211,BACKSIDE GRIND
seq_0211,MEASURE THICKNESS
seq_0211,BACKSIDE ETCH CLEAN
seq_0211,BACKSIDE RINSE
seq_0211,BACKSIDE DRY
seq_0211,BACKSIDE METALLIZATION PREP
seq_0211,DEPOSIT BACKSIDE METAL
seq_0211,BACKSIDE ANNEAL
seq_0211,MEASURE BACKSIDE CONTACT
seq_0211,FINAL CLEAN
seq_0211,FINAL THICKNESS MEASURE
seq_0211,FINAL GEOMETRY CHECK
seq_0211,FINAL CD INSPECTION
seq_0211,FINAL PARTICLE INSPECTION
seq_0211,PARAMETRIC TEST
seq_0211,LEAKAGE TEST
seq_0211,THRESHOLD VOLTAGE TEST
seq_0211,SWITCHING TEST
seq_0211,WAFER SORT TEST
seq_0211,YIELD ANALYSIS
seq_0211,LOT RELEASE
seq_0211,SHIP LOT
seq_0212,RECEIVE WAFER LOT
seq_0212,LOT IDENTIFICATION
seq_0212,INITIAL WAFER INSPECTION
seq_0212,MEASURE THICKNESS
seq_0212,MEASURE SURFACE PARTICLES
seq_0212,PRE CLEAN WAFER
seq_0212,FRONTSIDE CLEAN
seq_0212,RCA CLEAN 1
seq_0212,WET CLEAN RCA2
seq_0212,HF DIP
seq_0212,DRY WAFER
seq_0212,SUBSTRATE CHECK
seq_0212,EPITAXY PREP
seq_0212,EPITAXIAL DEPOSITION
seq_0212,MEASURE EPITAXY THICKNESS
seq_0212,MEASURE RESISTIVITY
seq_0212,EPITAXY ANNEAL
seq_0212,WAFER SURFACE CLEAN
seq_0212,THERMAL OXIDATION
seq_0212,MEASURE OXIDE THICKNESS
seq_0212,SPIN COAT PHOTORESIST
seq_0212,SOFT BAKE
seq_0212,ALIGN MASK LEVEL 1
seq_0212,EXPOSE LITHO LEVEL 1
seq_0212,DEVELOP PHOTORESIST
seq_0212,PATTERN INSPECTION LEVEL 1
seq_0212,HARD BAKE
seq_0212,OXIDE ETCH
seq_0212,STRIP RESIST
seq_0212,CLEAN AFTER ETCH
seq_0212,MEASURE OPENING CD
seq_0212,IMPLANT WELL
seq_0212,PRE ANNEAL CHECK
seq_0212,DRIVE IN DIFFUSION
seq_0212,RAPID THERMAL ANNEAL
seq_0212,MEASURE JUNCTION DEPTH
seq_0212,THERMAL OXIDATION
seq_0212,GATE OXIDE PREP
seq_0212,GATE OXIDE GROWTH
seq_0212,MEASURE GATE OXIDE THICKNESS
seq_0212,DEPOSIT POLYSILICON
seq_0212,POLYSILICON ANNEAL
seq_0212,SPIN COAT PHOTORESIST
seq_0212,SOFT BAKE
seq_0212,ALIGN MASK LEVEL 2
seq_0212,EXPOSE LITHO LEVEL 2
seq_0212,DEVELOP PHOTORESIST
seq_0212,POLY PATTERN INSPECTION
seq_0212,POLYSILICON ETCH
seq_0212,STRIP PHOTORESIST
seq_0212,CLEAN AFTER POLY ETCH
seq_0212,MEASURE GATE CD
seq_0212,IMPLANT SOURCE DRAIN
seq_0212,LIGHT ANNEAL
seq_0212,MEASURE SHEET RESISTANCE
seq_0212,DEPOSIT SPACER DIELECTRIC
seq_0212,ANISOTROPIC ETCH SPACER
seq_0212,IMPLANT LDD
seq_0212,PRE ANNEAL CHECK
seq_0212,RAPID THERMAL ANNEAL
seq_0212,DEPOSIT INTERLAYER DIELECTRIC
seq_0212,DENSIFY OXIDE
seq_0212,MEASURE DIELECTRIC THICKNESS
seq_0212,CMP DIELECTRIC
seq_0212,MEASURE PLANARITY
seq_0212,SPIN COAT PHOTORESIST
seq_0212,SOFT BAKE
seq_0212,ALIGN MASK LEVEL 3
seq_0212,EXPOSE LITHO LEVEL 3
seq_0212,DEVELOP PHOTORESIST
seq_0212,VIA OPENING INSPECTION
seq_0212,HARD BAKE
seq_0212,DIELECTRIC ETCH VIA
seq_0212,STRIP RESIST
seq_0212,CLEAN AFTER VIA ETCH
seq_0212,MEASURE VIA CD
seq_0212,DEPOSIT BARRIER METAL
seq_0212,DEPOSIT METAL SEED
seq_0212,FILL VIA METAL
seq_0212,CMP VIA FILL
seq_0212,DEPOSIT TOP METAL
seq_0212,ANNEAL METAL 1
seq_0212,MEASURE METAL THICKNESS
seq_0212,SPIN COAT PHOTORESIST
seq_0212,SOFT BAKE
seq_0212,ALIGN MASK LEVEL 4
seq_0212,EXPOSE LITHO LEVEL 4
seq_0212,POST EXPOSE BAKE
seq_0212,DEVELOP PHOTORESIST
seq_0212,METAL PATTERN INSPECTION
seq_0212,HARD BAKE
seq_0212,METAL ETCH
seq_0212,STRIP PHOTORESIST
seq_0212,CLEAN AFTER METAL ETCH
seq_0212,MEASURE LINE WIDTH
seq_0212,DEPOSIT PASSIVATION
seq_0212,CURE PASSIVATION
seq_0212,MEASURE PASSIVATION THICKNESS
seq_0212,OPEN PAD WINDOW
seq_0212,OPEN PAD WINDOW LITHO
seq_0212,DEVELOP PHOTORESIST
seq_0212,PASSIVATION ETCH
seq_0212,STRIP PHOTORESIST
seq_0212,CLEAN PAD OPENING
seq_0212,MEASURE PAD OPENING
seq_0212,BACKSIDE CLEAN
seq_0212,BACKSIDE GRIND
seq_0212,MEASURE WAFER THICKNESS
seq_0212,BACKSIDE ETCH CLEAN
seq_0212,BACKSIDE RINSE
seq_0212,BACKSIDE DRY
seq_0212,BACKSIDE METALLIZATION PREP
seq_0212,DEPOSIT BACKSIDE METAL
seq_0212,BACKSIDE ANNEAL
seq_0212,MEASURE BACKSIDE CONTACT
seq_0212,FINAL CLEAN
seq_0212,FINAL THICKNESS MEASURE
seq_0212,FINAL GEOMETRY CHECK
seq_0212,FINAL CD INSPECTION
seq_0212,FINAL PARTICLE INSPECTION
seq_0212,ELECTRICAL PARAMETRIC TEST
seq_0212,LEAKAGE TEST
seq_0212,THRESHOLD VOLTAGE TEST
seq_0212,SWITCHING TEST
seq_0212,WAFER SORT TEST
seq_0212,YIELD ANALYSIS
seq_0212,FINAL LOT RELEASE
seq_0212,SHIP LOT
seq_0213,RECEIVE WAFER LOT
seq_0213,LOT IDENTIFICATION
seq_0213,PRE CLEAN INSPECTION
seq_0213,MEASURE THICKNESS
seq_0213,PRE CLEAN WAFER
seq_0213,FRONTSIDE CLEAN
seq_0213,RCA CLEAN 1
seq_0213,RCA CLEAN 2
seq_0213,HF DIP
seq_0213,SUBSTRATE CHECK
seq_0213,EPITAXY PREP
seq_0213,EPITAXIAL DEPOSITION
seq_0213,MEASURE EPITAXY THICKNESS
seq_0213,MEASURE RESISTIVITY
seq_0213,EPITAXY ANNEAL
seq_0213,WAFER SURFACE CLEAN
seq_0213,THERMAL OXIDATION
seq_0213,MEASURE OXIDE THICKNESS
seq_0213,SPIN COAT PHOTORESIST
seq_0213,SOFT BAKE
seq_0213,ALIGN MASK LEVEL 1
seq_0213,EXPOSE LITHO LEVEL 1
seq_0213,DEVELOP PHOTORESIST
seq_0213,PATTERN INSPECTION LEVEL 1
seq_0213,HARD BAKE
seq_0213,OXIDE ETCH
seq_0213,STRIP RESIST
seq_0213,CLEAN AFTER ETCH
seq_0213,IMPLANT WELL
seq_0213,PRE ANNEAL CHECK
seq_0213,DRIVE IN DIFFUSION
seq_0213,RAPID THERMAL ANNEAL
seq_0213,MEASURE JUNCTION DEPTH
seq_0213,THERMAL OXIDATION
seq_0213,GATE OXIDE PREP
seq_0213,GATE OXIDE GROWTH
seq_0213,MEASURE GATE OXIDE THICKNESS
seq_0213,DEPOSIT POLYSILICON
seq_0213,POLYSILICON ANNEAL
seq_0213,MEASURE POLY THICKNESS
seq_0213,SPIN COAT PHOTORESIST
seq_0213,SOFT BAKE
seq_0213,ALIGN MASK LEVEL 2
seq_0213,EXPOSE LITHO LEVEL 2
seq_0213,POST EXPOSE BAKE
seq_0213,DEVELOP PHOTORESIST
seq_0213,POLY PATTERN INSPECTION
seq_0213,HARD BAKE
seq_0213,POLYSILICON ETCH
seq_0213,STRIP PHOTORESIST
seq_0213,CLEAN AFTER POLY ETCH
seq_0213,MEASURE GATE CD
seq_0213,IMPLANT SOURCE DRAIN
seq_0213,LIGHT ANNEAL
seq_0213,MEASURE SHEET RESISTANCE
seq_0213,DEPOSIT SPACER DIELECTRIC
seq_0213,ANISOTROPIC ETCH SPACER
seq_0213,MEASURE SPACER WIDTH
seq_0213,IMPLANT LDD
seq_0213,RAPID THERMAL ANNEAL
seq_0213,DEPOSIT INTERLAYER DIELECTRIC
seq_0213,DENSIFY OXIDE
seq_0213,MEASURE FILM THICKNESS
seq_0213,CMP DIELECTRIC
seq_0213,MEASURE SURFACE PLANARITY
seq_0213,SPIN COAT PHOTORESIST
seq_0213,SOFT BAKE
seq_0213,ALIGN MASK LEVEL 3
seq_0213,EXPOSE LITHO LEVEL 3
seq_0213,DEVELOP PHOTORESIST
seq_0213,VIA OPENING INSPECTION
seq_0213,HARD BAKE
seq_0213,VIA ETCH
seq_0213,STRIP PHOTORESIST
seq_0213,CLEAN AFTER VIA ETCH
seq_0213,MEASURE VIA CD
seq_0213,DEPOSIT BARRIER METAL
seq_0213,DEPOSIT METAL SEED
seq_0213,FILL VIA METAL
seq_0213,CMP METAL
seq_0213,MEASURE CONTACT RESISTANCE
seq_0213,DEPOSIT METAL 1
seq_0213,ANNEAL METAL 1
seq_0213,SPIN COAT PHOTORESIST
seq_0213,SOFT BAKE
seq_0213,ALIGN MASK LEVEL 4
seq_0213,EXPOSE LITHO LEVEL 4
seq_0213,POST EXPOSE BAKE
seq_0213,DEVELOP PHOTORESIST
seq_0213,METAL PATTERN INSPECTION
seq_0213,HARD BAKE
seq_0213,METAL ETCH
seq_0213,STRIP RESIST
seq_0213,CLEAN AFTER METAL ETCH
seq_0213,MEASURE LINE WIDTH
seq_0213,DEPOSIT PASSIVATION LAYER
seq_0213,CURE PASSIVATION
seq_0213,MEASURE PASSIVATION QUALITY
seq_0213,OPEN BOND PAD WINDOW
seq_0213,OPEN PAD WINDOW LITHO
seq_0213,DEVELOP PAD WINDOW
seq_0213,PASSIVATION ETCH
seq_0213,STRIP PHOTORESIST
seq_0213,CLEAN PAD OPENING
seq_0213,MEASURE PAD OPENING
seq_0213,BACKSIDE CLEAN
seq_0213,BACKSIDE GRIND
seq_0213,MEASURE THICKNESS
seq_0213,BACKSIDE ETCH CLEAN
seq_0213,BACKSIDE RINSE
seq_0213,BACKSIDE DRY
seq_0213,BACKSIDE METALLIZATION PREP
seq_0213,DEPOSIT BACKSIDE METAL
seq_0213,BACKSIDE ANNEAL
seq_0213,MEASURE BACKSIDE CONTACT
seq_0213,FINAL CLEAN
seq_0213,FINAL THICKNESS MEASURE
seq_0213,FINAL GEOMETRY CHECK
seq_0213,PARAMETRIC TEST
seq_0213,LEAKAGE TEST
seq_0213,THRESHOLD VOLTAGE TEST
seq_0213,SWITCHING TEST
seq_0213,WAFER SORT TEST
seq_0213,YIELD ANALYSIS
seq_0213,LOT RELEASE
seq_0213,SHIP LOT
seq_0214,RECEIVE WAFER LOT
seq_0214,LOT IDENTIFICATION
seq_0214,PRE CLEAN INSPECTION
seq_0214,MEASURE THICKNESS
seq_0214,MEASURE SURFACE PARTICLES
seq_0214,PRE CLEAN WAFER
seq_0214,WET CLEAN RCA1
seq_0214,WET CLEAN RCA2
seq_0214,HF DIP
seq_0214,DRY WAFER
seq_0214,SUBSTRATE CHECK
seq_0214,EPITAXY PREP
seq_0214,EPITAXIAL DEPOSITION
seq_0214,MEASURE EPITAXY THICKNESS
seq_0214,MEASURE RESISTIVITY
seq_0214,EPITAXY ANNEAL
seq_0214,WAFER SURFACE CLEAN
seq_0214,THERMAL OXIDATION
seq_0214,MEASURE OXIDE THICKNESS
seq_0214,SPIN COAT PHOTORESIST
seq_0214,SOFT BAKE
seq_0214,ALIGN MASK LEVEL 1
seq_0214,EXPOSE LITHO LEVEL 1
seq_0214,DEVELOP PHOTORESIST
seq_0214,PATTERN INSPECTION LEVEL 1
seq_0214,OXIDE ETCH
seq_0214,STRIP RESIST
seq_0214,CLEAN AFTER ETCH
seq_0214,MEASURE OPENING CD
seq_0214,IMPLANT WELL
seq_0214,DRIVE IN DIFFUSION
seq_0214,RAPID THERMAL ANNEAL
seq_0214,THERMAL OXIDATION
seq_0214,GATE OXIDE PREP
seq_0214,GATE OXIDE GROWTH
seq_0214,MEASURE GATE OXIDE THICKNESS
seq_0214,DEPOSIT POLYSILICON
seq_0214,POLYSILICON ANNEAL
seq_0214,MEASURE POLY THICKNESS
seq_0214,SPIN COAT PHOTORESIST
seq_0214,SOFT BAKE
seq_0214,ALIGN MASK LEVEL 2
seq_0214,EXPOSE LITHO LEVEL 2
seq_0214,POST EXPOSE BAKE
seq_0214,DEVELOP PHOTORESIST
seq_0214,POLY PATTERN INSPECTION
seq_0214,POLYSILICON ETCH
seq_0214,STRIP RESIST
seq_0214,CLEAN AFTER POLY ETCH
seq_0214,IMPLANT SOURCE DRAIN
seq_0214,PRE ANNEAL CHECK
seq_0214,LIGHT ANNEAL
seq_0214,MEASURE SHEET RESISTANCE
seq_0214,DEPOSIT SPACER DIELECTRIC
seq_0214,ANISOTROPIC ETCH SPACER
seq_0214,IMPLANT LDD
seq_0214,PRE ANNEAL CHECK
seq_0214,RAPID THERMAL ANNEAL
seq_0214,MEASURE JUNCTION PROFILE
seq_0214,DEPOSIT INTERLAYER DIELECTRIC
seq_0214,DENSIFY DIELECTRIC
seq_0214,MEASURE FILM THICKNESS
seq_0214,CMP DIELECTRIC
seq_0214,MEASURE PLANARITY
seq_0214,SPIN COAT PHOTORESIST
seq_0214,SOFT BAKE
seq_0214,ALIGN MASK LEVEL 3
seq_0214,EXPOSE LITHO LEVEL 3
seq_0214,DEVELOP PHOTORESIST
seq_0214,VIA OPENING INSPECTION
seq_0214,HARD BAKE
seq_0214,DIELECTRIC ETCH VIA
seq_0214,STRIP RESIST
seq_0214,CLEAN AFTER VIA ETCH
seq_0214,DEPOSIT BARRIER METAL
seq_0214,DEPOSIT METAL SEED
seq_0214,FILL VIA METAL
seq_0214,CMP METAL
seq_0214,MEASURE CONTACT RESISTANCE
seq_0214,DEPOSIT METAL 1
seq_0214,ANNEAL METAL
seq_0214,SPIN COAT PHOTORESIST
seq_0214,SOFT BAKE
seq_0214,ALIGN MASK LEVEL 4
seq_0214,EXPOSE LITHO LEVEL 4
seq_0214,DEVELOP PHOTORESIST
seq_0214,METAL PATTERN INSPECTION
seq_0214,METAL ETCH
seq_0214,STRIP RESIST
seq_0214,CLEAN AFTER METAL ETCH
seq_0214,MEASURE LINE WIDTH
seq_0214,DEPOSIT PASSIVATION
seq_0214,CURE PASSIVATION
seq_0214,MEASURE PASSIVATION THICKNESS
seq_0214,OPEN BOND PAD WINDOW
seq_0214,OPEN PAD WINDOW LITHO
seq_0214,DEVELOP PHOTORESIST
seq_0214,PASSIVATION ETCH
seq_0214,STRIP RESIST
seq_0214,CLEAN PAD OPENING
seq_0214,MEASURE PAD OPENING
seq_0214,BACKSIDE CLEAN
seq_0214,BACKSIDE GRIND
seq_0214,MEASURE WAFER THICKNESS
seq_0214,BACKSIDE ETCH CLEAN
seq_0214,BACKSIDE RINSE
seq_0214,BACKSIDE DRY
seq_0214,BACKSIDE METALLIZATION PREP
seq_0214,DEPOSIT BACKSIDE METAL
seq_0214,BACKSIDE ANNEAL
seq_0214,MEASURE BACKSIDE CONTACT
seq_0214,FINAL CLEAN
seq_0214,FINAL GEOMETRY CHECK
seq_0214,FINAL PARTICLE INSPECTION
seq_0214,PARAMETRIC TEST
seq_0214,LEAKAGE TEST
seq_0214,THRESHOLD VOLTAGE TEST
seq_0214,SWITCHING TEST
seq_0214,WAFER SORT TEST
seq_0214,YIELD ANALYSIS
seq_0214,FINAL LOT RELEASE
seq_0214,SHIP LOT
seq_0215,RECEIVE WAFER LOT
seq_0215,LOT IDENTIFICATION
seq_0215,INITIAL WAFER INSPECTION
seq_0215,MEASURE THICKNESS
seq_0215,MEASURE SURFACE PARTICLES
seq_0215,PRE CLEAN WAFER
seq_0215,BACKSIDE CLEAN
seq_0215,RCA CLEAN 1
seq_0215,RCA CLEAN 2
seq_0215,HF DIP
seq_0215,DRY WAFER
seq_0215,SUBSTRATE CHECK
seq_0215,EPITAXY PREP
seq_0215,EPITAXIAL DEPOSITION
seq_0215,MEASURE EPITAXY THICKNESS
seq_0215,MEASURE RESISTIVITY
seq_0215,EPITAXY ANNEAL
seq_0215,WAFER SURFACE CLEAN
seq_0215,THERMAL OXIDATION
seq_0215,MEASURE OXIDE THICKNESS
seq_0215,SPIN COAT PHOTORESIST
seq_0215,SOFT BAKE
seq_0215,ALIGN MASK LEVEL 1
seq_0215,EXPOSE LITHO LEVEL 1
seq_0215,DEVELOP PHOTORESIST
seq_0215,PATTERN INSPECTION LEVEL 1
seq_0215,OXIDE ETCH
seq_0215,STRIP RESIST
seq_0215,CLEAN AFTER ETCH
seq_0215,MEASURE OPENING CD
seq_0215,IMPLANT WELL
seq_0215,DRIVE IN DIFFUSION
seq_0215,RAPID THERMAL ANNEAL
seq_0215,THERMAL OXIDATION
seq_0215,GATE OXIDE PREP
seq_0215,GATE OXIDE GROWTH
seq_0215,MEASURE GATE OXIDE THICKNESS
seq_0215,DEPOSIT POLYSILICON
seq_0215,POLYSILICON ANNEAL
seq_0215,MEASURE POLY THICKNESS
seq_0215,SPIN COAT PHOTORESIST
seq_0215,SOFT BAKE
seq_0215,ALIGN MASK LEVEL 2
seq_0215,EXPOSE LITHO LEVEL 2
seq_0215,DEVELOP PHOTORESIST
seq_0215,POLY PATTERN INSPECTION
seq_0215,POLYSILICON ETCH
seq_0215,STRIP RESIST
seq_0215,CLEAN AFTER POLY ETCH
seq_0215,IMPLANT SOURCE DRAIN
seq_0215,PRE ANNEAL CHECK
seq_0215,LIGHT ANNEAL
seq_0215,MEASURE SHEET RESISTANCE
seq_0215,DEPOSIT SPACER DIELECTRIC
seq_0215,ANISOTROPIC ETCH SPACER
seq_0215,MEASURE SPACER WIDTH
seq_0215,IMPLANT LDD
seq_0215,RAPID THERMAL ANNEAL
seq_0215,MEASURE JUNCTION PROFILE
seq_0215,DEPOSIT INTERLEVEL DIELECTRIC
seq_0215,DENSIFY OXIDE
seq_0215,MEASURE FILM THICKNESS
seq_0215,CMP INTERLAYER DIELECTRIC
seq_0215,MEASURE SURFACE PLANARITY
seq_0215,SPIN COAT PHOTORESIST
seq_0215,SOFT BAKE
seq_0215,ALIGN MASK LEVEL 3
seq_0215,EXPOSE LITHO LEVEL 3
seq_0215,DEVELOP PHOTORESIST
seq_0215,VIA INSPECTION
seq_0215,DIELECTRIC ETCH VIA
seq_0215,STRIP RESIST
seq_0215,CLEAN AFTER VIA ETCH
seq_0215,DEPOSIT BARRIER METAL
seq_0215,DEPOSIT METAL SEED
seq_0215,FILL VIA METAL
seq_0215,CMP METAL
seq_0215,MEASURE VIA RESISTANCE
seq_0215,DEPOSIT METAL 1
seq_0215,ANNEAL METAL 1
seq_0215,SPIN COAT PHOTORESIST
seq_0215,SOFT BAKE
seq_0215,ALIGN MASK LEVEL 4
seq_0215,EXPOSE LITHO LEVEL 4
seq_0215,POST EXPOSE BAKE
seq_0215,DEVELOP PHOTORESIST
seq_0215,METAL PATTERN INSPECTION
seq_0215,HARD BAKE
seq_0215,METAL ETCH
seq_0215,STRIP RESIST
seq_0215,CLEAN AFTER METAL ETCH
seq_0215,MEASURE LINE WIDTH
seq_0215,DEPOSIT PASSIVATION
seq_0215,CURE PASSIVATION
seq_0215,MEASURE PASSIVATION QUALITY
seq_0215,OPEN BOND PAD WINDOW
seq_0215,PAD WINDOW LITHO
seq_0215,DEVELOP PAD WINDOW
seq_0215,PASSIVATION ETCH
seq_0215,STRIP RESIST
seq_0215,CLEAN PAD OPENING
seq_0215,MEASURE PAD OPENING
seq_0215,BACKSIDE CLEAN
seq_0215,BACKSIDE GRIND
seq_0215,MEASURE THICKNESS
seq_0215,BACKSIDE ETCH CLEAN
seq_0215,BACKSIDE RINSE
seq_0215,BACKSIDE DRY
seq_0215,BACKSIDE METALLIZATION PREP
seq_0215,DEPOSIT BACKSIDE METAL
seq_0215,BACKSIDE ANNEAL
seq_0215,MEASURE BACKSIDE CONTACT
seq_0215,FINAL CLEAN
seq_0215,FINAL GEOMETRY CHECK
seq_0215,FINAL CD INSPECTION
seq_0215,ELECTRICAL PARAMETRIC TEST
seq_0215,LEAKAGE TEST
seq_0215,THRESHOLD VOLTAGE TEST
seq_0215,SWITCHING TEST
seq_0215,WAFER SORT TEST
seq_0215,YIELD ANALYSIS
seq_0215,LOT RELEASE
seq_0215,SHIP LOT
seq_0216,RECEIVE WAFER LOT
seq_0216,LOT IDENTIFICATION
seq_0216,INITIAL WAFER INSPECTION
seq_0216,MEASURE SURFACE PARTICLES
seq_0216,PRE CLEAN WAFER
seq_0216,WET CLEAN RCA1
seq_0216,RCA CLEAN 2
seq_0216,HF DIP
seq_0216,SUBSTRATE CHECK
seq_0216,EPITAXY PREP
seq_0216,EPITAXIAL DEPOSITION
seq_0216,MEASURE EPITAXY THICKNESS
seq_0216,MEASURE RESISTIVITY
seq_0216,EPITAXY ANNEAL
seq_0216,WAFER SURFACE CLEAN
seq_0216,THERMAL OXIDATION
seq_0216,MEASURE OXIDE THICKNESS
seq_0216,SPIN COAT PHOTORESIST
seq_0216,SOFT BAKE
seq_0216,ALIGN MASK LEVEL 1
seq_0216,EXPOSE LITHO LEVEL 1
seq_0216,DEVELOP PHOTORESIST
seq_0216,PATTERN INSPECTION LEVEL 1
seq_0216,OXIDE ETCH
seq_0216,STRIP PHOTORESIST
seq_0216,CLEAN AFTER ETCH
seq_0216,MEASURE OPENING CD
seq_0216,IMPLANT WELL
seq_0216,PRE ANNEAL CHECK
seq_0216,DRIVE IN DIFFUSION
seq_0216,RAPID THERMAL ANNEAL
seq_0216,MEASURE JUNCTION DEPTH
seq_0216,THERMAL OXIDATION
seq_0216,GATE OXIDE PREP
seq_0216,GATE OXIDE GROWTH
seq_0216,MEASURE GATE OXIDE THICKNESS
seq_0216,DEPOSIT POLYSILICON
seq_0216,POLYSILICON ANNEAL
seq_0216,MEASURE POLY THICKNESS
seq_0216,SPIN COAT PHOTORESIST
seq_0216,SOFT BAKE
seq_0216,ALIGN MASK LEVEL 2
seq_0216,EXPOSE LITHO LEVEL 2
seq_0216,POST EXPOSE BAKE
seq_0216,DEVELOP PHOTORESIST
seq_0216,POLY PATTERN INSPECTION
seq_0216,POLYSILICON ETCH
seq_0216,STRIP PHOTORESIST
seq_0216,CLEAN AFTER POLY ETCH
seq_0216,IMPLANT SOURCE DRAIN
seq_0216,PRE ANNEAL CHECK
seq_0216,LIGHT ANNEAL
seq_0216,MEASURE SHEET RESISTANCE
seq_0216,DEPOSIT SPACER DIELECTRIC
seq_0216,ANISOTROPIC ETCH SPACER
seq_0216,MEASURE SPACER WIDTH
seq_0216,IMPLANT LDD
seq_0216,RAPID THERMAL ANNEAL
seq_0216,DEPOSIT INTERLEVEL DIELECTRIC
seq_0216,DENSIFY DIELECTRIC
seq_0216,MEASURE DIELECTRIC THICKNESS
seq_0216,CMP DIELECTRIC
seq_0216,MEASURE PLANARITY
seq_0216,SPIN COAT PHOTORESIST
seq_0216,SOFT BAKE
seq_0216,ALIGN MASK LEVEL 3
seq_0216,EXPOSE LITHO LEVEL 3
seq_0216,DEVELOP PHOTORESIST
seq_0216,VIA OPENING INSPECTION
seq_0216,VIA ETCH THROUGH DIELECTRIC
seq_0216,STRIP PHOTORESIST
seq_0216,CLEAN AFTER VIA ETCH
seq_0216,MEASURE VIA CD
seq_0216,DEPOSIT BARRIER METAL
seq_0216,DEPOSIT METAL SEED
seq_0216,FILL VIA METAL
seq_0216,CMP VIA FILL
seq_0216,MEASURE VIA RESISTANCE
seq_0216,DEPOSIT METAL 1
seq_0216,ANNEAL METAL 1
seq_0216,SPIN COAT PHOTORESIST
seq_0216,SOFT BAKE
seq_0216,ALIGN MASK LEVEL 4
seq_0216,EXPOSE LITHO LEVEL 4
seq_0216,POST EXPOSE BAKE
seq_0216,DEVELOP PHOTORESIST
seq_0216,METAL PATTERN INSPECTION
seq_0216,HARD BAKE
seq_0216,METAL ETCH
seq_0216,STRIP PHOTORESIST
seq_0216,CLEAN AFTER METAL ETCH
seq_0216,MEASURE LINE WIDTH
seq_0216,DEPOSIT PASSIVATION LAYER
seq_0216,CURE PASSIVATION
seq_0216,MEASURE PASSIVATION THICKNESS
seq_0216,OPEN PAD WINDOW
seq_0216,PAD WINDOW LITHO
seq_0216,DEVELOP PHOTORESIST
seq_0216,PASSIVATION ETCH
seq_0216,STRIP RESIST
seq_0216,CLEAN PAD OPENING
seq_0216,MEASURE PAD OPENING
seq_0216,BACKSIDE CLEAN
seq_0216,BACKSIDE GRIND
seq_0216,MEASURE THICKNESS
seq_0216,BACKSIDE ETCH CLEAN
seq_0216,BACKSIDE RINSE
seq_0216,BACKSIDE DRY
seq_0216,BACKSIDE METALLIZATION PREP
seq_0216,DEPOSIT BACKSIDE METAL
seq_0216,BACKSIDE ANNEAL
seq_0216,MEASURE BACKSIDE CONTACT
seq_0216,FINAL CLEAN
seq_0216,FINAL THICKNESS MEASURE
seq_0216,FINAL GEOMETRY CHECK
seq_0216,FINAL PARTICLE INSPECTION
seq_0216,ELECTRICAL PARAMETRIC TEST
seq_0216,LEAKAGE TEST
seq_0216,THRESHOLD VOLTAGE TEST
seq_0216,SWITCHING TEST
seq_0216,WAFER SORT TEST
seq_0216,YIELD ANALYSIS
seq_0216,FINAL LOT RELEASE
seq_0216,SHIP LOT
seq_0217,RECEIVE WAFER LOT
seq_0217,LOT IDENTIFICATION
seq_0217,PRE CLEAN INSPECTION
seq_0217,MEASURE THICKNESS
seq_0217,MEASURE SURFACE PARTICLES
seq_0217,PRE CLEAN WAFER
seq_0217,BACKSIDE CLEAN
seq_0217,RCA CLEAN 1
seq_0217,WET CLEAN RCA2
seq_0217,HF DIP
seq_0217,SUBSTRATE CHECK
seq_0217,EPITAXY PREP
seq_0217,EPITAXIAL DEPOSITION
seq_0217,MEASURE EPITAXY THICKNESS
seq_0217,MEASURE RESISTIVITY
seq_0217,EPITAXY ANNEAL
seq_0217,WAFER SURFACE CLEAN
seq_0217,THERMAL OXIDATION
seq_0217,MEASURE OXIDE THICKNESS
seq_0217,SPIN COAT PHOTORESIST
seq_0217,SOFT BAKE
seq_0217,ALIGN MASK LEVEL 1
seq_0217,EXPOSE LITHO LEVEL 1
seq_0217,DEVELOP PHOTORESIST
seq_0217,PATTERN INSPECTION LEVEL 1
seq_0217,OXIDE ETCH
seq_0217,STRIP RESIST
seq_0217,CLEAN AFTER ETCH
seq_0217,IMPLANT WELL
seq_0217,PRE ANNEAL CHECK
seq_0217,DRIVE IN DIFFUSION
seq_0217,RAPID THERMAL ANNEAL
seq_0217,MEASURE JUNCTION DEPTH
seq_0217,THERMAL OXIDATION
seq_0217,GATE OXIDE PREP
seq_0217,GATE OXIDE GROWTH
seq_0217,MEASURE GATE OXIDE THICKNESS
seq_0217,DEPOSIT POLYSILICON
seq_0217,POLYSILICON ANNEAL
seq_0217,MEASURE POLY THICKNESS
seq_0217,SPIN COAT PHOTORESIST
seq_0217,SOFT BAKE
seq_0217,ALIGN MASK LEVEL 2
seq_0217,EXPOSE LITHO LEVEL 2
seq_0217,POST EXPOSE BAKE
seq_0217,DEVELOP PHOTORESIST
seq_0217,POLY PATTERN INSPECTION
seq_0217,POLYSILICON ETCH
seq_0217,STRIP PHOTORESIST
seq_0217,CLEAN AFTER POLY ETCH
seq_0217,MEASURE GATE CD
seq_0217,IMPLANT SOURCE DRAIN
seq_0217,PRE ANNEAL CHECK
seq_0217,LIGHT ANNEAL
seq_0217,MEASURE SHEET RESISTANCE
seq_0217,DEPOSIT SPACER DIELECTRIC
seq_0217,ANISOTROPIC ETCH SPACER
seq_0217,MEASURE SPACER WIDTH
seq_0217,IMPLANT LDD
seq_0217,PRE ANNEAL CHECK
seq_0217,RAPID THERMAL ANNEAL
seq_0217,MEASURE JUNCTION PROFILE
seq_0217,DEPOSIT INTERLEVEL DIELECTRIC
seq_0217,DENSIFY OXIDE
seq_0217,MEASURE DIELECTRIC THICKNESS
seq_0217,CMP INTERLAYER DIELECTRIC
seq_0217,MEASURE PLANARITY
seq_0217,SPIN COAT PHOTORESIST
seq_0217,SOFT BAKE
seq_0217,ALIGN MASK LEVEL 3
seq_0217,EXPOSE LITHO LEVEL 3
seq_0217,DEVELOP PHOTORESIST
seq_0217,VIA INSPECTION
seq_0217,VIA ETCH THROUGH DIELECTRIC
seq_0217,STRIP PHOTORESIST
seq_0217,CLEAN AFTER VIA ETCH
seq_0217,MEASURE VIA CD
seq_0217,DEPOSIT BARRIER METAL
seq_0217,DEPOSIT METAL SEED
seq_0217,FILL VIA METAL
seq_0217,CMP VIA FILL
seq_0217,MEASURE VIA RESISTANCE
seq_0217,DEPOSIT TOP METAL
seq_0217,ANNEAL METAL
seq_0217,MEASURE METAL THICKNESS
seq_0217,SPIN COAT PHOTORESIST
seq_0217,SOFT BAKE
seq_0217,ALIGN MASK LEVEL 4
seq_0217,EXPOSE LITHO LEVEL 4
seq_0217,POST EXPOSE BAKE
seq_0217,DEVELOP PHOTORESIST
seq_0217,METAL PATTERN INSPECTION
seq_0217,METAL ETCH
seq_0217,STRIP RESIST
seq_0217,CLEAN AFTER METAL ETCH
seq_0217,MEASURE LINE WIDTH
seq_0217,DEPOSIT PASSIVATION LAYER
seq_0217,CURE PASSIVATION
seq_0217,MEASURE PASSIVATION THICKNESS
seq_0217,OPEN BOND PAD WINDOW
seq_0217,OPEN PAD WINDOW LITHO
seq_0217,DEVELOP PAD WINDOW
seq_0217,PASSIVATION ETCH PAD OPENING
seq_0217,STRIP RESIST
seq_0217,CLEAN PAD OPENING
seq_0217,MEASURE PAD OPENING
seq_0217,BACKSIDE CLEAN
seq_0217,BACKSIDE GRIND
seq_0217,MEASURE THICKNESS
seq_0217,BACKSIDE ETCH CLEAN
seq_0217,BACKSIDE RINSE
seq_0217,BACKSIDE DRY
seq_0217,BACKSIDE METALLIZATION PREP
seq_0217,DEPOSIT BACKSIDE METAL
seq_0217,BACKSIDE ANNEAL
seq_0217,MEASURE BACKSIDE CONTACT
seq_0217,FINAL CLEAN
seq_0217,FINAL THICKNESS MEASURE
seq_0217,FINAL GEOMETRY CHECK
seq_0217,FINAL CD INSPECTION
seq_0217,FINAL PARTICLE INSPECTION
seq_0217,ELECTRICAL PARAMETRIC TEST
seq_0217,LEAKAGE TEST
seq_0217,THRESHOLD VOLTAGE TEST
seq_0217,SWITCHING TEST
seq_0217,WAFER SORT TEST
seq_0217,YIELD ANALYSIS
seq_0217,FINAL LOT RELEASE
seq_0217,SHIP LOT
seq_0218,RECEIVE WAFER LOT
seq_0218,LOT IDENTIFICATION
seq_0218,PRE CLEAN INSPECTION
seq_0218,MEASURE THICKNESS
seq_0218,MEASURE SURFACE PARTICLES
seq_0218,PRE CLEAN WAFER
seq_0218,BACKSIDE CLEAN
seq_0218,RCA CLEAN 1
seq_0218,RCA CLEAN 2
seq_0218,HF DIP
seq_0218,DRY WAFER
seq_0218,SUBSTRATE CHECK
seq_0218,EPITAXY PREP
seq_0218,EPITAXIAL DEPOSITION
seq_0218,MEASURE EPITAXY THICKNESS
seq_0218,MEASURE RESISTIVITY
seq_0218,EPITAXY ANNEAL
seq_0218,WAFER SURFACE CLEAN
seq_0218,THERMAL OXIDATION
seq_0218,MEASURE OXIDE THICKNESS
seq_0218,SPIN COAT PHOTORESIST
seq_0218,SOFT BAKE
seq_0218,ALIGN MASK LEVEL 1
seq_0218,EXPOSE LITHO LEVEL 1
seq_0218,DEVELOP PHOTORESIST
seq_0218,PATTERN INSPECTION LEVEL 1
seq_0218,OXIDE ETCH
seq_0218,STRIP RESIST
seq_0218,CLEAN AFTER ETCH
seq_0218,MEASURE OPENING CD
seq_0218,IMPLANT WELL
seq_0218,DRIVE IN DIFFUSION
seq_0218,RAPID THERMAL ANNEAL
seq_0218,THERMAL OXIDATION
seq_0218,GATE OXIDE PREP
seq_0218,GATE OXIDE GROWTH
seq_0218,MEASURE GATE OXIDE THICKNESS
seq_0218,DEPOSIT POLYSILICON
seq_0218,POLYSILICON ANNEAL
seq_0218,MEASURE POLY THICKNESS
seq_0218,SPIN COAT PHOTORESIST
seq_0218,SOFT BAKE
seq_0218,ALIGN MASK LEVEL 2
seq_0218,EXPOSE LITHO LEVEL 2
seq_0218,POST EXPOSE BAKE
seq_0218,DEVELOP PHOTORESIST
seq_0218,POLY PATTERN INSPECTION
seq_0218,POLYSILICON ETCH
seq_0218,STRIP RESIST
seq_0218,CLEAN AFTER POLY ETCH
seq_0218,MEASURE GATE CD
seq_0218,IMPLANT SOURCE DRAIN
seq_0218,LIGHT ANNEAL
seq_0218,MEASURE SHEET RESISTANCE
seq_0218,DEPOSIT SPACER DIELECTRIC
seq_0218,ANISOTROPIC ETCH SPACER
seq_0218,MEASURE SPACER WIDTH
seq_0218,IMPLANT LDD
seq_0218,RAPID THERMAL ANNEAL
seq_0218,MEASURE JUNCTION PROFILE
seq_0218,DEPOSIT INTERLAYER DIELECTRIC
seq_0218,DENSIFY OXIDE
seq_0218,MEASURE FILM THICKNESS
seq_0218,CMP INTERLAYER DIELECTRIC
seq_0218,MEASURE SURFACE PLANARITY
seq_0218,SPIN COAT PHOTORESIST
seq_0218,SOFT BAKE
seq_0218,ALIGN MASK LEVEL 3
seq_0218,EXPOSE LITHO LEVEL 3
seq_0218,DEVELOP PHOTORESIST
seq_0218,VIA OPENING INSPECTION
seq_0218,VIA ETCH
seq_0218,STRIP PHOTORESIST
seq_0218,CLEAN AFTER VIA ETCH
seq_0218,MEASURE VIA CD
seq_0218,DEPOSIT BARRIER METAL
seq_0218,DEPOSIT METAL SEED
seq_0218,FILL VIA METAL
seq_0218,CMP METAL
seq_0218,MEASURE VIA RESISTANCE
seq_0218,DEPOSIT TOP METAL
seq_0218,ANNEAL METAL
seq_0218,MEASURE METAL THICKNESS
seq_0218,SPIN COAT PHOTORESIST
seq_0218,SOFT BAKE
seq_0218,ALIGN MASK LEVEL 4
seq_0218,EXPOSE LITHO LEVEL 4
seq_0218,POST EXPOSE BAKE
seq_0218,DEVELOP PHOTORESIST
seq_0218,METAL PATTERN INSPECTION
seq_0218,METAL ETCH
seq_0218,STRIP RESIST
seq_0218,CLEAN AFTER METAL ETCH
seq_0218,DEPOSIT PASSIVATION LAYER
seq_0218,CURE PASSIVATION
seq_0218,MEASURE PASSIVATION THICKNESS
seq_0218,OPEN BOND PAD WINDOW
seq_0218,PAD WINDOW LITHO
seq_0218,DEVELOP PAD WINDOW
seq_0218,PASSIVATION ETCH PAD OPENING
seq_0218,STRIP RESIST
seq_0218,CLEAN PAD OPENING
seq_0218,MEASURE PAD OPENING
seq_0218,BACKSIDE CLEAN
seq_0218,BACKSIDE GRIND
seq_0218,MEASURE THICKNESS
seq_0218,BACKSIDE ETCH CLEAN
seq_0218,BACKSIDE RINSE
seq_0218,BACKSIDE DRY
seq_0218,BACKSIDE METALLIZATION PREP
seq_0218,DEPOSIT BACKSIDE METAL
seq_0218,BACKSIDE ANNEAL
seq_0218,MEASURE BACKSIDE CONTACT
seq_0218,FINAL CLEAN
seq_0218,FINAL THICKNESS MEASURE
seq_0218,FINAL GEOMETRY CHECK
seq_0218,FINAL CD INSPECTION
seq_0218,FINAL PARTICLE INSPECTION
seq_0218,ELECTRICAL PARAMETRIC TEST
seq_0218,LEAKAGE TEST
seq_0218,THRESHOLD VOLTAGE TEST
seq_0218,SWITCHING TEST
seq_0218,WAFER SORT TEST
seq_0218,YIELD ANALYSIS
seq_0218,LOT RELEASE
seq_0218,SHIP LOT
seq_0219,RECEIVE WAFER LOT
seq_0219,LOT IDENTIFICATION
seq_0219,PRE CLEAN INSPECTION
seq_0219,MEASURE THICKNESS
seq_0219,PRE CLEAN WAFER
seq_0219,BACKSIDE CLEAN
seq_0219,FRONTSIDE CLEAN
seq_0219,WET CLEAN RCA1
seq_0219,WET CLEAN RCA2
seq_0219,HF DIP
seq_0219,DRY WAFER
seq_0219,SUBSTRATE CHECK
seq_0219,EPITAXY PREP
seq_0219,EPITAXIAL DEPOSITION
seq_0219,MEASURE EPITAXY THICKNESS
seq_0219,MEASURE RESISTIVITY
seq_0219,EPITAXY ANNEAL
seq_0219,WAFER SURFACE CLEAN
seq_0219,THERMAL OXIDATION
seq_0219,MEASURE OXIDE THICKNESS
seq_0219,SPIN COAT PHOTORESIST
seq_0219,SOFT BAKE
seq_0219,ALIGN MASK LEVEL 1
seq_0219,EXPOSE LITHO LEVEL 1
seq_0219,POST EXPOSE BAKE
seq_0219,DEVELOP PHOTORESIST
seq_0219,PATTERN INSPECTION LEVEL 1
seq_0219,OXIDE ETCH
seq_0219,STRIP PHOTORESIST
seq_0219,CLEAN AFTER ETCH
seq_0219,MEASURE OPENING CD
seq_0219,IMPLANT WELL
seq_0219,PRE ANNEAL CHECK
seq_0219,DRIVE IN DIFFUSION
seq_0219,RAPID THERMAL ANNEAL
seq_0219,MEASURE JUNCTION DEPTH
seq_0219,THERMAL OXIDATION
seq_0219,GATE OXIDE PREP
seq_0219,GATE OXIDE GROWTH
seq_0219,MEASURE GATE OXIDE THICKNESS
seq_0219,DEPOSIT POLYSILICON
seq_0219,POLYSILICON ANNEAL
seq_0219,SPIN COAT PHOTORESIST
seq_0219,SOFT BAKE
seq_0219,ALIGN MASK LEVEL 2
seq_0219,EXPOSE LITHO LEVEL 2
seq_0219,DEVELOP PHOTORESIST
seq_0219,POLY PATTERN INSPECTION
seq_0219,POLYSILICON ETCH
seq_0219,STRIP RESIST
seq_0219,CLEAN AFTER POLY ETCH
seq_0219,MEASURE GATE CD
seq_0219,IMPLANT SOURCE DRAIN
seq_0219,LIGHT ANNEAL
seq_0219,DEPOSIT SPACER DIELECTRIC
seq_0219,ANISOTROPIC ETCH SPACER
seq_0219,IMPLANT LDD
seq_0219,RAPID THERMAL ANNEAL
seq_0219,MEASURE JUNCTION PROFILE
seq_0219,DEPOSIT INTERLAYER DIELECTRIC
seq_0219,DENSIFY OXIDE
seq_0219,MEASURE DIELECTRIC THICKNESS
seq_0219,CMP DIELECTRIC
seq_0219,MEASURE SURFACE PLANARITY
seq_0219,SPIN COAT PHOTORESIST
seq_0219,SOFT BAKE
seq_0219,ALIGN MASK LEVEL 3
seq_0219,EXPOSE LITHO LEVEL 3
seq_0219,POST EXPOSE BAKE
seq_0219,DEVELOP PHOTORESIST
seq_0219,VIA OPENING INSPECTION
seq_0219,VIA ETCH THROUGH DIELECTRIC
seq_0219,STRIP PHOTORESIST
seq_0219,CLEAN AFTER VIA ETCH
seq_0219,MEASURE VIA CD
seq_0219,DEPOSIT BARRIER METAL
seq_0219,DEPOSIT METAL SEED
seq_0219,FILL VIA METAL
seq_0219,CMP METAL
seq_0219,MEASURE VIA RESISTANCE
seq_0219,DEPOSIT METAL 1
seq_0219,ANNEAL METAL
seq_0219,SPIN COAT PHOTORESIST
seq_0219,SOFT BAKE
seq_0219,ALIGN MASK LEVEL 4
seq_0219,EXPOSE LITHO LEVEL 4
seq_0219,POST EXPOSE BAKE
seq_0219,DEVELOP PHOTORESIST
seq_0219,METAL PATTERN INSPECTION
seq_0219,METAL ETCH
seq_0219,STRIP PHOTORESIST
seq_0219,CLEAN AFTER METAL ETCH
seq_0219,MEASURE LINE WIDTH
seq_0219,DEPOSIT PASSIVATION
seq_0219,CURE PASSIVATION
seq_0219,MEASURE PASSIVATION THICKNESS
seq_0219,OPEN BOND PAD WINDOW
seq_0219,OPEN PAD WINDOW LITHO
seq_0219,DEVELOP PHOTORESIST
seq_0219,PASSIVATION ETCH PAD OPENING
seq_0219,STRIP RESIST
seq_0219,CLEAN PAD OPENING
seq_0219,MEASURE PAD OPENING
seq_0219,BACKSIDE CLEAN
seq_0219,BACKSIDE GRIND
seq_0219,MEASURE THICKNESS
seq_0219,BACKSIDE ETCH CLEAN
seq_0219,BACKSIDE RINSE
seq_0219,BACKSIDE DRY
seq_0219,BACKSIDE METALLIZATION PREP
seq_0219,DEPOSIT BACKSIDE METAL
seq_0219,BACKSIDE ANNEAL
seq_0219,MEASURE BACKSIDE CONTACT
seq_0219,FINAL CLEAN
seq_0219,FINAL GEOMETRY CHECK
seq_0219,FINAL PARTICLE INSPECTION
seq_0219,ELECTRICAL PARAMETRIC TEST
seq_0219,LEAKAGE TEST
seq_0219,THRESHOLD VOLTAGE TEST
seq_0219,SWITCHING TEST
seq_0219,WAFER SORT TEST
seq_0219,YIELD ANALYSIS
seq_0219,LOT RELEASE
seq_0219,SHIP LOT
seq_0220,RECEIVE WAFER LOT
seq_0220,LOT IDENTIFICATION
seq_0220,INITIAL WAFER INSPECTION
seq_0220,PRE CLEAN WAFER
seq_0220,BACKSIDE CLEAN
seq_0220,FRONTSIDE CLEAN
seq_0220,WET CLEAN RCA1
seq_0220,RCA CLEAN 2
seq_0220,HF DIP
seq_0220,DRY WAFER
seq_0220,SUBSTRATE CHECK
seq_0220,EPITAXY PREP
seq_0220,EPITAXIAL DEPOSITION
seq_0220,MEASURE EPITAXY THICKNESS
seq_0220,MEASURE RESISTIVITY
seq_0220,EPITAXY ANNEAL
seq_0220,WAFER SURFACE CLEAN
seq_0220,THERMAL OXIDATION
seq_0220,MEASURE OXIDE THICKNESS
seq_0220,SPIN COAT PHOTORESIST
seq_0220,SOFT BAKE
seq_0220,ALIGN MASK LEVEL 1
seq_0220,EXPOSE LITHO LEVEL 1
seq_0220,POST EXPOSE BAKE
seq_0220,DEVELOP PHOTORESIST
seq_0220,PATTERN INSPECTION LEVEL 1
seq_0220,OXIDE ETCH
seq_0220,STRIP RESIST
seq_0220,CLEAN AFTER ETCH
seq_0220,MEASURE OPENING CD
seq_0220,IMPLANT WELL
seq_0220,DRIVE IN DIFFUSION
seq_0220,RAPID THERMAL ANNEAL
seq_0220,MEASURE JUNCTION DEPTH
seq_0220,THERMAL OXIDATION
seq_0220,GATE OXIDE PREP
seq_0220,GATE OXIDE GROWTH
seq_0220,MEASURE GATE OXIDE THICKNESS
seq_0220,DEPOSIT POLYSILICON
seq_0220,POLYSILICON ANNEAL
seq_0220,MEASURE POLY THICKNESS
seq_0220,SPIN COAT PHOTORESIST
seq_0220,SOFT BAKE
seq_0220,ALIGN MASK LEVEL 2
seq_0220,EXPOSE LITHO LEVEL 2
seq_0220,DEVELOP PHOTORESIST
seq_0220,POLY PATTERN INSPECTION
seq_0220,POLYSILICON ETCH
seq_0220,STRIP PHOTORESIST
seq_0220,CLEAN AFTER POLY ETCH
seq_0220,MEASURE GATE CD
seq_0220,IMPLANT SOURCE DRAIN
seq_0220,PRE ANNEAL CHECK
seq_0220,LIGHT ANNEAL
seq_0220,MEASURE SHEET RESISTANCE
seq_0220,DEPOSIT SPACER DIELECTRIC
seq_0220,ANISOTROPIC ETCH SPACER
seq_0220,MEASURE SPACER WIDTH
seq_0220,IMPLANT LDD
seq_0220,PRE ANNEAL CHECK
seq_0220,RAPID THERMAL ANNEAL
seq_0220,MEASURE JUNCTION PROFILE
seq_0220,DEPOSIT INTERLEVEL DIELECTRIC
seq_0220,DENSIFY OXIDE
seq_0220,MEASURE FILM THICKNESS
seq_0220,CMP DIELECTRIC
seq_0220,MEASURE SURFACE PLANARITY
seq_0220,SPIN COAT PHOTORESIST
seq_0220,SOFT BAKE
seq_0220,ALIGN MASK LEVEL 3
seq_0220,EXPOSE LITHO LEVEL 3
seq_0220,DEVELOP PHOTORESIST
seq_0220,VIA INSPECTION
seq_0220,DIELECTRIC ETCH VIA
seq_0220,STRIP PHOTORESIST
seq_0220,CLEAN AFTER VIA ETCH
seq_0220,MEASURE VIA CD
seq_0220,DEPOSIT BARRIER METAL
seq_0220,DEPOSIT METAL SEED
seq_0220,FILL VIA METAL
seq_0220,CMP VIA FILL
seq_0220,MEASURE VIA RESISTANCE
seq_0220,DEPOSIT METAL 1
seq_0220,ANNEAL METAL
seq_0220,MEASURE METAL THICKNESS
seq_0220,SPIN COAT PHOTORESIST
seq_0220,SOFT BAKE
seq_0220,ALIGN MASK LEVEL 4
seq_0220,EXPOSE LITHO LEVEL 4
seq_0220,DEVELOP PHOTORESIST
seq_0220,METAL PATTERN INSPECTION
seq_0220,METAL ETCH
seq_0220,STRIP RESIST
seq_0220,CLEAN AFTER METAL ETCH
seq_0220,MEASURE LINE WIDTH
seq_0220,DEPOSIT PASSIVATION
seq_0220,CURE PASSIVATION
seq_0220,MEASURE PASSIVATION THICKNESS
seq_0220,OPEN PAD WINDOW
seq_0220,OPEN PAD WINDOW LITHO
seq_0220,DEVELOP PAD WINDOW
seq_0220,PASSIVATION ETCH PAD OPENING
seq_0220,STRIP PHOTORESIST
seq_0220,CLEAN PAD OPENING
seq_0220,MEASURE PAD OPENING
seq_0220,BACKSIDE CLEAN
seq_0220,BACKSIDE GRIND
seq_0220,MEASURE THICKNESS
seq_0220,BACKSIDE ETCH CLEAN
seq_0220,BACKSIDE RINSE
seq_0220,BACKSIDE DRY
seq_0220,BACKSIDE METALLIZATION PREP
seq_0220,DEPOSIT BACKSIDE METAL
seq_0220,BACKSIDE ANNEAL
seq_0220,MEASURE BACKSIDE CONTACT
seq_0220,FINAL CLEAN
seq_0220,FINAL THICKNESS MEASURE
seq_0220,FINAL GEOMETRY CHECK
seq_0220,FINAL CD INSPECTION
seq_0220,FINAL PARTICLE INSPECTION
seq_0220,ELECTRICAL PARAMETRIC TEST
seq_0220,LEAKAGE TEST
seq_0220,THRESHOLD VOLTAGE TEST
seq_0220,SWITCHING TEST
seq_0220,WAFER SORT TEST
seq_0220,YIELD ANALYSIS
seq_0220,FINAL LOT RELEASE
seq_0220,SHIP LOT
seq_0221,RECEIVE WAFER LOT
seq_0221,LOT IDENTIFICATION
seq_0221,PRE CLEAN INSPECTION
seq_0221,MEASURE THICKNESS
seq_0221,MEASURE SURFACE PARTICLES
seq_0221,PRE CLEAN WAFER
seq_0221,BACKSIDE CLEAN
seq_0221,RCA CLEAN 1
seq_0221,WET CLEAN RCA2
seq_0221,HF DIP
seq_0221,DRY WAFER
seq_0221,SUBSTRATE CHECK
seq_0221,EPITAXY PREP
seq_0221,EPITAXIAL DEPOSITION
seq_0221,MEASURE EPITAXY THICKNESS
seq_0221,MEASURE RESISTIVITY
seq_0221,EPITAXY ANNEAL
seq_0221,WAFER SURFACE CLEAN
seq_0221,THERMAL OXIDATION
seq_0221,MEASURE OXIDE THICKNESS
seq_0221,SPIN COAT PHOTORESIST
seq_0221,SOFT BAKE
seq_0221,ALIGN MASK LEVEL 1
seq_0221,EXPOSE LITHO LEVEL 1
seq_0221,DEVELOP PHOTORESIST
seq_0221,PATTERN INSPECTION LEVEL 1
seq_0221,OXIDE ETCH
seq_0221,STRIP RESIST
seq_0221,CLEAN AFTER ETCH
seq_0221,MEASURE OPENING CD
seq_0221,IMPLANT WELL
seq_0221,DRIVE IN DIFFUSION
seq_0221,RAPID THERMAL ANNEAL
seq_0221,MEASURE JUNCTION DEPTH
seq_0221,THERMAL OXIDATION
seq_0221,GATE OXIDE PREP
seq_0221,GATE OXIDE GROWTH
seq_0221,MEASURE GATE OXIDE THICKNESS
seq_0221,DEPOSIT POLYSILICON
seq_0221,POLYSILICON ANNEAL
seq_0221,MEASURE POLY THICKNESS
seq_0221,SPIN COAT PHOTORESIST
seq_0221,SOFT BAKE
seq_0221,ALIGN MASK LEVEL 2
seq_0221,EXPOSE LITHO LEVEL 2
seq_0221,POST EXPOSE BAKE
seq_0221,DEVELOP PHOTORESIST
seq_0221,POLY PATTERN INSPECTION
seq_0221,HARD BAKE
seq_0221,POLYSILICON ETCH
seq_0221,STRIP PHOTORESIST
seq_0221,CLEAN AFTER POLY ETCH
seq_0221,IMPLANT SOURCE DRAIN
seq_0221,LIGHT ANNEAL
seq_0221,DEPOSIT SPACER DIELECTRIC
seq_0221,ANISOTROPIC ETCH SPACER
seq_0221,MEASURE SPACER WIDTH
seq_0221,IMPLANT LDD
seq_0221,PRE ANNEAL CHECK
seq_0221,RAPID THERMAL ANNEAL
seq_0221,MEASURE JUNCTION PROFILE
seq_0221,DEPOSIT INTERLAYER DIELECTRIC
seq_0221,DENSIFY DIELECTRIC
seq_0221,MEASURE FILM THICKNESS
seq_0221,CMP INTERLAYER DIELECTRIC
seq_0221,MEASURE PLANARITY
seq_0221,SPIN COAT PHOTORESIST
seq_0221,SOFT BAKE
seq_0221,ALIGN MASK LEVEL 3
seq_0221,EXPOSE LITHO LEVEL 3
seq_0221,DEVELOP PHOTORESIST
seq_0221,VIA OPENING INSPECTION
seq_0221,DIELECTRIC ETCH VIA
seq_0221,STRIP RESIST
seq_0221,CLEAN AFTER VIA ETCH
seq_0221,DEPOSIT BARRIER METAL
seq_0221,DEPOSIT METAL SEED
seq_0221,FILL VIA METAL
seq_0221,CMP VIA FILL
seq_0221,MEASURE CONTACT RESISTANCE
seq_0221,DEPOSIT TOP METAL
seq_0221,ANNEAL METAL
seq_0221,MEASURE METAL THICKNESS
seq_0221,SPIN COAT PHOTORESIST
seq_0221,SOFT BAKE
seq_0221,ALIGN MASK LEVEL 4
seq_0221,EXPOSE LITHO LEVEL 4
seq_0221,POST EXPOSE BAKE
seq_0221,DEVELOP PHOTORESIST
seq_0221,METAL PATTERN INSPECTION
seq_0221,HARD BAKE
seq_0221,METAL ETCH
seq_0221,STRIP PHOTORESIST
seq_0221,CLEAN AFTER METAL ETCH
seq_0221,MEASURE LINE WIDTH
seq_0221,DEPOSIT PASSIVATION LAYER
seq_0221,CURE PASSIVATION
seq_0221,MEASURE PASSIVATION THICKNESS
seq_0221,OPEN PAD WINDOW
seq_0221,PAD WINDOW LITHO
seq_0221,DEVELOP PHOTORESIST
seq_0221,PASSIVATION ETCH
seq_0221,STRIP PHOTORESIST
seq_0221,CLEAN PAD OPENING
seq_0221,MEASURE PAD OPENING
seq_0221,BACKSIDE CLEAN
seq_0221,BACKSIDE GRIND
seq_0221,MEASURE WAFER THICKNESS
seq_0221,BACKSIDE ETCH CLEAN
seq_0221,BACKSIDE RINSE
seq_0221,BACKSIDE DRY
seq_0221,BACKSIDE METALLIZATION PREP
seq_0221,DEPOSIT BACKSIDE METAL
seq_0221,BACKSIDE ANNEAL
seq_0221,MEASURE BACKSIDE CONTACT
seq_0221,FINAL CLEAN
seq_0221,FINAL THICKNESS MEASURE
seq_0221,FINAL GEOMETRY CHECK
seq_0221,FINAL PARTICLE INSPECTION
seq_0221,PARAMETRIC TEST
seq_0221,LEAKAGE TEST
seq_0221,THRESHOLD VOLTAGE TEST
seq_0221,SWITCHING TEST
seq_0221,WAFER SORT TEST
seq_0221,YIELD ANALYSIS
seq_0221,LOT RELEASE
seq_0221,SHIP LOT
seq_0222,RECEIVE WAFER LOT
seq_0222,LOT IDENTIFICATION
seq_0222,PRE CLEAN INSPECTION
seq_0222,MEASURE THICKNESS
seq_0222,MEASURE SURFACE PARTICLES
seq_0222,PRE CLEAN WAFER
seq_0222,WET CLEAN RCA1
seq_0222,WET CLEAN RCA2
seq_0222,HF DIP
seq_0222,DRY WAFER
seq_0222,SUBSTRATE CHECK
seq_0222,EPITAXY PREP
seq_0222,EPITAXIAL DEPOSITION
seq_0222,MEASURE EPITAXY THICKNESS
seq_0222,MEASURE RESISTIVITY
seq_0222,EPITAXY ANNEAL
seq_0222,WAFER SURFACE CLEAN
seq_0222,THERMAL OXIDATION
seq_0222,MEASURE OXIDE THICKNESS
seq_0222,SPIN COAT PHOTORESIST
seq_0222,SOFT BAKE
seq_0222,ALIGN MASK LEVEL 1
seq_0222,EXPOSE LITHO LEVEL 1
seq_0222,DEVELOP PHOTORESIST
seq_0222,PATTERN INSPECTION LEVEL 1
seq_0222,HARD BAKE
seq_0222,OXIDE ETCH
seq_0222,STRIP PHOTORESIST
seq_0222,CLEAN AFTER ETCH
seq_0222,MEASURE OPENING CD
seq_0222,IMPLANT WELL
seq_0222,PRE ANNEAL CHECK
seq_0222,DRIVE IN DIFFUSION
seq_0222,RAPID THERMAL ANNEAL
seq_0222,MEASURE JUNCTION DEPTH
seq_0222,THERMAL OXIDATION
seq_0222,GATE OXIDE PREP
seq_0222,GATE OXIDE GROWTH
seq_0222,MEASURE GATE OXIDE THICKNESS
seq_0222,DEPOSIT POLYSILICON
seq_0222,POLYSILICON ANNEAL
seq_0222,MEASURE POLY THICKNESS
seq_0222,SPIN COAT PHOTORESIST
seq_0222,SOFT BAKE
seq_0222,ALIGN MASK LEVEL 2
seq_0222,EXPOSE LITHO LEVEL 2
seq_0222,DEVELOP PHOTORESIST
seq_0222,POLY PATTERN INSPECTION
seq_0222,POLYSILICON ETCH
seq_0222,STRIP RESIST
seq_0222,CLEAN AFTER POLY ETCH
seq_0222,MEASURE GATE CD
seq_0222,IMPLANT SOURCE DRAIN
seq_0222,PRE ANNEAL CHECK
seq_0222,LIGHT ANNEAL
seq_0222,DEPOSIT SPACER DIELECTRIC
seq_0222,ANISOTROPIC ETCH SPACER
seq_0222,IMPLANT LDD
seq_0222,RAPID THERMAL ANNEAL
seq_0222,MEASURE JUNCTION PROFILE
seq_0222,DEPOSIT INTERLAYER DIELECTRIC
seq_0222,DENSIFY OXIDE
seq_0222,MEASURE DIELECTRIC THICKNESS
seq_0222,CMP INTERLAYER DIELECTRIC
seq_0222,MEASURE SURFACE PLANARITY
seq_0222,SPIN COAT PHOTORESIST
seq_0222,SOFT BAKE
seq_0222,ALIGN MASK LEVEL 3
seq_0222,EXPOSE LITHO LEVEL 3
seq_0222,DEVELOP PHOTORESIST
seq_0222,VIA INSPECTION
seq_0222,HARD BAKE
seq_0222,VIA ETCH
seq_0222,STRIP PHOTORESIST
seq_0222,CLEAN AFTER VIA ETCH
seq_0222,MEASURE VIA CD
seq_0222,DEPOSIT BARRIER METAL
seq_0222,DEPOSIT METAL SEED
seq_0222,FILL VIA METAL
seq_0222,CMP VIA FILL
seq_0222,MEASURE CONTACT RESISTANCE
seq_0222,DEPOSIT METAL 1
seq_0222,ANNEAL METAL 1
seq_0222,MEASURE METAL THICKNESS
seq_0222,SPIN COAT PHOTORESIST
seq_0222,SOFT BAKE
seq_0222,ALIGN MASK LEVEL 4
seq_0222,EXPOSE LITHO LEVEL 4
seq_0222,POST EXPOSE BAKE
seq_0222,DEVELOP PHOTORESIST
seq_0222,METAL PATTERN INSPECTION
seq_0222,HARD BAKE
seq_0222,METAL ETCH
seq_0222,STRIP RESIST
seq_0222,CLEAN AFTER METAL ETCH
seq_0222,MEASURE LINE WIDTH
seq_0222,DEPOSIT PASSIVATION LAYER
seq_0222,CURE PASSIVATION
seq_0222,MEASURE PASSIVATION QUALITY
seq_0222,OPEN BOND PAD WINDOW
seq_0222,PAD WINDOW LITHO
seq_0222,DEVELOP PAD WINDOW
seq_0222,PASSIVATION ETCH
seq_0222,STRIP PHOTORESIST
seq_0222,CLEAN PAD OPENING
seq_0222,MEASURE PAD OPENING
seq_0222,BACKSIDE CLEAN
seq_0222,BACKSIDE GRIND
seq_0222,MEASURE THICKNESS
seq_0222,BACKSIDE ETCH CLEAN
seq_0222,BACKSIDE RINSE
seq_0222,BACKSIDE DRY
seq_0222,BACKSIDE METALLIZATION PREP
seq_0222,DEPOSIT BACKSIDE METAL
seq_0222,BACKSIDE ANNEAL
seq_0222,MEASURE BACKSIDE CONTACT
seq_0222,FINAL CLEAN
seq_0222,FINAL THICKNESS MEASURE
seq_0222,FINAL GEOMETRY CHECK
seq_0222,FINAL PARTICLE INSPECTION
seq_0222,PARAMETRIC TEST
seq_0222,LEAKAGE TEST
seq_0222,THRESHOLD VOLTAGE TEST
seq_0222,SWITCHING TEST
seq_0222,WAFER SORT TEST
seq_0222,YIELD ANALYSIS
seq_0222,LOT RELEASE
seq_0222,SHIP LOT
seq_0223,RECEIVE WAFER LOT
seq_0223,LOT IDENTIFICATION
seq_0223,PRE CLEAN INSPECTION
seq_0223,MEASURE SURFACE PARTICLES
seq_0223,PRE CLEAN WAFER
seq_0223,FRONTSIDE CLEAN
seq_0223,WET CLEAN RCA1
seq_0223,WET CLEAN RCA2
seq_0223,HF DIP
seq_0223,DRY WAFER
seq_0223,SUBSTRATE CHECK
seq_0223,EPITAXY PREP
seq_0223,EPITAXIAL DEPOSITION
seq_0223,MEASURE EPITAXY THICKNESS
seq_0223,MEASURE RESISTIVITY
seq_0223,EPITAXY ANNEAL
seq_0223,WAFER SURFACE CLEAN
seq_0223,THERMAL OXIDATION
seq_0223,MEASURE OXIDE THICKNESS
seq_0223,SPIN COAT PHOTORESIST
seq_0223,SOFT BAKE
seq_0223,ALIGN MASK LEVEL 1
seq_0223,EXPOSE LITHO LEVEL 1
seq_0223,POST EXPOSE BAKE
seq_0223,DEVELOP PHOTORESIST
seq_0223,PATTERN INSPECTION LEVEL 1
seq_0223,OXIDE ETCH
seq_0223,STRIP PHOTORESIST
seq_0223,CLEAN AFTER ETCH
seq_0223,MEASURE OPENING CD
seq_0223,IMPLANT WELL
seq_0223,PRE ANNEAL CHECK
seq_0223,DRIVE IN DIFFUSION
seq_0223,RAPID THERMAL ANNEAL
seq_0223,MEASURE JUNCTION DEPTH
seq_0223,THERMAL OXIDATION
seq_0223,GATE OXIDE PREP
seq_0223,GATE OXIDE GROWTH
seq_0223,MEASURE GATE OXIDE THICKNESS
seq_0223,DEPOSIT POLYSILICON
seq_0223,POLYSILICON ANNEAL
seq_0223,MEASURE POLY THICKNESS
seq_0223,SPIN COAT PHOTORESIST
seq_0223,SOFT BAKE
seq_0223,ALIGN MASK LEVEL 2
seq_0223,EXPOSE LITHO LEVEL 2
seq_0223,POST EXPOSE BAKE
seq_0223,DEVELOP PHOTORESIST
seq_0223,POLY PATTERN INSPECTION
seq_0223,POLYSILICON ETCH
seq_0223,STRIP RESIST
seq_0223,CLEAN AFTER POLY ETCH
seq_0223,MEASURE GATE CD
seq_0223,IMPLANT SOURCE DRAIN
seq_0223,PRE ANNEAL CHECK
seq_0223,LIGHT ANNEAL
seq_0223,DEPOSIT SPACER DIELECTRIC
seq_0223,ANISOTROPIC ETCH SPACER
seq_0223,MEASURE SPACER WIDTH
seq_0223,IMPLANT LDD
seq_0223,RAPID THERMAL ANNEAL
seq_0223,DEPOSIT INTERLEVEL DIELECTRIC
seq_0223,DENSIFY OXIDE
seq_0223,MEASURE FILM THICKNESS
seq_0223,CMP DIELECTRIC
seq_0223,MEASURE PLANARITY
seq_0223,SPIN COAT PHOTORESIST
seq_0223,SOFT BAKE
seq_0223,ALIGN MASK LEVEL 3
seq_0223,EXPOSE LITHO LEVEL 3
seq_0223,DEVELOP PHOTORESIST
seq_0223,VIA INSPECTION
seq_0223,HARD BAKE
seq_0223,VIA ETCH THROUGH DIELECTRIC
seq_0223,STRIP PHOTORESIST
seq_0223,CLEAN AFTER VIA ETCH
seq_0223,DEPOSIT BARRIER METAL
seq_0223,DEPOSIT METAL SEED
seq_0223,FILL VIA METAL
seq_0223,CMP METAL
seq_0223,DEPOSIT METAL 1
seq_0223,ANNEAL METAL 1
seq_0223,SPIN COAT PHOTORESIST
seq_0223,SOFT BAKE
seq_0223,ALIGN MASK LEVEL 4
seq_0223,EXPOSE LITHO LEVEL 4
seq_0223,POST EXPOSE BAKE
seq_0223,DEVELOP PHOTORESIST
seq_0223,METAL PATTERN INSPECTION
seq_0223,HARD BAKE
seq_0223,METAL ETCH
seq_0223,STRIP PHOTORESIST
seq_0223,CLEAN AFTER METAL ETCH
seq_0223,MEASURE LINE WIDTH
seq_0223,DEPOSIT PASSIVATION LAYER
seq_0223,CURE PASSIVATION
seq_0223,MEASURE PASSIVATION QUALITY
seq_0223,OPEN PAD WINDOW
seq_0223,PAD WINDOW LITHO
seq_0223,DEVELOP PHOTORESIST
seq_0223,PASSIVATION ETCH PAD OPENING
seq_0223,STRIP RESIST
seq_0223,CLEAN PAD OPENING
seq_0223,MEASURE PAD OPENING
seq_0223,BACKSIDE CLEAN
seq_0223,BACKSIDE GRIND
seq_0223,MEASURE THICKNESS
seq_0223,BACKSIDE ETCH CLEAN
seq_0223,BACKSIDE RINSE
seq_0223,BACKSIDE DRY
seq_0223,BACKSIDE METALLIZATION PREP
seq_0223,DEPOSIT BACKSIDE METAL
seq_0223,BACKSIDE ANNEAL
seq_0223,MEASURE BACKSIDE CONTACT
seq_0223,FINAL CLEAN
seq_0223,FINAL GEOMETRY CHECK
seq_0223,FINAL CD INSPECTION
seq_0223,FINAL PARTICLE INSPECTION
seq_0223,PARAMETRIC TEST
seq_0223,LEAKAGE TEST
seq_0223,THRESHOLD VOLTAGE TEST
seq_0223,SWITCHING TEST
seq_0223,WAFER SORT TEST
seq_0223,YIELD ANALYSIS
seq_0223,FINAL LOT RELEASE
seq_0223,SHIP LOT
seq_0224,RECEIVE WAFER LOT
seq_0224,LOT IDENTIFICATION
seq_0224,PRE CLEAN INSPECTION
seq_0224,MEASURE THICKNESS
seq_0224,MEASURE SURFACE PARTICLES
seq_0224,PRE CLEAN WAFER
seq_0224,WET CLEAN RCA1
seq_0224,RCA CLEAN 2
seq_0224,HF DIP
seq_0224,DRY WAFER
seq_0224,SUBSTRATE CHECK
seq_0224,EPITAXY PREP
seq_0224,EPITAXIAL DEPOSITION
seq_0224,MEASURE EPITAXY THICKNESS
seq_0224,MEASURE RESISTIVITY
seq_0224,EPITAXY ANNEAL
seq_0224,WAFER SURFACE CLEAN
seq_0224,THERMAL OXIDATION
seq_0224,MEASURE OXIDE THICKNESS
seq_0224,SPIN COAT PHOTORESIST
seq_0224,SOFT BAKE
seq_0224,ALIGN MASK LEVEL 1
seq_0224,EXPOSE LITHO LEVEL 1
seq_0224,DEVELOP PHOTORESIST
seq_0224,PATTERN INSPECTION LEVEL 1
seq_0224,OXIDE ETCH
seq_0224,STRIP RESIST
seq_0224,CLEAN AFTER ETCH
seq_0224,MEASURE OPENING CD
seq_0224,IMPLANT WELL
seq_0224,PRE ANNEAL CHECK
seq_0224,DRIVE IN DIFFUSION
seq_0224,RAPID THERMAL ANNEAL
seq_0224,THERMAL OXIDATION
seq_0224,GATE OXIDE PREP
seq_0224,GATE OXIDE GROWTH
seq_0224,MEASURE GATE OXIDE THICKNESS
seq_0224,DEPOSIT POLYSILICON
seq_0224,POLYSILICON ANNEAL
seq_0224,MEASURE POLY THICKNESS
seq_0224,SPIN COAT PHOTORESIST
seq_0224,SOFT BAKE
seq_0224,ALIGN MASK LEVEL 2
seq_0224,EXPOSE LITHO LEVEL 2
seq_0224,POST EXPOSE BAKE
seq_0224,DEVELOP PHOTORESIST
seq_0224,POLY PATTERN INSPECTION
seq_0224,POLYSILICON ETCH
seq_0224,STRIP PHOTORESIST
seq_0224,CLEAN AFTER POLY ETCH
seq_0224,MEASURE GATE CD
seq_0224,IMPLANT SOURCE DRAIN
seq_0224,PRE ANNEAL CHECK
seq_0224,LIGHT ANNEAL
seq_0224,DEPOSIT SPACER DIELECTRIC
seq_0224,ANISOTROPIC ETCH SPACER
seq_0224,MEASURE SPACER WIDTH
seq_0224,IMPLANT LDD
seq_0224,RAPID THERMAL ANNEAL
seq_0224,DEPOSIT INTERLEVEL DIELECTRIC
seq_0224,DENSIFY OXIDE
seq_0224,MEASURE DIELECTRIC THICKNESS
seq_0224,CMP DIELECTRIC
seq_0224,MEASURE PLANARITY
seq_0224,SPIN COAT PHOTORESIST
seq_0224,SOFT BAKE
seq_0224,ALIGN MASK LEVEL 3
seq_0224,EXPOSE LITHO LEVEL 3
seq_0224,DEVELOP PHOTORESIST
seq_0224,VIA INSPECTION
seq_0224,VIA ETCH
seq_0224,STRIP PHOTORESIST
seq_0224,CLEAN AFTER VIA ETCH
seq_0224,DEPOSIT BARRIER METAL
seq_0224,DEPOSIT METAL SEED
seq_0224,FILL VIA METAL
seq_0224,CMP VIA FILL
seq_0224,MEASURE VIA RESISTANCE
seq_0224,DEPOSIT METAL 1
seq_0224,ANNEAL METAL 1
seq_0224,MEASURE METAL THICKNESS
seq_0224,SPIN COAT PHOTORESIST
seq_0224,SOFT BAKE
seq_0224,ALIGN MASK LEVEL 4
seq_0224,EXPOSE LITHO LEVEL 4
seq_0224,DEVELOP PHOTORESIST
seq_0224,METAL PATTERN INSPECTION
seq_0224,METAL ETCH
seq_0224,STRIP RESIST
seq_0224,CLEAN AFTER METAL ETCH
seq_0224,MEASURE LINE WIDTH
seq_0224,DEPOSIT PASSIVATION
seq_0224,CURE PASSIVATION
seq_0224,MEASURE PASSIVATION THICKNESS
seq_0224,OPEN BOND PAD WINDOW
seq_0224,PAD WINDOW LITHO
seq_0224,DEVELOP PHOTORESIST
seq_0224,PASSIVATION ETCH
seq_0224,STRIP RESIST
seq_0224,CLEAN PAD OPENING
seq_0224,MEASURE PAD OPENING
seq_0224,BACKSIDE CLEAN
seq_0224,BACKSIDE GRIND
seq_0224,MEASURE THICKNESS
seq_0224,BACKSIDE ETCH CLEAN
seq_0224,BACKSIDE RINSE
seq_0224,BACKSIDE DRY
seq_0224,BACKSIDE METALLIZATION PREP
seq_0224,DEPOSIT BACKSIDE METAL
seq_0224,BACKSIDE ANNEAL
seq_0224,MEASURE BACKSIDE CONTACT
seq_0224,FINAL CLEAN
seq_0224,FINAL THICKNESS MEASURE
seq_0224,FINAL PARTICLE INSPECTION
seq_0224,PARAMETRIC TEST
seq_0224,LEAKAGE TEST
seq_0224,THRESHOLD VOLTAGE TEST
seq_0224,SWITCHING TEST
seq_0224,WAFER SORT TEST
seq_0224,YIELD ANALYSIS
seq_0224,FINAL LOT RELEASE
seq_0224,SHIP LOT
seq_0225,RECEIVE WAFER LOT
seq_0225,LOT IDENTIFICATION
seq_0225,INITIAL WAFER INSPECTION
seq_0225,MEASURE THICKNESS
seq_0225,MEASURE SURFACE PARTICLES
seq_0225,PRE CLEAN WAFER
seq_0225,BACKSIDE CLEAN
seq_0225,FRONTSIDE CLEAN
seq_0225,WET CLEAN RCA1
seq_0225,WET CLEAN RCA2
seq_0225,HF DIP
seq_0225,SUBSTRATE CHECK
seq_0225,EPITAXY PREP
seq_0225,EPITAXIAL DEPOSITION
seq_0225,MEASURE EPITAXY THICKNESS
seq_0225,MEASURE RESISTIVITY
seq_0225,EPITAXY ANNEAL
seq_0225,WAFER SURFACE CLEAN
seq_0225,THERMAL OXIDATION
seq_0225,MEASURE OXIDE THICKNESS
seq_0225,SPIN COAT PHOTORESIST
seq_0225,SOFT BAKE
seq_0225,ALIGN MASK LEVEL 1
seq_0225,EXPOSE LITHO LEVEL 1
seq_0225,DEVELOP PHOTORESIST
seq_0225,PATTERN INSPECTION LEVEL 1
seq_0225,HARD BAKE
seq_0225,OXIDE ETCH
seq_0225,STRIP PHOTORESIST
seq_0225,CLEAN AFTER ETCH
seq_0225,MEASURE OPENING CD
seq_0225,IMPLANT WELL
seq_0225,PRE ANNEAL CHECK
seq_0225,DRIVE IN DIFFUSION
seq_0225,RAPID THERMAL ANNEAL
seq_0225,MEASURE JUNCTION DEPTH
seq_0225,THERMAL OXIDATION
seq_0225,GATE OXIDE PREP
seq_0225,GATE OXIDE GROWTH
seq_0225,MEASURE GATE OXIDE THICKNESS
seq_0225,DEPOSIT POLYSILICON
seq_0225,POLYSILICON ANNEAL
seq_0225,MEASURE POLY THICKNESS
seq_0225,SPIN COAT PHOTORESIST
seq_0225,SOFT BAKE
seq_0225,ALIGN MASK LEVEL 2
seq_0225,EXPOSE LITHO LEVEL 2
seq_0225,DEVELOP PHOTORESIST
seq_0225,POLY PATTERN INSPECTION
seq_0225,POLYSILICON ETCH
seq_0225,STRIP PHOTORESIST
seq_0225,CLEAN AFTER POLY ETCH
seq_0225,IMPLANT SOURCE DRAIN
seq_0225,LIGHT ANNEAL
seq_0225,MEASURE SHEET RESISTANCE
seq_0225,DEPOSIT SPACER DIELECTRIC
seq_0225,ANISOTROPIC ETCH SPACER
seq_0225,MEASURE SPACER WIDTH
seq_0225,IMPLANT LDD
seq_0225,RAPID THERMAL ANNEAL
seq_0225,MEASURE JUNCTION PROFILE
seq_0225,DEPOSIT INTERLEVEL DIELECTRIC
seq_0225,DENSIFY OXIDE
seq_0225,MEASURE FILM THICKNESS
seq_0225,CMP INTERLAYER DIELECTRIC
seq_0225,MEASURE PLANARITY
seq_0225,SPIN COAT PHOTORESIST
seq_0225,SOFT BAKE
seq_0225,ALIGN MASK LEVEL 3
seq_0225,EXPOSE LITHO LEVEL 3
seq_0225,POST EXPOSE BAKE
seq_0225,DEVELOP PHOTORESIST
seq_0225,VIA OPENING INSPECTION
seq_0225,VIA ETCH
seq_0225,STRIP PHOTORESIST
seq_0225,CLEAN AFTER VIA ETCH
seq_0225,MEASURE VIA CD
seq_0225,DEPOSIT BARRIER METAL
seq_0225,DEPOSIT METAL SEED
seq_0225,FILL VIA METAL
seq_0225,CMP VIA FILL
seq_0225,MEASURE VIA RESISTANCE
seq_0225,DEPOSIT METAL 1
seq_0225,ANNEAL METAL 1
seq_0225,SPIN COAT PHOTORESIST
seq_0225,SOFT BAKE
seq_0225,ALIGN MASK LEVEL 4
seq_0225,EXPOSE LITHO LEVEL 4
seq_0225,DEVELOP PHOTORESIST
seq_0225,METAL PATTERN INSPECTION
seq_0225,HARD BAKE
seq_0225,METAL ETCH
seq_0225,STRIP RESIST
seq_0225,CLEAN AFTER METAL ETCH
seq_0225,DEPOSIT PASSIVATION
seq_0225,CURE PASSIVATION
seq_0225,MEASURE PASSIVATION QUALITY
seq_0225,OPEN BOND PAD WINDOW
seq_0225,OPEN PAD WINDOW LITHO
seq_0225,DEVELOP PAD WINDOW
seq_0225,PASSIVATION ETCH
seq_0225,STRIP RESIST
seq_0225,CLEAN PAD OPENING
seq_0225,MEASURE PAD OPENING
seq_0225,BACKSIDE CLEAN
seq_0225,BACKSIDE GRIND
seq_0225,MEASURE THICKNESS
seq_0225,BACKSIDE ETCH CLEAN
seq_0225,BACKSIDE RINSE
seq_0225,BACKSIDE DRY
seq_0225,BACKSIDE METALLIZATION PREP
seq_0225,DEPOSIT BACKSIDE METAL
seq_0225,BACKSIDE ANNEAL
seq_0225,MEASURE BACKSIDE CONTACT
seq_0225,FINAL CLEAN
seq_0225,FINAL THICKNESS MEASURE
seq_0225,FINAL GEOMETRY CHECK
seq_0225,FINAL PARTICLE INSPECTION
seq_0225,PARAMETRIC TEST
seq_0225,LEAKAGE TEST
seq_0225,THRESHOLD VOLTAGE TEST
seq_0225,SWITCHING TEST
seq_0225,WAFER SORT TEST
seq_0225,YIELD ANALYSIS
seq_0225,FINAL LOT RELEASE
seq_0225,SHIP LOT
seq_0226,RECEIVE WAFER LOT
seq_0226,LOT IDENTIFICATION
seq_0226,PRE CLEAN INSPECTION
seq_0226,MEASURE THICKNESS
seq_0226,MEASURE SURFACE PARTICLES
seq_0226,PRE CLEAN WAFER
seq_0226,RCA CLEAN 1
seq_0226,RCA CLEAN 2
seq_0226,HF DIP
seq_0226,SUBSTRATE CHECK
seq_0226,EPITAXY PREP
seq_0226,EPITAXIAL DEPOSITION
seq_0226,MEASURE EPITAXY THICKNESS
seq_0226,MEASURE RESISTIVITY
seq_0226,EPITAXY ANNEAL
seq_0226,WAFER SURFACE CLEAN
seq_0226,THERMAL OXIDATION
seq_0226,MEASURE OXIDE THICKNESS
seq_0226,SPIN COAT PHOTORESIST
seq_0226,SOFT BAKE
seq_0226,ALIGN MASK LEVEL 1
seq_0226,EXPOSE LITHO LEVEL 1
seq_0226,DEVELOP PHOTORESIST
seq_0226,PATTERN INSPECTION LEVEL 1
seq_0226,HARD BAKE
seq_0226,OXIDE ETCH
seq_0226,STRIP PHOTORESIST
seq_0226,CLEAN AFTER ETCH
seq_0226,MEASURE OPENING CD
seq_0226,IMPLANT WELL
seq_0226,PRE ANNEAL CHECK
seq_0226,DRIVE IN DIFFUSION
seq_0226,RAPID THERMAL ANNEAL
seq_0226,THERMAL OXIDATION
seq_0226,GATE OXIDE PREP
seq_0226,GATE OXIDE GROWTH
seq_0226,MEASURE GATE OXIDE THICKNESS
seq_0226,DEPOSIT POLYSILICON
seq_0226,POLYSILICON ANNEAL
seq_0226,MEASURE POLY THICKNESS
seq_0226,SPIN COAT PHOTORESIST
seq_0226,SOFT BAKE
seq_0226,ALIGN MASK LEVEL 2
seq_0226,EXPOSE LITHO LEVEL 2
seq_0226,POST EXPOSE BAKE
seq_0226,DEVELOP PHOTORESIST
seq_0226,POLY PATTERN INSPECTION
seq_0226,POLYSILICON ETCH
seq_0226,STRIP PHOTORESIST
seq_0226,CLEAN AFTER POLY ETCH
seq_0226,IMPLANT SOURCE DRAIN
seq_0226,PRE ANNEAL CHECK
seq_0226,LIGHT ANNEAL
seq_0226,DEPOSIT SPACER DIELECTRIC
seq_0226,ANISOTROPIC ETCH SPACER
seq_0226,MEASURE SPACER WIDTH
seq_0226,IMPLANT LDD
seq_0226,PRE ANNEAL CHECK
seq_0226,RAPID THERMAL ANNEAL
seq_0226,MEASURE JUNCTION PROFILE
seq_0226,DEPOSIT INTERLAYER DIELECTRIC
seq_0226,DENSIFY OXIDE
seq_0226,MEASURE DIELECTRIC THICKNESS
seq_0226,CMP INTERLAYER DIELECTRIC
seq_0226,MEASURE SURFACE PLANARITY
seq_0226,SPIN COAT PHOTORESIST
seq_0226,SOFT BAKE
seq_0226,ALIGN MASK LEVEL 3
seq_0226,EXPOSE LITHO LEVEL 3
seq_0226,DEVELOP PHOTORESIST
seq_0226,VIA INSPECTION
seq_0226,VIA ETCH
seq_0226,STRIP RESIST
seq_0226,CLEAN AFTER VIA ETCH
seq_0226,MEASURE VIA CD
seq_0226,DEPOSIT BARRIER METAL
seq_0226,DEPOSIT METAL SEED
seq_0226,FILL VIA METAL
seq_0226,CMP METAL
seq_0226,MEASURE VIA RESISTANCE
seq_0226,DEPOSIT METAL 1
seq_0226,ANNEAL METAL 1
seq_0226,MEASURE METAL THICKNESS
seq_0226,SPIN COAT PHOTORESIST
seq_0226,SOFT BAKE
seq_0226,ALIGN MASK LEVEL 4
seq_0226,EXPOSE LITHO LEVEL 4
seq_0226,DEVELOP PHOTORESIST
seq_0226,METAL PATTERN INSPECTION
seq_0226,HARD BAKE
seq_0226,METAL ETCH
seq_0226,STRIP PHOTORESIST
seq_0226,CLEAN AFTER METAL ETCH
seq_0226,MEASURE LINE WIDTH
seq_0226,DEPOSIT PASSIVATION LAYER
seq_0226,CURE PASSIVATION
seq_0226,MEASURE PASSIVATION QUALITY
seq_0226,OPEN BOND PAD WINDOW
seq_0226,OPEN PAD WINDOW LITHO
seq_0226,DEVELOP PAD WINDOW
seq_0226,PASSIVATION ETCH
seq_0226,STRIP RESIST
seq_0226,CLEAN PAD OPENING
seq_0226,MEASURE PAD OPENING
seq_0226,BACKSIDE CLEAN
seq_0226,BACKSIDE GRIND
seq_0226,MEASURE WAFER THICKNESS
seq_0226,BACKSIDE ETCH CLEAN
seq_0226,BACKSIDE RINSE
seq_0226,BACKSIDE DRY
seq_0226,BACKSIDE METALLIZATION PREP
seq_0226,DEPOSIT BACKSIDE METAL
seq_0226,BACKSIDE ANNEAL
seq_0226,MEASURE BACKSIDE CONTACT
seq_0226,FINAL CLEAN
seq_0226,FINAL CD INSPECTION
seq_0226,FINAL PARTICLE INSPECTION
seq_0226,PARAMETRIC TEST
seq_0226,LEAKAGE TEST
seq_0226,THRESHOLD VOLTAGE TEST
seq_0226,SWITCHING TEST
seq_0226,WAFER SORT TEST
seq_0226,YIELD ANALYSIS
seq_0226,LOT RELEASE
seq_0226,SHIP LOT
seq_0227,RECEIVE WAFER LOT
seq_0227,LOT IDENTIFICATION
seq_0227,PRE CLEAN INSPECTION
seq_0227,MEASURE THICKNESS
seq_0227,MEASURE SURFACE PARTICLES
seq_0227,PRE CLEAN WAFER
seq_0227,BACKSIDE CLEAN
seq_0227,RCA CLEAN 1
seq_0227,RCA CLEAN 2
seq_0227,HF DIP
seq_0227,SUBSTRATE CHECK
seq_0227,EPITAXY PREP
seq_0227,EPITAXIAL DEPOSITION
seq_0227,MEASURE EPITAXY THICKNESS
seq_0227,MEASURE RESISTIVITY
seq_0227,EPITAXY ANNEAL
seq_0227,WAFER SURFACE CLEAN
seq_0227,THERMAL OXIDATION
seq_0227,MEASURE OXIDE THICKNESS
seq_0227,SPIN COAT PHOTORESIST
seq_0227,SOFT BAKE
seq_0227,ALIGN MASK LEVEL 1
seq_0227,EXPOSE LITHO LEVEL 1
seq_0227,POST EXPOSE BAKE
seq_0227,DEVELOP PHOTORESIST
seq_0227,PATTERN INSPECTION LEVEL 1
seq_0227,OXIDE ETCH
seq_0227,STRIP PHOTORESIST
seq_0227,CLEAN AFTER ETCH
seq_0227,MEASURE OPENING CD
seq_0227,IMPLANT WELL
seq_0227,DRIVE IN DIFFUSION
seq_0227,RAPID THERMAL ANNEAL
seq_0227,MEASURE JUNCTION DEPTH
seq_0227,THERMAL OXIDATION
seq_0227,GATE OXIDE PREP
seq_0227,GATE OXIDE GROWTH
seq_0227,MEASURE GATE OXIDE THICKNESS
seq_0227,DEPOSIT POLYSILICON
seq_0227,POLYSILICON ANNEAL
seq_0227,MEASURE POLY THICKNESS
seq_0227,SPIN COAT PHOTORESIST
seq_0227,SOFT BAKE
seq_0227,ALIGN MASK LEVEL 2
seq_0227,EXPOSE LITHO LEVEL 2
seq_0227,POST EXPOSE BAKE
seq_0227,DEVELOP PHOTORESIST
seq_0227,POLY PATTERN INSPECTION
seq_0227,POLYSILICON ETCH
seq_0227,STRIP PHOTORESIST
seq_0227,CLEAN AFTER POLY ETCH
seq_0227,MEASURE GATE CD
seq_0227,IMPLANT SOURCE DRAIN
seq_0227,PRE ANNEAL CHECK
seq_0227,LIGHT ANNEAL
seq_0227,DEPOSIT SPACER DIELECTRIC
seq_0227,ANISOTROPIC ETCH SPACER
seq_0227,MEASURE SPACER WIDTH
seq_0227,IMPLANT LDD
seq_0227,RAPID THERMAL ANNEAL
seq_0227,MEASURE JUNCTION PROFILE
seq_0227,DEPOSIT INTERLEVEL DIELECTRIC
seq_0227,DENSIFY OXIDE
seq_0227,MEASURE DIELECTRIC THICKNESS
seq_0227,CMP DIELECTRIC
seq_0227,MEASURE SURFACE PLANARITY
seq_0227,SPIN COAT PHOTORESIST
seq_0227,SOFT BAKE
seq_0227,ALIGN MASK LEVEL 3
seq_0227,EXPOSE LITHO LEVEL 3
seq_0227,DEVELOP PHOTORESIST
seq_0227,VIA OPENING INSPECTION
seq_0227,VIA ETCH THROUGH DIELECTRIC
seq_0227,STRIP PHOTORESIST
seq_0227,CLEAN AFTER VIA ETCH
seq_0227,MEASURE VIA CD
seq_0227,DEPOSIT BARRIER METAL
seq_0227,DEPOSIT METAL SEED
seq_0227,FILL VIA METAL
seq_0227,CMP VIA FILL
seq_0227,MEASURE VIA RESISTANCE
seq_0227,DEPOSIT TOP METAL
seq_0227,ANNEAL METAL
seq_0227,MEASURE METAL THICKNESS
seq_0227,SPIN COAT PHOTORESIST
seq_0227,SOFT BAKE
seq_0227,ALIGN MASK LEVEL 4
seq_0227,EXPOSE LITHO LEVEL 4
seq_0227,DEVELOP PHOTORESIST
seq_0227,METAL PATTERN INSPECTION
seq_0227,METAL ETCH
seq_0227,STRIP PHOTORESIST
seq_0227,CLEAN AFTER METAL ETCH
seq_0227,MEASURE LINE WIDTH
seq_0227,DEPOSIT PASSIVATION LAYER
seq_0227,CURE PASSIVATION
seq_0227,MEASURE PASSIVATION THICKNESS
seq_0227,OPEN PAD WINDOW
seq_0227,OPEN PAD WINDOW LITHO
seq_0227,DEVELOP PAD WINDOW
seq_0227,PASSIVATION ETCH
seq_0227,STRIP PHOTORESIST
seq_0227,CLEAN PAD OPENING
seq_0227,MEASURE PAD OPENING
seq_0227,BACKSIDE CLEAN
seq_0227,BACKSIDE GRIND
seq_0227,MEASURE THICKNESS
seq_0227,BACKSIDE ETCH CLEAN
seq_0227,BACKSIDE RINSE
seq_0227,BACKSIDE DRY
seq_0227,BACKSIDE METALLIZATION PREP
seq_0227,DEPOSIT BACKSIDE METAL
seq_0227,BACKSIDE ANNEAL
seq_0227,MEASURE BACKSIDE CONTACT
seq_0227,FINAL CLEAN
seq_0227,FINAL THICKNESS MEASURE
seq_0227,FINAL GEOMETRY CHECK
seq_0227,FINAL CD INSPECTION
seq_0227,FINAL PARTICLE INSPECTION
seq_0227,ELECTRICAL PARAMETRIC TEST
seq_0227,LEAKAGE TEST
seq_0227,THRESHOLD VOLTAGE TEST
seq_0227,SWITCHING TEST
seq_0227,WAFER SORT TEST
seq_0227,YIELD ANALYSIS
seq_0227,FINAL LOT RELEASE
seq_0227,SHIP LOT
seq_0228,RECEIVE WAFER LOT
seq_0228,LOT IDENTIFICATION
seq_0228,PRE CLEAN INSPECTION
seq_0228,MEASURE THICKNESS
seq_0228,MEASURE SURFACE PARTICLES
seq_0228,PRE CLEAN WAFER
seq_0228,BACKSIDE CLEAN
seq_0228,FRONTSIDE CLEAN
seq_0228,WET CLEAN RCA1
seq_0228,RCA CLEAN 2
seq_0228,HF DIP
seq_0228,DRY WAFER
seq_0228,SUBSTRATE CHECK
seq_0228,EPITAXY PREP
seq_0228,EPITAXIAL DEPOSITION
seq_0228,MEASURE EPITAXY THICKNESS
seq_0228,MEASURE RESISTIVITY
seq_0228,EPITAXY ANNEAL
seq_0228,WAFER SURFACE CLEAN
seq_0228,THERMAL OXIDATION
seq_0228,MEASURE OXIDE THICKNESS
seq_0228,SPIN COAT PHOTORESIST
seq_0228,SOFT BAKE
seq_0228,ALIGN MASK LEVEL 1
seq_0228,EXPOSE LITHO LEVEL 1
seq_0228,POST EXPOSE BAKE
seq_0228,DEVELOP PHOTORESIST
seq_0228,PATTERN INSPECTION LEVEL 1
seq_0228,OXIDE ETCH
seq_0228,STRIP PHOTORESIST
seq_0228,CLEAN AFTER ETCH
seq_0228,MEASURE OPENING CD
seq_0228,IMPLANT WELL
seq_0228,PRE ANNEAL CHECK
seq_0228,DRIVE IN DIFFUSION
seq_0228,RAPID THERMAL ANNEAL
seq_0228,MEASURE JUNCTION DEPTH
seq_0228,THERMAL OXIDATION
seq_0228,GATE OXIDE PREP
seq_0228,GATE OXIDE GROWTH
seq_0228,MEASURE GATE OXIDE THICKNESS
seq_0228,DEPOSIT POLYSILICON
seq_0228,POLYSILICON ANNEAL
seq_0228,MEASURE POLY THICKNESS
seq_0228,SPIN COAT PHOTORESIST
seq_0228,SOFT BAKE
seq_0228,ALIGN MASK LEVEL 2
seq_0228,EXPOSE LITHO LEVEL 2
seq_0228,DEVELOP PHOTORESIST
seq_0228,POLY PATTERN INSPECTION
seq_0228,HARD BAKE
seq_0228,POLYSILICON ETCH
seq_0228,STRIP PHOTORESIST
seq_0228,CLEAN AFTER POLY ETCH
seq_0228,MEASURE GATE CD
seq_0228,IMPLANT SOURCE DRAIN
seq_0228,LIGHT ANNEAL
seq_0228,MEASURE SHEET RESISTANCE
seq_0228,DEPOSIT SPACER DIELECTRIC
seq_0228,ANISOTROPIC ETCH SPACER
seq_0228,MEASURE SPACER WIDTH
seq_0228,IMPLANT LDD
seq_0228,RAPID THERMAL ANNEAL
seq_0228,MEASURE JUNCTION PROFILE
seq_0228,DEPOSIT INTERLAYER DIELECTRIC
seq_0228,DENSIFY OXIDE
seq_0228,MEASURE FILM THICKNESS
seq_0228,CMP DIELECTRIC
seq_0228,MEASURE SURFACE PLANARITY
seq_0228,SPIN COAT PHOTORESIST
seq_0228,SOFT BAKE
seq_0228,ALIGN MASK LEVEL 3
seq_0228,EXPOSE LITHO LEVEL 3
seq_0228,POST EXPOSE BAKE
seq_0228,DEVELOP PHOTORESIST
seq_0228,VIA INSPECTION
seq_0228,HARD BAKE
seq_0228,DIELECTRIC ETCH VIA
seq_0228,STRIP PHOTORESIST
seq_0228,CLEAN AFTER VIA ETCH
seq_0228,DEPOSIT BARRIER METAL
seq_0228,DEPOSIT METAL SEED
seq_0228,FILL VIA METAL
seq_0228,CMP METAL
seq_0228,MEASURE VIA RESISTANCE
seq_0228,DEPOSIT METAL 1
seq_0228,ANNEAL METAL 1
seq_0228,MEASURE METAL THICKNESS
seq_0228,SPIN COAT PHOTORESIST
seq_0228,SOFT BAKE
seq_0228,ALIGN MASK LEVEL 4
seq_0228,EXPOSE LITHO LEVEL 4
seq_0228,POST EXPOSE BAKE
seq_0228,DEVELOP PHOTORESIST
seq_0228,METAL PATTERN INSPECTION
seq_0228,HARD BAKE
seq_0228,METAL ETCH
seq_0228,STRIP RESIST
seq_0228,CLEAN AFTER METAL ETCH
seq_0228,MEASURE LINE WIDTH
seq_0228,DEPOSIT PASSIVATION LAYER
seq_0228,CURE PASSIVATION
seq_0228,MEASURE PASSIVATION THICKNESS
seq_0228,OPEN BOND PAD WINDOW
seq_0228,OPEN PAD WINDOW LITHO
seq_0228,DEVELOP PAD WINDOW
seq_0228,PASSIVATION ETCH
seq_0228,STRIP PHOTORESIST
seq_0228,CLEAN PAD OPENING
seq_0228,MEASURE PAD OPENING
seq_0228,BACKSIDE CLEAN
seq_0228,BACKSIDE GRIND
seq_0228,MEASURE THICKNESS
seq_0228,BACKSIDE ETCH CLEAN
seq_0228,BACKSIDE RINSE
seq_0228,BACKSIDE DRY
seq_0228,BACKSIDE METALLIZATION PREP
seq_0228,DEPOSIT BACKSIDE METAL
seq_0228,BACKSIDE ANNEAL
seq_0228,MEASURE BACKSIDE CONTACT
seq_0228,FINAL CLEAN
seq_0228,FINAL THICKNESS MEASURE
seq_0228,FINAL GEOMETRY CHECK
seq_0228,FINAL CD INSPECTION
seq_0228,FINAL PARTICLE INSPECTION
seq_0228,ELECTRICAL PARAMETRIC TEST
seq_0228,LEAKAGE TEST
seq_0228,THRESHOLD VOLTAGE TEST
seq_0228,SWITCHING TEST
seq_0228,WAFER SORT TEST
seq_0228,YIELD ANALYSIS
seq_0228,FINAL LOT RELEASE
seq_0228,SHIP LOT
seq_0229,RECEIVE WAFER LOT
seq_0229,LOT IDENTIFICATION
seq_0229,PRE CLEAN INSPECTION
seq_0229,MEASURE THICKNESS
seq_0229,PRE CLEAN WAFER
seq_0229,FRONTSIDE CLEAN
seq_0229,RCA CLEAN 1
seq_0229,RCA CLEAN 2
seq_0229,HF DIP
seq_0229,DRY WAFER
seq_0229,SUBSTRATE CHECK
seq_0229,EPITAXY PREP
seq_0229,EPITAXIAL DEPOSITION
seq_0229,MEASURE EPITAXY THICKNESS
seq_0229,MEASURE RESISTIVITY
seq_0229,EPITAXY ANNEAL
seq_0229,WAFER SURFACE CLEAN
seq_0229,THERMAL OXIDATION
seq_0229,MEASURE OXIDE THICKNESS
seq_0229,SPIN COAT PHOTORESIST
seq_0229,SOFT BAKE
seq_0229,ALIGN MASK LEVEL 1
seq_0229,EXPOSE LITHO LEVEL 1
seq_0229,DEVELOP PHOTORESIST
seq_0229,PATTERN INSPECTION LEVEL 1
seq_0229,OXIDE ETCH
seq_0229,STRIP PHOTORESIST
seq_0229,CLEAN AFTER ETCH
seq_0229,MEASURE OPENING CD
seq_0229,IMPLANT WELL
seq_0229,DRIVE IN DIFFUSION
seq_0229,RAPID THERMAL ANNEAL
seq_0229,MEASURE JUNCTION DEPTH
seq_0229,THERMAL OXIDATION
seq_0229,GATE OXIDE PREP
seq_0229,GATE OXIDE GROWTH
seq_0229,MEASURE GATE OXIDE THICKNESS
seq_0229,DEPOSIT POLYSILICON
seq_0229,POLYSILICON ANNEAL
seq_0229,MEASURE POLY THICKNESS
seq_0229,SPIN COAT PHOTORESIST
seq_0229,SOFT BAKE
seq_0229,ALIGN MASK LEVEL 2
seq_0229,EXPOSE LITHO LEVEL 2
seq_0229,DEVELOP PHOTORESIST
seq_0229,POLY PATTERN INSPECTION
seq_0229,POLYSILICON ETCH
seq_0229,STRIP PHOTORESIST
seq_0229,CLEAN AFTER POLY ETCH
seq_0229,MEASURE GATE CD
seq_0229,IMPLANT SOURCE DRAIN
seq_0229,PRE ANNEAL CHECK
seq_0229,LIGHT ANNEAL
seq_0229,MEASURE SHEET RESISTANCE
seq_0229,DEPOSIT SPACER DIELECTRIC
seq_0229,ANISOTROPIC ETCH SPACER
seq_0229,IMPLANT LDD
seq_0229,PRE ANNEAL CHECK
seq_0229,RAPID THERMAL ANNEAL
seq_0229,MEASURE JUNCTION PROFILE
seq_0229,DEPOSIT INTERLEVEL DIELECTRIC
seq_0229,DENSIFY OXIDE
seq_0229,MEASURE FILM THICKNESS
seq_0229,CMP DIELECTRIC
seq_0229,MEASURE SURFACE PLANARITY
seq_0229,SPIN COAT PHOTORESIST
seq_0229,SOFT BAKE
seq_0229,ALIGN MASK LEVEL 3
seq_0229,EXPOSE LITHO LEVEL 3
seq_0229,DEVELOP PHOTORESIST
seq_0229,VIA INSPECTION
seq_0229,VIA ETCH
seq_0229,STRIP PHOTORESIST
seq_0229,CLEAN AFTER VIA ETCH
seq_0229,MEASURE VIA CD
seq_0229,DEPOSIT BARRIER METAL
seq_0229,DEPOSIT METAL SEED
seq_0229,FILL VIA METAL
seq_0229,CMP METAL
seq_0229,MEASURE CONTACT RESISTANCE
seq_0229,DEPOSIT METAL 1
seq_0229,ANNEAL METAL 1
seq_0229,MEASURE METAL THICKNESS
seq_0229,SPIN COAT PHOTORESIST
seq_0229,SOFT BAKE
seq_0229,ALIGN MASK LEVEL 4
seq_0229,EXPOSE LITHO LEVEL 4
seq_0229,DEVELOP PHOTORESIST
seq_0229,METAL PATTERN INSPECTION
seq_0229,METAL ETCH
seq_0229,STRIP PHOTORESIST
seq_0229,CLEAN AFTER METAL ETCH
seq_0229,MEASURE LINE WIDTH
seq_0229,DEPOSIT PASSIVATION LAYER
seq_0229,CURE PASSIVATION
seq_0229,MEASURE PASSIVATION QUALITY
seq_0229,OPEN PAD WINDOW
seq_0229,OPEN PAD WINDOW LITHO
seq_0229,DEVELOP PHOTORESIST
seq_0229,PASSIVATION ETCH
seq_0229,STRIP PHOTORESIST
seq_0229,CLEAN PAD OPENING
seq_0229,MEASURE PAD OPENING
seq_0229,BACKSIDE CLEAN
seq_0229,BACKSIDE GRIND
seq_0229,MEASURE WAFER THICKNESS
seq_0229,BACKSIDE ETCH CLEAN
seq_0229,BACKSIDE RINSE
seq_0229,BACKSIDE DRY
seq_0229,BACKSIDE METALLIZATION PREP
seq_0229,DEPOSIT BACKSIDE METAL
seq_0229,BACKSIDE ANNEAL
seq_0229,MEASURE BACKSIDE CONTACT
seq_0229,FINAL CLEAN
seq_0229,FINAL THICKNESS MEASURE
seq_0229,FINAL GEOMETRY CHECK
seq_0229,FINAL CD INSPECTION
seq_0229,FINAL PARTICLE INSPECTION
seq_0229,PARAMETRIC TEST
seq_0229,LEAKAGE TEST
seq_0229,THRESHOLD VOLTAGE TEST
seq_0229,SWITCHING TEST
seq_0229,WAFER SORT TEST
seq_0229,YIELD ANALYSIS
seq_0229,FINAL LOT RELEASE
seq_0229,SHIP LOT
seq_0230,RECEIVE WAFER LOT
seq_0230,LOT IDENTIFICATION
seq_0230,PRE CLEAN INSPECTION
seq_0230,MEASURE THICKNESS
seq_0230,MEASURE SURFACE PARTICLES
seq_0230,PRE CLEAN WAFER
seq_0230,WET CLEAN RCA1
seq_0230,RCA CLEAN 2
seq_0230,HF DIP
seq_0230,DRY WAFER
seq_0230,SUBSTRATE CHECK
seq_0230,EPITAXY PREP
seq_0230,EPITAXIAL DEPOSITION
seq_0230,MEASURE EPITAXY THICKNESS
seq_0230,MEASURE RESISTIVITY
seq_0230,EPITAXY ANNEAL
seq_0230,WAFER SURFACE CLEAN
seq_0230,THERMAL OXIDATION
seq_0230,MEASURE OXIDE THICKNESS
seq_0230,SPIN COAT PHOTORESIST
seq_0230,SOFT BAKE
seq_0230,ALIGN MASK LEVEL 1
seq_0230,EXPOSE LITHO LEVEL 1
seq_0230,DEVELOP PHOTORESIST
seq_0230,PATTERN INSPECTION LEVEL 1
seq_0230,HARD BAKE
seq_0230,OXIDE ETCH
seq_0230,STRIP RESIST
seq_0230,CLEAN AFTER ETCH
seq_0230,MEASURE OPENING CD
seq_0230,IMPLANT WELL
seq_0230,PRE ANNEAL CHECK
seq_0230,DRIVE IN DIFFUSION
seq_0230,RAPID THERMAL ANNEAL
seq_0230,THERMAL OXIDATION
seq_0230,GATE OXIDE PREP
seq_0230,GATE OXIDE GROWTH
seq_0230,MEASURE GATE OXIDE THICKNESS
seq_0230,DEPOSIT POLYSILICON
seq_0230,POLYSILICON ANNEAL
seq_0230,MEASURE POLY THICKNESS
seq_0230,SPIN COAT PHOTORESIST
seq_0230,SOFT BAKE
seq_0230,ALIGN MASK LEVEL 2
seq_0230,EXPOSE LITHO LEVEL 2
seq_0230,DEVELOP PHOTORESIST
seq_0230,POLY PATTERN INSPECTION
seq_0230,HARD BAKE
seq_0230,POLYSILICON ETCH
seq_0230,STRIP RESIST
seq_0230,CLEAN AFTER POLY ETCH
seq_0230,IMPLANT SOURCE DRAIN
seq_0230,PRE ANNEAL CHECK
seq_0230,LIGHT ANNEAL
seq_0230,MEASURE SHEET RESISTANCE
seq_0230,DEPOSIT SPACER DIELECTRIC
seq_0230,ANISOTROPIC ETCH SPACER
seq_0230,MEASURE SPACER WIDTH
seq_0230,IMPLANT LDD
seq_0230,PRE ANNEAL CHECK
seq_0230,RAPID THERMAL ANNEAL
seq_0230,MEASURE JUNCTION PROFILE
seq_0230,DEPOSIT INTERLEVEL DIELECTRIC
seq_0230,DENSIFY DIELECTRIC
seq_0230,MEASURE FILM THICKNESS
seq_0230,CMP DIELECTRIC
seq_0230,MEASURE SURFACE PLANARITY
seq_0230,SPIN COAT PHOTORESIST
seq_0230,SOFT BAKE
seq_0230,ALIGN MASK LEVEL 3
seq_0230,EXPOSE LITHO LEVEL 3
seq_0230,DEVELOP PHOTORESIST
seq_0230,VIA INSPECTION
seq_0230,VIA ETCH
seq_0230,STRIP RESIST
seq_0230,CLEAN AFTER VIA ETCH
seq_0230,MEASURE VIA CD
seq_0230,DEPOSIT BARRIER METAL
seq_0230,DEPOSIT METAL SEED
seq_0230,FILL VIA METAL
seq_0230,CMP VIA FILL
seq_0230,MEASURE VIA RESISTANCE
seq_0230,DEPOSIT METAL 1
seq_0230,ANNEAL METAL 1
seq_0230,MEASURE METAL THICKNESS
seq_0230,SPIN COAT PHOTORESIST
seq_0230,SOFT BAKE
seq_0230,ALIGN MASK LEVEL 4
seq_0230,EXPOSE LITHO LEVEL 4
seq_0230,DEVELOP PHOTORESIST
seq_0230,METAL PATTERN INSPECTION
seq_0230,METAL ETCH
seq_0230,STRIP PHOTORESIST
seq_0230,CLEAN AFTER METAL ETCH
seq_0230,MEASURE LINE WIDTH
seq_0230,DEPOSIT PASSIVATION
seq_0230,CURE PASSIVATION
seq_0230,MEASURE PASSIVATION QUALITY
seq_0230,OPEN BOND PAD WINDOW
seq_0230,PAD WINDOW LITHO
seq_0230,DEVELOP PAD WINDOW
seq_0230,PASSIVATION ETCH
seq_0230,STRIP RESIST
seq_0230,CLEAN PAD OPENING
seq_0230,MEASURE PAD OPENING
seq_0230,BACKSIDE CLEAN
seq_0230,BACKSIDE GRIND
seq_0230,MEASURE WAFER THICKNESS
seq_0230,BACKSIDE ETCH CLEAN
seq_0230,BACKSIDE RINSE
seq_0230,BACKSIDE DRY
seq_0230,BACKSIDE METALLIZATION PREP
seq_0230,DEPOSIT BACKSIDE METAL
seq_0230,BACKSIDE ANNEAL
seq_0230,MEASURE BACKSIDE CONTACT
seq_0230,FINAL CLEAN
seq_0230,FINAL THICKNESS MEASURE
seq_0230,FINAL GEOMETRY CHECK
seq_0230,FINAL CD INSPECTION
seq_0230,FINAL PARTICLE INSPECTION
seq_0230,ELECTRICAL PARAMETRIC TEST
seq_0230,LEAKAGE TEST
seq_0230,THRESHOLD VOLTAGE TEST
seq_0230,SWITCHING TEST
seq_0230,WAFER SORT TEST
seq_0230,YIELD ANALYSIS
seq_0230,FINAL LOT RELEASE
seq_0230,SHIP LOT
seq_0231,RECEIVE WAFER LOT
seq_0231,LOT IDENTIFICATION
seq_0231,PRE CLEAN INSPECTION
seq_0231,MEASURE THICKNESS
seq_0231,MEASURE SURFACE PARTICLES
seq_0231,PRE CLEAN WAFER
seq_0231,WET CLEAN RCA1
seq_0231,WET CLEAN RCA2
seq_0231,HF DIP
seq_0231,DRY WAFER
seq_0231,SUBSTRATE CHECK
seq_0231,EPITAXY PREP
seq_0231,EPITAXIAL DEPOSITION
seq_0231,MEASURE EPITAXY THICKNESS
seq_0231,MEASURE RESISTIVITY
seq_0231,EPITAXY ANNEAL
seq_0231,WAFER SURFACE CLEAN
seq_0231,THERMAL OXIDATION
seq_0231,MEASURE OXIDE THICKNESS
seq_0231,SPIN COAT PHOTORESIST
seq_0231,SOFT BAKE
seq_0231,ALIGN MASK LEVEL 1
seq_0231,EXPOSE LITHO LEVEL 1
seq_0231,DEVELOP PHOTORESIST
seq_0231,PATTERN INSPECTION LEVEL 1
seq_0231,OXIDE ETCH
seq_0231,STRIP RESIST
seq_0231,CLEAN AFTER ETCH
seq_0231,IMPLANT WELL
seq_0231,DRIVE IN DIFFUSION
seq_0231,RAPID THERMAL ANNEAL
seq_0231,MEASURE JUNCTION DEPTH
seq_0231,THERMAL OXIDATION
seq_0231,GATE OXIDE PREP
seq_0231,GATE OXIDE GROWTH
seq_0231,MEASURE GATE OXIDE THICKNESS
seq_0231,DEPOSIT POLYSILICON
seq_0231,POLYSILICON ANNEAL
seq_0231,SPIN COAT PHOTORESIST
seq_0231,SOFT BAKE
seq_0231,ALIGN MASK LEVEL 2
seq_0231,EXPOSE LITHO LEVEL 2
seq_0231,DEVELOP PHOTORESIST
seq_0231,POLY PATTERN INSPECTION
seq_0231,POLYSILICON ETCH
seq_0231,STRIP RESIST
seq_0231,CLEAN AFTER POLY ETCH
seq_0231,IMPLANT SOURCE DRAIN
seq_0231,PRE ANNEAL CHECK
seq_0231,LIGHT ANNEAL
seq_0231,MEASURE SHEET RESISTANCE
seq_0231,DEPOSIT SPACER DIELECTRIC
seq_0231,ANISOTROPIC ETCH SPACER
seq_0231,IMPLANT LDD
seq_0231,PRE ANNEAL CHECK
seq_0231,RAPID THERMAL ANNEAL
seq_0231,MEASURE JUNCTION PROFILE
seq_0231,DEPOSIT INTERLAYER DIELECTRIC
seq_0231,DENSIFY OXIDE
seq_0231,MEASURE FILM THICKNESS
seq_0231,CMP DIELECTRIC
seq_0231,MEASURE SURFACE PLANARITY
seq_0231,SPIN COAT PHOTORESIST
seq_0231,SOFT BAKE
seq_0231,ALIGN MASK LEVEL 3
seq_0231,EXPOSE LITHO LEVEL 3
seq_0231,POST EXPOSE BAKE
seq_0231,DEVELOP PHOTORESIST
seq_0231,VIA OPENING INSPECTION
seq_0231,HARD BAKE
seq_0231,VIA ETCH THROUGH DIELECTRIC
seq_0231,STRIP PHOTORESIST
seq_0231,CLEAN AFTER VIA ETCH
seq_0231,MEASURE VIA CD
seq_0231,DEPOSIT BARRIER METAL
seq_0231,DEPOSIT METAL SEED
seq_0231,FILL VIA METAL
seq_0231,CMP METAL
seq_0231,DEPOSIT METAL 1
seq_0231,ANNEAL METAL 1
seq_0231,SPIN COAT PHOTORESIST
seq_0231,SOFT BAKE
seq_0231,ALIGN MASK LEVEL 4
seq_0231,EXPOSE LITHO LEVEL 4
seq_0231,DEVELOP PHOTORESIST
seq_0231,METAL PATTERN INSPECTION
seq_0231,METAL ETCH
seq_0231,STRIP RESIST
seq_0231,CLEAN AFTER METAL ETCH
seq_0231,MEASURE LINE WIDTH
seq_0231,DEPOSIT PASSIVATION
seq_0231,CURE PASSIVATION
seq_0231,MEASURE PASSIVATION QUALITY
seq_0231,OPEN BOND PAD WINDOW
seq_0231,PAD WINDOW LITHO
seq_0231,DEVELOP PAD WINDOW
seq_0231,PASSIVATION ETCH
seq_0231,STRIP RESIST
seq_0231,CLEAN PAD OPENING
seq_0231,MEASURE PAD OPENING
seq_0231,BACKSIDE CLEAN
seq_0231,BACKSIDE GRIND
seq_0231,MEASURE THICKNESS
seq_0231,BACKSIDE ETCH CLEAN
seq_0231,BACKSIDE RINSE
seq_0231,BACKSIDE DRY
seq_0231,BACKSIDE METALLIZATION PREP
seq_0231,DEPOSIT BACKSIDE METAL
seq_0231,BACKSIDE ANNEAL
seq_0231,MEASURE BACKSIDE CONTACT
seq_0231,FINAL CLEAN
seq_0231,FINAL THICKNESS MEASURE
seq_0231,FINAL GEOMETRY CHECK
seq_0231,PARAMETRIC TEST
seq_0231,LEAKAGE TEST
seq_0231,THRESHOLD VOLTAGE TEST
seq_0231,SWITCHING TEST
seq_0231,WAFER SORT TEST
seq_0231,YIELD ANALYSIS
seq_0231,FINAL LOT RELEASE
seq_0231,SHIP LOT
seq_0232,RECEIVE WAFER LOT
seq_0232,LOT IDENTIFICATION
seq_0232,PRE CLEAN INSPECTION
seq_0232,MEASURE THICKNESS
seq_0232,MEASURE SURFACE PARTICLES
seq_0232,PRE CLEAN WAFER
seq_0232,BACKSIDE CLEAN
seq_0232,RCA CLEAN 1
seq_0232,RCA CLEAN 2
seq_0232,HF DIP
seq_0232,SUBSTRATE CHECK
seq_0232,EPITAXY PREP
seq_0232,EPITAXIAL DEPOSITION
seq_0232,MEASURE EPITAXY THICKNESS
seq_0232,MEASURE RESISTIVITY
seq_0232,EPITAXY ANNEAL
seq_0232,WAFER SURFACE CLEAN
seq_0232,THERMAL OXIDATION
seq_0232,MEASURE OXIDE THICKNESS
seq_0232,SPIN COAT PHOTORESIST
seq_0232,SOFT BAKE
seq_0232,ALIGN MASK LEVEL 1
seq_0232,EXPOSE LITHO LEVEL 1
seq_0232,POST EXPOSE BAKE
seq_0232,DEVELOP PHOTORESIST
seq_0232,PATTERN INSPECTION LEVEL 1
seq_0232,OXIDE ETCH
seq_0232,STRIP RESIST
seq_0232,CLEAN AFTER ETCH
seq_0232,IMPLANT WELL
seq_0232,PRE ANNEAL CHECK
seq_0232,DRIVE IN DIFFUSION
seq_0232,RAPID THERMAL ANNEAL
seq_0232,MEASURE JUNCTION DEPTH
seq_0232,THERMAL OXIDATION
seq_0232,GATE OXIDE PREP
seq_0232,GATE OXIDE GROWTH
seq_0232,MEASURE GATE OXIDE THICKNESS
seq_0232,DEPOSIT POLYSILICON
seq_0232,POLYSILICON ANNEAL
seq_0232,SPIN COAT PHOTORESIST
seq_0232,SOFT BAKE
seq_0232,ALIGN MASK LEVEL 2
seq_0232,EXPOSE LITHO LEVEL 2
seq_0232,DEVELOP PHOTORESIST
seq_0232,POLY PATTERN INSPECTION
seq_0232,HARD BAKE
seq_0232,POLYSILICON ETCH
seq_0232,STRIP PHOTORESIST
seq_0232,CLEAN AFTER POLY ETCH
seq_0232,MEASURE GATE CD
seq_0232,IMPLANT SOURCE DRAIN
seq_0232,LIGHT ANNEAL
seq_0232,MEASURE SHEET RESISTANCE
seq_0232,DEPOSIT SPACER DIELECTRIC
seq_0232,ANISOTROPIC ETCH SPACER
seq_0232,MEASURE SPACER WIDTH
seq_0232,IMPLANT LDD
seq_0232,RAPID THERMAL ANNEAL
seq_0232,MEASURE JUNCTION PROFILE
seq_0232,DEPOSIT INTERLAYER DIELECTRIC
seq_0232,DENSIFY OXIDE
seq_0232,MEASURE FILM THICKNESS
seq_0232,CMP INTERLAYER DIELECTRIC
seq_0232,MEASURE SURFACE PLANARITY
seq_0232,SPIN COAT PHOTORESIST
seq_0232,SOFT BAKE
seq_0232,ALIGN MASK LEVEL 3
seq_0232,EXPOSE LITHO LEVEL 3
seq_0232,DEVELOP PHOTORESIST
seq_0232,VIA OPENING INSPECTION
seq_0232,VIA ETCH THROUGH DIELECTRIC
seq_0232,STRIP RESIST
seq_0232,CLEAN AFTER VIA ETCH
seq_0232,DEPOSIT BARRIER METAL
seq_0232,DEPOSIT METAL SEED
seq_0232,FILL VIA METAL
seq_0232,CMP METAL
seq_0232,MEASURE CONTACT RESISTANCE
seq_0232,DEPOSIT METAL 1
seq_0232,ANNEAL METAL
seq_0232,MEASURE METAL THICKNESS
seq_0232,SPIN COAT PHOTORESIST
seq_0232,SOFT BAKE
seq_0232,ALIGN MASK LEVEL 4
seq_0232,EXPOSE LITHO LEVEL 4
seq_0232,DEVELOP PHOTORESIST
seq_0232,METAL PATTERN INSPECTION
seq_0232,METAL ETCH
seq_0232,STRIP PHOTORESIST
seq_0232,CLEAN AFTER METAL ETCH
seq_0232,MEASURE LINE WIDTH
seq_0232,DEPOSIT PASSIVATION LAYER
seq_0232,CURE PASSIVATION
seq_0232,MEASURE PASSIVATION QUALITY
seq_0232,OPEN PAD WINDOW
seq_0232,PAD WINDOW LITHO
seq_0232,DEVELOP PHOTORESIST
seq_0232,PASSIVATION ETCH
seq_0232,STRIP RESIST
seq_0232,CLEAN PAD OPENING
seq_0232,MEASURE PAD OPENING
seq_0232,BACKSIDE CLEAN
seq_0232,BACKSIDE GRIND
seq_0232,MEASURE WAFER THICKNESS
seq_0232,BACKSIDE ETCH CLEAN
seq_0232,BACKSIDE RINSE
seq_0232,BACKSIDE DRY
seq_0232,BACKSIDE METALLIZATION PREP
seq_0232,DEPOSIT BACKSIDE METAL
seq_0232,BACKSIDE ANNEAL
seq_0232,MEASURE BACKSIDE CONTACT
seq_0232,FINAL CLEAN
seq_0232,FINAL THICKNESS MEASURE
seq_0232,FINAL GEOMETRY CHECK
seq_0232,FINAL CD INSPECTION
seq_0232,FINAL PARTICLE INSPECTION
seq_0232,ELECTRICAL PARAMETRIC TEST
seq_0232,LEAKAGE TEST
seq_0232,THRESHOLD VOLTAGE TEST
seq_0232,SWITCHING TEST
seq_0232,WAFER SORT TEST
seq_0232,YIELD ANALYSIS
seq_0232,FINAL LOT RELEASE
seq_0232,SHIP LOT
seq_0233,RECEIVE WAFER LOT
seq_0233,LOT IDENTIFICATION
seq_0233,PRE CLEAN INSPECTION
seq_0233,MEASURE THICKNESS
seq_0233,MEASURE SURFACE PARTICLES
seq_0233,PRE CLEAN WAFER
seq_0233,BACKSIDE CLEAN
seq_0233,RCA CLEAN 1
seq_0233,RCA CLEAN 2
seq_0233,HF DIP
seq_0233,DRY WAFER
seq_0233,SUBSTRATE CHECK
seq_0233,EPITAXY PREP
seq_0233,EPITAXIAL DEPOSITION
seq_0233,MEASURE EPITAXY THICKNESS
seq_0233,MEASURE RESISTIVITY
seq_0233,EPITAXY ANNEAL
seq_0233,WAFER SURFACE CLEAN
seq_0233,THERMAL OXIDATION
seq_0233,MEASURE OXIDE THICKNESS
seq_0233,SPIN COAT PHOTORESIST
seq_0233,SOFT BAKE
seq_0233,ALIGN MASK LEVEL 1
seq_0233,EXPOSE LITHO LEVEL 1
seq_0233,DEVELOP PHOTORESIST
seq_0233,PATTERN INSPECTION LEVEL 1
seq_0233,HARD BAKE
seq_0233,OXIDE ETCH
seq_0233,STRIP RESIST
seq_0233,CLEAN AFTER ETCH
seq_0233,MEASURE OPENING CD
seq_0233,IMPLANT WELL
seq_0233,PRE ANNEAL CHECK
seq_0233,DRIVE IN DIFFUSION
seq_0233,RAPID THERMAL ANNEAL
seq_0233,THERMAL OXIDATION
seq_0233,GATE OXIDE PREP
seq_0233,GATE OXIDE GROWTH
seq_0233,MEASURE GATE OXIDE THICKNESS
seq_0233,DEPOSIT POLYSILICON
seq_0233,POLYSILICON ANNEAL
seq_0233,MEASURE POLY THICKNESS
seq_0233,SPIN COAT PHOTORESIST
seq_0233,SOFT BAKE
seq_0233,ALIGN MASK LEVEL 2
seq_0233,EXPOSE LITHO LEVEL 2
seq_0233,DEVELOP PHOTORESIST
seq_0233,POLY PATTERN INSPECTION
seq_0233,POLYSILICON ETCH
seq_0233,STRIP PHOTORESIST
seq_0233,CLEAN AFTER POLY ETCH
seq_0233,MEASURE GATE CD
seq_0233,IMPLANT SOURCE DRAIN
seq_0233,PRE ANNEAL CHECK
seq_0233,LIGHT ANNEAL
seq_0233,MEASURE SHEET RESISTANCE
seq_0233,DEPOSIT SPACER DIELECTRIC
seq_0233,ANISOTROPIC ETCH SPACER
seq_0233,MEASURE SPACER WIDTH
seq_0233,IMPLANT LDD
seq_0233,RAPID THERMAL ANNEAL
seq_0233,MEASURE JUNCTION PROFILE
seq_0233,DEPOSIT INTERLAYER DIELECTRIC
seq_0233,DENSIFY OXIDE
seq_0233,MEASURE FILM THICKNESS
seq_0233,CMP DIELECTRIC
seq_0233,MEASURE PLANARITY
seq_0233,SPIN COAT PHOTORESIST
seq_0233,SOFT BAKE
seq_0233,ALIGN MASK LEVEL 3
seq_0233,EXPOSE LITHO LEVEL 3
seq_0233,DEVELOP PHOTORESIST
seq_0233,VIA INSPECTION
seq_0233,HARD BAKE
seq_0233,VIA ETCH
seq_0233,STRIP RESIST
seq_0233,CLEAN AFTER VIA ETCH
seq_0233,MEASURE VIA CD
seq_0233,DEPOSIT BARRIER METAL
seq_0233,DEPOSIT METAL SEED
seq_0233,FILL VIA METAL
seq_0233,CMP VIA FILL
seq_0233,MEASURE CONTACT RESISTANCE
seq_0233,DEPOSIT METAL 1
seq_0233,ANNEAL METAL
seq_0233,SPIN COAT PHOTORESIST
seq_0233,SOFT BAKE
seq_0233,ALIGN MASK LEVEL 4
seq_0233,EXPOSE LITHO LEVEL 4
seq_0233,DEVELOP PHOTORESIST
seq_0233,METAL PATTERN INSPECTION
seq_0233,HARD BAKE
seq_0233,METAL ETCH
seq_0233,STRIP PHOTORESIST
seq_0233,CLEAN AFTER METAL ETCH
seq_0233,DEPOSIT PASSIVATION LAYER
seq_0233,CURE PASSIVATION
seq_0233,MEASURE PASSIVATION THICKNESS
seq_0233,OPEN BOND PAD WINDOW
seq_0233,OPEN PAD WINDOW LITHO
seq_0233,DEVELOP PAD WINDOW
seq_0233,PASSIVATION ETCH PAD OPENING
seq_0233,STRIP RESIST
seq_0233,CLEAN PAD OPENING
seq_0233,MEASURE PAD OPENING
seq_0233,BACKSIDE CLEAN
seq_0233,BACKSIDE GRIND
seq_0233,MEASURE THICKNESS
seq_0233,BACKSIDE ETCH CLEAN
seq_0233,BACKSIDE RINSE
seq_0233,BACKSIDE DRY
seq_0233,BACKSIDE METALLIZATION PREP
seq_0233,DEPOSIT BACKSIDE METAL
seq_0233,BACKSIDE ANNEAL
seq_0233,MEASURE BACKSIDE CONTACT
seq_0233,FINAL CLEAN
seq_0233,FINAL THICKNESS MEASURE
seq_0233,FINAL GEOMETRY CHECK
seq_0233,FINAL CD INSPECTION
seq_0233,FINAL PARTICLE INSPECTION
seq_0233,PARAMETRIC TEST
seq_0233,LEAKAGE TEST
seq_0233,THRESHOLD VOLTAGE TEST
seq_0233,SWITCHING TEST
seq_0233,WAFER SORT TEST
seq_0233,YIELD ANALYSIS
seq_0233,FINAL LOT RELEASE
seq_0233,SHIP LOT
seq_0234,RECEIVE WAFER LOT
seq_0234,LOT IDENTIFICATION
seq_0234,PRE CLEAN INSPECTION
seq_0234,MEASURE THICKNESS
seq_0234,MEASURE SURFACE PARTICLES
seq_0234,PRE CLEAN WAFER
seq_0234,BACKSIDE CLEAN
seq_0234,FRONTSIDE CLEAN
seq_0234,WET CLEAN RCA1
seq_0234,WET CLEAN RCA2
seq_0234,HF DIP
seq_0234,DRY WAFER
seq_0234,SUBSTRATE CHECK
seq_0234,EPITAXY PREP
seq_0234,EPITAXIAL DEPOSITION
seq_0234,MEASURE EPITAXY THICKNESS
seq_0234,MEASURE RESISTIVITY
seq_0234,EPITAXY ANNEAL
seq_0234,WAFER SURFACE CLEAN
seq_0234,THERMAL OXIDATION
seq_0234,MEASURE OXIDE THICKNESS
seq_0234,SPIN COAT PHOTORESIST
seq_0234,SOFT BAKE
seq_0234,ALIGN MASK LEVEL 1
seq_0234,EXPOSE LITHO LEVEL 1
seq_0234,DEVELOP PHOTORESIST
seq_0234,PATTERN INSPECTION LEVEL 1
seq_0234,OXIDE ETCH
seq_0234,STRIP RESIST
seq_0234,CLEAN AFTER ETCH
seq_0234,IMPLANT WELL
seq_0234,PRE ANNEAL CHECK
seq_0234,DRIVE IN DIFFUSION
seq_0234,RAPID THERMAL ANNEAL
seq_0234,MEASURE JUNCTION DEPTH
seq_0234,THERMAL OXIDATION
seq_0234,GATE OXIDE PREP
seq_0234,GATE OXIDE GROWTH
seq_0234,MEASURE GATE OXIDE THICKNESS
seq_0234,DEPOSIT POLYSILICON
seq_0234,POLYSILICON ANNEAL
seq_0234,MEASURE POLY THICKNESS
seq_0234,SPIN COAT PHOTORESIST
seq_0234,SOFT BAKE
seq_0234,ALIGN MASK LEVEL 2
seq_0234,EXPOSE LITHO LEVEL 2
seq_0234,DEVELOP PHOTORESIST
seq_0234,POLY PATTERN INSPECTION
seq_0234,POLYSILICON ETCH
seq_0234,STRIP PHOTORESIST
seq_0234,CLEAN AFTER POLY ETCH
seq_0234,IMPLANT SOURCE DRAIN
seq_0234,PRE ANNEAL CHECK
seq_0234,LIGHT ANNEAL
seq_0234,MEASURE SHEET RESISTANCE
seq_0234,DEPOSIT SPACER DIELECTRIC
seq_0234,ANISOTROPIC ETCH SPACER
seq_0234,MEASURE SPACER WIDTH
seq_0234,IMPLANT LDD
seq_0234,RAPID THERMAL ANNEAL
seq_0234,DEPOSIT INTERLEVEL DIELECTRIC
seq_0234,DENSIFY DIELECTRIC
seq_0234,MEASURE DIELECTRIC THICKNESS
seq_0234,CMP INTERLAYER DIELECTRIC
seq_0234,MEASURE PLANARITY
seq_0234,SPIN COAT PHOTORESIST
seq_0234,SOFT BAKE
seq_0234,ALIGN MASK LEVEL 3
seq_0234,EXPOSE LITHO LEVEL 3
seq_0234,DEVELOP PHOTORESIST
seq_0234,VIA OPENING INSPECTION
seq_0234,VIA ETCH
seq_0234,STRIP PHOTORESIST
seq_0234,CLEAN AFTER VIA ETCH
seq_0234,MEASURE VIA CD
seq_0234,DEPOSIT BARRIER METAL
seq_0234,DEPOSIT METAL SEED
seq_0234,FILL VIA METAL
seq_0234,CMP METAL
seq_0234,MEASURE VIA RESISTANCE
seq_0234,DEPOSIT TOP METAL
seq_0234,ANNEAL METAL 1
seq_0234,MEASURE METAL THICKNESS
seq_0234,SPIN COAT PHOTORESIST
seq_0234,SOFT BAKE
seq_0234,ALIGN MASK LEVEL 4
seq_0234,EXPOSE LITHO LEVEL 4
seq_0234,DEVELOP PHOTORESIST
seq_0234,METAL PATTERN INSPECTION
seq_0234,HARD BAKE
seq_0234,METAL ETCH
seq_0234,STRIP RESIST
seq_0234,CLEAN AFTER METAL ETCH
seq_0234,MEASURE LINE WIDTH
seq_0234,DEPOSIT PASSIVATION LAYER
seq_0234,CURE PASSIVATION
seq_0234,MEASURE PASSIVATION QUALITY
seq_0234,OPEN BOND PAD WINDOW
seq_0234,OPEN PAD WINDOW LITHO
seq_0234,DEVELOP PAD WINDOW
seq_0234,PASSIVATION ETCH
seq_0234,STRIP PHOTORESIST
seq_0234,CLEAN PAD OPENING
seq_0234,MEASURE PAD OPENING
seq_0234,BACKSIDE CLEAN
seq_0234,BACKSIDE GRIND
seq_0234,MEASURE THICKNESS
seq_0234,BACKSIDE ETCH CLEAN
seq_0234,BACKSIDE RINSE
seq_0234,BACKSIDE DRY
seq_0234,BACKSIDE METALLIZATION PREP
seq_0234,DEPOSIT BACKSIDE METAL
seq_0234,BACKSIDE ANNEAL
seq_0234,MEASURE BACKSIDE CONTACT
seq_0234,FINAL CLEAN
seq_0234,FINAL THICKNESS MEASURE
seq_0234,FINAL GEOMETRY CHECK
seq_0234,FINAL PARTICLE INSPECTION
seq_0234,ELECTRICAL PARAMETRIC TEST
seq_0234,LEAKAGE TEST
seq_0234,THRESHOLD VOLTAGE TEST
seq_0234,SWITCHING TEST
seq_0234,WAFER SORT TEST
seq_0234,YIELD ANALYSIS
seq_0234,LOT RELEASE
seq_0234,SHIP LOT
seq_0235,RECEIVE WAFER LOT
seq_0235,LOT IDENTIFICATION
seq_0235,INITIAL WAFER INSPECTION
seq_0235,MEASURE SURFACE PARTICLES
seq_0235,PRE CLEAN WAFER
seq_0235,BACKSIDE CLEAN
seq_0235,RCA CLEAN 1
seq_0235,WET CLEAN RCA2
seq_0235,HF DIP
seq_0235,SUBSTRATE CHECK
seq_0235,EPITAXY PREP
seq_0235,EPITAXIAL DEPOSITION
seq_0235,MEASURE EPITAXY THICKNESS
seq_0235,MEASURE RESISTIVITY
seq_0235,EPITAXY ANNEAL
seq_0235,WAFER SURFACE CLEAN
seq_0235,THERMAL OXIDATION
seq_0235,MEASURE OXIDE THICKNESS
seq_0235,SPIN COAT PHOTORESIST
seq_0235,SOFT BAKE
seq_0235,ALIGN MASK LEVEL 1
seq_0235,EXPOSE LITHO LEVEL 1
seq_0235,DEVELOP PHOTORESIST
seq_0235,PATTERN INSPECTION LEVEL 1
seq_0235,OXIDE ETCH
seq_0235,STRIP PHOTORESIST
seq_0235,CLEAN AFTER ETCH
seq_0235,MEASURE OPENING CD
seq_0235,IMPLANT WELL
seq_0235,PRE ANNEAL CHECK
seq_0235,DRIVE IN DIFFUSION
seq_0235,RAPID THERMAL ANNEAL
seq_0235,MEASURE JUNCTION DEPTH
seq_0235,THERMAL OXIDATION
seq_0235,GATE OXIDE PREP
seq_0235,GATE OXIDE GROWTH
seq_0235,MEASURE GATE OXIDE THICKNESS
seq_0235,DEPOSIT POLYSILICON
seq_0235,POLYSILICON ANNEAL
seq_0235,MEASURE POLY THICKNESS
seq_0235,SPIN COAT PHOTORESIST
seq_0235,SOFT BAKE
seq_0235,ALIGN MASK LEVEL 2
seq_0235,EXPOSE LITHO LEVEL 2
seq_0235,POST EXPOSE BAKE
seq_0235,DEVELOP PHOTORESIST
seq_0235,POLY PATTERN INSPECTION
seq_0235,POLYSILICON ETCH
seq_0235,STRIP PHOTORESIST
seq_0235,CLEAN AFTER POLY ETCH
seq_0235,MEASURE GATE CD
seq_0235,IMPLANT SOURCE DRAIN
seq_0235,LIGHT ANNEAL
seq_0235,DEPOSIT SPACER DIELECTRIC
seq_0235,ANISOTROPIC ETCH SPACER
seq_0235,MEASURE SPACER WIDTH
seq_0235,IMPLANT LDD
seq_0235,PRE ANNEAL CHECK
seq_0235,RAPID THERMAL ANNEAL
seq_0235,MEASURE JUNCTION PROFILE
seq_0235,DEPOSIT INTERLEVEL DIELECTRIC
seq_0235,DENSIFY DIELECTRIC
seq_0235,MEASURE FILM THICKNESS
seq_0235,CMP DIELECTRIC
seq_0235,MEASURE SURFACE PLANARITY
seq_0235,SPIN COAT PHOTORESIST
seq_0235,SOFT BAKE
seq_0235,ALIGN MASK LEVEL 3
seq_0235,EXPOSE LITHO LEVEL 3
seq_0235,DEVELOP PHOTORESIST
seq_0235,VIA OPENING INSPECTION
seq_0235,DIELECTRIC ETCH VIA
seq_0235,STRIP PHOTORESIST
seq_0235,CLEAN AFTER VIA ETCH
seq_0235,MEASURE VIA CD
seq_0235,DEPOSIT BARRIER METAL
seq_0235,DEPOSIT METAL SEED
seq_0235,FILL VIA METAL
seq_0235,CMP METAL
seq_0235,DEPOSIT METAL 1
seq_0235,ANNEAL METAL
seq_0235,SPIN COAT PHOTORESIST
seq_0235,SOFT BAKE
seq_0235,ALIGN MASK LEVEL 4
seq_0235,EXPOSE LITHO LEVEL 4
seq_0235,POST EXPOSE BAKE
seq_0235,DEVELOP PHOTORESIST
seq_0235,METAL PATTERN INSPECTION
seq_0235,HARD BAKE
seq_0235,METAL ETCH
seq_0235,STRIP PHOTORESIST
seq_0235,CLEAN AFTER METAL ETCH
seq_0235,DEPOSIT PASSIVATION LAYER
seq_0235,CURE PASSIVATION
seq_0235,MEASURE PASSIVATION THICKNESS
seq_0235,OPEN PAD WINDOW
seq_0235,OPEN PAD WINDOW LITHO
seq_0235,DEVELOP PAD WINDOW
seq_0235,PASSIVATION ETCH PAD OPENING
seq_0235,STRIP PHOTORESIST
seq_0235,CLEAN PAD OPENING
seq_0235,MEASURE PAD OPENING
seq_0235,BACKSIDE CLEAN
seq_0235,BACKSIDE GRIND
seq_0235,MEASURE WAFER THICKNESS
seq_0235,BACKSIDE ETCH CLEAN
seq_0235,BACKSIDE RINSE
seq_0235,BACKSIDE DRY
seq_0235,BACKSIDE METALLIZATION PREP
seq_0235,DEPOSIT BACKSIDE METAL
seq_0235,BACKSIDE ANNEAL
seq_0235,MEASURE BACKSIDE CONTACT
seq_0235,FINAL CLEAN
seq_0235,FINAL THICKNESS MEASURE
seq_0235,FINAL GEOMETRY CHECK
seq_0235,FINAL CD INSPECTION
seq_0235,PARAMETRIC TEST
seq_0235,LEAKAGE TEST
seq_0235,THRESHOLD VOLTAGE TEST
seq_0235,SWITCHING TEST
seq_0235,WAFER SORT TEST
seq_0235,YIELD ANALYSIS
seq_0235,FINAL LOT RELEASE
seq_0235,SHIP LOT
seq_0236,RECEIVE WAFER LOT
seq_0236,LOT IDENTIFICATION
seq_0236,PRE CLEAN INSPECTION
seq_0236,MEASURE THICKNESS
seq_0236,MEASURE SURFACE PARTICLES
seq_0236,PRE CLEAN WAFER
seq_0236,BACKSIDE CLEAN
seq_0236,FRONTSIDE CLEAN
seq_0236,WET CLEAN RCA1
seq_0236,WET CLEAN RCA2
seq_0236,HF DIP
seq_0236,DRY WAFER
seq_0236,SUBSTRATE CHECK
seq_0236,EPITAXY PREP
seq_0236,EPITAXIAL DEPOSITION
seq_0236,MEASURE EPITAXY THICKNESS
seq_0236,MEASURE RESISTIVITY
seq_0236,EPITAXY ANNEAL
seq_0236,WAFER SURFACE CLEAN
seq_0236,THERMAL OXIDATION
seq_0236,MEASURE OXIDE THICKNESS
seq_0236,SPIN COAT PHOTORESIST
seq_0236,SOFT BAKE
seq_0236,ALIGN MASK LEVEL 1
seq_0236,EXPOSE LITHO LEVEL 1
seq_0236,DEVELOP PHOTORESIST
seq_0236,PATTERN INSPECTION LEVEL 1
seq_0236,OXIDE ETCH
seq_0236,STRIP PHOTORESIST
seq_0236,CLEAN AFTER ETCH
seq_0236,IMPLANT WELL
seq_0236,PRE ANNEAL CHECK
seq_0236,DRIVE IN DIFFUSION
seq_0236,RAPID THERMAL ANNEAL
seq_0236,THERMAL OXIDATION
seq_0236,GATE OXIDE PREP
seq_0236,GATE OXIDE GROWTH
seq_0236,MEASURE GATE OXIDE THICKNESS
seq_0236,DEPOSIT POLYSILICON
seq_0236,POLYSILICON ANNEAL
seq_0236,MEASURE POLY THICKNESS
seq_0236,SPIN COAT PHOTORESIST
seq_0236,SOFT BAKE
seq_0236,ALIGN MASK LEVEL 2
seq_0236,EXPOSE LITHO LEVEL 2
seq_0236,DEVELOP PHOTORESIST
seq_0236,POLY PATTERN INSPECTION
seq_0236,HARD BAKE
seq_0236,POLYSILICON ETCH
seq_0236,STRIP RESIST
seq_0236,CLEAN AFTER POLY ETCH
seq_0236,IMPLANT SOURCE DRAIN
seq_0236,PRE ANNEAL CHECK
seq_0236,LIGHT ANNEAL
seq_0236,DEPOSIT SPACER DIELECTRIC
seq_0236,ANISOTROPIC ETCH SPACER
seq_0236,MEASURE SPACER WIDTH
seq_0236,IMPLANT LDD
seq_0236,PRE ANNEAL CHECK
seq_0236,RAPID THERMAL ANNEAL
seq_0236,MEASURE JUNCTION PROFILE
seq_0236,DEPOSIT INTERLEVEL DIELECTRIC
seq_0236,DENSIFY DIELECTRIC
seq_0236,MEASURE DIELECTRIC THICKNESS
seq_0236,CMP DIELECTRIC
seq_0236,MEASURE SURFACE PLANARITY
seq_0236,SPIN COAT PHOTORESIST
seq_0236,SOFT BAKE
seq_0236,ALIGN MASK LEVEL 3
seq_0236,EXPOSE LITHO LEVEL 3
seq_0236,DEVELOP PHOTORESIST
seq_0236,VIA INSPECTION
seq_0236,VIA ETCH THROUGH DIELECTRIC
seq_0236,STRIP PHOTORESIST
seq_0236,CLEAN AFTER VIA ETCH
seq_0236,DEPOSIT BARRIER METAL
seq_0236,DEPOSIT METAL SEED
seq_0236,FILL VIA METAL
seq_0236,CMP METAL
seq_0236,DEPOSIT TOP METAL
seq_0236,ANNEAL METAL
seq_0236,SPIN COAT PHOTORESIST
seq_0236,SOFT BAKE
seq_0236,ALIGN MASK LEVEL 4
seq_0236,EXPOSE LITHO LEVEL 4
seq_0236,POST EXPOSE BAKE
seq_0236,DEVELOP PHOTORESIST
seq_0236,METAL PATTERN INSPECTION
seq_0236,METAL ETCH
seq_0236,STRIP RESIST
seq_0236,CLEAN AFTER METAL ETCH
seq_0236,MEASURE LINE WIDTH
seq_0236,DEPOSIT PASSIVATION LAYER
seq_0236,CURE PASSIVATION
seq_0236,MEASURE PASSIVATION QUALITY
seq_0236,OPEN BOND PAD WINDOW
seq_0236,OPEN PAD WINDOW LITHO
seq_0236,DEVELOP PAD WINDOW
seq_0236,PASSIVATION ETCH
seq_0236,STRIP PHOTORESIST
seq_0236,CLEAN PAD OPENING
seq_0236,MEASURE PAD OPENING
seq_0236,BACKSIDE CLEAN
seq_0236,BACKSIDE GRIND
seq_0236,MEASURE WAFER THICKNESS
seq_0236,BACKSIDE ETCH CLEAN
seq_0236,BACKSIDE RINSE
seq_0236,BACKSIDE DRY
seq_0236,BACKSIDE METALLIZATION PREP
seq_0236,DEPOSIT BACKSIDE METAL
seq_0236,BACKSIDE ANNEAL
seq_0236,MEASURE BACKSIDE CONTACT
seq_0236,FINAL CLEAN
seq_0236,FINAL GEOMETRY CHECK
seq_0236,FINAL CD INSPECTION
seq_0236,PARAMETRIC TEST
seq_0236,LEAKAGE TEST
seq_0236,THRESHOLD VOLTAGE TEST
seq_0236,SWITCHING TEST
seq_0236,WAFER SORT TEST
seq_0236,YIELD ANALYSIS
seq_0236,LOT RELEASE
seq_0236,SHIP LOT
seq_0237,RECEIVE WAFER LOT
seq_0237,LOT IDENTIFICATION
seq_0237,INITIAL WAFER INSPECTION
seq_0237,MEASURE THICKNESS
seq_0237,MEASURE SURFACE PARTICLES
seq_0237,PRE CLEAN WAFER
seq_0237,BACKSIDE CLEAN
seq_0237,WET CLEAN RCA1
seq_0237,WET CLEAN RCA2
seq_0237,HF DIP
seq_0237,DRY WAFER
seq_0237,SUBSTRATE CHECK
seq_0237,EPITAXY PREP
seq_0237,EPITAXIAL DEPOSITION
seq_0237,MEASURE EPITAXY THICKNESS
seq_0237,MEASURE RESISTIVITY
seq_0237,EPITAXY ANNEAL
seq_0237,WAFER SURFACE CLEAN
seq_0237,THERMAL OXIDATION
seq_0237,MEASURE OXIDE THICKNESS
seq_0237,SPIN COAT PHOTORESIST
seq_0237,SOFT BAKE
seq_0237,ALIGN MASK LEVEL 1
seq_0237,EXPOSE LITHO LEVEL 1
seq_0237,DEVELOP PHOTORESIST
seq_0237,PATTERN INSPECTION LEVEL 1
seq_0237,HARD BAKE
seq_0237,OXIDE ETCH
seq_0237,STRIP PHOTORESIST
seq_0237,CLEAN AFTER ETCH
seq_0237,MEASURE OPENING CD
seq_0237,IMPLANT WELL
seq_0237,DRIVE IN DIFFUSION
seq_0237,RAPID THERMAL ANNEAL
seq_0237,MEASURE JUNCTION DEPTH
seq_0237,THERMAL OXIDATION
seq_0237,GATE OXIDE PREP
seq_0237,GATE OXIDE GROWTH
seq_0237,MEASURE GATE OXIDE THICKNESS
seq_0237,DEPOSIT POLYSILICON
seq_0237,POLYSILICON ANNEAL
seq_0237,MEASURE POLY THICKNESS
seq_0237,SPIN COAT PHOTORESIST
seq_0237,SOFT BAKE
seq_0237,ALIGN MASK LEVEL 2
seq_0237,EXPOSE LITHO LEVEL 2
seq_0237,POST EXPOSE BAKE
seq_0237,DEVELOP PHOTORESIST
seq_0237,POLY PATTERN INSPECTION
seq_0237,POLYSILICON ETCH
seq_0237,STRIP PHOTORESIST
seq_0237,CLEAN AFTER POLY ETCH
seq_0237,MEASURE GATE CD
seq_0237,IMPLANT SOURCE DRAIN
seq_0237,LIGHT ANNEAL
seq_0237,MEASURE SHEET RESISTANCE
seq_0237,DEPOSIT SPACER DIELECTRIC
seq_0237,ANISOTROPIC ETCH SPACER
seq_0237,MEASURE SPACER WIDTH
seq_0237,IMPLANT LDD
seq_0237,PRE ANNEAL CHECK
seq_0237,RAPID THERMAL ANNEAL
seq_0237,DEPOSIT INTERLEVEL DIELECTRIC
seq_0237,DENSIFY OXIDE
seq_0237,MEASURE DIELECTRIC THICKNESS
seq_0237,CMP INTERLAYER DIELECTRIC
seq_0237,MEASURE SURFACE PLANARITY
seq_0237,SPIN COAT PHOTORESIST
seq_0237,SOFT BAKE
seq_0237,ALIGN MASK LEVEL 3
seq_0237,EXPOSE LITHO LEVEL 3
seq_0237,POST EXPOSE BAKE
seq_0237,DEVELOP PHOTORESIST
seq_0237,VIA INSPECTION
seq_0237,VIA ETCH THROUGH DIELECTRIC
seq_0237,STRIP PHOTORESIST
seq_0237,CLEAN AFTER VIA ETCH
seq_0237,DEPOSIT BARRIER METAL
seq_0237,DEPOSIT METAL SEED
seq_0237,FILL VIA METAL
seq_0237,CMP METAL
seq_0237,DEPOSIT METAL 1
seq_0237,ANNEAL METAL
seq_0237,MEASURE METAL THICKNESS
seq_0237,SPIN COAT PHOTORESIST
seq_0237,SOFT BAKE
seq_0237,ALIGN MASK LEVEL 4
seq_0237,EXPOSE LITHO LEVEL 4
seq_0237,DEVELOP PHOTORESIST
seq_0237,METAL PATTERN INSPECTION
seq_0237,METAL ETCH
seq_0237,STRIP PHOTORESIST
seq_0237,CLEAN AFTER METAL ETCH
seq_0237,MEASURE LINE WIDTH
seq_0237,DEPOSIT PASSIVATION LAYER
seq_0237,CURE PASSIVATION
seq_0237,MEASURE PASSIVATION THICKNESS
seq_0237,OPEN PAD WINDOW
seq_0237,OPEN PAD WINDOW LITHO
seq_0237,DEVELOP PAD WINDOW
seq_0237,PASSIVATION ETCH PAD OPENING
seq_0237,STRIP RESIST
seq_0237,CLEAN PAD OPENING
seq_0237,MEASURE PAD OPENING
seq_0237,BACKSIDE CLEAN
seq_0237,BACKSIDE GRIND
seq_0237,MEASURE WAFER THICKNESS
seq_0237,BACKSIDE ETCH CLEAN
seq_0237,BACKSIDE RINSE
seq_0237,BACKSIDE DRY
seq_0237,BACKSIDE METALLIZATION PREP
seq_0237,DEPOSIT BACKSIDE METAL
seq_0237,BACKSIDE ANNEAL
seq_0237,MEASURE BACKSIDE CONTACT
seq_0237,FINAL CLEAN
seq_0237,FINAL THICKNESS MEASURE
seq_0237,FINAL GEOMETRY CHECK
seq_0237,FINAL PARTICLE INSPECTION
seq_0237,PARAMETRIC TEST
seq_0237,LEAKAGE TEST
seq_0237,THRESHOLD VOLTAGE TEST
seq_0237,SWITCHING TEST
seq_0237,WAFER SORT TEST
seq_0237,YIELD ANALYSIS
seq_0237,LOT RELEASE
seq_0237,SHIP LOT
seq_0238,RECEIVE WAFER LOT
seq_0238,LOT IDENTIFICATION
seq_0238,INITIAL WAFER INSPECTION
seq_0238,MEASURE THICKNESS
seq_0238,PRE CLEAN WAFER
seq_0238,BACKSIDE CLEAN
seq_0238,WET CLEAN RCA1
seq_0238,RCA CLEAN 2
seq_0238,HF DIP
seq_0238,DRY WAFER
seq_0238,SUBSTRATE CHECK
seq_0238,EPITAXY PREP
seq_0238,EPITAXIAL DEPOSITION
seq_0238,MEASURE EPITAXY THICKNESS
seq_0238,MEASURE RESISTIVITY
seq_0238,EPITAXY ANNEAL
seq_0238,WAFER SURFACE CLEAN
seq_0238,THERMAL OXIDATION
seq_0238,MEASURE OXIDE THICKNESS
seq_0238,SPIN COAT PHOTORESIST
seq_0238,SOFT BAKE
seq_0238,ALIGN MASK LEVEL 1
seq_0238,EXPOSE LITHO LEVEL 1
seq_0238,DEVELOP PHOTORESIST
seq_0238,PATTERN INSPECTION LEVEL 1
seq_0238,HARD BAKE
seq_0238,OXIDE ETCH
seq_0238,STRIP PHOTORESIST
seq_0238,CLEAN AFTER ETCH
seq_0238,MEASURE OPENING CD
seq_0238,IMPLANT WELL
seq_0238,DRIVE IN DIFFUSION
seq_0238,RAPID THERMAL ANNEAL
seq_0238,MEASURE JUNCTION DEPTH
seq_0238,THERMAL OXIDATION
seq_0238,GATE OXIDE PREP
seq_0238,GATE OXIDE GROWTH
seq_0238,MEASURE GATE OXIDE THICKNESS
seq_0238,DEPOSIT POLYSILICON
seq_0238,POLYSILICON ANNEAL
seq_0238,SPIN COAT PHOTORESIST
seq_0238,SOFT BAKE
seq_0238,ALIGN MASK LEVEL 2
seq_0238,EXPOSE LITHO LEVEL 2
seq_0238,POST EXPOSE BAKE
seq_0238,DEVELOP PHOTORESIST
seq_0238,POLY PATTERN INSPECTION
seq_0238,HARD BAKE
seq_0238,POLYSILICON ETCH
seq_0238,STRIP RESIST
seq_0238,CLEAN AFTER POLY ETCH
seq_0238,MEASURE GATE CD
seq_0238,IMPLANT SOURCE DRAIN
seq_0238,LIGHT ANNEAL
seq_0238,MEASURE SHEET RESISTANCE
seq_0238,DEPOSIT SPACER DIELECTRIC
seq_0238,ANISOTROPIC ETCH SPACER
seq_0238,IMPLANT LDD
seq_0238,PRE ANNEAL CHECK
seq_0238,RAPID THERMAL ANNEAL
seq_0238,MEASURE JUNCTION PROFILE
seq_0238,DEPOSIT INTERLAYER DIELECTRIC
seq_0238,DENSIFY OXIDE
seq_0238,MEASURE FILM THICKNESS
seq_0238,CMP INTERLAYER DIELECTRIC
seq_0238,MEASURE PLANARITY
seq_0238,SPIN COAT PHOTORESIST
seq_0238,SOFT BAKE
seq_0238,ALIGN MASK LEVEL 3
seq_0238,EXPOSE LITHO LEVEL 3
seq_0238,POST EXPOSE BAKE
seq_0238,DEVELOP PHOTORESIST
seq_0238,VIA OPENING INSPECTION
seq_0238,HARD BAKE
seq_0238,DIELECTRIC ETCH VIA
seq_0238,STRIP RESIST
seq_0238,CLEAN AFTER VIA ETCH
seq_0238,MEASURE VIA CD
seq_0238,DEPOSIT BARRIER METAL
seq_0238,DEPOSIT METAL SEED
seq_0238,FILL VIA METAL
seq_0238,CMP METAL
seq_0238,DEPOSIT TOP METAL
seq_0238,ANNEAL METAL
seq_0238,SPIN COAT PHOTORESIST
seq_0238,SOFT BAKE
seq_0238,ALIGN MASK LEVEL 4
seq_0238,EXPOSE LITHO LEVEL 4
seq_0238,DEVELOP PHOTORESIST
seq_0238,METAL PATTERN INSPECTION
seq_0238,HARD BAKE
seq_0238,METAL ETCH
seq_0238,STRIP RESIST
seq_0238,CLEAN AFTER METAL ETCH
seq_0238,MEASURE LINE WIDTH
seq_0238,DEPOSIT PASSIVATION
seq_0238,CURE PASSIVATION
seq_0238,MEASURE PASSIVATION THICKNESS
seq_0238,OPEN PAD WINDOW
seq_0238,OPEN PAD WINDOW LITHO
seq_0238,DEVELOP PAD WINDOW
seq_0238,PASSIVATION ETCH
seq_0238,STRIP PHOTORESIST
seq_0238,CLEAN PAD OPENING
seq_0238,MEASURE PAD OPENING
seq_0238,BACKSIDE CLEAN
seq_0238,BACKSIDE GRIND
seq_0238,MEASURE THICKNESS
seq_0238,BACKSIDE ETCH CLEAN
seq_0238,BACKSIDE RINSE
seq_0238,BACKSIDE DRY
seq_0238,BACKSIDE METALLIZATION PREP
seq_0238,DEPOSIT BACKSIDE METAL
seq_0238,BACKSIDE ANNEAL
seq_0238,MEASURE BACKSIDE CONTACT
seq_0238,FINAL CLEAN
seq_0238,FINAL CD INSPECTION
seq_0238,FINAL PARTICLE INSPECTION
seq_0238,PARAMETRIC TEST
seq_0238,LEAKAGE TEST
seq_0238,THRESHOLD VOLTAGE TEST
seq_0238,SWITCHING TEST
seq_0238,WAFER SORT TEST
seq_0238,YIELD ANALYSIS
seq_0238,LOT RELEASE
seq_0238,SHIP LOT
seq_0239,RECEIVE WAFER LOT
seq_0239,LOT IDENTIFICATION
seq_0239,PRE CLEAN INSPECTION
seq_0239,MEASURE THICKNESS
seq_0239,MEASURE SURFACE PARTICLES
seq_0239,PRE CLEAN WAFER
seq_0239,BACKSIDE CLEAN
seq_0239,WET CLEAN RCA1
seq_0239,WET CLEAN RCA2
seq_0239,HF DIP
seq_0239,DRY WAFER
seq_0239,SUBSTRATE CHECK
seq_0239,EPITAXY PREP
seq_0239,EPITAXIAL DEPOSITION
seq_0239,MEASURE EPITAXY THICKNESS
seq_0239,MEASURE RESISTIVITY
seq_0239,EPITAXY ANNEAL
seq_0239,WAFER SURFACE CLEAN
seq_0239,THERMAL OXIDATION
seq_0239,MEASURE OXIDE THICKNESS
seq_0239,SPIN COAT PHOTORESIST
seq_0239,SOFT BAKE
seq_0239,ALIGN MASK LEVEL 1
seq_0239,EXPOSE LITHO LEVEL 1
seq_0239,DEVELOP PHOTORESIST
seq_0239,PATTERN INSPECTION LEVEL 1
seq_0239,HARD BAKE
seq_0239,OXIDE ETCH
seq_0239,STRIP RESIST
seq_0239,CLEAN AFTER ETCH
seq_0239,MEASURE OPENING CD
seq_0239,IMPLANT WELL
seq_0239,PRE ANNEAL CHECK
seq_0239,DRIVE IN DIFFUSION
seq_0239,RAPID THERMAL ANNEAL
seq_0239,MEASURE JUNCTION DEPTH
seq_0239,THERMAL OXIDATION
seq_0239,GATE OXIDE PREP
seq_0239,GATE OXIDE GROWTH
seq_0239,MEASURE GATE OXIDE THICKNESS
seq_0239,DEPOSIT POLYSILICON
seq_0239,POLYSILICON ANNEAL
seq_0239,MEASURE POLY THICKNESS
seq_0239,SPIN COAT PHOTORESIST
seq_0239,SOFT BAKE
seq_0239,ALIGN MASK LEVEL 2
seq_0239,EXPOSE LITHO LEVEL 2
seq_0239,DEVELOP PHOTORESIST
seq_0239,POLY PATTERN INSPECTION
seq_0239,POLYSILICON ETCH
seq_0239,STRIP PHOTORESIST
seq_0239,CLEAN AFTER POLY ETCH
seq_0239,MEASURE GATE CD
seq_0239,IMPLANT SOURCE DRAIN
seq_0239,LIGHT ANNEAL
seq_0239,MEASURE SHEET RESISTANCE
seq_0239,DEPOSIT SPACER DIELECTRIC
seq_0239,ANISOTROPIC ETCH SPACER
seq_0239,MEASURE SPACER WIDTH
seq_0239,IMPLANT LDD
seq_0239,PRE ANNEAL CHECK
seq_0239,RAPID THERMAL ANNEAL
seq_0239,MEASURE JUNCTION PROFILE
seq_0239,DEPOSIT INTERLAYER DIELECTRIC
seq_0239,DENSIFY OXIDE
seq_0239,MEASURE DIELECTRIC THICKNESS
seq_0239,CMP DIELECTRIC
seq_0239,MEASURE SURFACE PLANARITY
seq_0239,SPIN COAT PHOTORESIST
seq_0239,SOFT BAKE
seq_0239,ALIGN MASK LEVEL 3
seq_0239,EXPOSE LITHO LEVEL 3
seq_0239,POST EXPOSE BAKE
seq_0239,DEVELOP PHOTORESIST
seq_0239,VIA INSPECTION
seq_0239,VIA ETCH THROUGH DIELECTRIC
seq_0239,STRIP PHOTORESIST
seq_0239,CLEAN AFTER VIA ETCH
seq_0239,MEASURE VIA CD
seq_0239,DEPOSIT BARRIER METAL
seq_0239,DEPOSIT METAL SEED
seq_0239,FILL VIA METAL
seq_0239,CMP VIA FILL
seq_0239,MEASURE CONTACT RESISTANCE
seq_0239,DEPOSIT TOP METAL
seq_0239,ANNEAL METAL
seq_0239,SPIN COAT PHOTORESIST
seq_0239,SOFT BAKE
seq_0239,ALIGN MASK LEVEL 4
seq_0239,EXPOSE LITHO LEVEL 4
seq_0239,POST EXPOSE BAKE
seq_0239,DEVELOP PHOTORESIST
seq_0239,METAL PATTERN INSPECTION
seq_0239,METAL ETCH
seq_0239,STRIP RESIST
seq_0239,CLEAN AFTER METAL ETCH
seq_0239,MEASURE LINE WIDTH
seq_0239,DEPOSIT PASSIVATION
seq_0239,CURE PASSIVATION
seq_0239,MEASURE PASSIVATION THICKNESS
seq_0239,OPEN PAD WINDOW
seq_0239,PAD WINDOW LITHO
seq_0239,DEVELOP PHOTORESIST
seq_0239,PASSIVATION ETCH
seq_0239,STRIP PHOTORESIST
seq_0239,CLEAN PAD OPENING
seq_0239,MEASURE PAD OPENING
seq_0239,BACKSIDE CLEAN
seq_0239,BACKSIDE GRIND
seq_0239,MEASURE WAFER THICKNESS
seq_0239,BACKSIDE ETCH CLEAN
seq_0239,BACKSIDE RINSE
seq_0239,BACKSIDE DRY
seq_0239,BACKSIDE METALLIZATION PREP
seq_0239,DEPOSIT BACKSIDE METAL
seq_0239,BACKSIDE ANNEAL
seq_0239,MEASURE BACKSIDE CONTACT
seq_0239,FINAL CLEAN
seq_0239,FINAL GEOMETRY CHECK
seq_0239,FINAL CD INSPECTION
seq_0239,ELECTRICAL PARAMETRIC TEST
seq_0239,LEAKAGE TEST
seq_0239,THRESHOLD VOLTAGE TEST
seq_0239,SWITCHING TEST
seq_0239,WAFER SORT TEST
seq_0239,YIELD ANALYSIS
seq_0239,LOT RELEASE
seq_0239,SHIP LOT
seq_0240,RECEIVE WAFER LOT
seq_0240,LOT IDENTIFICATION
seq_0240,INITIAL WAFER INSPECTION
seq_0240,MEASURE THICKNESS
seq_0240,PRE CLEAN WAFER
seq_0240,FRONTSIDE CLEAN
seq_0240,WET CLEAN RCA1
seq_0240,RCA CLEAN 2
seq_0240,HF DIP
seq_0240,DRY WAFER
seq_0240,SUBSTRATE CHECK
seq_0240,EPITAXY PREP
seq_0240,EPITAXIAL DEPOSITION
seq_0240,MEASURE EPITAXY THICKNESS
seq_0240,MEASURE RESISTIVITY
seq_0240,EPITAXY ANNEAL
seq_0240,WAFER SURFACE CLEAN
seq_0240,THERMAL OXIDATION
seq_0240,MEASURE OXIDE THICKNESS
seq_0240,SPIN COAT PHOTORESIST
seq_0240,SOFT BAKE
seq_0240,ALIGN MASK LEVEL 1
seq_0240,EXPOSE LITHO LEVEL 1
seq_0240,DEVELOP PHOTORESIST
seq_0240,PATTERN INSPECTION LEVEL 1
seq_0240,OXIDE ETCH
seq_0240,STRIP RESIST
seq_0240,CLEAN AFTER ETCH
seq_0240,MEASURE OPENING CD
seq_0240,IMPLANT WELL
seq_0240,PRE ANNEAL CHECK
seq_0240,DRIVE IN DIFFUSION
seq_0240,RAPID THERMAL ANNEAL
seq_0240,MEASURE JUNCTION DEPTH
seq_0240,THERMAL OXIDATION
seq_0240,GATE OXIDE PREP
seq_0240,GATE OXIDE GROWTH
seq_0240,MEASURE GATE OXIDE THICKNESS
seq_0240,DEPOSIT POLYSILICON
seq_0240,POLYSILICON ANNEAL
seq_0240,MEASURE POLY THICKNESS
seq_0240,SPIN COAT PHOTORESIST
seq_0240,SOFT BAKE
seq_0240,ALIGN MASK LEVEL 2
seq_0240,EXPOSE LITHO LEVEL 2
seq_0240,DEVELOP PHOTORESIST
seq_0240,POLY PATTERN INSPECTION
seq_0240,HARD BAKE
seq_0240,POLYSILICON ETCH
seq_0240,STRIP RESIST
seq_0240,CLEAN AFTER POLY ETCH
seq_0240,MEASURE GATE CD
seq_0240,IMPLANT SOURCE DRAIN
seq_0240,LIGHT ANNEAL
seq_0240,MEASURE SHEET RESISTANCE
seq_0240,DEPOSIT SPACER DIELECTRIC
seq_0240,ANISOTROPIC ETCH SPACER
seq_0240,MEASURE SPACER WIDTH
seq_0240,IMPLANT LDD
seq_0240,PRE ANNEAL CHECK
seq_0240,RAPID THERMAL ANNEAL
seq_0240,DEPOSIT INTERLAYER DIELECTRIC
seq_0240,DENSIFY OXIDE
seq_0240,MEASURE DIELECTRIC THICKNESS
seq_0240,CMP DIELECTRIC
seq_0240,MEASURE SURFACE PLANARITY
seq_0240,SPIN COAT PHOTORESIST
seq_0240,SOFT BAKE
seq_0240,ALIGN MASK LEVEL 3
seq_0240,EXPOSE LITHO LEVEL 3
seq_0240,POST EXPOSE BAKE
seq_0240,DEVELOP PHOTORESIST
seq_0240,VIA INSPECTION
seq_0240,HARD BAKE
seq_0240,DIELECTRIC ETCH VIA
seq_0240,STRIP PHOTORESIST
seq_0240,CLEAN AFTER VIA ETCH
seq_0240,MEASURE VIA CD
seq_0240,DEPOSIT BARRIER METAL
seq_0240,DEPOSIT METAL SEED
seq_0240,FILL VIA METAL
seq_0240,CMP METAL
seq_0240,MEASURE VIA RESISTANCE
seq_0240,DEPOSIT TOP METAL
seq_0240,ANNEAL METAL
seq_0240,SPIN COAT PHOTORESIST
seq_0240,SOFT BAKE
seq_0240,ALIGN MASK LEVEL 4
seq_0240,EXPOSE LITHO LEVEL 4
seq_0240,POST EXPOSE BAKE
seq_0240,DEVELOP PHOTORESIST
seq_0240,METAL PATTERN INSPECTION
seq_0240,HARD BAKE
seq_0240,METAL ETCH
seq_0240,STRIP PHOTORESIST
seq_0240,CLEAN AFTER METAL ETCH
seq_0240,MEASURE LINE WIDTH
seq_0240,DEPOSIT PASSIVATION LAYER
seq_0240,CURE PASSIVATION
seq_0240,MEASURE PASSIVATION QUALITY
seq_0240,OPEN BOND PAD WINDOW
seq_0240,PAD WINDOW LITHO
seq_0240,DEVELOP PHOTORESIST
seq_0240,PASSIVATION ETCH PAD OPENING
seq_0240,STRIP PHOTORESIST
seq_0240,CLEAN PAD OPENING
seq_0240,MEASURE PAD OPENING
seq_0240,BACKSIDE CLEAN
seq_0240,BACKSIDE GRIND
seq_0240,MEASURE WAFER THICKNESS
seq_0240,BACKSIDE ETCH CLEAN
seq_0240,BACKSIDE RINSE
seq_0240,BACKSIDE DRY
seq_0240,BACKSIDE METALLIZATION PREP
seq_0240,DEPOSIT BACKSIDE METAL
seq_0240,BACKSIDE ANNEAL
seq_0240,MEASURE BACKSIDE CONTACT
seq_0240,FINAL CLEAN
seq_0240,FINAL THICKNESS MEASURE
seq_0240,FINAL GEOMETRY CHECK
seq_0240,FINAL CD INSPECTION
seq_0240,ELECTRICAL PARAMETRIC TEST
seq_0240,LEAKAGE TEST
seq_0240,THRESHOLD VOLTAGE TEST
seq_0240,SWITCHING TEST
seq_0240,WAFER SORT TEST
seq_0240,YIELD ANALYSIS
seq_0240,FINAL LOT RELEASE
seq_0240,SHIP LOT
seq_0241,RECEIVE WAFER LOT
seq_0241,LOT IDENTIFICATION
seq_0241,PRE CLEAN INSPECTION
seq_0241,MEASURE THICKNESS
seq_0241,MEASURE SURFACE PARTICLES
seq_0241,PRE CLEAN WAFER
seq_0241,BACKSIDE CLEAN
seq_0241,WET CLEAN RCA1
seq_0241,WET CLEAN RCA2
seq_0241,HF DIP
seq_0241,SUBSTRATE CHECK
seq_0241,EPITAXY PREP
seq_0241,EPITAXIAL DEPOSITION
seq_0241,MEASURE EPITAXY THICKNESS
seq_0241,MEASURE RESISTIVITY
seq_0241,EPITAXY ANNEAL
seq_0241,WAFER SURFACE CLEAN
seq_0241,THERMAL OXIDATION
seq_0241,MEASURE OXIDE THICKNESS
seq_0241,SPIN COAT PHOTORESIST
seq_0241,SOFT BAKE
seq_0241,ALIGN MASK LEVEL 1
seq_0241,EXPOSE LITHO LEVEL 1
seq_0241,DEVELOP PHOTORESIST
seq_0241,PATTERN INSPECTION LEVEL 1
seq_0241,OXIDE ETCH
seq_0241,STRIP PHOTORESIST
seq_0241,CLEAN AFTER ETCH
seq_0241,MEASURE OPENING CD
seq_0241,IMPLANT WELL
seq_0241,PRE ANNEAL CHECK
seq_0241,DRIVE IN DIFFUSION
seq_0241,RAPID THERMAL ANNEAL
seq_0241,THERMAL OXIDATION
seq_0241,GATE OXIDE PREP
seq_0241,GATE OXIDE GROWTH
seq_0241,MEASURE GATE OXIDE THICKNESS
seq_0241,DEPOSIT POLYSILICON
seq_0241,POLYSILICON ANNEAL
seq_0241,MEASURE POLY THICKNESS
seq_0241,SPIN COAT PHOTORESIST
seq_0241,SOFT BAKE
seq_0241,ALIGN MASK LEVEL 2
seq_0241,EXPOSE LITHO LEVEL 2
seq_0241,DEVELOP PHOTORESIST
seq_0241,POLY PATTERN INSPECTION
seq_0241,POLYSILICON ETCH
seq_0241,STRIP RESIST
seq_0241,CLEAN AFTER POLY ETCH
seq_0241,MEASURE GATE CD
seq_0241,IMPLANT SOURCE DRAIN
seq_0241,LIGHT ANNEAL
seq_0241,MEASURE SHEET RESISTANCE
seq_0241,DEPOSIT SPACER DIELECTRIC
seq_0241,ANISOTROPIC ETCH SPACER
seq_0241,MEASURE SPACER WIDTH
seq_0241,IMPLANT LDD
seq_0241,PRE ANNEAL CHECK
seq_0241,RAPID THERMAL ANNEAL
seq_0241,MEASURE JUNCTION PROFILE
seq_0241,DEPOSIT INTERLAYER DIELECTRIC
seq_0241,DENSIFY OXIDE
seq_0241,MEASURE DIELECTRIC THICKNESS
seq_0241,CMP INTERLAYER DIELECTRIC
seq_0241,MEASURE PLANARITY
seq_0241,SPIN COAT PHOTORESIST
seq_0241,SOFT BAKE
seq_0241,ALIGN MASK LEVEL 3
seq_0241,EXPOSE LITHO LEVEL 3
seq_0241,DEVELOP PHOTORESIST
seq_0241,VIA OPENING INSPECTION
seq_0241,DIELECTRIC ETCH VIA
seq_0241,STRIP PHOTORESIST
seq_0241,CLEAN AFTER VIA ETCH
seq_0241,DEPOSIT BARRIER METAL
seq_0241,DEPOSIT METAL SEED
seq_0241,FILL VIA METAL
seq_0241,CMP VIA FILL
seq_0241,MEASURE VIA RESISTANCE
seq_0241,DEPOSIT METAL 1
seq_0241,ANNEAL METAL
seq_0241,SPIN COAT PHOTORESIST
seq_0241,SOFT BAKE
seq_0241,ALIGN MASK LEVEL 4
seq_0241,EXPOSE LITHO LEVEL 4
seq_0241,DEVELOP PHOTORESIST
seq_0241,METAL PATTERN INSPECTION
seq_0241,METAL ETCH
seq_0241,STRIP PHOTORESIST
seq_0241,CLEAN AFTER METAL ETCH
seq_0241,DEPOSIT PASSIVATION LAYER
seq_0241,CURE PASSIVATION
seq_0241,MEASURE PASSIVATION THICKNESS
seq_0241,OPEN PAD WINDOW
seq_0241,PAD WINDOW LITHO
seq_0241,DEVELOP PAD WINDOW
seq_0241,PASSIVATION ETCH
seq_0241,STRIP PHOTORESIST
seq_0241,CLEAN PAD OPENING
seq_0241,MEASURE PAD OPENING
seq_0241,BACKSIDE CLEAN
seq_0241,BACKSIDE GRIND
seq_0241,MEASURE WAFER THICKNESS
seq_0241,BACKSIDE ETCH CLEAN
seq_0241,BACKSIDE RINSE
seq_0241,BACKSIDE DRY
seq_0241,BACKSIDE METALLIZATION PREP
seq_0241,DEPOSIT BACKSIDE METAL
seq_0241,BACKSIDE ANNEAL
seq_0241,MEASURE BACKSIDE CONTACT
seq_0241,FINAL CLEAN
seq_0241,FINAL THICKNESS MEASURE
seq_0241,FINAL GEOMETRY CHECK
seq_0241,FINAL PARTICLE INSPECTION
seq_0241,ELECTRICAL PARAMETRIC TEST
seq_0241,LEAKAGE TEST
seq_0241,THRESHOLD VOLTAGE TEST
seq_0241,SWITCHING TEST
seq_0241,WAFER SORT TEST
seq_0241,YIELD ANALYSIS
seq_0241,FINAL LOT RELEASE
seq_0241,SHIP LOT
seq_0242,RECEIVE WAFER LOT
seq_0242,LOT IDENTIFICATION
seq_0242,PRE CLEAN INSPECTION
seq_0242,MEASURE SURFACE PARTICLES
seq_0242,PRE CLEAN WAFER
seq_0242,WET CLEAN RCA1
seq_0242,WET CLEAN RCA2
seq_0242,HF DIP
seq_0242,DRY WAFER
seq_0242,SUBSTRATE CHECK
seq_0242,EPITAXY PREP
seq_0242,EPITAXIAL DEPOSITION
seq_0242,MEASURE EPITAXY THICKNESS
seq_0242,MEASURE RESISTIVITY
seq_0242,EPITAXY ANNEAL
seq_0242,WAFER SURFACE CLEAN
seq_0242,THERMAL OXIDATION
seq_0242,MEASURE OXIDE THICKNESS
seq_0242,SPIN COAT PHOTORESIST
seq_0242,SOFT BAKE
seq_0242,ALIGN MASK LEVEL 1
seq_0242,EXPOSE LITHO LEVEL 1
seq_0242,DEVELOP PHOTORESIST
seq_0242,PATTERN INSPECTION LEVEL 1
seq_0242,OXIDE ETCH
seq_0242,STRIP PHOTORESIST
seq_0242,CLEAN AFTER ETCH
seq_0242,IMPLANT WELL
seq_0242,DRIVE IN DIFFUSION
seq_0242,RAPID THERMAL ANNEAL
seq_0242,MEASURE JUNCTION DEPTH
seq_0242,THERMAL OXIDATION
seq_0242,GATE OXIDE PREP
seq_0242,GATE OXIDE GROWTH
seq_0242,MEASURE GATE OXIDE THICKNESS
seq_0242,DEPOSIT POLYSILICON
seq_0242,POLYSILICON ANNEAL
seq_0242,MEASURE POLY THICKNESS
seq_0242,SPIN COAT PHOTORESIST
seq_0242,SOFT BAKE
seq_0242,ALIGN MASK LEVEL 2
seq_0242,EXPOSE LITHO LEVEL 2
seq_0242,DEVELOP PHOTORESIST
seq_0242,POLY PATTERN INSPECTION
seq_0242,POLYSILICON ETCH
seq_0242,STRIP RESIST
seq_0242,CLEAN AFTER POLY ETCH
seq_0242,MEASURE GATE CD
seq_0242,IMPLANT SOURCE DRAIN
seq_0242,PRE ANNEAL CHECK
seq_0242,LIGHT ANNEAL
seq_0242,MEASURE SHEET RESISTANCE
seq_0242,DEPOSIT SPACER DIELECTRIC
seq_0242,ANISOTROPIC ETCH SPACER
seq_0242,MEASURE SPACER WIDTH
seq_0242,IMPLANT LDD
seq_0242,RAPID THERMAL ANNEAL
seq_0242,MEASURE JUNCTION PROFILE
seq_0242,DEPOSIT INTERLAYER DIELECTRIC
seq_0242,DENSIFY DIELECTRIC
seq_0242,MEASURE FILM THICKNESS
seq_0242,CMP INTERLAYER DIELECTRIC
seq_0242,MEASURE PLANARITY
seq_0242,SPIN COAT PHOTORESIST
seq_0242,SOFT BAKE
seq_0242,ALIGN MASK LEVEL 3
seq_0242,EXPOSE LITHO LEVEL 3
seq_0242,DEVELOP PHOTORESIST
seq_0242,VIA INSPECTION
seq_0242,VIA ETCH THROUGH DIELECTRIC
seq_0242,STRIP RESIST
seq_0242,CLEAN AFTER VIA ETCH
seq_0242,MEASURE VIA CD
seq_0242,DEPOSIT BARRIER METAL
seq_0242,DEPOSIT METAL SEED
seq_0242,FILL VIA METAL
seq_0242,CMP VIA FILL
seq_0242,MEASURE VIA RESISTANCE
seq_0242,DEPOSIT TOP METAL
seq_0242,ANNEAL METAL 1
seq_0242,SPIN COAT PHOTORESIST
seq_0242,SOFT BAKE
seq_0242,ALIGN MASK LEVEL 4
seq_0242,EXPOSE LITHO LEVEL 4
seq_0242,POST EXPOSE BAKE
seq_0242,DEVELOP PHOTORESIST
seq_0242,METAL PATTERN INSPECTION
seq_0242,METAL ETCH
seq_0242,STRIP PHOTORESIST
seq_0242,CLEAN AFTER METAL ETCH
seq_0242,MEASURE LINE WIDTH
seq_0242,DEPOSIT PASSIVATION
seq_0242,CURE PASSIVATION
seq_0242,MEASURE PASSIVATION QUALITY
seq_0242,OPEN PAD WINDOW
seq_0242,OPEN PAD WINDOW LITHO
seq_0242,DEVELOP PHOTORESIST
seq_0242,PASSIVATION ETCH
seq_0242,STRIP RESIST
seq_0242,CLEAN PAD OPENING
seq_0242,MEASURE PAD OPENING
seq_0242,BACKSIDE CLEAN
seq_0242,BACKSIDE GRIND
seq_0242,MEASURE THICKNESS
seq_0242,BACKSIDE ETCH CLEAN
seq_0242,BACKSIDE RINSE
seq_0242,BACKSIDE DRY
seq_0242,BACKSIDE METALLIZATION PREP
seq_0242,DEPOSIT BACKSIDE METAL
seq_0242,BACKSIDE ANNEAL
seq_0242,MEASURE BACKSIDE CONTACT
seq_0242,FINAL CLEAN
seq_0242,FINAL THICKNESS MEASURE
seq_0242,FINAL GEOMETRY CHECK
seq_0242,FINAL PARTICLE INSPECTION
seq_0242,ELECTRICAL PARAMETRIC TEST
seq_0242,LEAKAGE TEST
seq_0242,THRESHOLD VOLTAGE TEST
seq_0242,SWITCHING TEST
seq_0242,WAFER SORT TEST
seq_0242,YIELD ANALYSIS
seq_0242,LOT RELEASE
seq_0242,SHIP LOT
seq_0243,RECEIVE WAFER LOT
seq_0243,LOT IDENTIFICATION
seq_0243,INITIAL WAFER INSPECTION
seq_0243,MEASURE THICKNESS
seq_0243,MEASURE SURFACE PARTICLES
seq_0243,PRE CLEAN WAFER
seq_0243,BACKSIDE CLEAN
seq_0243,RCA CLEAN 1
seq_0243,WET CLEAN RCA2
seq_0243,HF DIP
seq_0243,SUBSTRATE CHECK
seq_0243,EPITAXY PREP
seq_0243,EPITAXIAL DEPOSITION
seq_0243,MEASURE EPITAXY THICKNESS
seq_0243,MEASURE RESISTIVITY
seq_0243,EPITAXY ANNEAL
seq_0243,WAFER SURFACE CLEAN
seq_0243,THERMAL OXIDATION
seq_0243,MEASURE OXIDE THICKNESS
seq_0243,SPIN COAT PHOTORESIST
seq_0243,SOFT BAKE
seq_0243,ALIGN MASK LEVEL 1
seq_0243,EXPOSE LITHO LEVEL 1
seq_0243,DEVELOP PHOTORESIST
seq_0243,PATTERN INSPECTION LEVEL 1
seq_0243,OXIDE ETCH
seq_0243,STRIP PHOTORESIST
seq_0243,CLEAN AFTER ETCH
seq_0243,MEASURE OPENING CD
seq_0243,IMPLANT WELL
seq_0243,DRIVE IN DIFFUSION
seq_0243,RAPID THERMAL ANNEAL
seq_0243,MEASURE JUNCTION DEPTH
seq_0243,THERMAL OXIDATION
seq_0243,GATE OXIDE PREP
seq_0243,GATE OXIDE GROWTH
seq_0243,MEASURE GATE OXIDE THICKNESS
seq_0243,DEPOSIT POLYSILICON
seq_0243,POLYSILICON ANNEAL
seq_0243,MEASURE POLY THICKNESS
seq_0243,SPIN COAT PHOTORESIST
seq_0243,SOFT BAKE
seq_0243,ALIGN MASK LEVEL 2
seq_0243,EXPOSE LITHO LEVEL 2
seq_0243,DEVELOP PHOTORESIST
seq_0243,POLY PATTERN INSPECTION
seq_0243,POLYSILICON ETCH
seq_0243,STRIP PHOTORESIST
seq_0243,CLEAN AFTER POLY ETCH
seq_0243,IMPLANT SOURCE DRAIN
seq_0243,PRE ANNEAL CHECK
seq_0243,LIGHT ANNEAL
seq_0243,DEPOSIT SPACER DIELECTRIC
seq_0243,ANISOTROPIC ETCH SPACER
seq_0243,MEASURE SPACER WIDTH
seq_0243,IMPLANT LDD
seq_0243,RAPID THERMAL ANNEAL
seq_0243,MEASURE JUNCTION PROFILE
seq_0243,DEPOSIT INTERLEVEL DIELECTRIC
seq_0243,DENSIFY OXIDE
seq_0243,MEASURE FILM THICKNESS
seq_0243,CMP DIELECTRIC
seq_0243,MEASURE SURFACE PLANARITY
seq_0243,SPIN COAT PHOTORESIST
seq_0243,SOFT BAKE
seq_0243,ALIGN MASK LEVEL 3
seq_0243,EXPOSE LITHO LEVEL 3
seq_0243,DEVELOP PHOTORESIST
seq_0243,VIA OPENING INSPECTION
seq_0243,VIA ETCH THROUGH DIELECTRIC
seq_0243,STRIP RESIST
seq_0243,CLEAN AFTER VIA ETCH
seq_0243,DEPOSIT BARRIER METAL
seq_0243,DEPOSIT METAL SEED
seq_0243,FILL VIA METAL
seq_0243,CMP VIA FILL
seq_0243,MEASURE CONTACT RESISTANCE
seq_0243,DEPOSIT METAL 1
seq_0243,ANNEAL METAL 1
seq_0243,MEASURE METAL THICKNESS
seq_0243,SPIN COAT PHOTORESIST
seq_0243,SOFT BAKE
seq_0243,ALIGN MASK LEVEL 4
seq_0243,EXPOSE LITHO LEVEL 4
seq_0243,DEVELOP PHOTORESIST
seq_0243,METAL PATTERN INSPECTION
seq_0243,HARD BAKE
seq_0243,METAL ETCH
seq_0243,STRIP PHOTORESIST
seq_0243,CLEAN AFTER METAL ETCH
seq_0243,MEASURE LINE WIDTH
seq_0243,DEPOSIT PASSIVATION LAYER
seq_0243,CURE PASSIVATION
seq_0243,MEASURE PASSIVATION THICKNESS
seq_0243,OPEN PAD WINDOW
seq_0243,OPEN PAD WINDOW LITHO
seq_0243,DEVELOP PAD WINDOW
seq_0243,PASSIVATION ETCH
seq_0243,STRIP PHOTORESIST
seq_0243,CLEAN PAD OPENING
seq_0243,MEASURE PAD OPENING
seq_0243,BACKSIDE CLEAN
seq_0243,BACKSIDE GRIND
seq_0243,MEASURE THICKNESS
seq_0243,BACKSIDE ETCH CLEAN
seq_0243,BACKSIDE RINSE
seq_0243,BACKSIDE DRY
seq_0243,BACKSIDE METALLIZATION PREP
seq_0243,DEPOSIT BACKSIDE METAL
seq_0243,BACKSIDE ANNEAL
seq_0243,MEASURE BACKSIDE CONTACT
seq_0243,FINAL CLEAN
seq_0243,FINAL GEOMETRY CHECK
seq_0243,FINAL PARTICLE INSPECTION
seq_0243,ELECTRICAL PARAMETRIC TEST
seq_0243,LEAKAGE TEST
seq_0243,THRESHOLD VOLTAGE TEST
seq_0243,SWITCHING TEST
seq_0243,WAFER SORT TEST
seq_0243,YIELD ANALYSIS
seq_0243,LOT RELEASE
seq_0243,SHIP LOT
seq_0244,RECEIVE WAFER LOT
seq_0244,LOT IDENTIFICATION
seq_0244,PRE CLEAN INSPECTION
seq_0244,MEASURE THICKNESS
seq_0244,MEASURE SURFACE PARTICLES
seq_0244,PRE CLEAN WAFER
seq_0244,BACKSIDE CLEAN
seq_0244,FRONTSIDE CLEAN
seq_0244,RCA CLEAN 1
seq_0244,WET CLEAN RCA2
seq_0244,HF DIP
seq_0244,SUBSTRATE CHECK
seq_0244,EPITAXY PREP
seq_0244,EPITAXIAL DEPOSITION
seq_0244,MEASURE EPITAXY THICKNESS
seq_0244,MEASURE RESISTIVITY
seq_0244,EPITAXY ANNEAL
seq_0244,WAFER SURFACE CLEAN
seq_0244,THERMAL OXIDATION
seq_0244,MEASURE OXIDE THICKNESS
seq_0244,SPIN COAT PHOTORESIST
seq_0244,SOFT BAKE
seq_0244,ALIGN MASK LEVEL 1
seq_0244,EXPOSE LITHO LEVEL 1
seq_0244,POST EXPOSE BAKE
seq_0244,DEVELOP PHOTORESIST
seq_0244,PATTERN INSPECTION LEVEL 1
seq_0244,OXIDE ETCH
seq_0244,STRIP RESIST
seq_0244,CLEAN AFTER ETCH
seq_0244,MEASURE OPENING CD
seq_0244,IMPLANT WELL
seq_0244,PRE ANNEAL CHECK
seq_0244,DRIVE IN DIFFUSION
seq_0244,RAPID THERMAL ANNEAL
seq_0244,MEASURE JUNCTION DEPTH
seq_0244,THERMAL OXIDATION
seq_0244,GATE OXIDE PREP
seq_0244,GATE OXIDE GROWTH
seq_0244,MEASURE GATE OXIDE THICKNESS
seq_0244,DEPOSIT POLYSILICON
seq_0244,POLYSILICON ANNEAL
seq_0244,MEASURE POLY THICKNESS
seq_0244,SPIN COAT PHOTORESIST
seq_0244,SOFT BAKE
seq_0244,ALIGN MASK LEVEL 2
seq_0244,EXPOSE LITHO LEVEL 2
seq_0244,DEVELOP PHOTORESIST
seq_0244,POLY PATTERN INSPECTION
seq_0244,HARD BAKE
seq_0244,POLYSILICON ETCH
seq_0244,STRIP PHOTORESIST
seq_0244,CLEAN AFTER POLY ETCH
seq_0244,MEASURE GATE CD
seq_0244,IMPLANT SOURCE DRAIN
seq_0244,PRE ANNEAL CHECK
seq_0244,LIGHT ANNEAL
seq_0244,DEPOSIT SPACER DIELECTRIC
seq_0244,ANISOTROPIC ETCH SPACER
seq_0244,MEASURE SPACER WIDTH
seq_0244,IMPLANT LDD
seq_0244,PRE ANNEAL CHECK
seq_0244,RAPID THERMAL ANNEAL
seq_0244,MEASURE JUNCTION PROFILE
seq_0244,DEPOSIT INTERLAYER DIELECTRIC
seq_0244,DENSIFY OXIDE
seq_0244,MEASURE FILM THICKNESS
seq_0244,CMP INTERLAYER DIELECTRIC
seq_0244,MEASURE SURFACE PLANARITY
seq_0244,SPIN COAT PHOTORESIST
seq_0244,SOFT BAKE
seq_0244,ALIGN MASK LEVEL 3
seq_0244,EXPOSE LITHO LEVEL 3
seq_0244,DEVELOP PHOTORESIST
seq_0244,VIA OPENING INSPECTION
seq_0244,HARD BAKE
seq_0244,VIA ETCH THROUGH DIELECTRIC
seq_0244,STRIP RESIST
seq_0244,CLEAN AFTER VIA ETCH
seq_0244,DEPOSIT BARRIER METAL
seq_0244,DEPOSIT METAL SEED
seq_0244,FILL VIA METAL
seq_0244,CMP VIA FILL
seq_0244,DEPOSIT TOP METAL
seq_0244,ANNEAL METAL
seq_0244,SPIN COAT PHOTORESIST
seq_0244,SOFT BAKE
seq_0244,ALIGN MASK LEVEL 4
seq_0244,EXPOSE LITHO LEVEL 4
seq_0244,DEVELOP PHOTORESIST
seq_0244,METAL PATTERN INSPECTION
seq_0244,HARD BAKE
seq_0244,METAL ETCH
seq_0244,STRIP RESIST
seq_0244,CLEAN AFTER METAL ETCH
seq_0244,DEPOSIT PASSIVATION LAYER
seq_0244,CURE PASSIVATION
seq_0244,MEASURE PASSIVATION THICKNESS
seq_0244,OPEN BOND PAD WINDOW
seq_0244,OPEN PAD WINDOW LITHO
seq_0244,DEVELOP PAD WINDOW
seq_0244,PASSIVATION ETCH
seq_0244,STRIP RESIST
seq_0244,CLEAN PAD OPENING
seq_0244,MEASURE PAD OPENING
seq_0244,BACKSIDE CLEAN
seq_0244,BACKSIDE GRIND
seq_0244,MEASURE WAFER THICKNESS
seq_0244,BACKSIDE ETCH CLEAN
seq_0244,BACKSIDE RINSE
seq_0244,BACKSIDE DRY
seq_0244,BACKSIDE METALLIZATION PREP
seq_0244,DEPOSIT BACKSIDE METAL
seq_0244,BACKSIDE ANNEAL
seq_0244,MEASURE BACKSIDE CONTACT
seq_0244,FINAL CLEAN
seq_0244,FINAL THICKNESS MEASURE
seq_0244,FINAL GEOMETRY CHECK
seq_0244,FINAL CD INSPECTION
seq_0244,FINAL PARTICLE INSPECTION
seq_0244,PARAMETRIC TEST
seq_0244,LEAKAGE TEST
seq_0244,THRESHOLD VOLTAGE TEST
seq_0244,SWITCHING TEST
seq_0244,WAFER SORT TEST
seq_0244,YIELD ANALYSIS
seq_0244,FINAL LOT RELEASE
seq_0244,SHIP LOT
seq_0245,RECEIVE WAFER LOT
seq_0245,LOT IDENTIFICATION
seq_0245,PRE CLEAN INSPECTION
seq_0245,MEASURE SURFACE PARTICLES
seq_0245,PRE CLEAN WAFER
seq_0245,BACKSIDE CLEAN
seq_0245,WET CLEAN RCA1
seq_0245,WET CLEAN RCA2
seq_0245,HF DIP
seq_0245,SUBSTRATE CHECK
seq_0245,EPITAXY PREP
seq_0245,EPITAXIAL DEPOSITION
seq_0245,MEASURE EPITAXY THICKNESS
seq_0245,MEASURE RESISTIVITY
seq_0245,EPITAXY ANNEAL
seq_0245,WAFER SURFACE CLEAN
seq_0245,THERMAL OXIDATION
seq_0245,MEASURE OXIDE THICKNESS
seq_0245,SPIN COAT PHOTORESIST
seq_0245,SOFT BAKE
seq_0245,ALIGN MASK LEVEL 1
seq_0245,EXPOSE LITHO LEVEL 1
seq_0245,DEVELOP PHOTORESIST
seq_0245,PATTERN INSPECTION LEVEL 1
seq_0245,OXIDE ETCH
seq_0245,STRIP RESIST
seq_0245,CLEAN AFTER ETCH
seq_0245,MEASURE OPENING CD
seq_0245,IMPLANT WELL
seq_0245,DRIVE IN DIFFUSION
seq_0245,RAPID THERMAL ANNEAL
seq_0245,MEASURE JUNCTION DEPTH
seq_0245,THERMAL OXIDATION
seq_0245,GATE OXIDE PREP
seq_0245,GATE OXIDE GROWTH
seq_0245,MEASURE GATE OXIDE THICKNESS
seq_0245,DEPOSIT POLYSILICON
seq_0245,POLYSILICON ANNEAL
seq_0245,MEASURE POLY THICKNESS
seq_0245,SPIN COAT PHOTORESIST
seq_0245,SOFT BAKE
seq_0245,ALIGN MASK LEVEL 2
seq_0245,EXPOSE LITHO LEVEL 2
seq_0245,DEVELOP PHOTORESIST
seq_0245,POLY PATTERN INSPECTION
seq_0245,POLYSILICON ETCH
seq_0245,STRIP RESIST
seq_0245,CLEAN AFTER POLY ETCH
seq_0245,MEASURE GATE CD
seq_0245,IMPLANT SOURCE DRAIN
seq_0245,LIGHT ANNEAL
seq_0245,MEASURE SHEET RESISTANCE
seq_0245,DEPOSIT SPACER DIELECTRIC
seq_0245,ANISOTROPIC ETCH SPACER
seq_0245,IMPLANT LDD
seq_0245,RAPID THERMAL ANNEAL
seq_0245,MEASURE JUNCTION PROFILE
seq_0245,DEPOSIT INTERLAYER DIELECTRIC
seq_0245,DENSIFY DIELECTRIC
seq_0245,MEASURE FILM THICKNESS
seq_0245,CMP DIELECTRIC
seq_0245,MEASURE PLANARITY
seq_0245,SPIN COAT PHOTORESIST
seq_0245,SOFT BAKE
seq_0245,ALIGN MASK LEVEL 3
seq_0245,EXPOSE LITHO LEVEL 3
seq_0245,DEVELOP PHOTORESIST
seq_0245,VIA OPENING INSPECTION
seq_0245,VIA ETCH THROUGH DIELECTRIC
seq_0245,STRIP PHOTORESIST
seq_0245,CLEAN AFTER VIA ETCH
seq_0245,MEASURE VIA CD
seq_0245,DEPOSIT BARRIER METAL
seq_0245,DEPOSIT METAL SEED
seq_0245,FILL VIA METAL
seq_0245,CMP VIA FILL
seq_0245,MEASURE VIA RESISTANCE
seq_0245,DEPOSIT METAL 1
seq_0245,ANNEAL METAL 1
seq_0245,SPIN COAT PHOTORESIST
seq_0245,SOFT BAKE
seq_0245,ALIGN MASK LEVEL 4
seq_0245,EXPOSE LITHO LEVEL 4
seq_0245,POST EXPOSE BAKE
seq_0245,DEVELOP PHOTORESIST
seq_0245,METAL PATTERN INSPECTION
seq_0245,HARD BAKE
seq_0245,METAL ETCH
seq_0245,STRIP RESIST
seq_0245,CLEAN AFTER METAL ETCH
seq_0245,MEASURE LINE WIDTH
seq_0245,DEPOSIT PASSIVATION LAYER
seq_0245,CURE PASSIVATION
seq_0245,MEASURE PASSIVATION THICKNESS
seq_0245,OPEN PAD WINDOW
seq_0245,OPEN PAD WINDOW LITHO
seq_0245,DEVELOP PAD WINDOW
seq_0245,PASSIVATION ETCH PAD OPENING
seq_0245,STRIP RESIST
seq_0245,CLEAN PAD OPENING
seq_0245,MEASURE PAD OPENING
seq_0245,BACKSIDE CLEAN
seq_0245,BACKSIDE GRIND
seq_0245,MEASURE THICKNESS
seq_0245,BACKSIDE ETCH CLEAN
seq_0245,BACKSIDE RINSE
seq_0245,BACKSIDE DRY
seq_0245,BACKSIDE METALLIZATION PREP
seq_0245,DEPOSIT BACKSIDE METAL
seq_0245,BACKSIDE ANNEAL
seq_0245,MEASURE BACKSIDE CONTACT
seq_0245,FINAL CLEAN
seq_0245,FINAL THICKNESS MEASURE
seq_0245,FINAL PARTICLE INSPECTION
seq_0245,PARAMETRIC TEST
seq_0245,LEAKAGE TEST
seq_0245,THRESHOLD VOLTAGE TEST
seq_0245,SWITCHING TEST
seq_0245,WAFER SORT TEST
seq_0245,YIELD ANALYSIS
seq_0245,LOT RELEASE
seq_0245,SHIP LOT
seq_0246,RECEIVE WAFER LOT
seq_0246,LOT IDENTIFICATION
seq_0246,PRE CLEAN INSPECTION
seq_0246,MEASURE SURFACE PARTICLES
seq_0246,PRE CLEAN WAFER
seq_0246,BACKSIDE CLEAN
seq_0246,RCA CLEAN 1
seq_0246,RCA CLEAN 2
seq_0246,HF DIP
seq_0246,SUBSTRATE CHECK
seq_0246,EPITAXY PREP
seq_0246,EPITAXIAL DEPOSITION
seq_0246,MEASURE EPITAXY THICKNESS
seq_0246,MEASURE RESISTIVITY
seq_0246,EPITAXY ANNEAL
seq_0246,WAFER SURFACE CLEAN
seq_0246,THERMAL OXIDATION
seq_0246,MEASURE OXIDE THICKNESS
seq_0246,SPIN COAT PHOTORESIST
seq_0246,SOFT BAKE
seq_0246,ALIGN MASK LEVEL 1
seq_0246,EXPOSE LITHO LEVEL 1
seq_0246,DEVELOP PHOTORESIST
seq_0246,PATTERN INSPECTION LEVEL 1
seq_0246,HARD BAKE
seq_0246,OXIDE ETCH
seq_0246,STRIP PHOTORESIST
seq_0246,CLEAN AFTER ETCH
seq_0246,MEASURE OPENING CD
seq_0246,IMPLANT WELL
seq_0246,DRIVE IN DIFFUSION
seq_0246,RAPID THERMAL ANNEAL
seq_0246,MEASURE JUNCTION DEPTH
seq_0246,THERMAL OXIDATION
seq_0246,GATE OXIDE PREP
seq_0246,GATE OXIDE GROWTH
seq_0246,MEASURE GATE OXIDE THICKNESS
seq_0246,DEPOSIT POLYSILICON
seq_0246,POLYSILICON ANNEAL
seq_0246,MEASURE POLY THICKNESS
seq_0246,SPIN COAT PHOTORESIST
seq_0246,SOFT BAKE
seq_0246,ALIGN MASK LEVEL 2
seq_0246,EXPOSE LITHO LEVEL 2
seq_0246,DEVELOP PHOTORESIST
seq_0246,POLY PATTERN INSPECTION
seq_0246,POLYSILICON ETCH
seq_0246,STRIP PHOTORESIST
seq_0246,CLEAN AFTER POLY ETCH
seq_0246,MEASURE GATE CD
seq_0246,IMPLANT SOURCE DRAIN
seq_0246,PRE ANNEAL CHECK
seq_0246,LIGHT ANNEAL
seq_0246,MEASURE SHEET RESISTANCE
seq_0246,DEPOSIT SPACER DIELECTRIC
seq_0246,ANISOTROPIC ETCH SPACER
seq_0246,MEASURE SPACER WIDTH
seq_0246,IMPLANT LDD
seq_0246,RAPID THERMAL ANNEAL
seq_0246,MEASURE JUNCTION PROFILE
seq_0246,DEPOSIT INTERLAYER DIELECTRIC
seq_0246,DENSIFY OXIDE
seq_0246,MEASURE DIELECTRIC THICKNESS
seq_0246,CMP DIELECTRIC
seq_0246,MEASURE PLANARITY
seq_0246,SPIN COAT PHOTORESIST
seq_0246,SOFT BAKE
seq_0246,ALIGN MASK LEVEL 3
seq_0246,EXPOSE LITHO LEVEL 3
seq_0246,POST EXPOSE BAKE
seq_0246,DEVELOP PHOTORESIST
seq_0246,VIA OPENING INSPECTION
seq_0246,HARD BAKE
seq_0246,DIELECTRIC ETCH VIA
seq_0246,STRIP PHOTORESIST
seq_0246,CLEAN AFTER VIA ETCH
seq_0246,MEASURE VIA CD
seq_0246,DEPOSIT BARRIER METAL
seq_0246,DEPOSIT METAL SEED
seq_0246,FILL VIA METAL
seq_0246,CMP METAL
seq_0246,DEPOSIT METAL 1
seq_0246,ANNEAL METAL
seq_0246,SPIN COAT PHOTORESIST
seq_0246,SOFT BAKE
seq_0246,ALIGN MASK LEVEL 4
seq_0246,EXPOSE LITHO LEVEL 4
seq_0246,DEVELOP PHOTORESIST
seq_0246,METAL PATTERN INSPECTION
seq_0246,METAL ETCH
seq_0246,STRIP RESIST
seq_0246,CLEAN AFTER METAL ETCH
seq_0246,MEASURE LINE WIDTH
seq_0246,DEPOSIT PASSIVATION LAYER
seq_0246,CURE PASSIVATION
seq_0246,MEASURE PASSIVATION THICKNESS
seq_0246,OPEN PAD WINDOW
seq_0246,PAD WINDOW LITHO
seq_0246,DEVELOP PHOTORESIST
seq_0246,PASSIVATION ETCH
seq_0246,STRIP PHOTORESIST
seq_0246,CLEAN PAD OPENING
seq_0246,MEASURE PAD OPENING
seq_0246,BACKSIDE CLEAN
seq_0246,BACKSIDE GRIND
seq_0246,MEASURE THICKNESS
seq_0246,BACKSIDE ETCH CLEAN
seq_0246,BACKSIDE RINSE
seq_0246,BACKSIDE DRY
seq_0246,BACKSIDE METALLIZATION PREP
seq_0246,DEPOSIT BACKSIDE METAL
seq_0246,BACKSIDE ANNEAL
seq_0246,MEASURE BACKSIDE CONTACT
seq_0246,FINAL CLEAN
seq_0246,FINAL THICKNESS MEASURE
seq_0246,FINAL GEOMETRY CHECK
seq_0246,FINAL CD INSPECTION
seq_0246,FINAL PARTICLE INSPECTION
seq_0246,PARAMETRIC TEST
seq_0246,LEAKAGE TEST
seq_0246,THRESHOLD VOLTAGE TEST
seq_0246,SWITCHING TEST
seq_0246,WAFER SORT TEST
seq_0246,YIELD ANALYSIS
seq_0246,LOT RELEASE
seq_0246,SHIP LOT
seq_0247,RECEIVE WAFER LOT
seq_0247,LOT IDENTIFICATION
seq_0247,INITIAL WAFER INSPECTION
seq_0247,MEASURE THICKNESS
seq_0247,MEASURE SURFACE PARTICLES
seq_0247,PRE CLEAN WAFER
seq_0247,FRONTSIDE CLEAN
seq_0247,WET CLEAN RCA1
seq_0247,RCA CLEAN 2
seq_0247,HF DIP
seq_0247,SUBSTRATE CHECK
seq_0247,EPITAXY PREP
seq_0247,EPITAXIAL DEPOSITION
seq_0247,MEASURE EPITAXY THICKNESS
seq_0247,MEASURE RESISTIVITY
seq_0247,EPITAXY ANNEAL
seq_0247,WAFER SURFACE CLEAN
seq_0247,THERMAL OXIDATION
seq_0247,MEASURE OXIDE THICKNESS
seq_0247,SPIN COAT PHOTORESIST
seq_0247,SOFT BAKE
seq_0247,ALIGN MASK LEVEL 1
seq_0247,EXPOSE LITHO LEVEL 1
seq_0247,DEVELOP PHOTORESIST
seq_0247,PATTERN INSPECTION LEVEL 1
seq_0247,HARD BAKE
seq_0247,OXIDE ETCH
seq_0247,STRIP PHOTORESIST
seq_0247,CLEAN AFTER ETCH
seq_0247,MEASURE OPENING CD
seq_0247,IMPLANT WELL
seq_0247,DRIVE IN DIFFUSION
seq_0247,RAPID THERMAL ANNEAL
seq_0247,THERMAL OXIDATION
seq_0247,GATE OXIDE PREP
seq_0247,GATE OXIDE GROWTH
seq_0247,MEASURE GATE OXIDE THICKNESS
seq_0247,DEPOSIT POLYSILICON
seq_0247,POLYSILICON ANNEAL
seq_0247,MEASURE POLY THICKNESS
seq_0247,SPIN COAT PHOTORESIST
seq_0247,SOFT BAKE
seq_0247,ALIGN MASK LEVEL 2
seq_0247,EXPOSE LITHO LEVEL 2
seq_0247,DEVELOP PHOTORESIST
seq_0247,POLY PATTERN INSPECTION
seq_0247,POLYSILICON ETCH
seq_0247,STRIP RESIST
seq_0247,CLEAN AFTER POLY ETCH
seq_0247,IMPLANT SOURCE DRAIN
seq_0247,PRE ANNEAL CHECK
seq_0247,LIGHT ANNEAL
seq_0247,DEPOSIT SPACER DIELECTRIC
seq_0247,ANISOTROPIC ETCH SPACER
seq_0247,MEASURE SPACER WIDTH
seq_0247,IMPLANT LDD
seq_0247,PRE ANNEAL CHECK
seq_0247,RAPID THERMAL ANNEAL
seq_0247,MEASURE JUNCTION PROFILE
seq_0247,DEPOSIT INTERLEVEL DIELECTRIC
seq_0247,DENSIFY DIELECTRIC
seq_0247,MEASURE DIELECTRIC THICKNESS
seq_0247,CMP INTERLAYER DIELECTRIC
seq_0247,MEASURE SURFACE PLANARITY
seq_0247,SPIN COAT PHOTORESIST
seq_0247,SOFT BAKE
seq_0247,ALIGN MASK LEVEL 3
seq_0247,EXPOSE LITHO LEVEL 3
seq_0247,DEVELOP PHOTORESIST
seq_0247,VIA OPENING INSPECTION
seq_0247,HARD BAKE
seq_0247,DIELECTRIC ETCH VIA
seq_0247,STRIP RESIST
seq_0247,CLEAN AFTER VIA ETCH
seq_0247,MEASURE VIA CD
seq_0247,DEPOSIT BARRIER METAL
seq_0247,DEPOSIT METAL SEED
seq_0247,FILL VIA METAL
seq_0247,CMP VIA FILL
seq_0247,MEASURE VIA RESISTANCE
seq_0247,DEPOSIT TOP METAL
seq_0247,ANNEAL METAL
seq_0247,SPIN COAT PHOTORESIST
seq_0247,SOFT BAKE
seq_0247,ALIGN MASK LEVEL 4
seq_0247,EXPOSE LITHO LEVEL 4
seq_0247,DEVELOP PHOTORESIST
seq_0247,METAL PATTERN INSPECTION
seq_0247,METAL ETCH
seq_0247,STRIP RESIST
seq_0247,CLEAN AFTER METAL ETCH
seq_0247,MEASURE LINE WIDTH
seq_0247,DEPOSIT PASSIVATION LAYER
seq_0247,CURE PASSIVATION
seq_0247,MEASURE PASSIVATION THICKNESS
seq_0247,OPEN BOND PAD WINDOW
seq_0247,PAD WINDOW LITHO
seq_0247,DEVELOP PHOTORESIST
seq_0247,PASSIVATION ETCH PAD OPENING
seq_0247,STRIP RESIST
seq_0247,CLEAN PAD OPENING
seq_0247,MEASURE PAD OPENING
seq_0247,BACKSIDE CLEAN
seq_0247,BACKSIDE GRIND
seq_0247,MEASURE THICKNESS
seq_0247,BACKSIDE ETCH CLEAN
seq_0247,BACKSIDE RINSE
seq_0247,BACKSIDE DRY
seq_0247,BACKSIDE METALLIZATION PREP
seq_0247,DEPOSIT BACKSIDE METAL
seq_0247,BACKSIDE ANNEAL
seq_0247,MEASURE BACKSIDE CONTACT
seq_0247,FINAL CLEAN
seq_0247,FINAL THICKNESS MEASURE
seq_0247,FINAL GEOMETRY CHECK
seq_0247,FINAL PARTICLE INSPECTION
seq_0247,PARAMETRIC TEST
seq_0247,LEAKAGE TEST
seq_0247,THRESHOLD VOLTAGE TEST
seq_0247,SWITCHING TEST
seq_0247,WAFER SORT TEST
seq_0247,YIELD ANALYSIS
seq_0247,FINAL LOT RELEASE
seq_0247,SHIP LOT
seq_0248,RECEIVE WAFER LOT
seq_0248,LOT IDENTIFICATION
seq_0248,PRE CLEAN INSPECTION
seq_0248,MEASURE THICKNESS
seq_0248,MEASURE SURFACE PARTICLES
seq_0248,PRE CLEAN WAFER
seq_0248,BACKSIDE CLEAN
seq_0248,RCA CLEAN 1
seq_0248,RCA CLEAN 2
seq_0248,HF DIP
seq_0248,DRY WAFER
seq_0248,SUBSTRATE CHECK
seq_0248,EPITAXY PREP
seq_0248,EPITAXIAL DEPOSITION
seq_0248,MEASURE EPITAXY THICKNESS
seq_0248,MEASURE RESISTIVITY
seq_0248,EPITAXY ANNEAL
seq_0248,WAFER SURFACE CLEAN
seq_0248,THERMAL OXIDATION
seq_0248,MEASURE OXIDE THICKNESS
seq_0248,SPIN COAT PHOTORESIST
seq_0248,SOFT BAKE
seq_0248,ALIGN MASK LEVEL 1
seq_0248,EXPOSE LITHO LEVEL 1
seq_0248,DEVELOP PHOTORESIST
seq_0248,PATTERN INSPECTION LEVEL 1
seq_0248,OXIDE ETCH
seq_0248,STRIP PHOTORESIST
seq_0248,CLEAN AFTER ETCH
seq_0248,IMPLANT WELL
seq_0248,DRIVE IN DIFFUSION
seq_0248,RAPID THERMAL ANNEAL
seq_0248,MEASURE JUNCTION DEPTH
seq_0248,THERMAL OXIDATION
seq_0248,GATE OXIDE PREP
seq_0248,GATE OXIDE GROWTH
seq_0248,MEASURE GATE OXIDE THICKNESS
seq_0248,DEPOSIT POLYSILICON
seq_0248,POLYSILICON ANNEAL
seq_0248,MEASURE POLY THICKNESS
seq_0248,SPIN COAT PHOTORESIST
seq_0248,SOFT BAKE
seq_0248,ALIGN MASK LEVEL 2
seq_0248,EXPOSE LITHO LEVEL 2
seq_0248,POST EXPOSE BAKE
seq_0248,DEVELOP PHOTORESIST
seq_0248,POLY PATTERN INSPECTION
seq_0248,POLYSILICON ETCH
seq_0248,STRIP PHOTORESIST
seq_0248,CLEAN AFTER POLY ETCH
seq_0248,MEASURE GATE CD
seq_0248,IMPLANT SOURCE DRAIN
seq_0248,PRE ANNEAL CHECK
seq_0248,LIGHT ANNEAL
seq_0248,MEASURE SHEET RESISTANCE
seq_0248,DEPOSIT SPACER DIELECTRIC
seq_0248,ANISOTROPIC ETCH SPACER
seq_0248,MEASURE SPACER WIDTH
seq_0248,IMPLANT LDD
seq_0248,PRE ANNEAL CHECK
seq_0248,RAPID THERMAL ANNEAL
seq_0248,MEASURE JUNCTION PROFILE
seq_0248,DEPOSIT INTERLEVEL DIELECTRIC
seq_0248,DENSIFY OXIDE
seq_0248,MEASURE FILM THICKNESS
seq_0248,CMP DIELECTRIC
seq_0248,MEASURE SURFACE PLANARITY
seq_0248,SPIN COAT PHOTORESIST
seq_0248,SOFT BAKE
seq_0248,ALIGN MASK LEVEL 3
seq_0248,EXPOSE LITHO LEVEL 3
seq_0248,POST EXPOSE BAKE
seq_0248,DEVELOP PHOTORESIST
seq_0248,VIA INSPECTION
seq_0248,VIA ETCH
seq_0248,STRIP RESIST
seq_0248,CLEAN AFTER VIA ETCH
seq_0248,DEPOSIT BARRIER METAL
seq_0248,DEPOSIT METAL SEED
seq_0248,FILL VIA METAL
seq_0248,CMP VIA FILL
seq_0248,MEASURE CONTACT RESISTANCE
seq_0248,DEPOSIT TOP METAL
seq_0248,ANNEAL METAL
seq_0248,SPIN COAT PHOTORESIST
seq_0248,SOFT BAKE
seq_0248,ALIGN MASK LEVEL 4
seq_0248,EXPOSE LITHO LEVEL 4
seq_0248,DEVELOP PHOTORESIST
seq_0248,METAL PATTERN INSPECTION
seq_0248,HARD BAKE
seq_0248,METAL ETCH
seq_0248,STRIP RESIST
seq_0248,CLEAN AFTER METAL ETCH
seq_0248,MEASURE LINE WIDTH
seq_0248,DEPOSIT PASSIVATION
seq_0248,CURE PASSIVATION
seq_0248,MEASURE PASSIVATION QUALITY
seq_0248,OPEN BOND PAD WINDOW
seq_0248,PAD WINDOW LITHO
seq_0248,DEVELOP PHOTORESIST
seq_0248,PASSIVATION ETCH PAD OPENING
seq_0248,STRIP RESIST
seq_0248,CLEAN PAD OPENING
seq_0248,MEASURE PAD OPENING
seq_0248,BACKSIDE CLEAN
seq_0248,BACKSIDE GRIND
seq_0248,MEASURE THICKNESS
seq_0248,BACKSIDE ETCH CLEAN
seq_0248,BACKSIDE RINSE
seq_0248,BACKSIDE DRY
seq_0248,BACKSIDE METALLIZATION PREP
seq_0248,DEPOSIT BACKSIDE METAL
seq_0248,BACKSIDE ANNEAL
seq_0248,MEASURE BACKSIDE CONTACT
seq_0248,FINAL CLEAN
seq_0248,FINAL THICKNESS MEASURE
seq_0248,FINAL GEOMETRY CHECK
seq_0248,FINAL PARTICLE INSPECTION
seq_0248,PARAMETRIC TEST
seq_0248,LEAKAGE TEST
seq_0248,THRESHOLD VOLTAGE TEST
seq_0248,SWITCHING TEST
seq_0248,WAFER SORT TEST
seq_0248,YIELD ANALYSIS
seq_0248,LOT RELEASE
seq_0248,SHIP LOT
seq_0249,RECEIVE WAFER LOT
seq_0249,LOT IDENTIFICATION
seq_0249,INITIAL WAFER INSPECTION
seq_0249,MEASURE THICKNESS
seq_0249,MEASURE SURFACE PARTICLES
seq_0249,PRE CLEAN WAFER
seq_0249,FRONTSIDE CLEAN
seq_0249,WET CLEAN RCA1
seq_0249,RCA CLEAN 2
seq_0249,HF DIP
seq_0249,SUBSTRATE CHECK
seq_0249,EPITAXY PREP
seq_0249,EPITAXIAL DEPOSITION
seq_0249,MEASURE EPITAXY THICKNESS
seq_0249,MEASURE RESISTIVITY
seq_0249,EPITAXY ANNEAL
seq_0249,WAFER SURFACE CLEAN
seq_0249,THERMAL OXIDATION
seq_0249,MEASURE OXIDE THICKNESS
seq_0249,SPIN COAT PHOTORESIST
seq_0249,SOFT BAKE
seq_0249,ALIGN MASK LEVEL 1
seq_0249,EXPOSE LITHO LEVEL 1
seq_0249,DEVELOP PHOTORESIST
seq_0249,PATTERN INSPECTION LEVEL 1
seq_0249,OXIDE ETCH
seq_0249,STRIP PHOTORESIST
seq_0249,CLEAN AFTER ETCH
seq_0249,MEASURE OPENING CD
seq_0249,IMPLANT WELL
seq_0249,PRE ANNEAL CHECK
seq_0249,DRIVE IN DIFFUSION
seq_0249,RAPID THERMAL ANNEAL
seq_0249,MEASURE JUNCTION DEPTH
seq_0249,THERMAL OXIDATION
seq_0249,GATE OXIDE PREP
seq_0249,GATE OXIDE GROWTH
seq_0249,MEASURE GATE OXIDE THICKNESS
seq_0249,DEPOSIT POLYSILICON
seq_0249,POLYSILICON ANNEAL
seq_0249,SPIN COAT PHOTORESIST
seq_0249,SOFT BAKE
seq_0249,ALIGN MASK LEVEL 2
seq_0249,EXPOSE LITHO LEVEL 2
seq_0249,DEVELOP PHOTORESIST
seq_0249,POLY PATTERN INSPECTION
seq_0249,POLYSILICON ETCH
seq_0249,STRIP PHOTORESIST
seq_0249,CLEAN AFTER POLY ETCH
seq_0249,MEASURE GATE CD
seq_0249,IMPLANT SOURCE DRAIN
seq_0249,LIGHT ANNEAL
seq_0249,MEASURE SHEET RESISTANCE
seq_0249,DEPOSIT SPACER DIELECTRIC
seq_0249,ANISOTROPIC ETCH SPACER
seq_0249,MEASURE SPACER WIDTH
seq_0249,IMPLANT LDD
seq_0249,PRE ANNEAL CHECK
seq_0249,RAPID THERMAL ANNEAL
seq_0249,DEPOSIT INTERLEVEL DIELECTRIC
seq_0249,DENSIFY OXIDE
seq_0249,MEASURE FILM THICKNESS
seq_0249,CMP DIELECTRIC
seq_0249,MEASURE SURFACE PLANARITY
seq_0249,SPIN COAT PHOTORESIST
seq_0249,SOFT BAKE
seq_0249,ALIGN MASK LEVEL 3
seq_0249,EXPOSE LITHO LEVEL 3
seq_0249,POST EXPOSE BAKE
seq_0249,DEVELOP PHOTORESIST
seq_0249,VIA OPENING INSPECTION
seq_0249,HARD BAKE
seq_0249,VIA ETCH THROUGH DIELECTRIC
seq_0249,STRIP RESIST
seq_0249,CLEAN AFTER VIA ETCH
seq_0249,MEASURE VIA CD
seq_0249,DEPOSIT BARRIER METAL
seq_0249,DEPOSIT METAL SEED
seq_0249,FILL VIA METAL
seq_0249,CMP METAL
seq_0249,MEASURE VIA RESISTANCE
seq_0249,DEPOSIT TOP METAL
seq_0249,ANNEAL METAL 1
seq_0249,SPIN COAT PHOTORESIST
seq_0249,SOFT BAKE
seq_0249,ALIGN MASK LEVEL 4
seq_0249,EXPOSE LITHO LEVEL 4
seq_0249,POST EXPOSE BAKE
seq_0249,DEVELOP PHOTORESIST
seq_0249,METAL PATTERN INSPECTION
seq_0249,METAL ETCH
seq_0249,STRIP PHOTORESIST
seq_0249,CLEAN AFTER METAL ETCH
seq_0249,DEPOSIT PASSIVATION LAYER
seq_0249,CURE PASSIVATION
seq_0249,MEASURE PASSIVATION QUALITY
seq_0249,OPEN PAD WINDOW
seq_0249,PAD WINDOW LITHO
seq_0249,DEVELOP PAD WINDOW
seq_0249,PASSIVATION ETCH PAD OPENING
seq_0249,STRIP PHOTORESIST
seq_0249,CLEAN PAD OPENING
seq_0249,MEASURE PAD OPENING
seq_0249,BACKSIDE CLEAN
seq_0249,BACKSIDE GRIND
seq_0249,MEASURE THICKNESS
seq_0249,BACKSIDE ETCH CLEAN
seq_0249,BACKSIDE RINSE
seq_0249,BACKSIDE DRY
seq_0249,BACKSIDE METALLIZATION PREP
seq_0249,DEPOSIT BACKSIDE METAL
seq_0249,BACKSIDE ANNEAL
seq_0249,MEASURE BACKSIDE CONTACT
seq_0249,FINAL CLEAN
seq_0249,FINAL THICKNESS MEASURE
seq_0249,FINAL CD INSPECTION
seq_0249,ELECTRICAL PARAMETRIC TEST
seq_0249,LEAKAGE TEST
seq_0249,THRESHOLD VOLTAGE TEST
seq_0249,SWITCHING TEST
seq_0249,WAFER SORT TEST
seq_0249,YIELD ANALYSIS
seq_0249,FINAL LOT RELEASE
seq_0249,SHIP LOT
seq_0250,RECEIVE WAFER LOT
seq_0250,LOT IDENTIFICATION
seq_0250,INITIAL WAFER INSPECTION
seq_0250,MEASURE THICKNESS
seq_0250,PRE CLEAN WAFER
seq_0250,BACKSIDE CLEAN
seq_0250,FRONTSIDE CLEAN
seq_0250,WET CLEAN RCA1
seq_0250,WET CLEAN RCA2
seq_0250,HF DIP
seq_0250,DRY WAFER
seq_0250,SUBSTRATE CHECK
seq_0250,EPITAXY PREP
seq_0250,EPITAXIAL DEPOSITION
seq_0250,MEASURE EPITAXY THICKNESS
seq_0250,MEASURE RESISTIVITY
seq_0250,EPITAXY ANNEAL
seq_0250,WAFER SURFACE CLEAN
seq_0250,THERMAL OXIDATION
seq_0250,MEASURE OXIDE THICKNESS
seq_0250,SPIN COAT PHOTORESIST
seq_0250,SOFT BAKE
seq_0250,ALIGN MASK LEVEL 1
seq_0250,EXPOSE LITHO LEVEL 1
seq_0250,DEVELOP PHOTORESIST
seq_0250,PATTERN INSPECTION LEVEL 1
seq_0250,OXIDE ETCH
seq_0250,STRIP RESIST
seq_0250,CLEAN AFTER ETCH
seq_0250,MEASURE OPENING CD
seq_0250,IMPLANT WELL
seq_0250,DRIVE IN DIFFUSION
seq_0250,RAPID THERMAL ANNEAL
seq_0250,MEASURE JUNCTION DEPTH
seq_0250,THERMAL OXIDATION
seq_0250,GATE OXIDE PREP
seq_0250,GATE OXIDE GROWTH
seq_0250,MEASURE GATE OXIDE THICKNESS
seq_0250,DEPOSIT POLYSILICON
seq_0250,POLYSILICON ANNEAL
seq_0250,SPIN COAT PHOTORESIST
seq_0250,SOFT BAKE
seq_0250,ALIGN MASK LEVEL 2
seq_0250,EXPOSE LITHO LEVEL 2
seq_0250,POST EXPOSE BAKE
seq_0250,DEVELOP PHOTORESIST
seq_0250,POLY PATTERN INSPECTION
seq_0250,POLYSILICON ETCH
seq_0250,STRIP PHOTORESIST
seq_0250,CLEAN AFTER POLY ETCH
seq_0250,MEASURE GATE CD
seq_0250,IMPLANT SOURCE DRAIN
seq_0250,LIGHT ANNEAL
seq_0250,DEPOSIT SPACER DIELECTRIC
seq_0250,ANISOTROPIC ETCH SPACER
seq_0250,IMPLANT LDD
seq_0250,PRE ANNEAL CHECK
seq_0250,RAPID THERMAL ANNEAL
seq_0250,MEASURE JUNCTION PROFILE
seq_0250,DEPOSIT INTERLAYER DIELECTRIC
seq_0250,DENSIFY DIELECTRIC
seq_0250,MEASURE DIELECTRIC THICKNESS
seq_0250,CMP INTERLAYER DIELECTRIC
seq_0250,MEASURE SURFACE PLANARITY
seq_0250,SPIN COAT PHOTORESIST
seq_0250,SOFT BAKE
seq_0250,ALIGN MASK LEVEL 3
seq_0250,EXPOSE LITHO LEVEL 3
seq_0250,POST EXPOSE BAKE
seq_0250,DEVELOP PHOTORESIST
seq_0250,VIA INSPECTION
seq_0250,DIELECTRIC ETCH VIA
seq_0250,STRIP RESIST
seq_0250,CLEAN AFTER VIA ETCH
seq_0250,DEPOSIT BARRIER METAL
seq_0250,DEPOSIT METAL SEED
seq_0250,FILL VIA METAL
seq_0250,CMP METAL
seq_0250,MEASURE VIA RESISTANCE
seq_0250,DEPOSIT METAL 1
seq_0250,ANNEAL METAL 1
seq_0250,MEASURE METAL THICKNESS
seq_0250,SPIN COAT PHOTORESIST
seq_0250,SOFT BAKE
seq_0250,ALIGN MASK LEVEL 4
seq_0250,EXPOSE LITHO LEVEL 4
seq_0250,DEVELOP PHOTORESIST
seq_0250,METAL PATTERN INSPECTION
seq_0250,METAL ETCH
seq_0250,STRIP PHOTORESIST
seq_0250,CLEAN AFTER METAL ETCH
seq_0250,DEPOSIT PASSIVATION LAYER
seq_0250,CURE PASSIVATION
seq_0250,MEASURE PASSIVATION QUALITY
seq_0250,OPEN BOND PAD WINDOW
seq_0250,PAD WINDOW LITHO
seq_0250,DEVELOP PAD WINDOW
seq_0250,PASSIVATION ETCH
seq_0250,STRIP PHOTORESIST
seq_0250,CLEAN PAD OPENING
seq_0250,MEASURE PAD OPENING
seq_0250,BACKSIDE CLEAN
seq_0250,BACKSIDE GRIND
seq_0250,MEASURE WAFER THICKNESS
seq_0250,BACKSIDE ETCH CLEAN
seq_0250,BACKSIDE RINSE
seq_0250,BACKSIDE DRY
seq_0250,BACKSIDE METALLIZATION PREP
seq_0250,DEPOSIT BACKSIDE METAL
seq_0250,BACKSIDE ANNEAL
seq_0250,MEASURE BACKSIDE CONTACT
seq_0250,FINAL CLEAN
seq_0250,FINAL THICKNESS MEASURE
seq_0250,FINAL GEOMETRY CHECK
seq_0250,FINAL PARTICLE INSPECTION
seq_0250,PARAMETRIC TEST
seq_0250,LEAKAGE TEST
seq_0250,THRESHOLD VOLTAGE TEST
seq_0250,SWITCHING TEST
seq_0250,WAFER SORT TEST
seq_0250,YIELD ANALYSIS
seq_0250,LOT RELEASE
seq_0250,SHIP LOT
