SEQUENCE_ID,RANK,STEP
dev_mosfet_seq_0303_t60,1,DEPOSIT BARRIER METAL
dev_mosfet_seq_0303_t60,2,MEASURE EPITAXY THICKNESS
dev_mosfet_seq_0303_t60,3,MEASURE VIA CD
dev_mosfet_seq_0303_t60,4,BACKSIDE METALLIZATION PREP
dev_mosfet_seq_0303_t60,5,HARD BAKE
dev_mosfet_seq_0303_t80,1,STRIP PHOTORESIST
dev_mosfet_seq_0303_t80,2,STRIP RESIST
dev_mosfet_seq_0303_t80,3,PAD WINDOW LITHO
dev_mosfet_seq_0303_t80,4,METAL ETCH
dev_mosfet_seq_0303_t80,5,POST EXPOSE BAKE
dev_mosfet_seq_0222_t60,1,CLEAN AFTER VIA ETCH
dev_mosfet_seq_0222_t60,2,CLEAN AFTER POLY ETCH
dev_mosfet_seq_0222_t60,3,CLEAN AFTER METAL ETCH
dev_mosfet_seq_0222_t60,4,CLEAN AFTER FIELD ETCH
dev_mosfet_seq_0222_t60,5,CLEAN PAD OPENING
dev_mosfet_seq_0222_t80,1,PASSIVATION ETCH PAD OPENING
dev_mosfet_seq_0222_t80,2,PASSIVATION ETCH
dev_mosfet_seq_0222_t80,3,DEVELOP PAD WINDOW
dev_mosfet_seq_0222_t80,4,FRONTSIDE CLEAN FINAL
dev_mosfet_seq_0222_t80,5,FINAL CLEAN
dev_mosfet_seq_0842_t60,1,CLEAN AFTER VIA ETCH
dev_mosfet_seq_0842_t60,2,CLEAN AFTER POLY ETCH
dev_mosfet_seq_0842_t60,3,CLEAN AFTER METAL ETCH
dev_mosfet_seq_0842_t60,4,EXPOSE LITHO LEVEL 2
dev_mosfet_seq_0842_t60,5,CLEAN PAD OPENING
dev_mosfet_seq_0842_t80,1,STRIP PHOTORESIST
dev_mosfet_seq_0842_t80,2,STRIP RESIST
dev_mosfet_seq_0842_t80,3,DEPOSIT TOP METAL
dev_mosfet_seq_0842_t80,4,MEASURE WINDOW CD
dev_mosfet_seq_0842_t80,5,METAL ETCH
dev_mosfet_seq_0087_t60,1,CLEAN AFTER VIA ETCH
dev_mosfet_seq_0087_t60,2,CLEAN AFTER POLY ETCH
dev_mosfet_seq_0087_t60,3,CLEAN AFTER METAL ETCH
dev_mosfet_seq_0087_t60,4,CLEAN PAD OPENING
dev_mosfet_seq_0087_t60,5,EXPOSE LITHO LEVEL 2
dev_mosfet_seq_0087_t80,1,PASSIVATION ETCH PAD OPENING
dev_mosfet_seq_0087_t80,2,PASSIVATION ETCH
dev_mosfet_seq_0087_t80,3,SWITCHING TEST
dev_mosfet_seq_0087_t80,4,SPIN COAT PHOTORESIST
dev_mosfet_seq_0087_t80,5,FINAL CLEAN
dev_mosfet_seq_0451_t60,1,MEASURE VIA CD
dev_mosfet_seq_0451_t60,2,DEPOSIT BARRIER METAL
dev_mosfet_seq_0451_t60,3,MEASURE EPITAXY THICKNESS
dev_mosfet_seq_0451_t60,4,EXPOSE LITHO LEVEL 4
dev_mosfet_seq_0451_t60,5,MEASURE CONTACT RESISTANCE
dev_mosfet_seq_0451_t80,1,PASSIVATION ETCH PAD OPENING
dev_mosfet_seq_0451_t80,2,PASSIVATION ETCH
dev_mosfet_seq_0451_t80,3,DEVELOP PAD WINDOW
dev_mosfet_seq_0451_t80,4,FINAL CLEAN
dev_mosfet_seq_0451_t80,5,FILL VIA METAL
dev_mosfet_seq_0796_t60,1,DEPOSIT BARRIER METAL
dev_mosfet_seq_0796_t60,2,HARD BAKE
dev_mosfet_seq_0796_t60,3,MEASURE VIA CD
dev_mosfet_seq_0796_t60,4,DEPOSIT BACKSIDE METAL
dev_mosfet_seq_0796_t60,5,BACKSIDE METALLIZATION PREP
dev_mosfet_seq_0796_t80,1,PASSIVATION ETCH PAD OPENING
dev_mosfet_seq_0796_t80,2,PASSIVATION ETCH
dev_mosfet_seq_0796_t80,3,DEVELOP PAD WINDOW
dev_mosfet_seq_0796_t80,4,FINAL CLEAN
dev_mosfet_seq_0796_t80,5,FRONTSIDE CLEAN FINAL
dev_mosfet_seq_0610_t60,1,MEASURE VIA CD
dev_mosfet_seq_0610_t60,2,DEPOSIT BARRIER METAL
dev_mosfet_seq_0610_t60,3,MEASURE EPITAXY THICKNESS
dev_mosfet_seq_0610_t60,4,EXPOSE LITHO LEVEL 4
dev_mosfet_seq_0610_t60,5,MEASURE CONTACT RESISTANCE
dev_mosfet_seq_0610_t80,1,PASSIVATION ETCH PAD OPENING
dev_mosfet_seq_0610_t80,2,PASSIVATION ETCH
dev_mosfet_seq_0610_t80,3,DEVELOP PAD WINDOW
dev_mosfet_seq_0610_t80,4,FINAL CLEAN
dev_mosfet_seq_0610_t80,5,FRONTSIDE CLEAN FINAL
dev_mosfet_seq_0073_t60,1,CLEAN AFTER VIA ETCH
dev_mosfet_seq_0073_t60,2,CLEAN AFTER POLY ETCH
dev_mosfet_seq_0073_t60,3,CLEAN AFTER METAL ETCH
dev_mosfet_seq_0073_t60,4,EXPOSE LITHO LEVEL 2
dev_mosfet_seq_0073_t60,5,CLEAN PAD OPENING
dev_mosfet_seq_0073_t80,1,STRIP RESIST
dev_mosfet_seq_0073_t80,2,STRIP PHOTORESIST
dev_mosfet_seq_0073_t80,3,DEPOSIT METAL 1
dev_mosfet_seq_0073_t80,4,DEPOSIT TOP METAL
dev_mosfet_seq_0073_t80,5,FINAL CLEAN
dev_mosfet_seq_0250_t60,1,DEPOSIT BARRIER METAL
dev_mosfet_seq_0250_t60,2,MEASURE VIA CD
dev_mosfet_seq_0250_t60,3,MEASURE WINDOW CD
dev_mosfet_seq_0250_t60,4,BACKSIDE ANNEAL
dev_mosfet_seq_0250_t60,5,ANNEAL DIELECTRIC
dev_mosfet_seq_0250_t80,1,STRIP PHOTORESIST
dev_mosfet_seq_0250_t80,2,STRIP RESIST
dev_mosfet_seq_0250_t80,3,LOT RELEASE
dev_mosfet_seq_0250_t80,4,ALIGN MASK LEVEL 4
dev_mosfet_seq_0250_t80,5,FINAL CLEAN
dev_mosfet_seq_0433_t60,1,STRIP PHOTORESIST
dev_mosfet_seq_0433_t60,2,STRIP RESIST
dev_mosfet_seq_0433_t60,3,DEPOSIT TOP METAL
dev_mosfet_seq_0433_t60,4,DEPOSIT METAL 1
dev_mosfet_seq_0433_t60,5,VIA ETCH THROUGH DIELECTRIC
dev_mosfet_seq_0433_t80,1,STRIP PHOTORESIST
dev_mosfet_seq_0433_t80,2,STRIP RESIST
dev_mosfet_seq_0433_t80,3,MEASURE CONTACT RESISTANCE
dev_mosfet_seq_0433_t80,4,LOT RELEASE
dev_mosfet_seq_0433_t80,5,ANNEAL OXIDE
dev_mosfet_seq_0440_t60,1,MEASURE VIA CD
dev_mosfet_seq_0440_t60,2,DEPOSIT BARRIER METAL
dev_mosfet_seq_0440_t60,3,MEASURE EPITAXY THICKNESS
dev_mosfet_seq_0440_t60,4,MEASURE SPACER WIDTH
dev_mosfet_seq_0440_t60,5,CLEAN AFTER VIA ETCH
dev_mosfet_seq_0440_t80,1,CLEAN PAD OPENING
dev_mosfet_seq_0440_t80,2,CLEAN AFTER VIA ETCH
dev_mosfet_seq_0440_t80,3,CLEAN AFTER METAL ETCH
dev_mosfet_seq_0440_t80,4,FINAL CLEAN
dev_mosfet_seq_0440_t80,5,BACKSIDE CLEAN
dev_mosfet_seq_0053_t60,1,DEPOSIT BARRIER METAL
dev_mosfet_seq_0053_t60,2,MEASURE VIA CD
dev_mosfet_seq_0053_t60,3,HARD BAKE
dev_mosfet_seq_0053_t60,4,DEPOSIT BACKSIDE METAL
dev_mosfet_seq_0053_t60,5,BACKSIDE METALLIZATION PREP
dev_mosfet_seq_0053_t80,1,STRIP PHOTORESIST
dev_mosfet_seq_0053_t80,2,STRIP RESIST
dev_mosfet_seq_0053_t80,3,MEASURE WINDOW CD
dev_mosfet_seq_0053_t80,4,MEASURE INITIAL GEOMETRY
dev_mosfet_seq_0053_t80,5,DEPOSIT TOP METAL
dev_mosfet_seq_0300_t60,1,DEPOSIT METAL SEED
dev_mosfet_seq_0300_t60,2,OXIDE STRIP
dev_mosfet_seq_0300_t60,3,DEPOSIT TUNGSTEN SEED
dev_mosfet_seq_0300_t60,4,POLY PATTERN INSPECTION
dev_mosfet_seq_0300_t60,5,HARD BAKE
dev_mosfet_seq_0300_t80,1,CLEAN PAD OPENING
dev_mosfet_seq_0300_t80,2,CLEAN AFTER VIA ETCH
dev_mosfet_seq_0300_t80,3,CLEAN AFTER METAL ETCH
dev_mosfet_seq_0300_t80,4,FINAL CLEAN
dev_mosfet_seq_0300_t80,5,CLEAN AFTER ETCH
dev_mosfet_seq_0761_t60,1,MEASURE VIA CD
dev_mosfet_seq_0761_t60,2,DEPOSIT BARRIER METAL
dev_mosfet_seq_0761_t60,3,MEASURE EPITAXY THICKNESS
dev_mosfet_seq_0761_t60,4,DEPOSIT BACKSIDE METAL
dev_mosfet_seq_0761_t60,5,BACKSIDE METALLIZATION PREP
dev_mosfet_seq_0761_t80,1,DEVELOP PAD WINDOW
dev_mosfet_seq_0761_t80,2,DEVELOP PHOTORESIST
dev_mosfet_seq_0761_t80,3,POST EXPOSE BAKE
dev_mosfet_seq_0761_t80,4,SHIP LOT
dev_mosfet_seq_0761_t80,5,MEASURE FILM THICKNESS
dev_mosfet_seq_0958_t60,1,DEPOSIT BARRIER METAL
dev_mosfet_seq_0958_t60,2,MEASURE WINDOW CD
dev_mosfet_seq_0958_t60,3,MEASURE VIA CD
dev_mosfet_seq_0958_t60,4,BACKSIDE ANNEAL
dev_mosfet_seq_0958_t60,5,ANNEAL DIELECTRIC
dev_mosfet_seq_0958_t80,1,CLEAN PAD OPENING
dev_mosfet_seq_0958_t80,2,CLEAN AFTER VIA ETCH
dev_mosfet_seq_0958_t80,3,CLEAN AFTER METAL ETCH
dev_mosfet_seq_0958_t80,4,FINAL CLEAN
dev_mosfet_seq_0958_t80,5,CLEAN AFTER ETCH
dev_mosfet_seq_0264_t60,1,STRIP PHOTORESIST
dev_mosfet_seq_0264_t60,2,STRIP RESIST
dev_mosfet_seq_0264_t60,3,THERMAL OXIDATION
dev_mosfet_seq_0264_t60,4,HARD BAKE
dev_mosfet_seq_0264_t60,5,VIA ETCH THROUGH DIELECTRIC
dev_mosfet_seq_0264_t80,1,DEVELOP PAD WINDOW
dev_mosfet_seq_0264_t80,2,DEVELOP PHOTORESIST
dev_mosfet_seq_0264_t80,3,POST EXPOSE BAKE
dev_mosfet_seq_0264_t80,4,OPEN PAD WINDOW LITHO
dev_mosfet_seq_0264_t80,5,PASSIVATION ETCH PAD OPENING
dev_mosfet_seq_0086_t60,1,MEASURE VIA CD
dev_mosfet_seq_0086_t60,2,DEPOSIT BARRIER METAL
dev_mosfet_seq_0086_t60,3,MEASURE EPITAXY THICKNESS
dev_mosfet_seq_0086_t60,4,MEASURE SPACER WIDTH
dev_mosfet_seq_0086_t60,5,CLEAN AFTER VIA ETCH
dev_mosfet_seq_0086_t80,1,STRIP PHOTORESIST
dev_mosfet_seq_0086_t80,2,STRIP RESIST
dev_mosfet_seq_0086_t80,3,MEASURE INITIAL GEOMETRY
dev_mosfet_seq_0086_t80,4,DEVELOP PHOTORESIST
dev_mosfet_seq_0086_t80,5,SHIP LOT
dev_mosfet_seq_0358_t60,1,CLEAN AFTER VIA ETCH
dev_mosfet_seq_0358_t60,2,CLEAN AFTER POLY ETCH
dev_mosfet_seq_0358_t60,3,CLEAN AFTER METAL ETCH
dev_mosfet_seq_0358_t60,4,CLEAN AFTER FIELD ETCH
dev_mosfet_seq_0358_t60,5,OXIDE STRIP
dev_mosfet_seq_0358_t80,1,CLEAN PAD OPENING
dev_mosfet_seq_0358_t80,2,CLEAN AFTER VIA ETCH
dev_mosfet_seq_0358_t80,3,CLEAN AFTER METAL ETCH
dev_mosfet_seq_0358_t80,4,FINAL CLEAN
dev_mosfet_seq_0358_t80,5,BACKSIDE CLEAN
dev_mosfet_seq_0526_t60,1,CLEAN AFTER VIA ETCH
dev_mosfet_seq_0526_t60,2,CLEAN AFTER POLY ETCH
dev_mosfet_seq_0526_t60,3,CLEAN AFTER METAL ETCH
dev_mosfet_seq_0526_t60,4,CLEAN AFTER FIELD ETCH
dev_mosfet_seq_0526_t60,5,OXIDE STRIP
dev_mosfet_seq_0526_t80,1,PASSIVATION ETCH PAD OPENING
dev_mosfet_seq_0526_t80,2,PASSIVATION ETCH
dev_mosfet_seq_0526_t80,3,DEVELOP PAD WINDOW
dev_mosfet_seq_0526_t80,4,FINAL CLEAN
dev_mosfet_seq_0526_t80,5,FRONTSIDE CLEAN FINAL
dev_mosfet_seq_0244_t60,1,MEASURE VIA CD
dev_mosfet_seq_0244_t60,2,DEPOSIT BARRIER METAL
dev_mosfet_seq_0244_t60,3,MEASURE SPACER WIDTH
dev_mosfet_seq_0244_t60,4,MEASURE CONTACT RESISTANCE
dev_mosfet_seq_0244_t60,5,MEASURE FILM THICKNESS
dev_mosfet_seq_0244_t80,1,PASSIVATION ETCH PAD OPENING
dev_mosfet_seq_0244_t80,2,PASSIVATION ETCH
dev_mosfet_seq_0244_t80,3,DEVELOP PAD WINDOW
dev_mosfet_seq_0244_t80,4,FILL VIA METAL
dev_mosfet_seq_0244_t80,5,FINAL CLEAN
dev_mosfet_seq_0882_t60,1,MEASURE VIA CD
dev_mosfet_seq_0882_t60,2,DEPOSIT BARRIER METAL
dev_mosfet_seq_0882_t60,3,MEASURE EPITAXY THICKNESS
dev_mosfet_seq_0882_t60,4,MEASURE SPACER WIDTH
dev_mosfet_seq_0882_t60,5,CLEAN AFTER VIA ETCH
dev_mosfet_seq_0882_t80,1,STRIP PHOTORESIST
dev_mosfet_seq_0882_t80,2,STRIP RESIST
dev_mosfet_seq_0882_t80,3,DEVELOP PHOTORESIST
dev_mosfet_seq_0882_t80,4,MEASURE INITIAL GEOMETRY
dev_mosfet_seq_0882_t80,5,POST EXPOSE BAKE
dev_mosfet_seq_0217_t60,1,FILL VIA METAL
dev_mosfet_seq_0217_t60,2,STRIP PHOTORESIST
dev_mosfet_seq_0217_t60,3,DEVELOP PHOTORESIST
dev_mosfet_seq_0217_t60,4,STRIP RESIST
dev_mosfet_seq_0217_t60,5,HARD BAKE
dev_mosfet_seq_0217_t80,1,CLEAN PAD OPENING
dev_mosfet_seq_0217_t80,2,CLEAN AFTER VIA ETCH
dev_mosfet_seq_0217_t80,3,CLEAN AFTER METAL ETCH
dev_mosfet_seq_0217_t80,4,PASSIVATION ETCH
dev_mosfet_seq_0217_t80,5,CLEAN AFTER ETCH
dev_mosfet_seq_0858_t60,1,CLEAN AFTER VIA ETCH
dev_mosfet_seq_0858_t60,2,CLEAN AFTER POLY ETCH
dev_mosfet_seq_0858_t60,3,CLEAN AFTER METAL ETCH
dev_mosfet_seq_0858_t60,4,CLEAN AFTER ETCH
dev_mosfet_seq_0858_t60,5,CLEAN PAD OPENING
dev_mosfet_seq_0858_t80,1,STRIP PHOTORESIST
dev_mosfet_seq_0858_t80,2,STRIP RESIST
dev_mosfet_seq_0858_t80,3,DEPOSIT METAL 1
dev_mosfet_seq_0858_t80,4,MEASURE CONTACT RESISTANCE
dev_mosfet_seq_0858_t80,5,FINAL CLEAN
dev_mosfet_seq_0475_t60,1,CLEAN AFTER VIA ETCH
dev_mosfet_seq_0475_t60,2,CLEAN AFTER POLY ETCH
dev_mosfet_seq_0475_t60,3,CLEAN AFTER METAL ETCH
dev_mosfet_seq_0475_t60,4,EXPOSE LITHO LEVEL 2
dev_mosfet_seq_0475_t60,5,CLEAN PAD OPENING
dev_mosfet_seq_0475_t80,1,DEVELOP PAD WINDOW
dev_mosfet_seq_0475_t80,2,DEVELOP PHOTORESIST
dev_mosfet_seq_0475_t80,3,POST EXPOSE BAKE
dev_mosfet_seq_0475_t80,4,PASSIVATION ETCH PAD OPENING
dev_mosfet_seq_0475_t80,5,SHIP LOT
dev_mosfet_seq_0216_t60,1,DEPOSIT METAL SEED
dev_mosfet_seq_0216_t60,2,DEPOSIT TUNGSTEN SEED
dev_mosfet_seq_0216_t60,3,POLY PATTERN INSPECTION
dev_mosfet_seq_0216_t60,4,DEPOSIT BARRIER METAL
dev_mosfet_seq_0216_t60,5,OXIDE STRIP
dev_mosfet_seq_0216_t80,1,STRIP PHOTORESIST
dev_mosfet_seq_0216_t80,2,STRIP RESIST
dev_mosfet_seq_0216_t80,3,ANNEAL OXIDE
dev_mosfet_seq_0216_t80,4,HARD BAKE
dev_mosfet_seq_0216_t80,5,MEASURE VIA RESISTANCE
dev_mosfet_seq_0789_t60,1,CLEAN AFTER VIA ETCH
dev_mosfet_seq_0789_t60,2,CLEAN AFTER POLY ETCH
dev_mosfet_seq_0789_t60,3,CLEAN AFTER METAL ETCH
dev_mosfet_seq_0789_t60,4,CLEAN AFTER ETCH
dev_mosfet_seq_0789_t60,5,HARD BAKE
dev_mosfet_seq_0789_t80,1,STRIP PHOTORESIST
dev_mosfet_seq_0789_t80,2,STRIP RESIST
dev_mosfet_seq_0789_t80,3,LOT RELEASE
dev_mosfet_seq_0789_t80,4,DEPOSIT METAL 1
dev_mosfet_seq_0789_t80,5,DEPOSIT TOP METAL
dev_mosfet_seq_0202_t60,1,MEASURE VIA CD
dev_mosfet_seq_0202_t60,2,DEPOSIT BARRIER METAL
dev_mosfet_seq_0202_t60,3,MEASURE SPACER WIDTH
dev_mosfet_seq_0202_t60,4,MEASURE EPITAXY THICKNESS
dev_mosfet_seq_0202_t60,5,CLEAN AFTER VIA ETCH
dev_mosfet_seq_0202_t80,1,STRIP PHOTORESIST
dev_mosfet_seq_0202_t80,2,STRIP RESIST
dev_mosfet_seq_0202_t80,3,MEASURE INITIAL GEOMETRY
dev_mosfet_seq_0202_t80,4,DEVELOP PHOTORESIST
dev_mosfet_seq_0202_t80,5,POST EXPOSE BAKE
dev_mosfet_seq_0448_t60,1,STRIP PHOTORESIST
dev_mosfet_seq_0448_t60,2,STRIP RESIST
dev_mosfet_seq_0448_t60,3,HARD BAKE
dev_mosfet_seq_0448_t60,4,METAL ETCH
dev_mosfet_seq_0448_t60,5,DIELECTRIC ETCH VIA
dev_mosfet_seq_0448_t80,1,PASSIVATION ETCH PAD OPENING
dev_mosfet_seq_0448_t80,2,PASSIVATION ETCH
dev_mosfet_seq_0448_t80,3,METAL PATTERN INSPECTION
dev_mosfet_seq_0448_t80,4,BACKSIDE CLEAN
dev_mosfet_seq_0448_t80,5,PATTERN INSPECTION LEVEL 1
dev_mosfet_seq_0970_t60,1,CLEAN AFTER VIA ETCH
dev_mosfet_seq_0970_t60,2,CLEAN AFTER POLY ETCH
dev_mosfet_seq_0970_t60,3,CLEAN AFTER METAL ETCH
dev_mosfet_seq_0970_t60,4,CLEAN PAD OPENING
dev_mosfet_seq_0970_t60,5,EXPOSE LITHO LEVEL 2
dev_mosfet_seq_0970_t80,1,DEVELOP PAD WINDOW
dev_mosfet_seq_0970_t80,2,DEVELOP PHOTORESIST
dev_mosfet_seq_0970_t80,3,POST EXPOSE BAKE
dev_mosfet_seq_0970_t80,4,SHIP LOT
dev_mosfet_seq_0970_t80,5,PATTERN INSPECTION LEVEL 1
dev_mosfet_seq_0442_t60,1,CLEAN AFTER VIA ETCH
dev_mosfet_seq_0442_t60,2,CLEAN AFTER METAL ETCH
dev_mosfet_seq_0442_t60,3,CLEAN AFTER POLY ETCH
dev_mosfet_seq_0442_t60,4,CLEAN AFTER FIELD ETCH
dev_mosfet_seq_0442_t60,5,CLEAN AFTER WINDOW ETCH
dev_mosfet_seq_0442_t80,1,PASSIVATION ETCH PAD OPENING
dev_mosfet_seq_0442_t80,2,PASSIVATION ETCH
dev_mosfet_seq_0442_t80,3,FILL VIA METAL
dev_mosfet_seq_0442_t80,4,DEVELOP PAD WINDOW
dev_mosfet_seq_0442_t80,5,SHIP LOT
dev_mosfet_seq_0298_t60,1,MEASURE VIA CD
dev_mosfet_seq_0298_t60,2,DEPOSIT BARRIER METAL
dev_mosfet_seq_0298_t60,3,MEASURE EPITAXY THICKNESS
dev_mosfet_seq_0298_t60,4,DEPOSIT BACKSIDE METAL
dev_mosfet_seq_0298_t60,5,BACKSIDE METALLIZATION PREP
dev_mosfet_seq_0298_t80,1,STRIP PHOTORESIST
dev_mosfet_seq_0298_t80,2,STRIP RESIST
dev_mosfet_seq_0298_t80,3,MEASURE WINDOW CD
dev_mosfet_seq_0298_t80,4,DEPOSIT TOP METAL
dev_mosfet_seq_0298_t80,5,METAL ETCH
dev_mosfet_seq_0602_t60,1,MEASURE VIA CD
dev_mosfet_seq_0602_t60,2,DEPOSIT BARRIER METAL
dev_mosfet_seq_0602_t60,3,DEPOSIT BACKSIDE METAL
dev_mosfet_seq_0602_t60,4,MEASURE EPITAXY THICKNESS
dev_mosfet_seq_0602_t60,5,BACKSIDE METALLIZATION PREP
dev_mosfet_seq_0602_t80,1,DEVELOP PAD WINDOW
dev_mosfet_seq_0602_t80,2,DEVELOP PHOTORESIST
dev_mosfet_seq_0602_t80,3,POST EXPOSE BAKE
dev_mosfet_seq_0602_t80,4,SHIP LOT
dev_mosfet_seq_0602_t80,5,PATTERN INSPECTION LEVEL 1
dev_mosfet_seq_0308_t60,1,DEPOSIT METAL SEED
dev_mosfet_seq_0308_t60,2,DEPOSIT TUNGSTEN SEED
dev_mosfet_seq_0308_t60,3,OXIDE STRIP
dev_mosfet_seq_0308_t60,4,POLY PATTERN INSPECTION
dev_mosfet_seq_0308_t60,5,MEASURE LINE WIDTH
dev_mosfet_seq_0308_t80,1,STRIP PHOTORESIST
dev_mosfet_seq_0308_t80,2,STRIP RESIST
dev_mosfet_seq_0308_t80,3,MEASURE CONTACT RESISTANCE
dev_mosfet_seq_0308_t80,4,DEPOSIT TOP METAL
dev_mosfet_seq_0308_t80,5,DEPOSIT METAL 1
dev_mosfet_seq_0768_t60,1,MEASURE VIA CD
dev_mosfet_seq_0768_t60,2,DEPOSIT BARRIER METAL
dev_mosfet_seq_0768_t60,3,MEASURE EPITAXY THICKNESS
dev_mosfet_seq_0768_t60,4,EXPOSE LITHO LEVEL 4
dev_mosfet_seq_0768_t60,5,MEASURE CONTACT RESISTANCE
dev_mosfet_seq_0768_t80,1,CLEAN PAD OPENING
dev_mosfet_seq_0768_t80,2,CLEAN AFTER VIA ETCH
dev_mosfet_seq_0768_t80,3,CLEAN AFTER METAL ETCH
dev_mosfet_seq_0768_t80,4,CLEAN AFTER ETCH
dev_mosfet_seq_0768_t80,5,BACKSIDE CLEAN
dev_mosfet_seq_0554_t60,1,MEASURE VIA CD
dev_mosfet_seq_0554_t60,2,DEPOSIT BARRIER METAL
dev_mosfet_seq_0554_t60,3,MEASURE EPITAXY THICKNESS
dev_mosfet_seq_0554_t60,4,MEASURE PLANARITY
dev_mosfet_seq_0554_t60,5,MEASURE SPACER WIDTH
dev_mosfet_seq_0554_t80,1,STRIP RESIST
dev_mosfet_seq_0554_t80,2,STRIP PHOTORESIST
dev_mosfet_seq_0554_t80,3,DEPOSIT METAL 1
dev_mosfet_seq_0554_t80,4,MEASURE CONTACT RESISTANCE
dev_mosfet_seq_0554_t80,5,FINAL CLEAN
dev_mosfet_seq_0292_t60,1,MEASURE VIA CD
dev_mosfet_seq_0292_t60,2,DEPOSIT BARRIER METAL
dev_mosfet_seq_0292_t60,3,MEASURE EPITAXY THICKNESS
dev_mosfet_seq_0292_t60,4,MEASURE SPACER WIDTH
dev_mosfet_seq_0292_t60,5,CLEAN AFTER VIA ETCH
dev_mosfet_seq_0292_t80,1,PASSIVATION ETCH PAD OPENING
dev_mosfet_seq_0292_t80,2,PASSIVATION ETCH
dev_mosfet_seq_0292_t80,3,FILL VIA METAL
dev_mosfet_seq_0292_t80,4,DEVELOP PAD WINDOW
dev_mosfet_seq_0292_t80,5,OPEN PAD WINDOW LITHO
dev_mosfet_seq_0857_t60,1,DEPOSIT METAL SEED
dev_mosfet_seq_0857_t60,2,DEPOSIT TUNGSTEN SEED
dev_mosfet_seq_0857_t60,3,MEASURE WINDOW CD
dev_mosfet_seq_0857_t60,4,BACKSIDE GRIND
dev_mosfet_seq_0857_t60,5,BACKSIDE ANNEAL
dev_mosfet_seq_0857_t80,1,CLEAN PAD OPENING
dev_mosfet_seq_0857_t80,2,CLEAN AFTER VIA ETCH
dev_mosfet_seq_0857_t80,3,CLEAN AFTER METAL ETCH
dev_mosfet_seq_0857_t80,4,CLEAN AFTER ETCH
dev_mosfet_seq_0857_t80,5,BACKSIDE CLEAN
dev_mosfet_seq_0091_t60,1,DEPOSIT BARRIER METAL
dev_mosfet_seq_0091_t60,2,HARD BAKE
dev_mosfet_seq_0091_t60,3,MEASURE VIA CD
dev_mosfet_seq_0091_t60,4,DEPOSIT BACKSIDE METAL
dev_mosfet_seq_0091_t60,5,POST EXPOSE BAKE
dev_mosfet_seq_0091_t80,1,PASSIVATION ETCH PAD OPENING
dev_mosfet_seq_0091_t80,2,PASSIVATION ETCH
dev_mosfet_seq_0091_t80,3,METAL PATTERN INSPECTION
dev_mosfet_seq_0091_t80,4,VIA INSPECTION
dev_mosfet_seq_0091_t80,5,VIA OPENING INSPECTION
dev_mosfet_seq_0107_t60,1,MEASURE VIA CD
dev_mosfet_seq_0107_t60,2,DEPOSIT BARRIER METAL
dev_mosfet_seq_0107_t60,3,MEASURE EPITAXY THICKNESS
dev_mosfet_seq_0107_t60,4,EXPOSE LITHO LEVEL 4
dev_mosfet_seq_0107_t60,5,MEASURE CONTACT RESISTANCE
dev_mosfet_seq_0107_t80,1,STRIP PHOTORESIST
dev_mosfet_seq_0107_t80,2,STRIP RESIST
dev_mosfet_seq_0107_t80,3,MEASURE WINDOW CD
dev_mosfet_seq_0107_t80,4,MEASURE INITIAL GEOMETRY
dev_mosfet_seq_0107_t80,5,DEPOSIT TOP METAL
dev_mosfet_seq_0181_t60,1,MEASURE VIA CD
dev_mosfet_seq_0181_t60,2,DEPOSIT BARRIER METAL
dev_mosfet_seq_0181_t60,3,MEASURE SPACER WIDTH
dev_mosfet_seq_0181_t60,4,MEASURE EPITAXY THICKNESS
dev_mosfet_seq_0181_t60,5,CLEAN AFTER VIA ETCH
dev_mosfet_seq_0181_t80,1,PASSIVATION ETCH PAD OPENING
dev_mosfet_seq_0181_t80,2,PASSIVATION ETCH
dev_mosfet_seq_0181_t80,3,FILL VIA METAL
dev_mosfet_seq_0181_t80,4,SHIP LOT
dev_mosfet_seq_0181_t80,5,DEVELOP PAD WINDOW
dev_mosfet_seq_0686_t60,1,CLEAN AFTER VIA ETCH
dev_mosfet_seq_0686_t60,2,CLEAN AFTER POLY ETCH
dev_mosfet_seq_0686_t60,3,CLEAN AFTER METAL ETCH
dev_mosfet_seq_0686_t60,4,CLEAN AFTER FIELD ETCH
dev_mosfet_seq_0686_t60,5,DEPOSIT BACKSIDE METAL
dev_mosfet_seq_0686_t80,1,PASSIVATION ETCH PAD OPENING
dev_mosfet_seq_0686_t80,2,PASSIVATION ETCH
dev_mosfet_seq_0686_t80,3,METAL PATTERN INSPECTION
dev_mosfet_seq_0686_t80,4,VIA INSPECTION
dev_mosfet_seq_0686_t80,5,VIA OPENING INSPECTION
dev_mosfet_seq_0464_t60,1,FILL VIA METAL
dev_mosfet_seq_0464_t60,2,MEASURE WINDOW CD
dev_mosfet_seq_0464_t60,3,HARD BAKE
dev_mosfet_seq_0464_t60,4,DIELECTRIC ETCH VIA
dev_mosfet_seq_0464_t60,5,ANNEAL DIELECTRIC
dev_mosfet_seq_0464_t80,1,MEASURE PAD OPENING
dev_mosfet_seq_0464_t80,2,STRIP RESIST
dev_mosfet_seq_0464_t80,3,METAL ETCH
dev_mosfet_seq_0464_t80,4,CLEAN PAD OPENING
dev_mosfet_seq_0464_t80,5,STRIP PHOTORESIST
dev_mosfet_seq_0452_t60,1,MEASURE VIA CD
dev_mosfet_seq_0452_t60,2,DEPOSIT BARRIER METAL
dev_mosfet_seq_0452_t60,3,MEASURE EPITAXY THICKNESS
dev_mosfet_seq_0452_t60,4,MEASURE SPACER WIDTH
dev_mosfet_seq_0452_t60,5,CLEAN AFTER VIA ETCH
dev_mosfet_seq_0452_t80,1,PASSIVATION ETCH PAD OPENING
dev_mosfet_seq_0452_t80,2,PASSIVATION ETCH
dev_mosfet_seq_0452_t80,3,BACKSIDE CLEAN
dev_mosfet_seq_0452_t80,4,VIA INSPECTION
dev_mosfet_seq_0452_t80,5,VIA OPENING INSPECTION
dev_mosfet_seq_0364_t60,1,DEPOSIT BARRIER METAL
dev_mosfet_seq_0364_t60,2,MEASURE VIA CD
dev_mosfet_seq_0364_t60,3,MEASURE WINDOW CD
dev_mosfet_seq_0364_t60,4,BACKSIDE ANNEAL
dev_mosfet_seq_0364_t60,5,ANNEAL DIELECTRIC
dev_mosfet_seq_0364_t80,1,STRIP PHOTORESIST
dev_mosfet_seq_0364_t80,2,STRIP RESIST
dev_mosfet_seq_0364_t80,3,PASSIVATION ETCH PAD OPENING
dev_mosfet_seq_0364_t80,4,DEPOSIT TOP METAL
dev_mosfet_seq_0364_t80,5,MEASURE INITIAL GEOMETRY
dev_mosfet_seq_0012_t60,1,MEASURE VIA CD
dev_mosfet_seq_0012_t60,2,DEPOSIT BARRIER METAL
dev_mosfet_seq_0012_t60,3,BACKSIDE METALLIZATION PREP
dev_mosfet_seq_0012_t60,4,MEASURE EPITAXY THICKNESS
dev_mosfet_seq_0012_t60,5,DEPOSIT BACKSIDE METAL
dev_mosfet_seq_0012_t80,1,STRIP RESIST
dev_mosfet_seq_0012_t80,2,STRIP PHOTORESIST
dev_mosfet_seq_0012_t80,3,DEPOSIT METAL 1
dev_mosfet_seq_0012_t80,4,MEASURE CONTACT RESISTANCE
dev_mosfet_seq_0012_t80,5,DEPOSIT TOP METAL
dev_mosfet_seq_0929_t60,1,DEPOSIT BARRIER METAL
dev_mosfet_seq_0929_t60,2,BACKSIDE METALLIZATION PREP
dev_mosfet_seq_0929_t60,3,HARD BAKE
dev_mosfet_seq_0929_t60,4,DEPOSIT BACKSIDE METAL
dev_mosfet_seq_0929_t60,5,DIELECTRIC ETCH VIA
dev_mosfet_seq_0929_t80,1,PASSIVATION ETCH PAD OPENING
dev_mosfet_seq_0929_t80,2,PASSIVATION ETCH
dev_mosfet_seq_0929_t80,3,METAL PATTERN INSPECTION
dev_mosfet_seq_0929_t80,4,BACKSIDE CLEAN
dev_mosfet_seq_0929_t80,5,PATTERN INSPECTION LEVEL 1
dev_mosfet_seq_0287_t60,1,MEASURE VIA CD
dev_mosfet_seq_0287_t60,2,DEPOSIT BARRIER METAL
dev_mosfet_seq_0287_t60,3,MEASURE EPITAXY THICKNESS
dev_mosfet_seq_0287_t60,4,MEASURE SPACER WIDTH
dev_mosfet_seq_0287_t60,5,CLEAN AFTER VIA ETCH
dev_mosfet_seq_0287_t80,1,PASSIVATION ETCH PAD OPENING
dev_mosfet_seq_0287_t80,2,PASSIVATION ETCH
dev_mosfet_seq_0287_t80,3,FILL VIA METAL
dev_mosfet_seq_0287_t80,4,SHIP LOT
dev_mosfet_seq_0287_t80,5,DEVELOP PAD WINDOW
dev_mosfet_seq_0383_t60,1,STRIP PHOTORESIST
dev_mosfet_seq_0383_t60,2,STRIP RESIST
dev_mosfet_seq_0383_t60,3,HARD BAKE
dev_mosfet_seq_0383_t60,4,METAL ETCH
dev_mosfet_seq_0383_t60,5,VIA ETCH THROUGH DIELECTRIC
dev_mosfet_seq_0383_t80,1,PASSIVATION ETCH PAD OPENING
dev_mosfet_seq_0383_t80,2,PASSIVATION ETCH
dev_mosfet_seq_0383_t80,3,DEVELOP PAD WINDOW
dev_mosfet_seq_0383_t80,4,FINAL CLEAN
dev_mosfet_seq_0383_t80,5,FRONTSIDE CLEAN FINAL
dev_mosfet_seq_0391_t60,1,DEPOSIT METAL SEED
dev_mosfet_seq_0391_t60,2,DEPOSIT TUNGSTEN SEED
dev_mosfet_seq_0391_t60,3,DEPOSIT BARRIER METAL
dev_mosfet_seq_0391_t60,4,POLY PATTERN INSPECTION
dev_mosfet_seq_0391_t60,5,OXIDE STRIP
dev_mosfet_seq_0391_t80,1,CLEAN PAD OPENING
dev_mosfet_seq_0391_t80,2,CLEAN AFTER VIA ETCH
dev_mosfet_seq_0391_t80,3,CLEAN AFTER METAL ETCH
dev_mosfet_seq_0391_t80,4,PASSIVATION ETCH
dev_mosfet_seq_0391_t80,5,FINAL CLEAN
dev_mosfet_seq_0684_t60,1,CLEAN AFTER VIA ETCH
dev_mosfet_seq_0684_t60,2,CLEAN PAD OPENING
dev_mosfet_seq_0684_t60,3,CLEAN AFTER METAL ETCH
dev_mosfet_seq_0684_t60,4,CLEAN AFTER POLY ETCH
dev_mosfet_seq_0684_t60,5,CLEAN AFTER WINDOW ETCH
dev_mosfet_seq_0684_t80,1,PASSIVATION ETCH PAD OPENING
dev_mosfet_seq_0684_t80,2,PASSIVATION ETCH
dev_mosfet_seq_0684_t80,3,METAL PATTERN INSPECTION
dev_mosfet_seq_0684_t80,4,IMPLANT LDD
dev_mosfet_seq_0684_t80,5,PATTERN INSPECTION LEVEL 1
dev_mosfet_seq_0893_t60,1,MEASURE VIA CD
dev_mosfet_seq_0893_t60,2,DEPOSIT BARRIER METAL
dev_mosfet_seq_0893_t60,3,MEASURE EPITAXY THICKNESS
dev_mosfet_seq_0893_t60,4,BACKSIDE METALLIZATION PREP
dev_mosfet_seq_0893_t60,5,DEPOSIT BACKSIDE METAL
dev_mosfet_seq_0893_t80,1,STRIP PHOTORESIST
dev_mosfet_seq_0893_t80,2,STRIP RESIST
dev_mosfet_seq_0893_t80,3,DEPOSIT METAL 1
dev_mosfet_seq_0893_t80,4,METAL ETCH
dev_mosfet_seq_0893_t80,5,DEPOSIT TOP METAL
dev_mosfet_seq_0961_t60,1,MEASURE VIA CD
dev_mosfet_seq_0961_t60,2,DEPOSIT BARRIER METAL
dev_mosfet_seq_0961_t60,3,MEASURE SPACER WIDTH
dev_mosfet_seq_0961_t60,4,MEASURE EPITAXY THICKNESS
dev_mosfet_seq_0961_t60,5,SPIN COAT PHOTORESIST
dev_mosfet_seq_0961_t80,1,DEVELOP PHOTORESIST
dev_mosfet_seq_0961_t80,2,DEVELOP PAD WINDOW
dev_mosfet_seq_0961_t80,3,POST EXPOSE BAKE
dev_mosfet_seq_0961_t80,4,EXPOSE LITHO LEVEL 4
dev_mosfet_seq_0961_t80,5,SHIP LOT
dev_mosfet_seq_0566_t60,1,DEPOSIT BARRIER METAL
dev_mosfet_seq_0566_t60,2,MEASURE VIA CD
dev_mosfet_seq_0566_t60,3,MEASURE WINDOW CD
dev_mosfet_seq_0566_t60,4,ANNEAL DIELECTRIC
dev_mosfet_seq_0566_t60,5,BACKSIDE ANNEAL
dev_mosfet_seq_0566_t80,1,CLEAN PAD OPENING
dev_mosfet_seq_0566_t80,2,CLEAN AFTER VIA ETCH
dev_mosfet_seq_0566_t80,3,CLEAN AFTER METAL ETCH
dev_mosfet_seq_0566_t80,4,FINAL CLEAN
dev_mosfet_seq_0566_t80,5,CLEAN AFTER ETCH
dev_mosfet_seq_0516_t60,1,DEPOSIT BARRIER METAL
dev_mosfet_seq_0516_t60,2,DEPOSIT BACKSIDE METAL
dev_mosfet_seq_0516_t60,3,BACKSIDE METALLIZATION PREP
dev_mosfet_seq_0516_t60,4,HARD BAKE
dev_mosfet_seq_0516_t60,5,DIELECTRIC ETCH VIA
dev_mosfet_seq_0516_t80,1,STRIP RESIST
dev_mosfet_seq_0516_t80,2,STRIP PHOTORESIST
dev_mosfet_seq_0516_t80,3,DEPOSIT TOP METAL
dev_mosfet_seq_0516_t80,4,MEASURE WINDOW CD
dev_mosfet_seq_0516_t80,5,METAL ETCH
dev_mosfet_seq_0050_t60,1,STRIP PHOTORESIST
dev_mosfet_seq_0050_t60,2,STRIP RESIST
dev_mosfet_seq_0050_t60,3,DEPOSIT METAL 1
dev_mosfet_seq_0050_t60,4,DEPOSIT TOP METAL
dev_mosfet_seq_0050_t60,5,VIA ETCH THROUGH DIELECTRIC
dev_mosfet_seq_0050_t80,1,PASSIVATION ETCH PAD OPENING
dev_mosfet_seq_0050_t80,2,PASSIVATION ETCH
dev_mosfet_seq_0050_t80,3,FINAL CLEAN
dev_mosfet_seq_0050_t80,4,SPIN COAT PHOTORESIST
dev_mosfet_seq_0050_t80,5,SWITCHING TEST
dev_mosfet_seq_0459_t60,1,CLEAN AFTER VIA ETCH
dev_mosfet_seq_0459_t60,2,CLEAN AFTER POLY ETCH
dev_mosfet_seq_0459_t60,3,CLEAN AFTER METAL ETCH
dev_mosfet_seq_0459_t60,4,CLEAN AFTER ETCH
dev_mosfet_seq_0459_t60,5,IMPLANT LDD
dev_mosfet_seq_0459_t80,1,STRIP PHOTORESIST
dev_mosfet_seq_0459_t80,2,STRIP RESIST
dev_mosfet_seq_0459_t80,3,PASSIVATION ETCH PAD OPENING
dev_mosfet_seq_0459_t80,4,DEPOSIT TOP METAL
dev_mosfet_seq_0459_t80,5,MEASURE INITIAL GEOMETRY
dev_mosfet_seq_0820_t60,1,CLEAN AFTER VIA ETCH
dev_mosfet_seq_0820_t60,2,CLEAN AFTER POLY ETCH
dev_mosfet_seq_0820_t60,3,CLEAN AFTER METAL ETCH
dev_mosfet_seq_0820_t60,4,CLEAN AFTER ETCH
dev_mosfet_seq_0820_t60,5,CLEAN PAD OPENING
dev_mosfet_seq_0820_t80,1,PASSIVATION ETCH PAD OPENING
dev_mosfet_seq_0820_t80,2,PASSIVATION ETCH
dev_mosfet_seq_0820_t80,3,BACKSIDE RINSE
dev_mosfet_seq_0820_t80,4,METAL PATTERN INSPECTION
dev_mosfet_seq_0820_t80,5,MEASURE SURFACE PLANARITY
dev_mosfet_seq_0075_t60,1,DEPOSIT BARRIER METAL
dev_mosfet_seq_0075_t60,2,MEASURE EPITAXY THICKNESS
dev_mosfet_seq_0075_t60,3,MEASURE VIA CD
dev_mosfet_seq_0075_t60,4,HARD BAKE
dev_mosfet_seq_0075_t60,5,DIELECTRIC ETCH VIA
dev_mosfet_seq_0075_t80,1,STRIP PHOTORESIST
dev_mosfet_seq_0075_t80,2,STRIP RESIST
dev_mosfet_seq_0075_t80,3,MEASURE INITIAL GEOMETRY
dev_mosfet_seq_0075_t80,4,HARD BAKE
dev_mosfet_seq_0075_t80,5,MEASURE GEOMETRY
dev_mosfet_seq_0428_t60,1,CLEAN AFTER VIA ETCH
dev_mosfet_seq_0428_t60,2,CLEAN AFTER POLY ETCH
dev_mosfet_seq_0428_t60,3,CLEAN AFTER METAL ETCH
dev_mosfet_seq_0428_t60,4,CLEAN PAD OPENING
dev_mosfet_seq_0428_t60,5,CLEAN AFTER FIELD ETCH
dev_mosfet_seq_0428_t80,1,PASSIVATION ETCH PAD OPENING
dev_mosfet_seq_0428_t80,2,PASSIVATION ETCH
dev_mosfet_seq_0428_t80,3,FILL VIA METAL
dev_mosfet_seq_0428_t80,4,DEVELOP PAD WINDOW
dev_mosfet_seq_0428_t80,5,EPITAXIAL DEPOSITION
dev_mosfet_seq_0917_t60,1,CLEAN AFTER VIA ETCH
dev_mosfet_seq_0917_t60,2,CLEAN AFTER POLY ETCH
dev_mosfet_seq_0917_t60,3,CLEAN AFTER WINDOW ETCH
dev_mosfet_seq_0917_t60,4,CLEAN AFTER METAL ETCH
dev_mosfet_seq_0917_t60,5,CLEAN AFTER FIELD ETCH
dev_mosfet_seq_0917_t80,1,PASSIVATION ETCH PAD OPENING
dev_mosfet_seq_0917_t80,2,PASSIVATION ETCH
dev_mosfet_seq_0917_t80,3,VIA OPENING INSPECTION
dev_mosfet_seq_0917_t80,4,VIA INSPECTION
dev_mosfet_seq_0917_t80,5,METAL PATTERN INSPECTION
dev_mosfet_seq_0311_t60,1,CLEAN AFTER VIA ETCH
dev_mosfet_seq_0311_t60,2,CLEAN AFTER POLY ETCH
dev_mosfet_seq_0311_t60,3,CLEAN AFTER METAL ETCH
dev_mosfet_seq_0311_t60,4,CLEAN AFTER ETCH
dev_mosfet_seq_0311_t60,5,CLEAN PAD OPENING
dev_mosfet_seq_0311_t80,1,CLEAN PAD OPENING
dev_mosfet_seq_0311_t80,2,CLEAN AFTER VIA ETCH
dev_mosfet_seq_0311_t80,3,CLEAN AFTER METAL ETCH
dev_mosfet_seq_0311_t80,4,FINAL CLEAN
dev_mosfet_seq_0311_t80,5,CLEAN AFTER ETCH
dev_mosfet_seq_0901_t60,1,CLEAN AFTER VIA ETCH
dev_mosfet_seq_0901_t60,2,CLEAN AFTER METAL ETCH
dev_mosfet_seq_0901_t60,3,CLEAN AFTER POLY ETCH
dev_mosfet_seq_0901_t60,4,CLEAN AFTER FIELD ETCH
dev_mosfet_seq_0901_t60,5,CLEAN PAD OPENING
dev_mosfet_seq_0901_t80,1,PASSIVATION ETCH PAD OPENING
dev_mosfet_seq_0901_t80,2,PASSIVATION ETCH
dev_mosfet_seq_0901_t80,3,METAL PATTERN INSPECTION
dev_mosfet_seq_0901_t80,4,DEVELOP PAD WINDOW
dev_mosfet_seq_0901_t80,5,BACKSIDE CLEAN
dev_mosfet_seq_0410_t60,1,DEPOSIT BARRIER METAL
dev_mosfet_seq_0410_t60,2,MEASURE VIA CD
dev_mosfet_seq_0410_t60,3,HARD BAKE
dev_mosfet_seq_0410_t60,4,DEPOSIT BACKSIDE METAL
dev_mosfet_seq_0410_t60,5,DEVELOP PHOTORESIST
dev_mosfet_seq_0410_t80,1,STRIP PHOTORESIST
dev_mosfet_seq_0410_t80,2,STRIP RESIST
dev_mosfet_seq_0410_t80,3,DEPOSIT TOP METAL
dev_mosfet_seq_0410_t80,4,DEPOSIT METAL 1
dev_mosfet_seq_0410_t80,5,MEASURE CONTACT RESISTANCE
dev_mosfet_seq_0106_t60,1,MEASURE VIA CD
dev_mosfet_seq_0106_t60,2,DEPOSIT BARRIER METAL
dev_mosfet_seq_0106_t60,3,MEASURE EPITAXY THICKNESS
dev_mosfet_seq_0106_t60,4,DEPOSIT BACKSIDE METAL
dev_mosfet_seq_0106_t60,5,BACKSIDE METALLIZATION PREP
dev_mosfet_seq_0106_t80,1,STRIP PHOTORESIST
dev_mosfet_seq_0106_t80,2,STRIP RESIST
dev_mosfet_seq_0106_t80,3,DEPOSIT METAL 1
dev_mosfet_seq_0106_t80,4,DEPOSIT TOP METAL
dev_mosfet_seq_0106_t80,5,FINAL CLEAN
dev_mosfet_seq_0726_t60,1,MEASURE VIA CD
dev_mosfet_seq_0726_t60,2,DEPOSIT BARRIER METAL
dev_mosfet_seq_0726_t60,3,MEASURE SPACER WIDTH
dev_mosfet_seq_0726_t60,4,MEASURE CONTACT RESISTANCE
dev_mosfet_seq_0726_t60,5,MEASURE FILM THICKNESS
dev_mosfet_seq_0726_t80,1,CLEAN PAD OPENING
dev_mosfet_seq_0726_t80,2,CLEAN AFTER VIA ETCH
dev_mosfet_seq_0726_t80,3,CLEAN AFTER METAL ETCH
dev_mosfet_seq_0726_t80,4,FINAL CLEAN
dev_mosfet_seq_0726_t80,5,CLEAN AFTER ETCH
dev_mosfet_seq_0477_t60,1,CLEAN AFTER VIA ETCH
dev_mosfet_seq_0477_t60,2,CLEAN AFTER METAL ETCH
dev_mosfet_seq_0477_t60,3,CLEAN AFTER POLY ETCH
dev_mosfet_seq_0477_t60,4,CLEAN AFTER FIELD ETCH
dev_mosfet_seq_0477_t60,5,CLEAN PAD OPENING
dev_mosfet_seq_0477_t80,1,STRIP PHOTORESIST
dev_mosfet_seq_0477_t80,2,STRIP RESIST
dev_mosfet_seq_0477_t80,3,DEPOSIT TOP METAL
dev_mosfet_seq_0477_t80,4,MEASURE WINDOW CD
dev_mosfet_seq_0477_t80,5,MEASURE INITIAL GEOMETRY
dev_mosfet_seq_1000_t60,1,DEPOSIT METAL SEED
dev_mosfet_seq_1000_t60,2,DEPOSIT TUNGSTEN SEED
dev_mosfet_seq_1000_t60,3,OXIDE STRIP
dev_mosfet_seq_1000_t60,4,MEASURE LINE WIDTH
dev_mosfet_seq_1000_t60,5,POLY PATTERN INSPECTION
dev_mosfet_seq_1000_t80,1,CLEAN PAD OPENING
dev_mosfet_seq_1000_t80,2,CLEAN AFTER VIA ETCH
dev_mosfet_seq_1000_t80,3,CLEAN AFTER METAL ETCH
dev_mosfet_seq_1000_t80,4,PASSIVATION ETCH
dev_mosfet_seq_1000_t80,5,FINAL CLEAN
dev_mosfet_seq_0672_t60,1,MEASURE VIA CD
dev_mosfet_seq_0672_t60,2,DEPOSIT BARRIER METAL
dev_mosfet_seq_0672_t60,3,BACKSIDE METALLIZATION PREP
dev_mosfet_seq_0672_t60,4,DEPOSIT BACKSIDE METAL
dev_mosfet_seq_0672_t60,5,MEASURE EPITAXY THICKNESS
dev_mosfet_seq_0672_t80,1,PASSIVATION ETCH PAD OPENING
dev_mosfet_seq_0672_t80,2,PASSIVATION ETCH
dev_mosfet_seq_0672_t80,3,BACKSIDE RINSE
dev_mosfet_seq_0672_t80,4,METAL PATTERN INSPECTION
dev_mosfet_seq_0672_t80,5,PATTERN INSPECTION LEVEL 1
dev_mosfet_seq_0458_t60,1,MEASURE VIA CD
dev_mosfet_seq_0458_t60,2,DEPOSIT BARRIER METAL
dev_mosfet_seq_0458_t60,3,BACKSIDE METALLIZATION PREP
dev_mosfet_seq_0458_t60,4,MEASURE EPITAXY THICKNESS
dev_mosfet_seq_0458_t60,5,OXIDE ETCH
dev_mosfet_seq_0458_t80,1,PASSIVATION ETCH PAD OPENING
dev_mosfet_seq_0458_t80,2,PASSIVATION ETCH
dev_mosfet_seq_0458_t80,3,DEVELOP PAD WINDOW
dev_mosfet_seq_0458_t80,4,FILL VIA METAL
dev_mosfet_seq_0458_t80,5,EPITAXIAL DEPOSITION
dev_mosfet_seq_0963_t60,1,MEASURE VIA CD
dev_mosfet_seq_0963_t60,2,DEPOSIT BARRIER METAL
dev_mosfet_seq_0963_t60,3,MEASURE EPITAXY THICKNESS
dev_mosfet_seq_0963_t60,4,BACKSIDE METALLIZATION PREP
dev_mosfet_seq_0963_t60,5,DEPOSIT BACKSIDE METAL
dev_mosfet_seq_0963_t80,1,STRIP PHOTORESIST
dev_mosfet_seq_0963_t80,2,STRIP RESIST
dev_mosfet_seq_0963_t80,3,DEPOSIT TOP METAL
dev_mosfet_seq_0963_t80,4,DEPOSIT METAL 1
dev_mosfet_seq_0963_t80,5,MEASURE GEOMETRY
dev_mosfet_seq_0824_t60,1,CLEAN AFTER VIA ETCH
dev_mosfet_seq_0824_t60,2,CLEAN AFTER POLY ETCH
dev_mosfet_seq_0824_t60,3,CLEAN AFTER METAL ETCH
dev_mosfet_seq_0824_t60,4,CLEAN PAD OPENING
dev_mosfet_seq_0824_t60,5,EXPOSE LITHO LEVEL 2
dev_mosfet_seq_0824_t80,1,STRIP PHOTORESIST
dev_mosfet_seq_0824_t80,2,STRIP RESIST
dev_mosfet_seq_0824_t80,3,DEPOSIT TOP METAL
dev_mosfet_seq_0824_t80,4,MEASURE WINDOW CD
dev_mosfet_seq_0824_t80,5,DEPOSIT METAL 1
dev_mosfet_seq_0919_t60,1,CLEAN AFTER VIA ETCH
dev_mosfet_seq_0919_t60,2,CLEAN AFTER POLY ETCH
dev_mosfet_seq_0919_t60,3,CLEAN AFTER METAL ETCH
dev_mosfet_seq_0919_t60,4,CLEAN PAD OPENING
dev_mosfet_seq_0919_t60,5,BACKSIDE CLEAN
dev_mosfet_seq_0919_t80,1,STRIP RESIST
dev_mosfet_seq_0919_t80,2,STRIP PHOTORESIST
dev_mosfet_seq_0919_t80,3,DEPOSIT METAL 1
dev_mosfet_seq_0919_t80,4,DEPOSIT TOP METAL
dev_mosfet_seq_0919_t80,5,MEASURE CONTACT RESISTANCE
dev_mosfet_seq_0192_t60,1,DEPOSIT BARRIER METAL
dev_mosfet_seq_0192_t60,2,DEPOSIT BACKSIDE METAL
dev_mosfet_seq_0192_t60,3,BACKSIDE METALLIZATION PREP
dev_mosfet_seq_0192_t60,4,HARD BAKE
dev_mosfet_seq_0192_t60,5,PRE ANNEAL CHECK
dev_mosfet_seq_0192_t80,1,PASSIVATION ETCH PAD OPENING
dev_mosfet_seq_0192_t80,2,PASSIVATION ETCH
dev_mosfet_seq_0192_t80,3,METAL PATTERN INSPECTION
dev_mosfet_seq_0192_t80,4,PATTERN INSPECTION LEVEL 1
dev_mosfet_seq_0192_t80,5,BACKSIDE CLEAN
dev_mosfet_seq_0201_t60,1,STRIP PHOTORESIST
dev_mosfet_seq_0201_t60,2,STRIP RESIST
dev_mosfet_seq_0201_t60,3,CLEAN AFTER VIA ETCH
dev_mosfet_seq_0201_t60,4,DEVELOP PHOTORESIST
dev_mosfet_seq_0201_t60,5,VIA ETCH THROUGH DIELECTRIC
dev_mosfet_seq_0201_t80,1,STRIP PHOTORESIST
dev_mosfet_seq_0201_t80,2,STRIP RESIST
dev_mosfet_seq_0201_t80,3,DEVELOP PHOTORESIST
dev_mosfet_seq_0201_t80,4,MEASURE INITIAL GEOMETRY
dev_mosfet_seq_0201_t80,5,POST EXPOSE BAKE
dev_mosfet_seq_0374_t60,1,STRIP PHOTORESIST
dev_mosfet_seq_0374_t60,2,STRIP RESIST
dev_mosfet_seq_0374_t60,3,MEASURE CONTACT RESISTANCE
dev_mosfet_seq_0374_t60,4,ALIGN MASK LEVEL 4
dev_mosfet_seq_0374_t60,5,DEPOSIT TOP METAL
dev_mosfet_seq_0374_t80,1,PASSIVATION ETCH PAD OPENING
dev_mosfet_seq_0374_t80,2,PASSIVATION ETCH
dev_mosfet_seq_0374_t80,3,DEVELOP PAD WINDOW
dev_mosfet_seq_0374_t80,4,FILL VIA METAL
dev_mosfet_seq_0374_t80,5,FRONTSIDE CLEAN FINAL
dev_mosfet_seq_0042_t60,1,CLEAN AFTER VIA ETCH
dev_mosfet_seq_0042_t60,2,CLEAN AFTER POLY ETCH
dev_mosfet_seq_0042_t60,3,CLEAN AFTER METAL ETCH
dev_mosfet_seq_0042_t60,4,CLEAN PAD OPENING
dev_mosfet_seq_0042_t60,5,CLEAN AFTER FIELD ETCH
dev_mosfet_seq_0042_t80,1,PASSIVATION ETCH PAD OPENING
dev_mosfet_seq_0042_t80,2,PASSIVATION ETCH
dev_mosfet_seq_0042_t80,3,DEVELOP PAD WINDOW
dev_mosfet_seq_0042_t80,4,FILL VIA METAL
dev_mosfet_seq_0042_t80,5,FRONTSIDE CLEAN FINAL
dev_mosfet_seq_0598_t60,1,CLEAN AFTER VIA ETCH
dev_mosfet_seq_0598_t60,2,CLEAN AFTER POLY ETCH
dev_mosfet_seq_0598_t60,3,CLEAN AFTER METAL ETCH
dev_mosfet_seq_0598_t60,4,ALIGN MASK LEVEL 4
dev_mosfet_seq_0598_t60,5,CLEAN AFTER ETCH
dev_mosfet_seq_0598_t80,1,STRIP PHOTORESIST
dev_mosfet_seq_0598_t80,2,STRIP RESIST
dev_mosfet_seq_0598_t80,3,PASSIVATION ETCH PAD OPENING
dev_mosfet_seq_0598_t80,4,DEPOSIT TOP METAL
dev_mosfet_seq_0598_t80,5,MEASURE INITIAL GEOMETRY
dev_mosfet_seq_0494_t60,1,MEASURE VIA CD
dev_mosfet_seq_0494_t60,2,DEPOSIT BARRIER METAL
dev_mosfet_seq_0494_t60,3,MEASURE EPITAXY THICKNESS
dev_mosfet_seq_0494_t60,4,MEASURE SPACER WIDTH
dev_mosfet_seq_0494_t60,5,CLEAN AFTER VIA ETCH
dev_mosfet_seq_0494_t80,1,STRIP PHOTORESIST
dev_mosfet_seq_0494_t80,2,STRIP RESIST
dev_mosfet_seq_0494_t80,3,LOT RELEASE
dev_mosfet_seq_0494_t80,4,PAD WINDOW LITHO
dev_mosfet_seq_0494_t80,5,DEPOSIT BARRIER METAL
dev_mosfet_seq_0372_t60,1,CLEAN AFTER VIA ETCH
dev_mosfet_seq_0372_t60,2,CLEAN AFTER POLY ETCH
dev_mosfet_seq_0372_t60,3,CLEAN AFTER METAL ETCH
dev_mosfet_seq_0372_t60,4,CLEAN AFTER FIELD ETCH
dev_mosfet_seq_0372_t60,5,CLEAN PAD OPENING
dev_mosfet_seq_0372_t80,1,PASSIVATION ETCH PAD OPENING
dev_mosfet_seq_0372_t80,2,PASSIVATION ETCH
dev_mosfet_seq_0372_t80,3,METAL PATTERN INSPECTION
dev_mosfet_seq_0372_t80,4,VIA INSPECTION
dev_mosfet_seq_0372_t80,5,VIA OPENING INSPECTION
dev_mosfet_seq_0461_t60,1,DEPOSIT BARRIER METAL
dev_mosfet_seq_0461_t60,2,MEASURE VIA CD
dev_mosfet_seq_0461_t60,3,HARD BAKE
dev_mosfet_seq_0461_t60,4,DEPOSIT BACKSIDE METAL
dev_mosfet_seq_0461_t60,5,DIELECTRIC ETCH VIA
dev_mosfet_seq_0461_t80,1,PASSIVATION ETCH PAD OPENING
dev_mosfet_seq_0461_t80,2,PASSIVATION ETCH
dev_mosfet_seq_0461_t80,3,METAL PATTERN INSPECTION
dev_mosfet_seq_0461_t80,4,BACKSIDE CLEAN
dev_mosfet_seq_0461_t80,5,PATTERN INSPECTION LEVEL 1
dev_mosfet_seq_0291_t60,1,CLEAN AFTER VIA ETCH
dev_mosfet_seq_0291_t60,2,CLEAN AFTER POLY ETCH
dev_mosfet_seq_0291_t60,3,CLEAN AFTER METAL ETCH
dev_mosfet_seq_0291_t60,4,CLEAN PAD OPENING
dev_mosfet_seq_0291_t60,5,CLEAN AFTER ETCH
dev_mosfet_seq_0291_t80,1,PASSIVATION ETCH PAD OPENING
dev_mosfet_seq_0291_t80,2,PASSIVATION ETCH
dev_mosfet_seq_0291_t80,3,DEVELOP PAD WINDOW
dev_mosfet_seq_0291_t80,4,FILL VIA METAL
dev_mosfet_seq_0291_t80,5,FINAL CLEAN
dev_mosfet_seq_0517_t60,1,CLEAN AFTER VIA ETCH
dev_mosfet_seq_0517_t60,2,CLEAN AFTER POLY ETCH
dev_mosfet_seq_0517_t60,3,CLEAN AFTER METAL ETCH
dev_mosfet_seq_0517_t60,4,IMPLANT LDD
dev_mosfet_seq_0517_t60,5,MEASURE SPACER WIDTH
dev_mosfet_seq_0517_t80,1,PASSIVATION ETCH PAD OPENING
dev_mosfet_seq_0517_t80,2,PASSIVATION ETCH
dev_mosfet_seq_0517_t80,3,DEVELOP PAD WINDOW
dev_mosfet_seq_0517_t80,4,FILL VIA METAL
dev_mosfet_seq_0517_t80,5,FRONTSIDE CLEAN FINAL
dev_mosfet_seq_0967_t60,1,MEASURE VIA CD
dev_mosfet_seq_0967_t60,2,DEPOSIT BARRIER METAL
dev_mosfet_seq_0967_t60,3,MEASURE EPITAXY THICKNESS
dev_mosfet_seq_0967_t60,4,EXPOSE LITHO LEVEL 4
dev_mosfet_seq_0967_t60,5,MEASURE CONTACT RESISTANCE
dev_mosfet_seq_0967_t80,1,PASSIVATION ETCH
dev_mosfet_seq_0967_t80,2,PASSIVATION ETCH PAD OPENING
dev_mosfet_seq_0967_t80,3,METAL PATTERN INSPECTION
dev_mosfet_seq_0967_t80,4,BACKSIDE CLEAN
dev_mosfet_seq_0967_t80,5,VIA OPENING INSPECTION
dev_mosfet_seq_0923_t60,1,DEPOSIT METAL SEED
dev_mosfet_seq_0923_t60,2,OXIDE STRIP
dev_mosfet_seq_0923_t60,3,DEPOSIT TUNGSTEN SEED
dev_mosfet_seq_0923_t60,4,POLY PATTERN INSPECTION
dev_mosfet_seq_0923_t60,5,MEASURE LINE WIDTH
dev_mosfet_seq_0923_t80,1,STRIP PHOTORESIST
dev_mosfet_seq_0923_t80,2,STRIP RESIST
dev_mosfet_seq_0923_t80,3,MEASURE WINDOW CD
dev_mosfet_seq_0923_t80,4,MEASURE INITIAL GEOMETRY
dev_mosfet_seq_0923_t80,5,DEPOSIT TOP METAL
dev_mosfet_seq_0353_t60,1,CLEAN AFTER VIA ETCH
dev_mosfet_seq_0353_t60,2,CLEAN AFTER POLY ETCH
dev_mosfet_seq_0353_t60,3,CLEAN AFTER METAL ETCH
dev_mosfet_seq_0353_t60,4,EXPOSE LITHO LEVEL 2
dev_mosfet_seq_0353_t60,5,CLEAN AFTER FIELD ETCH
dev_mosfet_seq_0353_t80,1,STRIP PHOTORESIST
dev_mosfet_seq_0353_t80,2,STRIP RESIST
dev_mosfet_seq_0353_t80,3,DEPOSIT METAL 1
dev_mosfet_seq_0353_t80,4,DEPOSIT TOP METAL
dev_mosfet_seq_0353_t80,5,FINAL CLEAN
dev_mosfet_seq_0021_t60,1,CLEAN AFTER VIA ETCH
dev_mosfet_seq_0021_t60,2,CLEAN AFTER POLY ETCH
dev_mosfet_seq_0021_t60,3,CLEAN AFTER METAL ETCH
dev_mosfet_seq_0021_t60,4,MEASURE SPACER WIDTH
dev_mosfet_seq_0021_t60,5,CLEAN AFTER ETCH
dev_mosfet_seq_0021_t80,1,PASSIVATION ETCH PAD OPENING
dev_mosfet_seq_0021_t80,2,PASSIVATION ETCH
dev_mosfet_seq_0021_t80,3,DEVELOP PAD WINDOW
dev_mosfet_seq_0021_t80,4,FILL VIA METAL
dev_mosfet_seq_0021_t80,5,FINAL CLEAN
dev_mosfet_seq_0375_t60,1,DEPOSIT BARRIER METAL
dev_mosfet_seq_0375_t60,2,DEPOSIT BACKSIDE METAL
dev_mosfet_seq_0375_t60,3,HARD BAKE
dev_mosfet_seq_0375_t60,4,BACKSIDE METALLIZATION PREP
dev_mosfet_seq_0375_t60,5,MEASURE WINDOW CD
dev_mosfet_seq_0375_t80,1,PASSIVATION ETCH PAD OPENING
dev_mosfet_seq_0375_t80,2,PASSIVATION ETCH
dev_mosfet_seq_0375_t80,3,METAL PATTERN INSPECTION
dev_mosfet_seq_0375_t80,4,PATTERN INSPECTION LEVEL 1
dev_mosfet_seq_0375_t80,5,BACKSIDE CLEAN
dev_mosfet_seq_0035_t60,1,DEPOSIT BARRIER METAL
dev_mosfet_seq_0035_t60,2,MEASURE VIA CD
dev_mosfet_seq_0035_t60,3,HARD BAKE
dev_mosfet_seq_0035_t60,4,DEPOSIT BACKSIDE METAL
dev_mosfet_seq_0035_t60,5,POST EXPOSE BAKE
dev_mosfet_seq_0035_t80,1,STRIP PHOTORESIST
dev_mosfet_seq_0035_t80,2,STRIP RESIST
dev_mosfet_seq_0035_t80,3,MEASURE WINDOW CD
dev_mosfet_seq_0035_t80,4,MEASURE INITIAL GEOMETRY
dev_mosfet_seq_0035_t80,5,MEASURE GEOMETRY
dev_mosfet_seq_0547_t60,1,CLEAN AFTER VIA ETCH
dev_mosfet_seq_0547_t60,2,CLEAN AFTER POLY ETCH
dev_mosfet_seq_0547_t60,3,CLEAN AFTER METAL ETCH
dev_mosfet_seq_0547_t60,4,CLEAN AFTER FIELD ETCH
dev_mosfet_seq_0547_t60,5,OXIDE STRIP
dev_mosfet_seq_0547_t80,1,STRIP PHOTORESIST
dev_mosfet_seq_0547_t80,2,STRIP RESIST
dev_mosfet_seq_0547_t80,3,DEPOSIT TOP METAL
dev_mosfet_seq_0547_t80,4,DEPOSIT METAL 1
dev_mosfet_seq_0547_t80,5,MEASURE CONTACT RESISTANCE
dev_mosfet_seq_0989_t60,1,MEASURE VIA CD
dev_mosfet_seq_0989_t60,2,DEPOSIT BARRIER METAL
dev_mosfet_seq_0989_t60,3,MEASURE EPITAXY THICKNESS
dev_mosfet_seq_0989_t60,4,EXPOSE LITHO LEVEL 4
dev_mosfet_seq_0989_t60,5,MEASURE CONTACT RESISTANCE
dev_mosfet_seq_0989_t80,1,CLEAN PAD OPENING
dev_mosfet_seq_0989_t80,2,CLEAN AFTER VIA ETCH
dev_mosfet_seq_0989_t80,3,CLEAN AFTER METAL ETCH
dev_mosfet_seq_0989_t80,4,PASSIVATION ETCH
dev_mosfet_seq_0989_t80,5,BACKSIDE CLEAN
dev_mosfet_seq_0349_t60,1,CLEAN AFTER VIA ETCH
dev_mosfet_seq_0349_t60,2,CLEAN AFTER POLY ETCH
dev_mosfet_seq_0349_t60,3,CLEAN AFTER METAL ETCH
dev_mosfet_seq_0349_t60,4,CLEAN PAD OPENING
dev_mosfet_seq_0349_t60,5,EXPOSE LITHO LEVEL 2
dev_mosfet_seq_0349_t80,1,DEVELOP PHOTORESIST
dev_mosfet_seq_0349_t80,2,DEVELOP PAD WINDOW
dev_mosfet_seq_0349_t80,3,POST EXPOSE BAKE
dev_mosfet_seq_0349_t80,4,PASSIVATION ETCH PAD OPENING
dev_mosfet_seq_0349_t80,5,OPEN PAD WINDOW LITHO
dev_mosfet_seq_0830_t60,1,DEPOSIT BARRIER METAL
dev_mosfet_seq_0830_t60,2,MEASURE EPITAXY THICKNESS
dev_mosfet_seq_0830_t60,3,MEASURE VIA CD
dev_mosfet_seq_0830_t60,4,HARD BAKE
dev_mosfet_seq_0830_t60,5,DIELECTRIC ETCH VIA
dev_mosfet_seq_0830_t80,1,STRIP PHOTORESIST
dev_mosfet_seq_0830_t80,2,STRIP RESIST
dev_mosfet_seq_0830_t80,3,MEASURE INITIAL GEOMETRY
dev_mosfet_seq_0830_t80,4,DEVELOP PHOTORESIST
dev_mosfet_seq_0830_t80,5,MEASURE GEOMETRY
dev_mosfet_seq_0067_t60,1,CLEAN AFTER VIA ETCH
dev_mosfet_seq_0067_t60,2,CLEAN AFTER POLY ETCH
dev_mosfet_seq_0067_t60,3,CLEAN AFTER METAL ETCH
dev_mosfet_seq_0067_t60,4,CLEAN AFTER FIELD ETCH
dev_mosfet_seq_0067_t60,5,OXIDE STRIP
dev_mosfet_seq_0067_t80,1,DEVELOP PAD WINDOW
dev_mosfet_seq_0067_t80,2,DEVELOP PHOTORESIST
dev_mosfet_seq_0067_t80,3,POST EXPOSE BAKE
dev_mosfet_seq_0067_t80,4,BACKSIDE CLEAN FINAL
dev_mosfet_seq_0067_t80,5,MEASURE WAFER THICKNESS
dev_mosfet_seq_0912_t60,1,STRIP PHOTORESIST
dev_mosfet_seq_0912_t60,2,STRIP RESIST
dev_mosfet_seq_0912_t60,3,HARD BAKE
dev_mosfet_seq_0912_t60,4,METAL ETCH
dev_mosfet_seq_0912_t60,5,THERMAL OXIDATION
dev_mosfet_seq_0912_t80,1,STRIP PHOTORESIST
dev_mosfet_seq_0912_t80,2,STRIP RESIST
dev_mosfet_seq_0912_t80,3,DEPOSIT METAL 1
dev_mosfet_seq_0912_t80,4,MEASURE CONTACT RESISTANCE
dev_mosfet_seq_0912_t80,5,DEPOSIT TOP METAL
dev_mosfet_seq_0620_t60,1,MEASURE VIA CD
dev_mosfet_seq_0620_t60,2,DEPOSIT BARRIER METAL
dev_mosfet_seq_0620_t60,3,MEASURE EPITAXY THICKNESS
dev_mosfet_seq_0620_t60,4,MEASURE CONTACT RESISTANCE
dev_mosfet_seq_0620_t60,5,EXPOSE LITHO LEVEL 4
dev_mosfet_seq_0620_t80,1,DEVELOP PAD WINDOW
dev_mosfet_seq_0620_t80,2,DEVELOP PHOTORESIST
dev_mosfet_seq_0620_t80,3,POST EXPOSE BAKE
dev_mosfet_seq_0620_t80,4,BACKSIDE CLEAN FINAL
dev_mosfet_seq_0620_t80,5,MEASURE WAFER THICKNESS
dev_mosfet_seq_0426_t60,1,DEPOSIT BARRIER METAL
dev_mosfet_seq_0426_t60,2,DEPOSIT BACKSIDE METAL
dev_mosfet_seq_0426_t60,3,BACKSIDE METALLIZATION PREP
dev_mosfet_seq_0426_t60,4,HARD BAKE
dev_mosfet_seq_0426_t60,5,DIELECTRIC ETCH VIA
dev_mosfet_seq_0426_t80,1,DEVELOP PAD WINDOW
dev_mosfet_seq_0426_t80,2,DEVELOP PHOTORESIST
dev_mosfet_seq_0426_t80,3,POST EXPOSE BAKE
dev_mosfet_seq_0426_t80,4,OPEN PAD WINDOW LITHO
dev_mosfet_seq_0426_t80,5,PASSIVATION ETCH PAD OPENING
dev_mosfet_seq_0486_t60,1,DEPOSIT METAL SEED
dev_mosfet_seq_0486_t60,2,DEPOSIT TUNGSTEN SEED
dev_mosfet_seq_0486_t60,3,OXIDE STRIP
dev_mosfet_seq_0486_t60,4,POLY PATTERN INSPECTION
dev_mosfet_seq_0486_t60,5,HARD BAKE
dev_mosfet_seq_0486_t80,1,CLEAN PAD OPENING
dev_mosfet_seq_0486_t80,2,CLEAN AFTER VIA ETCH
dev_mosfet_seq_0486_t80,3,FINAL CLEAN
dev_mosfet_seq_0486_t80,4,CLEAN AFTER METAL ETCH
dev_mosfet_seq_0486_t80,5,BACKSIDE CLEAN
dev_mosfet_seq_0527_t60,1,CLEAN AFTER VIA ETCH
dev_mosfet_seq_0527_t60,2,CLEAN AFTER POLY ETCH
dev_mosfet_seq_0527_t60,3,CLEAN AFTER METAL ETCH
dev_mosfet_seq_0527_t60,4,CLEAN AFTER FIELD ETCH
dev_mosfet_seq_0527_t60,5,CLEAN AFTER WINDOW ETCH
dev_mosfet_seq_0527_t80,1,PASSIVATION ETCH PAD OPENING
dev_mosfet_seq_0527_t80,2,PASSIVATION ETCH
dev_mosfet_seq_0527_t80,3,METAL PATTERN INSPECTION
dev_mosfet_seq_0527_t80,4,BACKSIDE RINSE
dev_mosfet_seq_0527_t80,5,FINAL CD INSPECTION
dev_mosfet_seq_0938_t60,1,HARD BAKE
dev_mosfet_seq_0938_t60,2,VIA ETCH THROUGH DIELECTRIC
dev_mosfet_seq_0938_t60,3,DIELECTRIC ETCH VIA
dev_mosfet_seq_0938_t60,4,VIA ETCH
dev_mosfet_seq_0938_t60,5,POLYSILICON ETCH
dev_mosfet_seq_0938_t80,1,DEVELOP PAD WINDOW
dev_mosfet_seq_0938_t80,2,DEVELOP PHOTORESIST
dev_mosfet_seq_0938_t80,3,POST EXPOSE BAKE
dev_mosfet_seq_0938_t80,4,SHIP LOT
dev_mosfet_seq_0938_t80,5,MEASURE FILM THICKNESS
dev_mosfet_seq_0469_t60,1,DEPOSIT METAL SEED
dev_mosfet_seq_0469_t60,2,DEPOSIT TUNGSTEN SEED
dev_mosfet_seq_0469_t60,3,DEPOSIT BARRIER METAL
dev_mosfet_seq_0469_t60,4,POLY PATTERN INSPECTION
dev_mosfet_seq_0469_t60,5,MEASURE WINDOW CD
dev_mosfet_seq_0469_t80,1,STRIP PHOTORESIST
dev_mosfet_seq_0469_t80,2,STRIP RESIST
dev_mosfet_seq_0469_t80,3,DEVELOP PHOTORESIST
dev_mosfet_seq_0469_t80,4,MEASURE INITIAL GEOMETRY
dev_mosfet_seq_0469_t80,5,MEASURE GEOMETRY
dev_igbt_seq_0097_t60,1,MEASURE FILM THICKNESS
dev_igbt_seq_0097_t60,2,MEASURE DIELECTRIC THICKNESS
dev_igbt_seq_0097_t60,3,HARD BAKE
dev_igbt_seq_0097_t60,4,SPIN COAT PHOTORESIST
dev_igbt_seq_0097_t60,5,MEASURE WAFER THICKNESS
dev_igbt_seq_0097_t80,1,MEASURE LINE WIDTH
dev_igbt_seq_0097_t80,2,DEPOSIT PASSIVATION LAYER
dev_igbt_seq_0097_t80,3,DEPOSIT PASSIVATION
dev_igbt_seq_0097_t80,4,MEASURE CONTACT RESISTANCE
dev_igbt_seq_0097_t80,5,FINAL GEOMETRY CHECK
dev_igbt_seq_0292_t60,1,CMP INTERLAYER DIELECTRIC
dev_igbt_seq_0292_t60,2,CMP DIELECTRIC
dev_igbt_seq_0292_t60,3,DEVELOP PHOTORESIST
dev_igbt_seq_0292_t60,4,POST EXPOSE BAKE
dev_igbt_seq_0292_t60,5,DEPOSIT INTERLAYER DIELECTRIC
dev_igbt_seq_0292_t80,1,CURE PASSIVATION
dev_igbt_seq_0292_t80,2,DEPOSIT PASSIVATION LAYER
dev_igbt_seq_0292_t80,3,MEASURE PAD OPENING
dev_igbt_seq_0292_t80,4,VIA ETCH THROUGH DIELECTRIC
dev_igbt_seq_0292_t80,5,METAL ETCH DRY
dev_igbt_seq_0629_t60,1,MEASURE SURFACE PLANARITY
dev_igbt_seq_0629_t60,2,MEASURE PLANARITY
dev_igbt_seq_0629_t60,3,CMP DIELECTRIC
dev_igbt_seq_0629_t60,4,CMP INTERLAYER DIELECTRIC
dev_igbt_seq_0629_t60,5,DEVELOP PHOTORESIST
dev_igbt_seq_0629_t80,1,CURE PASSIVATION
dev_igbt_seq_0629_t80,2,DEPOSIT PASSIVATION LAYER
dev_igbt_seq_0629_t80,3,EXPOSE LITHO LEVEL 6
dev_igbt_seq_0629_t80,4,ANNEAL OXIDE
dev_igbt_seq_0629_t80,5,MEASURE VIA CD
dev_igbt_seq_0475_t60,1,SOFT BAKE
dev_igbt_seq_0475_t60,2,PRE ANNEAL CHECK
dev_igbt_seq_0475_t60,3,RAPID THERMAL ANNEAL
dev_igbt_seq_0475_t60,4,P BODY WINDOW INSPECTION
dev_igbt_seq_0475_t60,5,SPIN COAT PHOTORESIST
dev_igbt_seq_0475_t80,1,MEASURE PASSIVATION THICKNESS
dev_igbt_seq_0475_t80,2,MEASURE PASSIVATION QUALITY
dev_igbt_seq_0475_t80,3,POST EXPOSE BAKE
dev_igbt_seq_0475_t80,4,DEVELOP PHOTORESIST
dev_igbt_seq_0475_t80,5,ALIGN MASK LEVEL 6
dev_igbt_seq_0250_t60,1,MEASURE PLANARITY
dev_igbt_seq_0250_t60,2,MEASURE SURFACE PLANARITY
dev_igbt_seq_0250_t60,3,CURE PASSIVATION
dev_igbt_seq_0250_t60,4,CMP INTERLAYER DIELECTRIC
dev_igbt_seq_0250_t60,5,DEVELOP PHOTORESIST
dev_igbt_seq_0250_t80,1,MEASURE LINE WIDTH
dev_igbt_seq_0250_t80,2,DEPOSIT PASSIVATION LAYER
dev_igbt_seq_0250_t80,3,DEPOSIT PASSIVATION
dev_igbt_seq_0250_t80,4,HARD BAKE
dev_igbt_seq_0250_t80,5,PARAMETRIC TEST
dev_igbt_seq_0066_t60,1,MEASURE PLANARITY
dev_igbt_seq_0066_t60,2,MEASURE SURFACE PLANARITY
dev_igbt_seq_0066_t60,3,CMP INTERLAYER DIELECTRIC
dev_igbt_seq_0066_t60,4,LOT RELEASE
dev_igbt_seq_0066_t60,5,IMPLANT SOURCE DRAIN
dev_igbt_seq_0066_t80,1,MEASURE PASSIVATION THICKNESS
dev_igbt_seq_0066_t80,2,MEASURE PASSIVATION QUALITY
dev_igbt_seq_0066_t80,3,POST EXPOSE BAKE
dev_igbt_seq_0066_t80,4,ALIGN MASK LEVEL 6
dev_igbt_seq_0066_t80,5,DEVELOP PHOTORESIST
dev_igbt_seq_0906_t60,1,MEASURE FILM THICKNESS
dev_igbt_seq_0906_t60,2,MEASURE DIELECTRIC THICKNESS
dev_igbt_seq_0906_t60,3,SPIN COAT PHOTORESIST
dev_igbt_seq_0906_t60,4,MEASURE VIA RESISTANCE
dev_igbt_seq_0906_t60,5,OPEN PAD WINDOW
dev_igbt_seq_0906_t80,1,DEPOSIT PASSIVATION LAYER
dev_igbt_seq_0906_t80,2,DEPOSIT PASSIVATION
dev_igbt_seq_0906_t80,3,MEASURE LINE WIDTH
dev_igbt_seq_0906_t80,4,PARAMETRIC TEST
dev_igbt_seq_0906_t80,5,DEVELOP PHOTORESIST
dev_igbt_seq_0668_t60,1,SPIN COAT PHOTORESIST
dev_igbt_seq_0668_t60,2,EXPOSE LITHO LEVEL 4
dev_igbt_seq_0668_t60,3,MEASURE PLANARITY
dev_igbt_seq_0668_t60,4,SHIP LOT
dev_igbt_seq_0668_t60,5,MEASURE METAL THICKNESS
dev_igbt_seq_0668_t80,1,MEASURE PASSIVATION THICKNESS
dev_igbt_seq_0668_t80,2,MEASURE PASSIVATION QUALITY
dev_igbt_seq_0668_t80,3,MEASURE DEVICE PARAMETER
dev_igbt_seq_0668_t80,4,MEASURE PLANARITY
dev_igbt_seq_0668_t80,5,ALIGN MASK LEVEL 6
dev_igbt_seq_0402_t60,1,MEASURE PLANARITY
dev_igbt_seq_0402_t60,2,MEASURE SURFACE PLANARITY
dev_igbt_seq_0402_t60,3,LOT RELEASE
dev_igbt_seq_0402_t60,4,CMP INTERLAYER DIELECTRIC
dev_igbt_seq_0402_t60,5,OPEN BOND PAD WINDOW
dev_igbt_seq_0402_t80,1,CURE PASSIVATION
dev_igbt_seq_0402_t80,2,MEASURE PAD OPENING
dev_igbt_seq_0402_t80,3,DEPOSIT PASSIVATION LAYER
dev_igbt_seq_0402_t80,4,VIA ETCH THROUGH DIELECTRIC
dev_igbt_seq_0402_t80,5,DEPOSIT INTERLEVEL DIELECTRIC
dev_igbt_seq_0036_t60,1,CMP INTERLAYER DIELECTRIC
dev_igbt_seq_0036_t60,2,CMP DIELECTRIC
dev_igbt_seq_0036_t60,3,SPIN COAT PHOTORESIST
dev_igbt_seq_0036_t60,4,DEVELOP PHOTORESIST
dev_igbt_seq_0036_t60,5,POST EXPOSE BAKE
dev_igbt_seq_0036_t80,1,CURE PASSIVATION
dev_igbt_seq_0036_t80,2,MEASURE PAD OPENING
dev_igbt_seq_0036_t80,3,DEPOSIT PASSIVATION LAYER
dev_igbt_seq_0036_t80,4,SHIP LOT
dev_igbt_seq_0036_t80,5,CMP DIELECTRIC
dev_igbt_seq_0347_t60,1,CMP DIELECTRIC
dev_igbt_seq_0347_t60,2,CMP INTERLAYER DIELECTRIC
dev_igbt_seq_0347_t60,3,DEVELOP PHOTORESIST
dev_igbt_seq_0347_t60,4,POST EXPOSE BAKE
dev_igbt_seq_0347_t60,5,SPIN COAT PHOTORESIST
dev_igbt_seq_0347_t80,1,CURE PASSIVATION
dev_igbt_seq_0347_t80,2,MEASURE PAD OPENING
dev_igbt_seq_0347_t80,3,DEPOSIT PASSIVATION LAYER
dev_igbt_seq_0347_t80,4,SHIP LOT
dev_igbt_seq_0347_t80,5,CMP DIELECTRIC
dev_igbt_seq_0892_t60,1,SPIN COAT PHOTORESIST
dev_igbt_seq_0892_t60,2,HARD BAKE
dev_igbt_seq_0892_t60,3,MEASURE PLANARITY
dev_igbt_seq_0892_t60,4,LOT RELEASE
dev_igbt_seq_0892_t60,5,DEPOSIT BARRIER METAL
dev_igbt_seq_0892_t80,1,CURE PASSIVATION
dev_igbt_seq_0892_t80,2,MEASURE PAD OPENING
dev_igbt_seq_0892_t80,3,STRIP PHOTORESIST
dev_igbt_seq_0892_t80,4,STRIP RESIST
dev_igbt_seq_0892_t80,5,VIA ETCH THROUGH DIELECTRIC
dev_igbt_seq_0467_t60,1,MEASURE FILM THICKNESS
dev_igbt_seq_0467_t60,2,MEASURE DIELECTRIC THICKNESS
dev_igbt_seq_0467_t60,3,SPIN COAT PHOTORESIST
dev_igbt_seq_0467_t60,4,MEASURE VIA RESISTANCE
dev_igbt_seq_0467_t60,5,EPITAXY PREP
dev_igbt_seq_0467_t80,1,MEASURE LINE WIDTH
dev_igbt_seq_0467_t80,2,DEPOSIT PASSIVATION LAYER
dev_igbt_seq_0467_t80,3,DEPOSIT PASSIVATION
dev_igbt_seq_0467_t80,4,PARAMETRIC TEST
dev_igbt_seq_0467_t80,5,STRIP RESIST
dev_igbt_seq_0301_t60,1,SOFT BAKE
dev_igbt_seq_0301_t60,2,RAPID THERMAL ANNEAL
dev_igbt_seq_0301_t60,3,EXPOSE LITHO LEVEL 6
dev_igbt_seq_0301_t60,4,SPIN COAT PHOTORESIST
dev_igbt_seq_0301_t60,5,PRE ANNEAL CHECK
dev_igbt_seq_0301_t80,1,MEASURE PASSIVATION THICKNESS
dev_igbt_seq_0301_t80,2,MEASURE PASSIVATION QUALITY
dev_igbt_seq_0301_t80,3,DEPOSIT PASSIVATION LAYER
dev_igbt_seq_0301_t80,4,IMPLANT DRAIN / CATHODE REGION
dev_igbt_seq_0301_t80,5,POST EXPOSE BAKE
dev_igbt_seq_0928_t60,1,SPIN COAT PHOTORESIST
dev_igbt_seq_0928_t60,2,EXPOSE LITHO LEVEL 4
dev_igbt_seq_0928_t60,3,MEASURE METAL THICKNESS
dev_igbt_seq_0928_t60,4,PRE ANNEAL CHECK
dev_igbt_seq_0928_t60,5,MEASURE SURFACE PLANARITY
dev_igbt_seq_0928_t80,1,DEPOSIT PASSIVATION LAYER
dev_igbt_seq_0928_t80,2,DEPOSIT PASSIVATION
dev_igbt_seq_0928_t80,3,MEASURE LINE WIDTH
dev_igbt_seq_0928_t80,4,DEVELOP PHOTORESIST
dev_igbt_seq_0928_t80,5,POST EXPOSE BAKE
dev_igbt_seq_0079_t60,1,SPIN COAT PHOTORESIST
dev_igbt_seq_0079_t60,2,MEASURE METAL THICKNESS
dev_igbt_seq_0079_t60,3,HARD BAKE
dev_igbt_seq_0079_t60,4,OPEN BOND PAD WINDOW
dev_igbt_seq_0079_t60,5,CURE PASSIVATION
dev_igbt_seq_0079_t80,1,CURE PASSIVATION
dev_igbt_seq_0079_t80,2,STRIP PHOTORESIST
dev_igbt_seq_0079_t80,3,STRIP RESIST
dev_igbt_seq_0079_t80,4,HARD BAKE
dev_igbt_seq_0079_t80,5,SPIN COAT PHOTORESIST
dev_igbt_seq_0804_t60,1,SPIN COAT PHOTORESIST
dev_igbt_seq_0804_t60,2,MEASURE METAL THICKNESS
dev_igbt_seq_0804_t60,3,CURE PASSIVATION
dev_igbt_seq_0804_t60,4,VIA ETCH THROUGH DIELECTRIC
dev_igbt_seq_0804_t60,5,CMP INTERLAYER DIELECTRIC
dev_igbt_seq_0804_t80,1,CURE PASSIVATION
dev_igbt_seq_0804_t80,2,DEPOSIT PASSIVATION LAYER
dev_igbt_seq_0804_t80,3,MEASURE PAD OPENING
dev_igbt_seq_0804_t80,4,VIA ETCH THROUGH DIELECTRIC
dev_igbt_seq_0804_t80,5,METAL ETCH DRY
dev_igbt_seq_0826_t60,1,MEASURE PLANARITY
dev_igbt_seq_0826_t60,2,MEASURE SURFACE PLANARITY
dev_igbt_seq_0826_t60,3,DEVELOP PHOTORESIST
dev_igbt_seq_0826_t60,4,CURE PASSIVATION
dev_igbt_seq_0826_t60,5,POST EXPOSE BAKE
dev_igbt_seq_0826_t80,1,CURE PASSIVATION
dev_igbt_seq_0826_t80,2,VIA ETCH THROUGH DIELECTRIC
dev_igbt_seq_0826_t80,3,DEPOSIT PASSIVATION LAYER
dev_igbt_seq_0826_t80,4,METAL ETCH DRY
dev_igbt_seq_0826_t80,5,SHIP LOT
dev_igbt_seq_1000_t60,1,SPIN COAT PHOTORESIST
dev_igbt_seq_1000_t60,2,MEASURE PLANARITY
dev_igbt_seq_1000_t60,3,DEPOSIT BARRIER METAL
dev_igbt_seq_1000_t60,4,HARD BAKE
dev_igbt_seq_1000_t60,5,EXPOSE LITHO LEVEL 4
dev_igbt_seq_1000_t80,1,MEASURE PASSIVATION THICKNESS
dev_igbt_seq_1000_t80,2,MEASURE PASSIVATION QUALITY
dev_igbt_seq_1000_t80,3,POST EXPOSE BAKE
dev_igbt_seq_1000_t80,4,DEVELOP PHOTORESIST
dev_igbt_seq_1000_t80,5,IMPLANT DRAIN / CATHODE REGION
dev_igbt_seq_0469_t60,1,CMP INTERLAYER DIELECTRIC
dev_igbt_seq_0469_t60,2,CMP DIELECTRIC
dev_igbt_seq_0469_t60,3,SPIN COAT PHOTORESIST
dev_igbt_seq_0469_t60,4,DEVELOP PHOTORESIST
dev_igbt_seq_0469_t60,5,POST EXPOSE BAKE
dev_igbt_seq_0469_t80,1,CURE PASSIVATION
dev_igbt_seq_0469_t80,2,MEASURE PAD OPENING
dev_igbt_seq_0469_t80,3,DEPOSIT PASSIVATION LAYER
dev_igbt_seq_0469_t80,4,MEASURE JUNCTION DEPTH
dev_igbt_seq_0469_t80,5,RAPID THERMAL ANNEAL
dev_igbt_seq_0186_t60,1,SPIN COAT PHOTORESIST
dev_igbt_seq_0186_t60,2,MEASURE PLANARITY
dev_igbt_seq_0186_t60,3,DEPOSIT POLYSILICON
dev_igbt_seq_0186_t60,4,DEPOSIT BARRIER METAL
dev_igbt_seq_0186_t60,5,EXPOSE LITHO LEVEL 4
dev_igbt_seq_0186_t80,1,CURE PASSIVATION
dev_igbt_seq_0186_t80,2,HF DIP
dev_igbt_seq_0186_t80,3,DEVELOP PHOTORESIST
dev_igbt_seq_0186_t80,4,ANNEAL OXIDE
dev_igbt_seq_0186_t80,5,POST EXPOSE BAKE
dev_igbt_seq_0729_t60,1,MEASURE SURFACE PLANARITY
dev_igbt_seq_0729_t60,2,MEASURE PLANARITY
dev_igbt_seq_0729_t60,3,DEVELOP PHOTORESIST
dev_igbt_seq_0729_t60,4,CMP INTERLAYER DIELECTRIC
dev_igbt_seq_0729_t60,5,CMP DIELECTRIC
dev_igbt_seq_0729_t80,1,CURE PASSIVATION
dev_igbt_seq_0729_t80,2,MEASURE PAD OPENING
dev_igbt_seq_0729_t80,3,VIA ETCH THROUGH DIELECTRIC
dev_igbt_seq_0729_t80,4,DEVELOP PHOTORESIST
dev_igbt_seq_0729_t80,5,STRIP RESIST
dev_igbt_seq_0071_t60,1,MEASURE PLANARITY
dev_igbt_seq_0071_t60,2,MEASURE SURFACE PLANARITY
dev_igbt_seq_0071_t60,3,LOT RELEASE
dev_igbt_seq_0071_t60,4,CMP INTERLAYER DIELECTRIC
dev_igbt_seq_0071_t60,5,POST EXPOSE BAKE
dev_igbt_seq_0071_t80,1,MEASURE LINE WIDTH
dev_igbt_seq_0071_t80,2,DEPOSIT PASSIVATION LAYER
dev_igbt_seq_0071_t80,3,DEPOSIT PASSIVATION
dev_igbt_seq_0071_t80,4,STRIP RESIST
dev_igbt_seq_0071_t80,5,STRIP PHOTORESIST
dev_igbt_seq_0489_t60,1,SOFT BAKE
dev_igbt_seq_0489_t60,2,RAPID THERMAL ANNEAL
dev_igbt_seq_0489_t60,3,PRE ANNEAL CHECK
dev_igbt_seq_0489_t60,4,SPIN COAT PHOTORESIST
dev_igbt_seq_0489_t60,5,EXPOSE LITHO LEVEL 6
dev_igbt_seq_0489_t80,1,MEASURE PASSIVATION THICKNESS
dev_igbt_seq_0489_t80,2,MEASURE PASSIVATION QUALITY
dev_igbt_seq_0489_t80,3,POST EXPOSE BAKE
dev_igbt_seq_0489_t80,4,DEVELOP PHOTORESIST
dev_igbt_seq_0489_t80,5,MEASURE DEVICE PARAMETER
dev_igbt_seq_0662_t60,1,MEASURE PLANARITY
dev_igbt_seq_0662_t60,2,MEASURE SURFACE PLANARITY
dev_igbt_seq_0662_t60,3,CMP INTERLAYER DIELECTRIC
dev_igbt_seq_0662_t60,4,LOT RELEASE
dev_igbt_seq_0662_t60,5,SPIN COAT PHOTORESIST
dev_igbt_seq_0662_t80,1,CURE PASSIVATION
dev_igbt_seq_0662_t80,2,MEASURE PAD OPENING
dev_igbt_seq_0662_t80,3,STRIP RESIST
dev_igbt_seq_0662_t80,4,STRIP PHOTORESIST
dev_igbt_seq_0662_t80,5,VIA ETCH THROUGH DIELECTRIC
dev_igbt_seq_0721_t60,1,SOFT BAKE
dev_igbt_seq_0721_t60,2,SPIN COAT PHOTORESIST
dev_igbt_seq_0721_t60,3,RAPID THERMAL ANNEAL
dev_igbt_seq_0721_t60,4,PRE ANNEAL CHECK
dev_igbt_seq_0721_t60,5,VIA ETCH THROUGH DIELECTRIC
dev_igbt_seq_0721_t80,1,CURE PASSIVATION
dev_igbt_seq_0721_t80,2,DEVELOP PHOTORESIST
dev_igbt_seq_0721_t80,3,SPIN COAT PHOTORESIST
dev_igbt_seq_0721_t80,4,POST EXPOSE BAKE
dev_igbt_seq_0721_t80,5,VIA ETCH THROUGH DIELECTRIC
dev_igbt_seq_0743_t60,1,CMP INTERLAYER DIELECTRIC
dev_igbt_seq_0743_t60,2,CMP DIELECTRIC
dev_igbt_seq_0743_t60,3,SPIN COAT PHOTORESIST
dev_igbt_seq_0743_t60,4,DEVELOP PHOTORESIST
dev_igbt_seq_0743_t60,5,POST EXPOSE BAKE
dev_igbt_seq_0743_t80,1,DEPOSIT PASSIVATION
dev_igbt_seq_0743_t80,2,DEPOSIT PASSIVATION LAYER
dev_igbt_seq_0743_t80,3,HARD BAKE
dev_igbt_seq_0743_t80,4,MEASURE LINE WIDTH
dev_igbt_seq_0743_t80,5,DEPOSIT PAD OXIDE
dev_igbt_seq_0720_t60,1,SPIN COAT PHOTORESIST
dev_igbt_seq_0720_t60,2,LOT RELEASE
dev_igbt_seq_0720_t60,3,MEASURE PLANARITY
dev_igbt_seq_0720_t60,4,DEPOSIT GATE OXIDE OR DIELECTRIC
dev_igbt_seq_0720_t60,5,MEASURE METAL THICKNESS
dev_igbt_seq_0720_t80,1,MEASURE PASSIVATION THICKNESS
dev_igbt_seq_0720_t80,2,MEASURE PASSIVATION QUALITY
dev_igbt_seq_0720_t80,3,STRIP PHOTORESIST
dev_igbt_seq_0720_t80,4,STRIP RESIST
dev_igbt_seq_0720_t80,5,POST EXPOSE BAKE
dev_igbt_seq_0505_t60,1,SPIN COAT PHOTORESIST
dev_igbt_seq_0505_t60,2,MEASURE SURFACE PLANARITY
dev_igbt_seq_0505_t60,3,MEASURE METAL THICKNESS
dev_igbt_seq_0505_t60,4,CMP DIELECTRIC
dev_igbt_seq_0505_t60,5,EXPOSE LITHO LEVEL 4
dev_igbt_seq_0505_t80,1,OPEN PAD WINDOW
dev_igbt_seq_0505_t80,2,OPEN BOND PAD WINDOW
dev_igbt_seq_0505_t80,3,ALIGN MASK LEVEL 4
dev_igbt_seq_0505_t80,4,WAFER SORT TEST
dev_igbt_seq_0505_t80,5,LOT RELEASE
dev_igbt_seq_0202_t60,1,MEASURE DIELECTRIC THICKNESS
dev_igbt_seq_0202_t60,2,MEASURE FILM THICKNESS
dev_igbt_seq_0202_t60,3,DEVELOP PHOTORESIST
dev_igbt_seq_0202_t60,4,PACKAGE PREPARATION
dev_igbt_seq_0202_t60,5,MEASURE THICKNESS
dev_igbt_seq_0202_t80,1,MEASURE LINE WIDTH
dev_igbt_seq_0202_t80,2,DEPOSIT PASSIVATION LAYER
dev_igbt_seq_0202_t80,3,DEPOSIT PASSIVATION
dev_igbt_seq_0202_t80,4,ALIGN MASK LEVEL 6
dev_igbt_seq_0202_t80,5,POST EXPOSE BAKE
dev_igbt_seq_0782_t60,1,SPIN COAT PHOTORESIST
dev_igbt_seq_0782_t60,2,MEASURE METAL THICKNESS
dev_igbt_seq_0782_t60,3,PRE ANNEAL CHECK
dev_igbt_seq_0782_t60,4,MEASURE SURFACE PLANARITY
dev_igbt_seq_0782_t60,5,LOT RELEASE
dev_igbt_seq_0782_t80,1,DEPOSIT PASSIVATION
dev_igbt_seq_0782_t80,2,DEPOSIT PASSIVATION LAYER
dev_igbt_seq_0782_t80,3,PARAMETRIC TEST
dev_igbt_seq_0782_t80,4,MEASURE LINE WIDTH
dev_igbt_seq_0782_t80,5,ELECTRICAL PARAMETRIC TEST
dev_igbt_seq_0583_t60,1,MEASURE PLANARITY
dev_igbt_seq_0583_t60,2,MEASURE SURFACE PLANARITY
dev_igbt_seq_0583_t60,3,DEVELOP PHOTORESIST
dev_igbt_seq_0583_t60,4,CURE PASSIVATION
dev_igbt_seq_0583_t60,5,POST EXPOSE BAKE
dev_igbt_seq_0583_t80,1,CURE PASSIVATION
dev_igbt_seq_0583_t80,2,DEPOSIT PASSIVATION LAYER
dev_igbt_seq_0583_t80,3,VIA ETCH THROUGH DIELECTRIC
dev_igbt_seq_0583_t80,4,METAL ETCH DRY
dev_igbt_seq_0583_t80,5,SHIP LOT
dev_igbt_seq_0982_t60,1,MEASURE SURFACE PLANARITY
dev_igbt_seq_0982_t60,2,MEASURE PLANARITY
dev_igbt_seq_0982_t60,3,CMP INTERLAYER DIELECTRIC
dev_igbt_seq_0982_t60,4,LOT RELEASE
dev_igbt_seq_0982_t60,5,DEVELOP PHOTORESIST
dev_igbt_seq_0982_t80,1,CURE PASSIVATION
dev_igbt_seq_0982_t80,2,SPIN COAT PHOTORESIST
dev_igbt_seq_0982_t80,3,WAFER SORT TEST
dev_igbt_seq_0982_t80,4,DEVELOP PHOTORESIST
dev_igbt_seq_0982_t80,5,POST EXPOSE BAKE
dev_igbt_seq_0251_t60,1,MEASURE PLANARITY
dev_igbt_seq_0251_t60,2,MEASURE SURFACE PLANARITY
dev_igbt_seq_0251_t60,3,DEVELOP PHOTORESIST
dev_igbt_seq_0251_t60,4,DENSIFY OXIDE
dev_igbt_seq_0251_t60,5,CURE PASSIVATION
dev_igbt_seq_0251_t80,1,CURE PASSIVATION
dev_igbt_seq_0251_t80,2,DEPOSIT PASSIVATION LAYER
dev_igbt_seq_0251_t80,3,MEASURE PAD OPENING
dev_igbt_seq_0251_t80,4,METAL ETCH DRY
dev_igbt_seq_0251_t80,5,DEPOSIT INTERLAYER DIELECTRIC
dev_igbt_seq_0330_t60,1,SOFT BAKE
dev_igbt_seq_0330_t60,2,PRE ANNEAL CHECK
dev_igbt_seq_0330_t60,3,SPIN COAT PHOTORESIST
dev_igbt_seq_0330_t60,4,VIA ETCH THROUGH DIELECTRIC
dev_igbt_seq_0330_t60,5,P BODY WINDOW INSPECTION
dev_igbt_seq_0330_t80,1,CURE PASSIVATION
dev_igbt_seq_0330_t80,2,SPIN COAT PHOTORESIST
dev_igbt_seq_0330_t80,3,WAFER SORT TEST
dev_igbt_seq_0330_t80,4,ANNEAL OXIDE
dev_igbt_seq_0330_t80,5,HARD BAKE
dev_igbt_seq_0981_t60,1,SOFT BAKE
dev_igbt_seq_0981_t60,2,RAPID THERMAL ANNEAL
dev_igbt_seq_0981_t60,3,PRE ANNEAL CHECK
dev_igbt_seq_0981_t60,4,SPIN COAT PHOTORESIST
dev_igbt_seq_0981_t60,5,P BODY WINDOW INSPECTION
dev_igbt_seq_0981_t80,1,OPEN PAD WINDOW
dev_igbt_seq_0981_t80,2,OPEN BOND PAD WINDOW
dev_igbt_seq_0981_t80,3,ALIGN MASK LEVEL 4
dev_igbt_seq_0981_t80,4,WAFER SORT TEST
dev_igbt_seq_0981_t80,5,MEASURE VIA RESISTANCE
dev_igbt_seq_0911_t60,1,SPIN COAT PHOTORESIST
dev_igbt_seq_0911_t60,2,MEASURE PLANARITY
dev_igbt_seq_0911_t60,3,DEPOSIT BARRIER METAL
dev_igbt_seq_0911_t60,4,EXPOSE LITHO LEVEL 4
dev_igbt_seq_0911_t60,5,DEPOSIT POLYSILICON
dev_igbt_seq_0911_t80,1,CURE PASSIVATION
dev_igbt_seq_0911_t80,2,DEVELOP PHOTORESIST
dev_igbt_seq_0911_t80,3,HF DIP
dev_igbt_seq_0911_t80,4,WAFER SORT TEST
dev_igbt_seq_0911_t80,5,ANNEAL OXIDE
dev_igbt_seq_0271_t60,1,SPIN COAT PHOTORESIST
dev_igbt_seq_0271_t60,2,MEASURE METAL THICKNESS
dev_igbt_seq_0271_t60,3,HARD BAKE
dev_igbt_seq_0271_t60,4,CURE PASSIVATION
dev_igbt_seq_0271_t60,5,MEASURE PAD OPENING
dev_igbt_seq_0271_t80,1,CURE PASSIVATION
dev_igbt_seq_0271_t80,2,MEASURE PAD OPENING
dev_igbt_seq_0271_t80,3,DEPOSIT PASSIVATION LAYER
dev_igbt_seq_0271_t80,4,MEASURE JUNCTION DEPTH
dev_igbt_seq_0271_t80,5,RAPID THERMAL ANNEAL
dev_igbt_seq_0502_t60,1,MEASURE PLANARITY
dev_igbt_seq_0502_t60,2,MEASURE SURFACE PLANARITY
dev_igbt_seq_0502_t60,3,DEVELOP PHOTORESIST
dev_igbt_seq_0502_t60,4,CURE PASSIVATION
dev_igbt_seq_0502_t60,5,CMP INTERLAYER DIELECTRIC
dev_igbt_seq_0502_t80,1,CURE PASSIVATION
dev_igbt_seq_0502_t80,2,MEASURE PAD OPENING
dev_igbt_seq_0502_t80,3,DEPOSIT PASSIVATION LAYER
dev_igbt_seq_0502_t80,4,VIA ETCH THROUGH DIELECTRIC
dev_igbt_seq_0502_t80,5,METAL ETCH DRY
dev_igbt_seq_0867_t60,1,MEASURE PLANARITY
dev_igbt_seq_0867_t60,2,MEASURE SURFACE PLANARITY
dev_igbt_seq_0867_t60,3,DEVELOP PHOTORESIST
dev_igbt_seq_0867_t60,4,FINAL LOT RELEASE
dev_igbt_seq_0867_t60,5,POST EXPOSE BAKE
dev_igbt_seq_0867_t80,1,CURE PASSIVATION
dev_igbt_seq_0867_t80,2,SPIN COAT PHOTORESIST
dev_igbt_seq_0867_t80,3,WAFER SORT TEST
dev_igbt_seq_0867_t80,4,DEVELOP PHOTORESIST
dev_igbt_seq_0867_t80,5,POST EXPOSE BAKE
dev_igbt_seq_0976_t60,1,MEASURE PLANARITY
dev_igbt_seq_0976_t60,2,MEASURE SURFACE PLANARITY
dev_igbt_seq_0976_t60,3,CMP DIELECTRIC
dev_igbt_seq_0976_t60,4,CMP INTERLAYER DIELECTRIC
dev_igbt_seq_0976_t60,5,CURE PASSIVATION
dev_igbt_seq_0976_t80,1,CURE PASSIVATION
dev_igbt_seq_0976_t80,2,DEPOSIT PASSIVATION LAYER
dev_igbt_seq_0976_t80,3,EXPOSE LITHO LEVEL 6
dev_igbt_seq_0976_t80,4,MEASURE VIA CD
dev_igbt_seq_0976_t80,5,ANNEAL OXIDE
dev_igbt_seq_0191_t60,1,CMP INTERLAYER DIELECTRIC
dev_igbt_seq_0191_t60,2,CMP DIELECTRIC
dev_igbt_seq_0191_t60,3,SPIN COAT PHOTORESIST
dev_igbt_seq_0191_t60,4,DEVELOP PHOTORESIST
dev_igbt_seq_0191_t60,5,POST EXPOSE BAKE
dev_igbt_seq_0191_t80,1,DEPOSIT PASSIVATION LAYER
dev_igbt_seq_0191_t80,2,DEPOSIT PASSIVATION
dev_igbt_seq_0191_t80,3,MEASURE LINE WIDTH
dev_igbt_seq_0191_t80,4,HARD BAKE
dev_igbt_seq_0191_t80,5,FRONTSIDE CLEAN FINAL
dev_igbt_seq_0574_t60,1,CMP INTERLAYER DIELECTRIC
dev_igbt_seq_0574_t60,2,CMP DIELECTRIC
dev_igbt_seq_0574_t60,3,DEVELOP PHOTORESIST
dev_igbt_seq_0574_t60,4,SPIN COAT PHOTORESIST
dev_igbt_seq_0574_t60,5,POST EXPOSE BAKE
dev_igbt_seq_0574_t80,1,DEPOSIT PASSIVATION LAYER
dev_igbt_seq_0574_t80,2,DEPOSIT PASSIVATION
dev_igbt_seq_0574_t80,3,PARAMETRIC TEST
dev_igbt_seq_0574_t80,4,MEASURE LINE WIDTH
dev_igbt_seq_0574_t80,5,WET CLEAN RCA2
dev_igbt_seq_0725_t60,1,ALIGN MASK LEVEL 5
dev_igbt_seq_0725_t60,2,ALIGN MASK LEVEL 4
dev_igbt_seq_0725_t60,3,ALIGN MASK LEVEL 6
dev_igbt_seq_0725_t60,4,MEASURE BACKSIDE CONTACT
dev_igbt_seq_0725_t60,5,HARD BAKE
dev_igbt_seq_0725_t80,1,MEASURE PASSIVATION THICKNESS
dev_igbt_seq_0725_t80,2,MEASURE PASSIVATION QUALITY
dev_igbt_seq_0725_t80,3,STRIP PHOTORESIST
dev_igbt_seq_0725_t80,4,STRIP RESIST
dev_igbt_seq_0725_t80,5,MEASURE DEVICE PARAMETER
dev_igbt_seq_0838_t60,1,MEASURE PLANARITY
dev_igbt_seq_0838_t60,2,MEASURE SURFACE PLANARITY
dev_igbt_seq_0838_t60,3,CMP DIELECTRIC
dev_igbt_seq_0838_t60,4,CURE PASSIVATION
dev_igbt_seq_0838_t60,5,CMP INTERLAYER DIELECTRIC
dev_igbt_seq_0838_t80,1,DEPOSIT PASSIVATION LAYER
dev_igbt_seq_0838_t80,2,DEPOSIT PASSIVATION
dev_igbt_seq_0838_t80,3,MEASURE LINE WIDTH
dev_igbt_seq_0838_t80,4,DEVELOP PHOTORESIST
dev_igbt_seq_0838_t80,5,POST EXPOSE BAKE
dev_igbt_seq_0377_t60,1,CMP INTERLAYER DIELECTRIC
dev_igbt_seq_0377_t60,2,CMP DIELECTRIC
dev_igbt_seq_0377_t60,3,DEVELOP PHOTORESIST
dev_igbt_seq_0377_t60,4,POST EXPOSE BAKE
dev_igbt_seq_0377_t60,5,SPIN COAT PHOTORESIST
dev_igbt_seq_0377_t80,1,CURE PASSIVATION
dev_igbt_seq_0377_t80,2,SPIN COAT PHOTORESIST
dev_igbt_seq_0377_t80,3,WAFER SORT TEST
dev_igbt_seq_0377_t80,4,DEVELOP PHOTORESIST
dev_igbt_seq_0377_t80,5,POST EXPOSE BAKE
dev_igbt_seq_0220_t60,1,SOFT BAKE
dev_igbt_seq_0220_t60,2,SPIN COAT PHOTORESIST
dev_igbt_seq_0220_t60,3,RAPID THERMAL ANNEAL
dev_igbt_seq_0220_t60,4,PRE ANNEAL CHECK
dev_igbt_seq_0220_t60,5,VIA ETCH THROUGH DIELECTRIC
dev_igbt_seq_0220_t80,1,MEASURE PASSIVATION THICKNESS
dev_igbt_seq_0220_t80,2,MEASURE PASSIVATION QUALITY
dev_igbt_seq_0220_t80,3,STRIP PHOTORESIST
dev_igbt_seq_0220_t80,4,STRIP RESIST
dev_igbt_seq_0220_t80,5,MEASURE PLANARITY
dev_igbt_seq_0862_t60,1,MEASURE PLANARITY
dev_igbt_seq_0862_t60,2,MEASURE SURFACE PLANARITY
dev_igbt_seq_0862_t60,3,CMP INTERLAYER DIELECTRIC
dev_igbt_seq_0862_t60,4,LOT RELEASE
dev_igbt_seq_0862_t60,5,POST EXPOSE BAKE
dev_igbt_seq_0862_t80,1,CURE PASSIVATION
dev_igbt_seq_0862_t80,2,DEVELOP PHOTORESIST
dev_igbt_seq_0862_t80,3,SPIN COAT PHOTORESIST
dev_igbt_seq_0862_t80,4,POST EXPOSE BAKE
dev_igbt_seq_0862_t80,5,VIA ETCH THROUGH DIELECTRIC
dev_igbt_seq_0749_t60,1,SPIN COAT PHOTORESIST
dev_igbt_seq_0749_t60,2,MEASURE METAL THICKNESS
dev_igbt_seq_0749_t60,3,CMP DIELECTRIC
dev_igbt_seq_0749_t60,4,MEASURE SURFACE PLANARITY
dev_igbt_seq_0749_t60,5,CMP INTERLAYER DIELECTRIC
dev_igbt_seq_0749_t80,1,CURE PASSIVATION
dev_igbt_seq_0749_t80,2,DEPOSIT PASSIVATION LAYER
dev_igbt_seq_0749_t80,3,EXPOSE LITHO LEVEL 6
dev_igbt_seq_0749_t80,4,ANNEAL OXIDE
dev_igbt_seq_0749_t80,5,MEASURE VIA CD
dev_igbt_seq_0087_t60,1,ALIGN MASK LEVEL 4
dev_igbt_seq_0087_t60,2,ALIGN MASK LEVEL 5
dev_igbt_seq_0087_t60,3,ALIGN MASK LEVEL 6
dev_igbt_seq_0087_t60,4,ALIGN MASK LEVEL 3
dev_igbt_seq_0087_t60,5,ALIGN MASK LEVEL 2
dev_igbt_seq_0087_t80,1,OPEN PAD WINDOW
dev_igbt_seq_0087_t80,2,OPEN BOND PAD WINDOW
dev_igbt_seq_0087_t80,3,IMPLANT CHANNEL STOP
dev_igbt_seq_0087_t80,4,ALIGN MASK LEVEL 4
dev_igbt_seq_0087_t80,5,IMPLANT LDD
dev_igbt_seq_0069_t60,1,CMP INTERLAYER DIELECTRIC
dev_igbt_seq_0069_t60,2,CMP DIELECTRIC
dev_igbt_seq_0069_t60,3,DEVELOP PHOTORESIST
dev_igbt_seq_0069_t60,4,SPIN COAT PHOTORESIST
dev_igbt_seq_0069_t60,5,EXPOSE LITHO LEVEL 4
dev_igbt_seq_0069_t80,1,MEASURE LINE WIDTH
dev_igbt_seq_0069_t80,2,DEPOSIT PASSIVATION LAYER
dev_igbt_seq_0069_t80,3,DEPOSIT PASSIVATION
dev_igbt_seq_0069_t80,4,PARAMETRIC TEST
dev_igbt_seq_0069_t80,5,FINAL GEOMETRY CHECK
dev_igbt_seq_0555_t60,1,SPIN COAT PHOTORESIST
dev_igbt_seq_0555_t60,2,MEASURE METAL THICKNESS
dev_igbt_seq_0555_t60,3,HARD BAKE
dev_igbt_seq_0555_t60,4,VIA ETCH THROUGH DIELECTRIC
dev_igbt_seq_0555_t60,5,PRE ANNEAL CHECK
dev_igbt_seq_0555_t80,1,DEPOSIT PASSIVATION LAYER
dev_igbt_seq_0555_t80,2,DEPOSIT PASSIVATION
dev_igbt_seq_0555_t80,3,MEASURE LINE WIDTH
dev_igbt_seq_0555_t80,4,FINAL GEOMETRY CHECK
dev_igbt_seq_0555_t80,5,LEAKAGE TEST
dev_igbt_seq_0419_t60,1,MEASURE SURFACE PLANARITY
dev_igbt_seq_0419_t60,2,MEASURE PLANARITY
dev_igbt_seq_0419_t60,3,CMP DIELECTRIC
dev_igbt_seq_0419_t60,4,DEVELOP PHOTORESIST
dev_igbt_seq_0419_t60,5,CMP INTERLAYER DIELECTRIC
dev_igbt_seq_0419_t80,1,DEPOSIT PASSIVATION LAYER
dev_igbt_seq_0419_t80,2,DEPOSIT PASSIVATION
dev_igbt_seq_0419_t80,3,MEASURE LINE WIDTH
dev_igbt_seq_0419_t80,4,DEVELOP PHOTORESIST
dev_igbt_seq_0419_t80,5,POST EXPOSE BAKE
dev_igbt_seq_0728_t60,1,CMP DIELECTRIC
dev_igbt_seq_0728_t60,2,CMP INTERLAYER DIELECTRIC
dev_igbt_seq_0728_t60,3,DEVELOP PHOTORESIST
dev_igbt_seq_0728_t60,4,POST EXPOSE BAKE
dev_igbt_seq_0728_t60,5,SPIN COAT PHOTORESIST
dev_igbt_seq_0728_t80,1,MEASURE PASSIVATION THICKNESS
dev_igbt_seq_0728_t80,2,MEASURE PASSIVATION QUALITY
dev_igbt_seq_0728_t80,3,STRIP PHOTORESIST
dev_igbt_seq_0728_t80,4,STRIP RESIST
dev_igbt_seq_0728_t80,5,CURE PASSIVATION
dev_igbt_seq_0677_t60,1,ALIGN MASK LEVEL 5
dev_igbt_seq_0677_t60,2,ALIGN MASK LEVEL 4
dev_igbt_seq_0677_t60,3,ALIGN MASK LEVEL 6
dev_igbt_seq_0677_t60,4,ALIGN MASK LEVEL 3
dev_igbt_seq_0677_t60,5,IMPLANT LDD
dev_igbt_seq_0677_t80,1,CURE PASSIVATION
dev_igbt_seq_0677_t80,2,DEPOSIT PASSIVATION LAYER
dev_igbt_seq_0677_t80,3,EXPOSE LITHO LEVEL 6
dev_igbt_seq_0677_t80,4,ANNEAL OXIDE
dev_igbt_seq_0677_t80,5,MEASURE VIA CD
dev_igbt_seq_0020_t60,1,MEASURE PLANARITY
dev_igbt_seq_0020_t60,2,MEASURE SURFACE PLANARITY
dev_igbt_seq_0020_t60,3,DEVELOP PHOTORESIST
dev_igbt_seq_0020_t60,4,FINAL LOT RELEASE
dev_igbt_seq_0020_t60,5,OPEN BOND PAD WINDOW
dev_igbt_seq_0020_t80,1,CURE PASSIVATION
dev_igbt_seq_0020_t80,2,SPIN COAT PHOTORESIST
dev_igbt_seq_0020_t80,3,WAFER SORT TEST
dev_igbt_seq_0020_t80,4,DEVELOP PHOTORESIST
dev_igbt_seq_0020_t80,5,POST EXPOSE BAKE
dev_igbt_seq_0878_t60,1,MEASURE PLANARITY
dev_igbt_seq_0878_t60,2,MEASURE SURFACE PLANARITY
dev_igbt_seq_0878_t60,3,CMP INTERLAYER DIELECTRIC
dev_igbt_seq_0878_t60,4,LOT RELEASE
dev_igbt_seq_0878_t60,5,OPEN BOND PAD WINDOW
dev_igbt_seq_0878_t80,1,MEASURE PASSIVATION THICKNESS
dev_igbt_seq_0878_t80,2,MEASURE PASSIVATION QUALITY
dev_igbt_seq_0878_t80,3,MEASURE DEVICE PARAMETER
dev_igbt_seq_0878_t80,4,STRIP PHOTORESIST
dev_igbt_seq_0878_t80,5,DEPOSIT INTERLEVEL DIELECTRIC
dev_igbt_seq_0444_t60,1,MEASURE PLANARITY
dev_igbt_seq_0444_t60,2,MEASURE SURFACE PLANARITY
dev_igbt_seq_0444_t60,3,CMP INTERLAYER DIELECTRIC
dev_igbt_seq_0444_t60,4,DEVELOP PHOTORESIST
dev_igbt_seq_0444_t60,5,CMP DIELECTRIC
dev_igbt_seq_0444_t80,1,CURE PASSIVATION
dev_igbt_seq_0444_t80,2,MEASURE PAD OPENING
dev_igbt_seq_0444_t80,3,DEPOSIT INTERLEVEL DIELECTRIC
dev_igbt_seq_0444_t80,4,VIA ETCH THROUGH DIELECTRIC
dev_igbt_seq_0444_t80,5,DEPOSIT PASSIVATION LAYER
dev_igbt_seq_0477_t60,1,SPIN COAT PHOTORESIST
dev_igbt_seq_0477_t60,2,MEASURE METAL THICKNESS
dev_igbt_seq_0477_t60,3,PRE ANNEAL CHECK
dev_igbt_seq_0477_t60,4,MEASURE SURFACE PLANARITY
dev_igbt_seq_0477_t60,5,LOT RELEASE
dev_igbt_seq_0477_t80,1,MEASURE PASSIVATION QUALITY
dev_igbt_seq_0477_t80,2,MEASURE PASSIVATION THICKNESS
dev_igbt_seq_0477_t80,3,POST EXPOSE BAKE
dev_igbt_seq_0477_t80,4,DEVELOP PHOTORESIST
dev_igbt_seq_0477_t80,5,ALIGN MASK LEVEL 6
dev_igbt_seq_0488_t60,1,MEASURE PLANARITY
dev_igbt_seq_0488_t60,2,MEASURE SURFACE PLANARITY
dev_igbt_seq_0488_t60,3,DEVELOP PHOTORESIST
dev_igbt_seq_0488_t60,4,CMP DIELECTRIC
dev_igbt_seq_0488_t60,5,CURE PASSIVATION
dev_igbt_seq_0488_t80,1,DEPOSIT PASSIVATION LAYER
dev_igbt_seq_0488_t80,2,DEPOSIT PASSIVATION
dev_igbt_seq_0488_t80,3,MEASURE LINE WIDTH
dev_igbt_seq_0488_t80,4,DEVELOP PHOTORESIST
dev_igbt_seq_0488_t80,5,POST EXPOSE BAKE
dev_igbt_seq_0455_t60,1,CMP INTERLAYER DIELECTRIC
dev_igbt_seq_0455_t60,2,CMP DIELECTRIC
dev_igbt_seq_0455_t60,3,SPIN COAT PHOTORESIST
dev_igbt_seq_0455_t60,4,POST EXPOSE BAKE
dev_igbt_seq_0455_t60,5,DEVELOP PHOTORESIST
dev_igbt_seq_0455_t80,1,MEASURE LINE WIDTH
dev_igbt_seq_0455_t80,2,DEPOSIT PASSIVATION LAYER
dev_igbt_seq_0455_t80,3,DEPOSIT PASSIVATION
dev_igbt_seq_0455_t80,4,FINAL GEOMETRY CHECK
dev_igbt_seq_0455_t80,5,PARAMETRIC TEST
dev_igbt_seq_0512_t60,1,ALIGN MASK LEVEL 5
dev_igbt_seq_0512_t60,2,ALIGN MASK LEVEL 6
dev_igbt_seq_0512_t60,3,ALIGN MASK LEVEL 4
dev_igbt_seq_0512_t60,4,ALIGN MASK LEVEL 2
dev_igbt_seq_0512_t60,5,FINAL LOT RELEASE
dev_igbt_seq_0512_t80,1,CURE PASSIVATION
dev_igbt_seq_0512_t80,2,SPIN COAT PHOTORESIST
dev_igbt_seq_0512_t80,3,WAFER SORT TEST
dev_igbt_seq_0512_t80,4,DEVELOP PHOTORESIST
dev_igbt_seq_0512_t80,5,POST EXPOSE BAKE
dev_igbt_seq_0383_t60,1,SPIN COAT PHOTORESIST
dev_igbt_seq_0383_t60,2,MEASURE METAL THICKNESS
dev_igbt_seq_0383_t60,3,MEASURE SURFACE PLANARITY
dev_igbt_seq_0383_t60,4,CMP DIELECTRIC
dev_igbt_seq_0383_t60,5,HARD BAKE
dev_igbt_seq_0383_t80,1,MEASURE PASSIVATION THICKNESS
dev_igbt_seq_0383_t80,2,MEASURE PASSIVATION QUALITY
dev_igbt_seq_0383_t80,3,POST EXPOSE BAKE
dev_igbt_seq_0383_t80,4,DEVELOP PHOTORESIST
dev_igbt_seq_0383_t80,5,MEASURE DEVICE PARAMETER
dev_igbt_seq_0562_t60,1,SPIN COAT PHOTORESIST
dev_igbt_seq_0562_t60,2,SHIP LOT
dev_igbt_seq_0562_t60,3,MEASURE PLANARITY
dev_igbt_seq_0562_t60,4,LOT RELEASE
dev_igbt_seq_0562_t60,5,DEPOSIT BARRIER METAL
dev_igbt_seq_0562_t80,1,MEASURE PASSIVATION THICKNESS
dev_igbt_seq_0562_t80,2,MEASURE PASSIVATION QUALITY
dev_igbt_seq_0562_t80,3,POST EXPOSE BAKE
dev_igbt_seq_0562_t80,4,DEVELOP PHOTORESIST
dev_igbt_seq_0562_t80,5,ALIGN MASK LEVEL 6
dev_igbt_seq_0032_t60,1,SPIN COAT PHOTORESIST
dev_igbt_seq_0032_t60,2,MEASURE PLANARITY
dev_igbt_seq_0032_t60,3,DEPOSIT BARRIER METAL
dev_igbt_seq_0032_t60,4,EXPOSE LITHO LEVEL 4
dev_igbt_seq_0032_t60,5,DEPOSIT POLYSILICON
dev_igbt_seq_0032_t80,1,CURE PASSIVATION
dev_igbt_seq_0032_t80,2,DEPOSIT PASSIVATION LAYER
dev_igbt_seq_0032_t80,3,EXPOSE LITHO LEVEL 6
dev_igbt_seq_0032_t80,4,MEASURE VIA CD
dev_igbt_seq_0032_t80,5,ANNEAL OXIDE
dev_igbt_seq_0821_t60,1,MEASURE FILM THICKNESS
dev_igbt_seq_0821_t60,2,MEASURE DIELECTRIC THICKNESS
dev_igbt_seq_0821_t60,3,SPIN COAT PHOTORESIST
dev_igbt_seq_0821_t60,4,DEVELOP PHOTORESIST
dev_igbt_seq_0821_t60,5,EPITAXY PREP
dev_igbt_seq_0821_t80,1,MEASURE LINE WIDTH
dev_igbt_seq_0821_t80,2,DEPOSIT PASSIVATION LAYER
dev_igbt_seq_0821_t80,3,DEPOSIT PASSIVATION
dev_igbt_seq_0821_t80,4,DEVELOP PHOTORESIST
dev_igbt_seq_0821_t80,5,POST EXPOSE BAKE
dev_igbt_seq_0576_t60,1,SOFT BAKE
dev_igbt_seq_0576_t60,2,RAPID THERMAL ANNEAL
dev_igbt_seq_0576_t60,3,PRE ANNEAL CHECK
dev_igbt_seq_0576_t60,4,P BODY WINDOW INSPECTION
dev_igbt_seq_0576_t60,5,SPIN COAT PHOTORESIST
dev_igbt_seq_0576_t80,1,DEPOSIT PASSIVATION LAYER
dev_igbt_seq_0576_t80,2,DEPOSIT PASSIVATION
dev_igbt_seq_0576_t80,3,MEASURE LINE WIDTH
dev_igbt_seq_0576_t80,4,POST EXPOSE BAKE
dev_igbt_seq_0576_t80,5,DEVELOP PHOTORESIST
dev_igbt_seq_0516_t60,1,CMP INTERLAYER DIELECTRIC
dev_igbt_seq_0516_t60,2,CMP DIELECTRIC
dev_igbt_seq_0516_t60,3,SPIN COAT PHOTORESIST
dev_igbt_seq_0516_t60,4,DEVELOP PHOTORESIST
dev_igbt_seq_0516_t60,5,POST EXPOSE BAKE
dev_igbt_seq_0516_t80,1,MEASURE LINE WIDTH
dev_igbt_seq_0516_t80,2,DEPOSIT PASSIVATION LAYER
dev_igbt_seq_0516_t80,3,DEPOSIT PASSIVATION
dev_igbt_seq_0516_t80,4,HARD BAKE
dev_igbt_seq_0516_t80,5,STRIP RESIST
dev_igbt_seq_0395_t60,1,SPIN COAT PHOTORESIST
dev_igbt_seq_0395_t60,2,PRE ANNEAL CHECK
dev_igbt_seq_0395_t60,3,VIA ETCH THROUGH DIELECTRIC
dev_igbt_seq_0395_t60,4,MEASURE METAL THICKNESS
dev_igbt_seq_0395_t60,5,HARD BAKE
dev_igbt_seq_0395_t80,1,DEPOSIT PASSIVATION LAYER
dev_igbt_seq_0395_t80,2,DEPOSIT PASSIVATION
dev_igbt_seq_0395_t80,3,PARAMETRIC TEST
dev_igbt_seq_0395_t80,4,MEASURE LINE WIDTH
dev_igbt_seq_0395_t80,5,WET CLEAN RCA2
dev_igbt_seq_0655_t60,1,SPIN COAT PHOTORESIST
dev_igbt_seq_0655_t60,2,MEASURE PLANARITY
dev_igbt_seq_0655_t60,3,LOT RELEASE
dev_igbt_seq_0655_t60,4,DEVELOP PHOTORESIST
dev_igbt_seq_0655_t60,5,MEASURE VIA CD
dev_igbt_seq_0655_t80,1,CURE PASSIVATION
dev_igbt_seq_0655_t80,2,DEPOSIT PASSIVATION LAYER
dev_igbt_seq_0655_t80,3,MEASURE PAD OPENING
dev_igbt_seq_0655_t80,4,VIA ETCH THROUGH DIELECTRIC
dev_igbt_seq_0655_t80,5,MEASURE VIA CD
dev_igbt_seq_0763_t60,1,SPIN COAT PHOTORESIST
dev_igbt_seq_0763_t60,2,EXPOSE LITHO LEVEL 4
dev_igbt_seq_0763_t60,3,DEVELOP PHOTORESIST
dev_igbt_seq_0763_t60,4,MEASURE METAL THICKNESS
dev_igbt_seq_0763_t60,5,MEASURE PLANARITY
dev_igbt_seq_0763_t80,1,OPEN PAD WINDOW
dev_igbt_seq_0763_t80,2,OPEN BOND PAD WINDOW
dev_igbt_seq_0763_t80,3,MEASURE SURFACE DEFECTS
dev_igbt_seq_0763_t80,4,MEASURE OXIDE QUALITY
dev_igbt_seq_0763_t80,5,CLEAN AFTER METAL ETCH
dev_igbt_seq_0683_t60,1,MEASURE SURFACE PLANARITY
dev_igbt_seq_0683_t60,2,MEASURE PLANARITY
dev_igbt_seq_0683_t60,3,EXPOSE LITHO LEVEL 4
dev_igbt_seq_0683_t60,4,SPIN COAT PHOTORESIST
dev_igbt_seq_0683_t60,5,CMP DIELECTRIC
dev_igbt_seq_0683_t80,1,CURE PASSIVATION
dev_igbt_seq_0683_t80,2,DEVELOP PHOTORESIST
dev_igbt_seq_0683_t80,3,POST EXPOSE BAKE
dev_igbt_seq_0683_t80,4,SPIN COAT PHOTORESIST
dev_igbt_seq_0683_t80,5,WAFER SORT TEST
dev_igbt_seq_0146_t60,1,SPIN COAT PHOTORESIST
dev_igbt_seq_0146_t60,2,MEASURE METAL THICKNESS
dev_igbt_seq_0146_t60,3,PRE ANNEAL CHECK
dev_igbt_seq_0146_t60,4,MEASURE SURFACE PLANARITY
dev_igbt_seq_0146_t60,5,LOT RELEASE
dev_igbt_seq_0146_t80,1,CURE PASSIVATION
dev_igbt_seq_0146_t80,2,MEASURE PAD OPENING
dev_igbt_seq_0146_t80,3,SHIP LOT
dev_igbt_seq_0146_t80,4,DEPOSIT PASSIVATION LAYER
dev_igbt_seq_0146_t80,5,MEASURE VIA CD
dev_igbt_seq_0371_t60,1,CMP DIELECTRIC
dev_igbt_seq_0371_t60,2,CMP INTERLAYER DIELECTRIC
dev_igbt_seq_0371_t60,3,DEVELOP PHOTORESIST
dev_igbt_seq_0371_t60,4,POST EXPOSE BAKE
dev_igbt_seq_0371_t60,5,SPIN COAT PHOTORESIST
dev_igbt_seq_0371_t80,1,MEASURE LINE WIDTH
dev_igbt_seq_0371_t80,2,DEPOSIT PASSIVATION LAYER
dev_igbt_seq_0371_t80,3,DEPOSIT PASSIVATION
dev_igbt_seq_0371_t80,4,ALIGN MASK LEVEL 6
dev_igbt_seq_0371_t80,5,PARAMETRIC TEST
dev_igbt_seq_0083_t60,1,MEASURE FILM THICKNESS
dev_igbt_seq_0083_t60,2,MEASURE DIELECTRIC THICKNESS
dev_igbt_seq_0083_t60,3,SPIN COAT PHOTORESIST
dev_igbt_seq_0083_t60,4,MEASURE VIA CD
dev_igbt_seq_0083_t60,5,DEPOSIT GATE OXIDE OR DIELECTRIC
dev_igbt_seq_0083_t80,1,CURE PASSIVATION
dev_igbt_seq_0083_t80,2,MEASURE JUNCTION DEPTH
dev_igbt_seq_0083_t80,3,DEPOSIT PASSIVATION LAYER
dev_igbt_seq_0083_t80,4,SHIP LOT
dev_igbt_seq_0083_t80,5,ANNEAL OXIDE
dev_igbt_seq_0995_t60,1,DENSIFY DIELECTRIC
dev_igbt_seq_0995_t60,2,DENSIFY OXIDE
dev_igbt_seq_0995_t60,3,DEVELOP PHOTORESIST
dev_igbt_seq_0995_t60,4,SPIN COAT PHOTORESIST
dev_igbt_seq_0995_t60,5,SHIP LOT
dev_igbt_seq_0995_t80,1,CLEAN AFTER METAL ETCH
dev_igbt_seq_0995_t80,2,CLEAN PAD OPENING
dev_igbt_seq_0995_t80,3,CLEAN AFTER VIA ETCH
dev_igbt_seq_0995_t80,4,CLEAN AFTER FIELD ETCH
dev_igbt_seq_0995_t80,5,CLEAN AFTER ETCH
dev_igbt_seq_0099_t60,1,SPIN COAT PHOTORESIST
dev_igbt_seq_0099_t60,2,MEASURE METAL THICKNESS
dev_igbt_seq_0099_t60,3,CURE PASSIVATION
dev_igbt_seq_0099_t60,4,VIA ETCH THROUGH DIELECTRIC
dev_igbt_seq_0099_t60,5,CMP INTERLAYER DIELECTRIC
dev_igbt_seq_0099_t80,1,MEASURE PASSIVATION THICKNESS
dev_igbt_seq_0099_t80,2,MEASURE PASSIVATION QUALITY
dev_igbt_seq_0099_t80,3,STRIP PHOTORESIST
dev_igbt_seq_0099_t80,4,STRIP RESIST
dev_igbt_seq_0099_t80,5,POST EXPOSE BAKE
dev_igbt_seq_0894_t60,1,SPIN COAT PHOTORESIST
dev_igbt_seq_0894_t60,2,EXPOSE LITHO LEVEL 4
dev_igbt_seq_0894_t60,3,HARD BAKE
dev_igbt_seq_0894_t60,4,MEASURE METAL THICKNESS
dev_igbt_seq_0894_t60,5,MEASURE PLANARITY
dev_igbt_seq_0894_t80,1,CURE PASSIVATION
dev_igbt_seq_0894_t80,2,DEPOSIT PASSIVATION LAYER
dev_igbt_seq_0894_t80,3,SHIP LOT
dev_igbt_seq_0894_t80,4,FINAL CD INSPECTION
dev_igbt_seq_0894_t80,5,METAL ETCH DRY
dev_igbt_seq_0318_t60,1,SOFT BAKE
dev_igbt_seq_0318_t60,2,RAPID THERMAL ANNEAL
dev_igbt_seq_0318_t60,3,PRE ANNEAL CHECK
dev_igbt_seq_0318_t60,4,SPIN COAT PHOTORESIST
dev_igbt_seq_0318_t60,5,P BODY WINDOW INSPECTION
dev_igbt_seq_0318_t80,1,CURE PASSIVATION
dev_igbt_seq_0318_t80,2,HF DIP
dev_igbt_seq_0318_t80,3,WAFER SORT TEST
dev_igbt_seq_0318_t80,4,DEVELOP PHOTORESIST
dev_igbt_seq_0318_t80,5,ANNEAL OXIDE
dev_igbt_seq_0227_t60,1,SPIN COAT PHOTORESIST
dev_igbt_seq_0227_t60,2,SHIP LOT
dev_igbt_seq_0227_t60,3,LOT RELEASE
dev_igbt_seq_0227_t60,4,GATE OXIDE PREP
dev_igbt_seq_0227_t60,5,MEASURE PLANARITY
dev_igbt_seq_0227_t80,1,MEASURE PASSIVATION THICKNESS
dev_igbt_seq_0227_t80,2,MEASURE PASSIVATION QUALITY
dev_igbt_seq_0227_t80,3,POST EXPOSE BAKE
dev_igbt_seq_0227_t80,4,ALIGN MASK LEVEL 6
dev_igbt_seq_0227_t80,5,DEVELOP PHOTORESIST
dev_igbt_seq_0223_t60,1,CMP DIELECTRIC
dev_igbt_seq_0223_t60,2,CMP INTERLAYER DIELECTRIC
dev_igbt_seq_0223_t60,3,SPIN COAT PHOTORESIST
dev_igbt_seq_0223_t60,4,DEVELOP PHOTORESIST
dev_igbt_seq_0223_t60,5,POST EXPOSE BAKE
dev_igbt_seq_0223_t80,1,CURE PASSIVATION
dev_igbt_seq_0223_t80,2,DEPOSIT PASSIVATION LAYER
dev_igbt_seq_0223_t80,3,MEASURE VIA CD
dev_igbt_seq_0223_t80,4,MEASURE PAD OPENING
dev_igbt_seq_0223_t80,5,MEASURE DEVICE PARAMETER
dev_igbt_seq_0298_t60,1,CMP INTERLAYER DIELECTRIC
dev_igbt_seq_0298_t60,2,CMP DIELECTRIC
dev_igbt_seq_0298_t60,3,SPIN COAT PHOTORESIST
dev_igbt_seq_0298_t60,4,DEVELOP PHOTORESIST
dev_igbt_seq_0298_t60,5,POST EXPOSE BAKE
dev_igbt_seq_0298_t80,1,CURE PASSIVATION
dev_igbt_seq_0298_t80,2,MEASURE PAD OPENING
dev_igbt_seq_0298_t80,3,DEPOSIT PASSIVATION LAYER
dev_igbt_seq_0298_t80,4,VIA ETCH THROUGH DIELECTRIC
dev_igbt_seq_0298_t80,5,METAL ETCH DRY
dev_igbt_seq_0366_t60,1,SOFT BAKE
dev_igbt_seq_0366_t60,2,RAPID THERMAL ANNEAL
dev_igbt_seq_0366_t60,3,PRE ANNEAL CHECK
dev_igbt_seq_0366_t60,4,SPIN COAT PHOTORESIST
dev_igbt_seq_0366_t60,5,DRIVE IN DIFFUSION
dev_igbt_seq_0366_t80,1,MEASURE PASSIVATION THICKNESS
dev_igbt_seq_0366_t80,2,MEASURE PASSIVATION QUALITY
dev_igbt_seq_0366_t80,3,IMPLANT DRAIN / CATHODE REGION
dev_igbt_seq_0366_t80,4,STRIP PHOTORESIST
dev_igbt_seq_0366_t80,5,STRIP RESIST
dev_igbt_seq_0695_t60,1,MEASURE DIELECTRIC THICKNESS
dev_igbt_seq_0695_t60,2,MEASURE FILM THICKNESS
dev_igbt_seq_0695_t60,3,DEVELOP PHOTORESIST
dev_igbt_seq_0695_t60,4,MEASURE THICKNESS
dev_igbt_seq_0695_t60,5,SPIN COAT PHOTORESIST
dev_igbt_seq_0695_t80,1,DEPOSIT PASSIVATION LAYER
dev_igbt_seq_0695_t80,2,DEPOSIT PASSIVATION
dev_igbt_seq_0695_t80,3,MEASURE LINE WIDTH
dev_igbt_seq_0695_t80,4,ELECTRICAL PARAMETRIC TEST
dev_igbt_seq_0695_t80,5,PARAMETRIC TEST
dev_igbt_seq_0816_t60,1,EXPOSE LITHO LEVEL 5
dev_igbt_seq_0816_t60,2,DENSIFY OXIDE
dev_igbt_seq_0816_t60,3,DENSIFY DIELECTRIC
dev_igbt_seq_0816_t60,4,METAL ETCH
dev_igbt_seq_0816_t60,5,WAFER SORT TEST
dev_igbt_seq_0816_t80,1,OPEN PAD WINDOW
dev_igbt_seq_0816_t80,2,OPEN BOND PAD WINDOW
dev_igbt_seq_0816_t80,3,MEASURE PASSIVATION THICKNESS
dev_igbt_seq_0816_t80,4,ALIGN MASK LEVEL 5
dev_igbt_seq_0816_t80,5,HARD BAKE
dev_igbt_seq_0943_t60,1,CMP INTERLAYER DIELECTRIC
dev_igbt_seq_0943_t60,2,CMP DIELECTRIC
dev_igbt_seq_0943_t60,3,SPIN COAT PHOTORESIST
dev_igbt_seq_0943_t60,4,POST EXPOSE BAKE
dev_igbt_seq_0943_t60,5,DEVELOP PHOTORESIST
dev_igbt_seq_0943_t80,1,CURE PASSIVATION
dev_igbt_seq_0943_t80,2,SPIN COAT PHOTORESIST
dev_igbt_seq_0943_t80,3,DEPOSIT POLYSILICON
dev_igbt_seq_0943_t80,4,STRIP PHOTORESIST
dev_igbt_seq_0943_t80,5,VIA ETCH THROUGH DIELECTRIC
dev_igbt_seq_0246_t60,1,SPIN COAT PHOTORESIST
dev_igbt_seq_0246_t60,2,EXPOSE LITHO LEVEL 4
dev_igbt_seq_0246_t60,3,MEASURE PLANARITY
dev_igbt_seq_0246_t60,4,DEVELOP PHOTORESIST
dev_igbt_seq_0246_t60,5,DEPOSIT GATE OXIDE OR DIELECTRIC
dev_igbt_seq_0246_t80,1,CURE PASSIVATION
dev_igbt_seq_0246_t80,2,SPIN COAT PHOTORESIST
dev_igbt_seq_0246_t80,3,DEVELOP PHOTORESIST
dev_igbt_seq_0246_t80,4,POST EXPOSE BAKE
dev_igbt_seq_0246_t80,5,POLYSILICON ETCH
dev_igbt_seq_0566_t60,1,CMP INTERLAYER DIELECTRIC
dev_igbt_seq_0566_t60,2,CMP DIELECTRIC
dev_igbt_seq_0566_t60,3,SPIN COAT PHOTORESIST
dev_igbt_seq_0566_t60,4,POST EXPOSE BAKE
dev_igbt_seq_0566_t60,5,DEVELOP PHOTORESIST
dev_igbt_seq_0566_t80,1,MEASURE LINE WIDTH
dev_igbt_seq_0566_t80,2,DEPOSIT PASSIVATION LAYER
dev_igbt_seq_0566_t80,3,DEPOSIT PASSIVATION
dev_igbt_seq_0566_t80,4,PARAMETRIC TEST
dev_igbt_seq_0566_t80,5,FINAL GEOMETRY CHECK
dev_igbt_seq_0723_t60,1,MEASURE SURFACE PLANARITY
dev_igbt_seq_0723_t60,2,MEASURE PLANARITY
dev_igbt_seq_0723_t60,3,DEVELOP PHOTORESIST
dev_igbt_seq_0723_t60,4,CMP INTERLAYER DIELECTRIC
dev_igbt_seq_0723_t60,5,CMP DIELECTRIC
dev_igbt_seq_0723_t80,1,CURE PASSIVATION
dev_igbt_seq_0723_t80,2,MEASURE PAD OPENING
dev_igbt_seq_0723_t80,3,VIA ETCH THROUGH DIELECTRIC
dev_igbt_seq_0723_t80,4,STRIP PHOTORESIST
dev_igbt_seq_0723_t80,5,STRIP RESIST
dev_igbt_seq_0678_t60,1,CMP INTERLAYER DIELECTRIC
dev_igbt_seq_0678_t60,2,CMP DIELECTRIC
dev_igbt_seq_0678_t60,3,SPIN COAT PHOTORESIST
dev_igbt_seq_0678_t60,4,DEVELOP PHOTORESIST
dev_igbt_seq_0678_t60,5,POST EXPOSE BAKE
dev_igbt_seq_0678_t80,1,MEASURE LINE WIDTH
dev_igbt_seq_0678_t80,2,DEPOSIT PASSIVATION LAYER
dev_igbt_seq_0678_t80,3,DEPOSIT PASSIVATION
dev_igbt_seq_0678_t80,4,HARD BAKE
dev_igbt_seq_0678_t80,5,STRIP RESIST
dev_igbt_seq_0111_t60,1,SPIN COAT PHOTORESIST
dev_igbt_seq_0111_t60,2,MEASURE PLANARITY
dev_igbt_seq_0111_t60,3,HARD BAKE
dev_igbt_seq_0111_t60,4,DEPOSIT BARRIER METAL
dev_igbt_seq_0111_t60,5,DEPOSIT GATE OXIDE OR DIELECTRIC
dev_igbt_seq_0111_t80,1,CURE PASSIVATION
dev_igbt_seq_0111_t80,2,STRIP PHOTORESIST
dev_igbt_seq_0111_t80,3,STRIP RESIST
dev_igbt_seq_0111_t80,4,HARD BAKE
dev_igbt_seq_0111_t80,5,SPIN COAT PHOTORESIST
dev_igbt_seq_0394_t60,1,SOFT BAKE
dev_igbt_seq_0394_t60,2,RAPID THERMAL ANNEAL
dev_igbt_seq_0394_t60,3,P BODY WINDOW INSPECTION
dev_igbt_seq_0394_t60,4,SPIN COAT PHOTORESIST
dev_igbt_seq_0394_t60,5,BACKSIDE ETCH CLEAN
dev_igbt_seq_0394_t80,1,CURE PASSIVATION
dev_igbt_seq_0394_t80,2,HF DIP
dev_igbt_seq_0394_t80,3,DEVELOP PHOTORESIST
dev_igbt_seq_0394_t80,4,WAFER SORT TEST
dev_igbt_seq_0394_t80,5,ANNEAL OXIDE
dev_igbt_seq_0556_t60,1,MEASURE PLANARITY
dev_igbt_seq_0556_t60,2,MEASURE SURFACE PLANARITY
dev_igbt_seq_0556_t60,3,CURE PASSIVATION
dev_igbt_seq_0556_t60,4,DEVELOP PHOTORESIST
dev_igbt_seq_0556_t60,5,CMP INTERLAYER DIELECTRIC
dev_igbt_seq_0556_t80,1,CURE PASSIVATION
dev_igbt_seq_0556_t80,2,STRIP PHOTORESIST
dev_igbt_seq_0556_t80,3,STRIP RESIST
dev_igbt_seq_0556_t80,4,SPIN COAT PHOTORESIST
dev_igbt_seq_0556_t80,5,HARD BAKE
dev_igbt_seq_0037_t60,1,DENSIFY DIELECTRIC
dev_igbt_seq_0037_t60,2,DENSIFY OXIDE
dev_igbt_seq_0037_t60,3,DEVELOP PHOTORESIST
dev_igbt_seq_0037_t60,4,SPIN COAT PHOTORESIST
dev_igbt_seq_0037_t60,5,SHIP LOT
dev_igbt_seq_0037_t80,1,MEASURE LINE WIDTH
dev_igbt_seq_0037_t80,2,DEPOSIT PASSIVATION LAYER
dev_igbt_seq_0037_t80,3,DEPOSIT PASSIVATION
dev_igbt_seq_0037_t80,4,ALIGN MASK LEVEL 6
dev_igbt_seq_0037_t80,5,POST EXPOSE BAKE
dev_igbt_seq_0115_t60,1,MEASURE SURFACE PLANARITY
dev_igbt_seq_0115_t60,2,MEASURE PLANARITY
dev_igbt_seq_0115_t60,3,CMP DIELECTRIC
dev_igbt_seq_0115_t60,4,DEVELOP PHOTORESIST
dev_igbt_seq_0115_t60,5,CURE PASSIVATION
dev_igbt_seq_0115_t80,1,CURE PASSIVATION
dev_igbt_seq_0115_t80,2,DEPOSIT PASSIVATION LAYER
dev_igbt_seq_0115_t80,3,EXPOSE LITHO LEVEL 6
dev_igbt_seq_0115_t80,4,ANNEAL OXIDE
dev_igbt_seq_0115_t80,5,MEASURE VIA CD
dev_igbt_seq_0412_t60,1,CMP INTERLAYER DIELECTRIC
dev_igbt_seq_0412_t60,2,CMP DIELECTRIC
dev_igbt_seq_0412_t60,3,SPIN COAT PHOTORESIST
dev_igbt_seq_0412_t60,4,POST EXPOSE BAKE
dev_igbt_seq_0412_t60,5,DEVELOP PHOTORESIST
dev_igbt_seq_0412_t80,1,DEPOSIT PASSIVATION LAYER
dev_igbt_seq_0412_t80,2,DEPOSIT PASSIVATION
dev_igbt_seq_0412_t80,3,MEASURE LINE WIDTH
dev_igbt_seq_0412_t80,4,PARAMETRIC TEST
dev_igbt_seq_0412_t80,5,DEVELOP PHOTORESIST
dev_igbt_seq_0241_t60,1,SPIN COAT PHOTORESIST
dev_igbt_seq_0241_t60,2,SHIP LOT
dev_igbt_seq_0241_t60,3,LOT RELEASE
dev_igbt_seq_0241_t60,4,MEASURE PLANARITY
dev_igbt_seq_0241_t60,5,GATE OXIDE PREP
dev_igbt_seq_0241_t80,1,DEPOSIT PASSIVATION
dev_igbt_seq_0241_t80,2,DEPOSIT PASSIVATION LAYER
dev_igbt_seq_0241_t80,3,PARAMETRIC TEST
dev_igbt_seq_0241_t80,4,MEASURE LINE WIDTH
dev_igbt_seq_0241_t80,5,LEAKAGE TEST
dev_igbt_seq_0337_t60,1,CMP DIELECTRIC
dev_igbt_seq_0337_t60,2,CMP INTERLAYER DIELECTRIC
dev_igbt_seq_0337_t60,3,DEVELOP PHOTORESIST
dev_igbt_seq_0337_t60,4,SPIN COAT PHOTORESIST
dev_igbt_seq_0337_t60,5,STRIP PHOTORESIST
dev_igbt_seq_0337_t80,1,MEASURE LINE WIDTH
dev_igbt_seq_0337_t80,2,DEPOSIT PASSIVATION LAYER
dev_igbt_seq_0337_t80,3,DEPOSIT PASSIVATION
dev_igbt_seq_0337_t80,4,HARD BAKE
dev_igbt_seq_0337_t80,5,MEASURE PLANARITY
dev_igbt_seq_0764_t60,1,SPIN COAT PHOTORESIST
dev_igbt_seq_0764_t60,2,MEASURE METAL THICKNESS
dev_igbt_seq_0764_t60,3,EXPOSE LITHO LEVEL 4
dev_igbt_seq_0764_t60,4,HARD BAKE
dev_igbt_seq_0764_t60,5,PRE ANNEAL CHECK
dev_igbt_seq_0764_t80,1,MEASURE PASSIVATION THICKNESS
dev_igbt_seq_0764_t80,2,MEASURE PASSIVATION QUALITY
dev_igbt_seq_0764_t80,3,POST EXPOSE BAKE
dev_igbt_seq_0764_t80,4,DEVELOP PHOTORESIST
dev_igbt_seq_0764_t80,5,MEASURE DEVICE PARAMETER
dev_igbt_seq_0148_t60,1,SOFT BAKE
dev_igbt_seq_0148_t60,2,RAPID THERMAL ANNEAL
dev_igbt_seq_0148_t60,3,P BODY WINDOW INSPECTION
dev_igbt_seq_0148_t60,4,SPIN COAT PHOTORESIST
dev_igbt_seq_0148_t60,5,BACKSIDE ETCH CLEAN
dev_igbt_seq_0148_t80,1,MEASURE PASSIVATION THICKNESS
dev_igbt_seq_0148_t80,2,MEASURE PASSIVATION QUALITY
dev_igbt_seq_0148_t80,3,POST EXPOSE BAKE
dev_igbt_seq_0148_t80,4,DEVELOP PHOTORESIST
dev_igbt_seq_0148_t80,5,MEASURE DEVICE PARAMETER
dev_ic_seq_0104_t60,1,MEASURE VIA CD
dev_ic_seq_0104_t60,2,DEPOSIT BARRIER METAL
dev_ic_seq_0104_t60,3,SPIN COAT PHOTORESIST
dev_ic_seq_0104_t60,4,DEPOSIT GATE OXIDE OR DIELECTRIC
dev_ic_seq_0104_t60,5,MEASURE EPITAXY THICKNESS
dev_ic_seq_0104_t80,1,OPEN PAD WINDOW
dev_ic_seq_0104_t80,2,OPEN BOND PAD WINDOW
dev_ic_seq_0104_t80,3,YIELD ANALYSIS
dev_ic_seq_0104_t80,4,OPEN PAD WINDOW LITHO
dev_ic_seq_0104_t80,5,STRIP PHOTORESIST
dev_ic_seq_0961_t60,1,DEPOSIT TUNGSTEN SEED
dev_ic_seq_0961_t60,2,DEPOSIT METAL SEED
dev_ic_seq_0961_t60,3,DEPOSIT POLYSILICON
dev_ic_seq_0961_t60,4,OXIDE STRIP
dev_ic_seq_0961_t60,5,PACKAGE PREPARATION
dev_ic_seq_0961_t80,1,OPEN PAD WINDOW LITHO
dev_ic_seq_0961_t80,2,PAD WINDOW LITHO
dev_ic_seq_0961_t80,3,OPEN PAD WINDOW
dev_ic_seq_0961_t80,4,SPIN COAT PHOTORESIST
dev_ic_seq_0961_t80,5,RAPID THERMAL ANNEAL
dev_ic_seq_0820_t60,1,MEASURE VIA CD
dev_ic_seq_0820_t60,2,DEPOSIT BARRIER METAL
dev_ic_seq_0820_t60,3,SPIN COAT PHOTORESIST
dev_ic_seq_0820_t60,4,DEPOSIT GATE OXIDE OR DIELECTRIC
dev_ic_seq_0820_t60,5,MEASURE FILM THICKNESS
dev_ic_seq_0820_t80,1,DEVELOP PAD WINDOW
dev_ic_seq_0820_t80,2,DEVELOP PHOTORESIST
dev_ic_seq_0820_t80,3,POST EXPOSE BAKE
dev_ic_seq_0820_t80,4,SHIP LOT
dev_ic_seq_0820_t80,5,FINAL THICKNESS MEASURE
dev_ic_seq_0183_t60,1,MEASURE VIA CD
dev_ic_seq_0183_t60,2,DEPOSIT BARRIER METAL
dev_ic_seq_0183_t60,3,DEPOSIT GATE OXIDE OR DIELECTRIC
dev_ic_seq_0183_t60,4,SPIN COAT PHOTORESIST
dev_ic_seq_0183_t60,5,MEASURE EPITAXY THICKNESS
dev_ic_seq_0183_t80,1,DEVELOP PHOTORESIST
dev_ic_seq_0183_t80,2,DEVELOP PAD WINDOW
dev_ic_seq_0183_t80,3,POST EXPOSE BAKE
dev_ic_seq_0183_t80,4,OPEN PAD WINDOW LITHO
dev_ic_seq_0183_t80,5,ANNEAL OXIDE
dev_ic_seq_0675_t60,1,CLEAN AFTER VIA ETCH
dev_ic_seq_0675_t60,2,CLEAN PAD OPENING
dev_ic_seq_0675_t60,3,CLEAN AFTER METAL ETCH
dev_ic_seq_0675_t60,4,CLEAN AFTER ETCH
dev_ic_seq_0675_t60,5,CLEAN AFTER FIELD ETCH
dev_ic_seq_0675_t80,1,OPEN PAD WINDOW
dev_ic_seq_0675_t80,2,OPEN BOND PAD WINDOW
dev_ic_seq_0675_t80,3,MEASURE VIA RESISTANCE
dev_ic_seq_0675_t80,4,YIELD ANALYSIS
dev_ic_seq_0675_t80,5,MEASURE SURFACE DEFECTS
dev_ic_seq_0885_t60,1,STRIP PHOTORESIST
dev_ic_seq_0885_t60,2,STRIP RESIST
dev_ic_seq_0885_t60,3,HARD BAKE
dev_ic_seq_0885_t60,4,DEPOSIT POLYSILICON
dev_ic_seq_0885_t60,5,OPEN PAD WINDOW LITHO
dev_ic_seq_0885_t80,1,PAD WINDOW LITHO
dev_ic_seq_0885_t80,2,OPEN PAD WINDOW LITHO
dev_ic_seq_0885_t80,3,MEASURE GEOMETRY
dev_ic_seq_0885_t80,4,CMP DIELECTRIC
dev_ic_seq_0885_t80,5,BACKSIDE CLEAN FINAL
dev_ic_seq_0735_t60,1,DIELECTRIC ETCH VIA
dev_ic_seq_0735_t60,2,VIA ETCH THROUGH DIELECTRIC
dev_ic_seq_0735_t60,3,VIA ETCH
dev_ic_seq_0735_t60,4,METAL ETCH DRY
dev_ic_seq_0735_t60,5,HARD BAKE
dev_ic_seq_0735_t80,1,CURE PASSIVATION
dev_ic_seq_0735_t80,2,DEPOSIT PASSIVATION LAYER
dev_ic_seq_0735_t80,3,MEASURE PAD OPENING
dev_ic_seq_0735_t80,4,VIA ETCH THROUGH DIELECTRIC
dev_ic_seq_0735_t80,5,CMP DIELECTRIC
dev_ic_seq_0810_t60,1,DEPOSIT BARRIER METAL
dev_ic_seq_0810_t60,2,PRE ANNEAL CHECK
dev_ic_seq_0810_t60,3,RAPID THERMAL ANNEAL
dev_ic_seq_0810_t60,4,DEPOSIT GATE OXIDE OR DIELECTRIC
dev_ic_seq_0810_t60,5,HARD BAKE
dev_ic_seq_0810_t80,1,PASSIVATION ETCH PAD OPENING
dev_ic_seq_0810_t80,2,PASSIVATION ETCH
dev_ic_seq_0810_t80,3,METAL PATTERN INSPECTION
dev_ic_seq_0810_t80,4,DEVELOP PAD WINDOW
dev_ic_seq_0810_t80,5,IMPLANT LDD
dev_ic_seq_0473_t60,1,MEASURE VIA CD
dev_ic_seq_0473_t60,2,DEPOSIT BARRIER METAL
dev_ic_seq_0473_t60,3,DEPOSIT GATE OXIDE OR DIELECTRIC
dev_ic_seq_0473_t60,4,SPIN COAT PHOTORESIST
dev_ic_seq_0473_t60,5,MEASURE EPITAXY THICKNESS
dev_ic_seq_0473_t80,1,DEVELOP PAD WINDOW
dev_ic_seq_0473_t80,2,DEVELOP PHOTORESIST
dev_ic_seq_0473_t80,3,POST EXPOSE BAKE
dev_ic_seq_0473_t80,4,OPEN PAD WINDOW LITHO
dev_ic_seq_0473_t80,5,ANNEAL OXIDE
dev_ic_seq_0716_t60,1,DEPOSIT BARRIER METAL
dev_ic_seq_0716_t60,2,DEPOSIT GATE OXIDE OR DIELECTRIC
dev_ic_seq_0716_t60,3,MEASURE VIA CD
dev_ic_seq_0716_t60,4,PRE ANNEAL CHECK
dev_ic_seq_0716_t60,5,HARD BAKE
dev_ic_seq_0716_t80,1,OPEN PAD WINDOW LITHO
dev_ic_seq_0716_t80,2,PAD WINDOW LITHO
dev_ic_seq_0716_t80,3,CMP DIELECTRIC
dev_ic_seq_0716_t80,4,OPEN BOND PAD WINDOW
dev_ic_seq_0716_t80,5,CMP INTERLAYER DIELECTRIC
dev_ic_seq_0411_t60,1,CLEAN AFTER VIA ETCH
dev_ic_seq_0411_t60,2,CLEAN AFTER METAL ETCH
dev_ic_seq_0411_t60,3,CLEAN AFTER ETCH
dev_ic_seq_0411_t60,4,CLEAN PAD OPENING
dev_ic_seq_0411_t60,5,DEPOSIT POLYSILICON
dev_ic_seq_0411_t80,1,OPEN PAD WINDOW LITHO
dev_ic_seq_0411_t80,2,PAD WINDOW LITHO
dev_ic_seq_0411_t80,3,CMP DIELECTRIC
dev_ic_seq_0411_t80,4,PACKAGE PREPARATION
dev_ic_seq_0411_t80,5,SWITCHING TEST
dev_ic_seq_0938_t60,1,CLEAN AFTER VIA ETCH
dev_ic_seq_0938_t60,2,CLEAN AFTER ETCH
dev_ic_seq_0938_t60,3,CLEAN AFTER METAL ETCH
dev_ic_seq_0938_t60,4,CLEAN AFTER FIELD ETCH
dev_ic_seq_0938_t60,5,DEPOSIT POLYSILICON
dev_ic_seq_0938_t80,1,OPEN PAD WINDOW LITHO
dev_ic_seq_0938_t80,2,PAD WINDOW LITHO
dev_ic_seq_0938_t80,3,PACKAGE PREPARATION
dev_ic_seq_0938_t80,4,BACKSIDE CLEAN FINAL
dev_ic_seq_0938_t80,5,STRIP PHOTORESIST
dev_ic_seq_0329_t60,1,VIA ETCH THROUGH DIELECTRIC
dev_ic_seq_0329_t60,2,DIELECTRIC ETCH VIA
dev_ic_seq_0329_t60,3,VIA ETCH
dev_ic_seq_0329_t60,4,HARD BAKE
dev_ic_seq_0329_t60,5,METAL ETCH DRY
dev_ic_seq_0329_t80,1,OPEN PAD WINDOW
dev_ic_seq_0329_t80,2,OPEN BOND PAD WINDOW
dev_ic_seq_0329_t80,3,YIELD ANALYSIS
dev_ic_seq_0329_t80,4,OPEN PAD WINDOW LITHO
dev_ic_seq_0329_t80,5,STRIP PHOTORESIST
dev_ic_seq_0570_t60,1,DIELECTRIC ETCH VIA
dev_ic_seq_0570_t60,2,HARD BAKE
dev_ic_seq_0570_t60,3,VIA ETCH THROUGH DIELECTRIC
dev_ic_seq_0570_t60,4,VIA ETCH
dev_ic_seq_0570_t60,5,RAPID THERMAL ANNEAL
dev_ic_seq_0570_t80,1,MEASURE PASSIVATION THICKNESS
dev_ic_seq_0570_t80,2,MEASURE PASSIVATION QUALITY
dev_ic_seq_0570_t80,3,CURE PASSIVATION
dev_ic_seq_0570_t80,4,STRIP PHOTORESIST
dev_ic_seq_0570_t80,5,STRIP RESIST
dev_ic_seq_0368_t60,1,STRIP PHOTORESIST
dev_ic_seq_0368_t60,2,STRIP RESIST
dev_ic_seq_0368_t60,3,DEPOSIT POLYSILICON
dev_ic_seq_0368_t60,4,VIA ETCH THROUGH DIELECTRIC
dev_ic_seq_0368_t60,5,DEPOSIT TOP METAL
dev_ic_seq_0368_t80,1,OPEN PAD WINDOW
dev_ic_seq_0368_t80,2,OPEN BOND PAD WINDOW
dev_ic_seq_0368_t80,3,OPEN PAD WINDOW LITHO
dev_ic_seq_0368_t80,4,YIELD ANALYSIS
dev_ic_seq_0368_t80,5,DEPOSIT BACKSIDE PROTECTION
dev_ic_seq_0644_t60,1,DEPOSIT BARRIER METAL
dev_ic_seq_0644_t60,2,MEASURE VIA CD
dev_ic_seq_0644_t60,3,CURE PASSIVATION
dev_ic_seq_0644_t60,4,SPIN COAT PHOTORESIST
dev_ic_seq_0644_t60,5,PRE ANNEAL CHECK
dev_ic_seq_0644_t80,1,DEVELOP PHOTORESIST
dev_ic_seq_0644_t80,2,DEVELOP PAD WINDOW
dev_ic_seq_0644_t80,3,POST EXPOSE BAKE
dev_ic_seq_0644_t80,4,OPEN PAD WINDOW LITHO
dev_ic_seq_0644_t80,5,PAD WINDOW LITHO
dev_ic_seq_0506_t60,1,DEPOSIT BARRIER METAL
dev_ic_seq_0506_t60,2,MEASURE VIA CD
dev_ic_seq_0506_t60,3,DIELECTRIC ETCH VIA
dev_ic_seq_0506_t60,4,PRE ANNEAL CHECK
dev_ic_seq_0506_t60,5,HARD BAKE
dev_ic_seq_0506_t80,1,PASSIVATION ETCH PAD OPENING
dev_ic_seq_0506_t80,2,PASSIVATION ETCH
dev_ic_seq_0506_t80,3,DEVELOP PAD WINDOW
dev_ic_seq_0506_t80,4,CLEAN PAD OPENING
dev_ic_seq_0506_t80,5,FILL VIA METAL
dev_ic_seq_0693_t60,1,MEASURE VIA CD
dev_ic_seq_0693_t60,2,DEPOSIT BARRIER METAL
dev_ic_seq_0693_t60,3,SPIN COAT PHOTORESIST
dev_ic_seq_0693_t60,4,DEPOSIT GATE OXIDE OR DIELECTRIC
dev_ic_seq_0693_t60,5,MEASURE EPITAXY THICKNESS
dev_ic_seq_0693_t80,1,OPEN PAD WINDOW
dev_ic_seq_0693_t80,2,OPEN BOND PAD WINDOW
dev_ic_seq_0693_t80,3,YIELD ANALYSIS
dev_ic_seq_0693_t80,4,OPEN PAD WINDOW LITHO
dev_ic_seq_0693_t80,5,STRIP PHOTORESIST
dev_ic_seq_0559_t60,1,STRIP PHOTORESIST
dev_ic_seq_0559_t60,2,STRIP RESIST
dev_ic_seq_0559_t60,3,MEASURE PLANARITY
dev_ic_seq_0559_t60,4,IMPLANT WELL
dev_ic_seq_0559_t60,5,DEPOSIT TOP METAL
dev_ic_seq_0559_t80,1,PAD WINDOW LITHO
dev_ic_seq_0559_t80,2,OPEN PAD WINDOW LITHO
dev_ic_seq_0559_t80,3,STRIP PHOTORESIST
dev_ic_seq_0559_t80,4,BACKSIDE CLEAN FINAL
dev_ic_seq_0559_t80,5,STRIP RESIST
dev_ic_seq_0851_t60,1,STRIP RESIST
dev_ic_seq_0851_t60,2,STRIP PHOTORESIST
dev_ic_seq_0851_t60,3,OPEN PAD WINDOW LITHO
dev_ic_seq_0851_t60,4,PAD WINDOW LITHO
dev_ic_seq_0851_t60,5,HARD BAKE
dev_ic_seq_0851_t80,1,OPEN PAD WINDOW LITHO
dev_ic_seq_0851_t80,2,PAD WINDOW LITHO
dev_ic_seq_0851_t80,3,PACKAGE PREPARATION
dev_ic_seq_0851_t80,4,DEVELOP PHOTORESIST
dev_ic_seq_0851_t80,5,CMP DIELECTRIC
dev_ic_seq_0214_t60,1,MEASURE VIA CD
dev_ic_seq_0214_t60,2,DEPOSIT BARRIER METAL
dev_ic_seq_0214_t60,3,DEPOSIT GATE OXIDE OR DIELECTRIC
dev_ic_seq_0214_t60,4,MEASURE EPITAXY THICKNESS
dev_ic_seq_0214_t60,5,SPIN COAT PHOTORESIST
dev_ic_seq_0214_t80,1,PASSIVATION ETCH PAD OPENING
dev_ic_seq_0214_t80,2,PASSIVATION ETCH
dev_ic_seq_0214_t80,3,IMPLANT LDD
dev_ic_seq_0214_t80,4,METAL PATTERN INSPECTION
dev_ic_seq_0214_t80,5,VIA INSPECTION
dev_ic_seq_0005_t60,1,CLEAN AFTER VIA ETCH
dev_ic_seq_0005_t60,2,CLEAN PAD OPENING
dev_ic_seq_0005_t60,3,CLEAN AFTER METAL ETCH
dev_ic_seq_0005_t60,4,CLEAN AFTER FIELD ETCH
dev_ic_seq_0005_t60,5,DEPOSIT POLYSILICON
dev_ic_seq_0005_t80,1,OPEN PAD WINDOW LITHO
dev_ic_seq_0005_t80,2,PAD WINDOW LITHO
dev_ic_seq_0005_t80,3,DEVELOP PHOTORESIST
dev_ic_seq_0005_t80,4,PACKAGE PREPARATION
dev_ic_seq_0005_t80,5,CMP DIELECTRIC
dev_ic_seq_0205_t60,1,DEPOSIT BARRIER METAL
dev_ic_seq_0205_t60,2,HARD BAKE
dev_ic_seq_0205_t60,3,RAPID THERMAL ANNEAL
dev_ic_seq_0205_t60,4,DEPOSIT GATE OXIDE OR DIELECTRIC
dev_ic_seq_0205_t60,5,PRE ANNEAL CHECK
dev_ic_seq_0205_t80,1,PASSIVATION ETCH PAD OPENING
dev_ic_seq_0205_t80,2,PASSIVATION ETCH
dev_ic_seq_0205_t80,3,METAL PATTERN INSPECTION
dev_ic_seq_0205_t80,4,DEVELOP PAD WINDOW
dev_ic_seq_0205_t80,5,IMPLANT LDD
dev_ic_seq_0158_t60,1,DEPOSIT BARRIER METAL
dev_ic_seq_0158_t60,2,MEASURE VIA CD
dev_ic_seq_0158_t60,3,CURE PASSIVATION
dev_ic_seq_0158_t60,4,PRE ANNEAL CHECK
dev_ic_seq_0158_t60,5,HARD BAKE
dev_ic_seq_0158_t80,1,PASSIVATION ETCH
dev_ic_seq_0158_t80,2,PASSIVATION ETCH PAD OPENING
dev_ic_seq_0158_t80,3,METAL PATTERN INSPECTION
dev_ic_seq_0158_t80,4,VIA OPENING INSPECTION
dev_ic_seq_0158_t80,5,IMPLANT LDD
dev_ic_seq_0081_t60,1,CLEAN AFTER VIA ETCH
dev_ic_seq_0081_t60,2,CLEAN AFTER METAL ETCH
dev_ic_seq_0081_t60,3,CLEAN PAD OPENING
dev_ic_seq_0081_t60,4,CLEAN AFTER ETCH
dev_ic_seq_0081_t60,5,CLEAN AFTER FIELD ETCH
dev_ic_seq_0081_t80,1,OPEN PAD WINDOW LITHO
dev_ic_seq_0081_t80,2,PAD WINDOW LITHO
dev_ic_seq_0081_t80,3,OPEN BOND PAD WINDOW
dev_ic_seq_0081_t80,4,CMP DIELECTRIC
dev_ic_seq_0081_t80,5,PACKAGE PREPARATION
dev_ic_seq_0883_t60,1,CLEAN AFTER VIA ETCH
dev_ic_seq_0883_t60,2,CLEAN AFTER METAL ETCH
dev_ic_seq_0883_t60,3,CLEAN PAD OPENING
dev_ic_seq_0883_t60,4,CLEAN AFTER ETCH
dev_ic_seq_0883_t60,5,CLEAN AFTER FIELD ETCH
dev_ic_seq_0883_t80,1,OPEN PAD WINDOW LITHO
dev_ic_seq_0883_t80,2,PAD WINDOW LITHO
dev_ic_seq_0883_t80,3,STRIP PHOTORESIST
dev_ic_seq_0883_t80,4,STRIP RESIST
dev_ic_seq_0883_t80,5,OPEN PAD WINDOW
dev_ic_seq_0020_t60,1,CLEAN AFTER VIA ETCH
dev_ic_seq_0020_t60,2,CLEAN AFTER FIELD ETCH
dev_ic_seq_0020_t60,3,CLEAN AFTER ETCH
dev_ic_seq_0020_t60,4,CLEAN PAD OPENING
dev_ic_seq_0020_t60,5,CLEAN AFTER METAL ETCH
dev_ic_seq_0020_t80,1,OPEN PAD WINDOW LITHO
dev_ic_seq_0020_t80,2,PAD WINDOW LITHO
dev_ic_seq_0020_t80,3,PACKAGE PREPARATION
dev_ic_seq_0020_t80,4,CMP DIELECTRIC
dev_ic_seq_0020_t80,5,BACKSIDE CLEAN FINAL
dev_ic_seq_0930_t60,1,STRIP PHOTORESIST
dev_ic_seq_0930_t60,2,STRIP RESIST
dev_ic_seq_0930_t60,3,HARD BAKE
dev_ic_seq_0930_t60,4,PACKAGE PREPARATION
dev_ic_seq_0930_t60,5,OPEN PAD WINDOW LITHO
dev_ic_seq_0930_t80,1,OPEN PAD WINDOW
dev_ic_seq_0930_t80,2,OPEN BOND PAD WINDOW
dev_ic_seq_0930_t80,3,IMPLANT LDD
dev_ic_seq_0930_t80,4,HARD BAKE
dev_ic_seq_0930_t80,5,OPEN PAD WINDOW LITHO
dev_ic_seq_0230_t60,1,CLEAN AFTER VIA ETCH
dev_ic_seq_0230_t60,2,CLEAN AFTER METAL ETCH
dev_ic_seq_0230_t60,3,CLEAN PAD OPENING
dev_ic_seq_0230_t60,4,CLEAN AFTER FIELD ETCH
dev_ic_seq_0230_t60,5,CLEAN AFTER ETCH
dev_ic_seq_0230_t80,1,OPEN PAD WINDOW LITHO
dev_ic_seq_0230_t80,2,PAD WINDOW LITHO
dev_ic_seq_0230_t80,3,OPEN PAD WINDOW
dev_ic_seq_0230_t80,4,STRIP PHOTORESIST
dev_ic_seq_0230_t80,5,LOT RELEASE
dev_ic_seq_0568_t60,1,CLEAN AFTER VIA ETCH
dev_ic_seq_0568_t60,2,CLEAN AFTER METAL ETCH
dev_ic_seq_0568_t60,3,CLEAN AFTER FIELD ETCH
dev_ic_seq_0568_t60,4,CLEAN PAD OPENING
dev_ic_seq_0568_t60,5,DEPOSIT POLYSILICON
dev_ic_seq_0568_t80,1,DEVELOP PAD WINDOW
dev_ic_seq_0568_t80,2,DEVELOP PHOTORESIST
dev_ic_seq_0568_t80,3,PASSIVATION ETCH
dev_ic_seq_0568_t80,4,SPIN COAT PHOTORESIST
dev_ic_seq_0568_t80,5,PASSIVATION ETCH PAD OPENING
dev_ic_seq_0013_t60,1,CLEAN AFTER VIA ETCH
dev_ic_seq_0013_t60,2,CLEAN AFTER METAL ETCH
dev_ic_seq_0013_t60,3,CLEAN AFTER ETCH
dev_ic_seq_0013_t60,4,CLEAN AFTER FIELD ETCH
dev_ic_seq_0013_t60,5,DEPOSIT POLYSILICON
dev_ic_seq_0013_t80,1,PAD WINDOW LITHO
dev_ic_seq_0013_t80,2,OPEN PAD WINDOW LITHO
dev_ic_seq_0013_t80,3,BACKSIDE CLEAN FINAL
dev_ic_seq_0013_t80,4,STRIP PHOTORESIST
dev_ic_seq_0013_t80,5,STRIP RESIST
dev_ic_seq_0884_t60,1,MEASURE VIA CD
dev_ic_seq_0884_t60,2,DEPOSIT BARRIER METAL
dev_ic_seq_0884_t60,3,SPIN COAT PHOTORESIST
dev_ic_seq_0884_t60,4,CLEAN AFTER VIA ETCH
dev_ic_seq_0884_t60,5,MEASURE PAD OPENING
dev_ic_seq_0884_t80,1,DEVELOP PAD WINDOW
dev_ic_seq_0884_t80,2,DEVELOP PHOTORESIST
dev_ic_seq_0884_t80,3,POST EXPOSE BAKE
dev_ic_seq_0884_t80,4,ANNEAL OXIDE
dev_ic_seq_0884_t80,5,PASSIVATION ETCH PAD OPENING
dev_ic_seq_0275_t60,1,CLEAN AFTER VIA ETCH
dev_ic_seq_0275_t60,2,CLEAN AFTER ETCH
dev_ic_seq_0275_t60,3,CLEAN PAD OPENING
dev_ic_seq_0275_t60,4,CLEAN AFTER METAL ETCH
dev_ic_seq_0275_t60,5,CLEAN AFTER FIELD ETCH
dev_ic_seq_0275_t80,1,OPEN PAD WINDOW LITHO
dev_ic_seq_0275_t80,2,PAD WINDOW LITHO
dev_ic_seq_0275_t80,3,CMP DIELECTRIC
dev_ic_seq_0275_t80,4,OPEN BOND PAD WINDOW
dev_ic_seq_0275_t80,5,CMP INTERLAYER DIELECTRIC
dev_ic_seq_0526_t60,1,STRIP PHOTORESIST
dev_ic_seq_0526_t60,2,STRIP RESIST
dev_ic_seq_0526_t60,3,MEASURE PLANARITY
dev_ic_seq_0526_t60,4,IMPLANT WELL
dev_ic_seq_0526_t60,5,DEPOSIT METAL 1
dev_ic_seq_0526_t80,1,MEASURE PASSIVATION THICKNESS
dev_ic_seq_0526_t80,2,MEASURE PASSIVATION QUALITY
dev_ic_seq_0526_t80,3,POST EXPOSE BAKE
dev_ic_seq_0526_t80,4,DEVELOP PHOTORESIST
dev_ic_seq_0526_t80,5,CURE PASSIVATION
dev_ic_seq_0154_t60,1,STRIP PHOTORESIST
dev_ic_seq_0154_t60,2,STRIP RESIST
dev_ic_seq_0154_t60,3,HARD BAKE
dev_ic_seq_0154_t60,4,DEPOSIT POLYSILICON
dev_ic_seq_0154_t60,5,RCA CLEAN 2
dev_ic_seq_0154_t80,1,OPEN PAD WINDOW
dev_ic_seq_0154_t80,2,OPEN BOND PAD WINDOW
dev_ic_seq_0154_t80,3,OPEN PAD WINDOW LITHO
dev_ic_seq_0154_t80,4,STRIP PHOTORESIST
dev_ic_seq_0154_t80,5,MEASURE SURFACE DEFECTS
dev_ic_seq_0360_t60,1,CLEAN AFTER VIA ETCH
dev_ic_seq_0360_t60,2,CLEAN AFTER ETCH
dev_ic_seq_0360_t60,3,CLEAN AFTER METAL ETCH
dev_ic_seq_0360_t60,4,CLEAN PAD OPENING
dev_ic_seq_0360_t60,5,CLEAN AFTER FIELD ETCH
dev_ic_seq_0360_t80,1,OPEN PAD WINDOW LITHO
dev_ic_seq_0360_t80,2,PAD WINDOW LITHO
dev_ic_seq_0360_t80,3,PACKAGE PREPARATION
dev_ic_seq_0360_t80,4,CMP DIELECTRIC
dev_ic_seq_0360_t80,5,SWITCHING TEST
dev_ic_seq_0699_t60,1,DEPOSIT BARRIER METAL
dev_ic_seq_0699_t60,2,MEASURE VIA CD
dev_ic_seq_0699_t60,3,HARD BAKE
dev_ic_seq_0699_t60,4,RAPID THERMAL ANNEAL
dev_ic_seq_0699_t60,5,PRE ANNEAL CHECK
dev_ic_seq_0699_t80,1,DEVELOP PAD WINDOW
dev_ic_seq_0699_t80,2,DEVELOP PHOTORESIST
dev_ic_seq_0699_t80,3,POST EXPOSE BAKE
dev_ic_seq_0699_t80,4,OPEN PAD WINDOW LITHO
dev_ic_seq_0699_t80,5,ANNEAL OXIDE
dev_ic_seq_0365_t60,1,CLEAN AFTER VIA ETCH
dev_ic_seq_0365_t60,2,CLEAN PAD OPENING
dev_ic_seq_0365_t60,3,CLEAN AFTER FIELD ETCH
dev_ic_seq_0365_t60,4,CLEAN AFTER METAL ETCH
dev_ic_seq_0365_t60,5,CLEAN AFTER ETCH
dev_ic_seq_0365_t80,1,DEVELOP PAD WINDOW
dev_ic_seq_0365_t80,2,DEVELOP PHOTORESIST
dev_ic_seq_0365_t80,3,POST EXPOSE BAKE
dev_ic_seq_0365_t80,4,SHIP LOT
dev_ic_seq_0365_t80,5,FINAL THICKNESS MEASURE
dev_ic_seq_0135_t60,1,CLEAN AFTER VIA ETCH
dev_ic_seq_0135_t60,2,CLEAN AFTER FIELD ETCH
dev_ic_seq_0135_t60,3,CLEAN PAD OPENING
dev_ic_seq_0135_t60,4,CLEAN AFTER POLY ETCH
dev_ic_seq_0135_t60,5,CLEAN AFTER METAL ETCH
dev_ic_seq_0135_t80,1,OPEN PAD WINDOW LITHO
dev_ic_seq_0135_t80,2,PAD WINDOW LITHO
dev_ic_seq_0135_t80,3,DEVELOP PHOTORESIST
dev_ic_seq_0135_t80,4,CMP DIELECTRIC
dev_ic_seq_0135_t80,5,PACKAGE PREPARATION
dev_ic_seq_0288_t60,1,DEPOSIT TUNGSTEN SEED
dev_ic_seq_0288_t60,2,DEPOSIT METAL SEED
dev_ic_seq_0288_t60,3,MEASURE OXIDE THICKNESS
dev_ic_seq_0288_t60,4,OXIDE STRIP
dev_ic_seq_0288_t60,5,DEPOSIT POLYSILICON
dev_ic_seq_0288_t80,1,PASSIVATION ETCH PAD OPENING
dev_ic_seq_0288_t80,2,PASSIVATION ETCH
dev_ic_seq_0288_t80,3,DEVELOP PAD WINDOW
dev_ic_seq_0288_t80,4,SWITCHING TEST
dev_ic_seq_0288_t80,5,FILL VIA METAL
dev_ic_seq_0237_t60,1,STRIP PHOTORESIST
dev_ic_seq_0237_t60,2,STRIP RESIST
dev_ic_seq_0237_t60,3,DEPOSIT METAL 1
dev_ic_seq_0237_t60,4,MEASURE PAD OPENING
dev_ic_seq_0237_t60,5,MEASURE CONTACT RESISTANCE
dev_ic_seq_0237_t80,1,OPEN PAD WINDOW
dev_ic_seq_0237_t80,2,OPEN BOND PAD WINDOW
dev_ic_seq_0237_t80,3,STRIP RESIST
dev_ic_seq_0237_t80,4,STRIP PHOTORESIST
dev_ic_seq_0237_t80,5,DEPOSIT BACKSIDE PROTECTION
dev_ic_seq_0960_t60,1,CLEAN AFTER VIA ETCH
dev_ic_seq_0960_t60,2,CLEAN AFTER METAL ETCH
dev_ic_seq_0960_t60,3,CLEAN AFTER POLY ETCH
dev_ic_seq_0960_t60,4,CLEAN AFTER FIELD ETCH
dev_ic_seq_0960_t60,5,CLEAN PAD OPENING
dev_ic_seq_0960_t80,1,DEVELOP PAD WINDOW
dev_ic_seq_0960_t80,2,DEVELOP PHOTORESIST
dev_ic_seq_0960_t80,3,POST EXPOSE BAKE
dev_ic_seq_0960_t80,4,PAD WINDOW LITHO
dev_ic_seq_0960_t80,5,SHIP LOT
dev_ic_seq_0019_t60,1,CLEAN AFTER VIA ETCH
dev_ic_seq_0019_t60,2,CLEAN AFTER METAL ETCH
dev_ic_seq_0019_t60,3,CLEAN AFTER FIELD ETCH
dev_ic_seq_0019_t60,4,CLEAN AFTER WINDOW ETCH
dev_ic_seq_0019_t60,5,CLEAN PAD OPENING
dev_ic_seq_0019_t80,1,OPEN PAD WINDOW LITHO
dev_ic_seq_0019_t80,2,PAD WINDOW LITHO
dev_ic_seq_0019_t80,3,STRIP PHOTORESIST
dev_ic_seq_0019_t80,4,STRIP RESIST
dev_ic_seq_0019_t80,5,BACKSIDE CLEAN FINAL
dev_ic_seq_0177_t60,1,DEPOSIT TUNGSTEN SEED
dev_ic_seq_0177_t60,2,DEPOSIT METAL SEED
dev_ic_seq_0177_t60,3,OXIDE STRIP
dev_ic_seq_0177_t60,4,HARD BAKE
dev_ic_seq_0177_t60,5,IMPLANT P BODY
dev_ic_seq_0177_t80,1,STRIP PHOTORESIST
dev_ic_seq_0177_t80,2,STRIP RESIST
dev_ic_seq_0177_t80,3,MEASURE GEOMETRY
dev_ic_seq_0177_t80,4,PASSIVATION ETCH PAD OPENING
dev_ic_seq_0177_t80,5,MEASURE INITIAL GEOMETRY
dev_ic_seq_0959_t60,1,MEASURE VIA CD
dev_ic_seq_0959_t60,2,DEPOSIT BARRIER METAL
dev_ic_seq_0959_t60,3,DEPOSIT GATE OXIDE OR DIELECTRIC
dev_ic_seq_0959_t60,4,SPIN COAT PHOTORESIST
dev_ic_seq_0959_t60,5,MEASURE EPITAXY THICKNESS
dev_ic_seq_0959_t80,1,DEVELOP PAD WINDOW
dev_ic_seq_0959_t80,2,DEVELOP PHOTORESIST
dev_ic_seq_0959_t80,3,POST EXPOSE BAKE
dev_ic_seq_0959_t80,4,BACKSIDE CLEAN FINAL
dev_ic_seq_0959_t80,5,SWITCHING TEST
dev_ic_seq_0342_t60,1,STRIP RESIST
dev_ic_seq_0342_t60,2,STRIP PHOTORESIST
dev_ic_seq_0342_t60,3,OPEN PAD WINDOW LITHO
dev_ic_seq_0342_t60,4,PAD WINDOW LITHO
dev_ic_seq_0342_t60,5,HARD BAKE
dev_ic_seq_0342_t80,1,DEVELOP PAD WINDOW
dev_ic_seq_0342_t80,2,DEVELOP PHOTORESIST
dev_ic_seq_0342_t80,3,POST EXPOSE BAKE
dev_ic_seq_0342_t80,4,SHIP LOT
dev_ic_seq_0342_t80,5,FINAL THICKNESS MEASURE
dev_ic_seq_0632_t60,1,MEASURE VIA CD
dev_ic_seq_0632_t60,2,DEPOSIT BARRIER METAL
dev_ic_seq_0632_t60,3,DEPOSIT GATE OXIDE OR DIELECTRIC
dev_ic_seq_0632_t60,4,MEASURE GEOMETRY
dev_ic_seq_0632_t60,5,MEASURE CONTACT RESISTANCE
dev_ic_seq_0632_t80,1,PAD WINDOW LITHO
dev_ic_seq_0632_t80,2,OPEN PAD WINDOW LITHO
dev_ic_seq_0632_t80,3,LOT RELEASE
dev_ic_seq_0632_t80,4,CMP DIELECTRIC
dev_ic_seq_0632_t80,5,OPEN PAD WINDOW
dev_ic_seq_0040_t60,1,CLEAN AFTER VIA ETCH
dev_ic_seq_0040_t60,2,CLEAN AFTER METAL ETCH
dev_ic_seq_0040_t60,3,CLEAN AFTER POLY ETCH
dev_ic_seq_0040_t60,4,CLEAN AFTER FIELD ETCH
dev_ic_seq_0040_t60,5,CLEAN AFTER ETCH
dev_ic_seq_0040_t80,1,OPEN PAD WINDOW
dev_ic_seq_0040_t80,2,OPEN BOND PAD WINDOW
dev_ic_seq_0040_t80,3,OPEN PAD WINDOW LITHO
dev_ic_seq_0040_t80,4,YIELD ANALYSIS
dev_ic_seq_0040_t80,5,MEASURE PASSIVATION THICKNESS
dev_ic_seq_0193_t60,1,STRIP PHOTORESIST
dev_ic_seq_0193_t60,2,STRIP RESIST
dev_ic_seq_0193_t60,3,THERMAL OXIDATION
dev_ic_seq_0193_t60,4,HARD BAKE
dev_ic_seq_0193_t60,5,RAPID THERMAL ANNEAL
dev_ic_seq_0193_t80,1,MEASURE PASSIVATION THICKNESS
dev_ic_seq_0193_t80,2,MEASURE PASSIVATION QUALITY
dev_ic_seq_0193_t80,3,IMPLANT DRAIN / CATHODE REGION
dev_ic_seq_0193_t80,4,METAL ETCH DRY
dev_ic_seq_0193_t80,5,CLEAN AFTER METAL ETCH
dev_ic_seq_0927_t60,1,MEASURE VIA CD
dev_ic_seq_0927_t60,2,DEPOSIT BARRIER METAL
dev_ic_seq_0927_t60,3,DEPOSIT GATE OXIDE OR DIELECTRIC
dev_ic_seq_0927_t60,4,SPIN COAT PHOTORESIST
dev_ic_seq_0927_t60,5,MEASURE EPITAXY THICKNESS
dev_ic_seq_0927_t80,1,OPEN PAD WINDOW LITHO
dev_ic_seq_0927_t80,2,PAD WINDOW LITHO
dev_ic_seq_0927_t80,3,PASSIVATION ETCH PAD OPENING
dev_ic_seq_0927_t80,4,CMP DIELECTRIC
dev_ic_seq_0927_t80,5,PACKAGE PREPARATION
dev_ic_seq_0719_t60,1,VIA ETCH THROUGH DIELECTRIC
dev_ic_seq_0719_t60,2,DIELECTRIC ETCH VIA
dev_ic_seq_0719_t60,3,METAL ETCH DRY
dev_ic_seq_0719_t60,4,VIA ETCH
dev_ic_seq_0719_t60,5,HARD BAKE
dev_ic_seq_0719_t80,1,OPEN PAD WINDOW
dev_ic_seq_0719_t80,2,OPEN BOND PAD WINDOW
dev_ic_seq_0719_t80,3,YIELD ANALYSIS
dev_ic_seq_0719_t80,4,OPEN PAD WINDOW LITHO
dev_ic_seq_0719_t80,5,MEASURE PASSIVATION THICKNESS
dev_ic_seq_0637_t60,1,CLEAN AFTER VIA ETCH
dev_ic_seq_0637_t60,2,CLEAN AFTER ETCH
dev_ic_seq_0637_t60,3,CLEAN AFTER FIELD ETCH
dev_ic_seq_0637_t60,4,CLEAN AFTER METAL ETCH
dev_ic_seq_0637_t60,5,CLEAN PAD OPENING
dev_ic_seq_0637_t80,1,PAD WINDOW LITHO
dev_ic_seq_0637_t80,2,OPEN PAD WINDOW LITHO
dev_ic_seq_0637_t80,3,BACKSIDE CLEAN FINAL
dev_ic_seq_0637_t80,4,STRIP PHOTORESIST
dev_ic_seq_0637_t80,5,RAPID THERMAL ANNEAL
dev_ic_seq_0410_t60,1,DIELECTRIC ETCH VIA
dev_ic_seq_0410_t60,2,HARD BAKE
dev_ic_seq_0410_t60,3,VIA ETCH THROUGH DIELECTRIC
dev_ic_seq_0410_t60,4,VIA ETCH
dev_ic_seq_0410_t60,5,STRIP RESIST
dev_ic_seq_0410_t80,1,OPEN BOND PAD WINDOW
dev_ic_seq_0410_t80,2,OPEN PAD WINDOW
dev_ic_seq_0410_t80,3,YIELD ANALYSIS
dev_ic_seq_0410_t80,4,WAFER SORT TEST
dev_ic_seq_0410_t80,5,FINAL CD INSPECTION
dev_ic_seq_0334_t60,1,STRIP PHOTORESIST
dev_ic_seq_0334_t60,2,STRIP RESIST
dev_ic_seq_0334_t60,3,DEPOSIT TOP METAL
dev_ic_seq_0334_t60,4,IMPLANT WELL
dev_ic_seq_0334_t60,5,HARD BAKE
dev_ic_seq_0334_t80,1,MEASURE PASSIVATION THICKNESS
dev_ic_seq_0334_t80,2,MEASURE PASSIVATION QUALITY
dev_ic_seq_0334_t80,3,STRIP PHOTORESIST
dev_ic_seq_0334_t80,4,CURE PASSIVATION
dev_ic_seq_0334_t80,5,DEPOSIT PASSIVATION LAYER
dev_ic_seq_0107_t60,1,STRIP PHOTORESIST
dev_ic_seq_0107_t60,2,STRIP RESIST
dev_ic_seq_0107_t60,3,DEPOSIT TOP METAL
dev_ic_seq_0107_t60,4,MEASURE GEOMETRY
dev_ic_seq_0107_t60,5,ALIGN MASK LEVEL 4
dev_ic_seq_0107_t80,1,OPEN PAD WINDOW LITHO
dev_ic_seq_0107_t80,2,PAD WINDOW LITHO
dev_ic_seq_0107_t80,3,OPEN PAD WINDOW
dev_ic_seq_0107_t80,4,RAPID THERMAL ANNEAL
dev_ic_seq_0107_t80,5,SPIN COAT PHOTORESIST
dev_ic_seq_0290_t60,1,MEASURE VIA CD
dev_ic_seq_0290_t60,2,DEPOSIT BARRIER METAL
dev_ic_seq_0290_t60,3,SPIN COAT PHOTORESIST
dev_ic_seq_0290_t60,4,DEPOSIT GATE OXIDE OR DIELECTRIC
dev_ic_seq_0290_t60,5,MEASURE FILM THICKNESS
dev_ic_seq_0290_t80,1,DEVELOP PHOTORESIST
dev_ic_seq_0290_t80,2,DEVELOP PAD WINDOW
dev_ic_seq_0290_t80,3,POST EXPOSE BAKE
dev_ic_seq_0290_t80,4,SHIP LOT
dev_ic_seq_0290_t80,5,FINAL THICKNESS MEASURE
dev_ic_seq_0576_t60,1,DIELECTRIC ETCH VIA
dev_ic_seq_0576_t60,2,VIA ETCH THROUGH DIELECTRIC
dev_ic_seq_0576_t60,3,VIA ETCH
dev_ic_seq_0576_t60,4,METAL ETCH DRY
dev_ic_seq_0576_t60,5,HARD BAKE
dev_ic_seq_0576_t80,1,CURE PASSIVATION
dev_ic_seq_0576_t80,2,DEPOSIT PASSIVATION LAYER
dev_ic_seq_0576_t80,3,MEASURE PAD OPENING
dev_ic_seq_0576_t80,4,ANNEAL OXIDE
dev_ic_seq_0576_t80,5,MEASURE JUNCTION DEPTH
dev_ic_seq_0956_t60,1,CLEAN AFTER VIA ETCH
dev_ic_seq_0956_t60,2,CLEAN AFTER POLY ETCH
dev_ic_seq_0956_t60,3,CLEAN AFTER FIELD ETCH
dev_ic_seq_0956_t60,4,CLEAN AFTER METAL ETCH
dev_ic_seq_0956_t60,5,HARD BAKE
dev_ic_seq_0956_t80,1,OPEN PAD WINDOW
dev_ic_seq_0956_t80,2,OPEN BOND PAD WINDOW
dev_ic_seq_0956_t80,3,STRIP PHOTORESIST
dev_ic_seq_0956_t80,4,STRIP RESIST
dev_ic_seq_0956_t80,5,CLEAN PAD OPENING
dev_ic_seq_0531_t60,1,MEASURE VIA CD
dev_ic_seq_0531_t60,2,DEPOSIT BARRIER METAL
dev_ic_seq_0531_t60,3,DEPOSIT GATE OXIDE OR DIELECTRIC
dev_ic_seq_0531_t60,4,SPIN COAT PHOTORESIST
dev_ic_seq_0531_t60,5,EXPOSE LITHO LEVEL 4
dev_ic_seq_0531_t80,1,OPEN PAD WINDOW
dev_ic_seq_0531_t80,2,OPEN BOND PAD WINDOW
dev_ic_seq_0531_t80,3,HARD BAKE
dev_ic_seq_0531_t80,4,MEASURE VIA RESISTANCE
dev_ic_seq_0531_t80,5,YIELD ANALYSIS
dev_ic_seq_0769_t60,1,CLEAN AFTER VIA ETCH
dev_ic_seq_0769_t60,2,CLEAN PAD OPENING
dev_ic_seq_0769_t60,3,CLEAN AFTER METAL ETCH
dev_ic_seq_0769_t60,4,CLEAN AFTER ETCH
dev_ic_seq_0769_t60,5,CLEAN AFTER FIELD ETCH
dev_ic_seq_0769_t80,1,DEVELOP PAD WINDOW
dev_ic_seq_0769_t80,2,DEVELOP PHOTORESIST
dev_ic_seq_0769_t80,3,PAD WINDOW LITHO
dev_ic_seq_0769_t80,4,POST EXPOSE BAKE
dev_ic_seq_0769_t80,5,BACKSIDE THINNING CHECK
dev_ic_seq_0300_t60,1,STRIP PHOTORESIST
dev_ic_seq_0300_t60,2,STRIP RESIST
dev_ic_seq_0300_t60,3,DEPOSIT TOP METAL
dev_ic_seq_0300_t60,4,MEASURE PLANARITY
dev_ic_seq_0300_t60,5,IMPLANT WELL
dev_ic_seq_0300_t80,1,OPEN PAD WINDOW
dev_ic_seq_0300_t80,2,OPEN BOND PAD WINDOW
dev_ic_seq_0300_t80,3,YIELD ANALYSIS
dev_ic_seq_0300_t80,4,OPEN PAD WINDOW LITHO
dev_ic_seq_0300_t80,5,STRIP PHOTORESIST
dev_ic_seq_0869_t60,1,CLEAN AFTER VIA ETCH
dev_ic_seq_0869_t60,2,CLEAN AFTER METAL ETCH
dev_ic_seq_0869_t60,3,CLEAN AFTER FIELD ETCH
dev_ic_seq_0869_t60,4,CLEAN PAD OPENING
dev_ic_seq_0869_t60,5,ALIGN MASK LEVEL 4
dev_ic_seq_0869_t80,1,OPEN PAD WINDOW LITHO
dev_ic_seq_0869_t80,2,PAD WINDOW LITHO
dev_ic_seq_0869_t80,3,STRIP PHOTORESIST
dev_ic_seq_0869_t80,4,STRIP RESIST
dev_ic_seq_0869_t80,5,BACKSIDE CLEAN FINAL
dev_ic_seq_0028_t60,1,MEASURE VIA CD
dev_ic_seq_0028_t60,2,DEPOSIT BARRIER METAL
dev_ic_seq_0028_t60,3,SPIN COAT PHOTORESIST
dev_ic_seq_0028_t60,4,DEPOSIT GATE OXIDE OR DIELECTRIC
dev_ic_seq_0028_t60,5,MEASURE FILM THICKNESS
dev_ic_seq_0028_t80,1,OPEN PAD WINDOW LITHO
dev_ic_seq_0028_t80,2,PAD WINDOW LITHO
dev_ic_seq_0028_t80,3,RAPID THERMAL ANNEAL
dev_ic_seq_0028_t80,4,LOT RELEASE
dev_ic_seq_0028_t80,5,PACKAGE PREPARATION
dev_ic_seq_0601_t60,1,MEASURE VIA CD
dev_ic_seq_0601_t60,2,DEPOSIT BARRIER METAL
dev_ic_seq_0601_t60,3,DEPOSIT GATE OXIDE OR DIELECTRIC
dev_ic_seq_0601_t60,4,SPIN COAT PHOTORESIST
dev_ic_seq_0601_t60,5,MEASURE EPITAXY THICKNESS
dev_ic_seq_0601_t80,1,OPEN PAD WINDOW
dev_ic_seq_0601_t80,2,OPEN BOND PAD WINDOW
dev_ic_seq_0601_t80,3,YIELD ANALYSIS
dev_ic_seq_0601_t80,4,SWITCHING TEST
dev_ic_seq_0601_t80,5,OPEN PAD WINDOW LITHO
dev_ic_seq_0486_t60,1,STRIP RESIST
dev_ic_seq_0486_t60,2,STRIP PHOTORESIST
dev_ic_seq_0486_t60,3,DEPOSIT POLYSILICON
dev_ic_seq_0486_t60,4,DEPOSIT TOP METAL
dev_ic_seq_0486_t60,5,VIA ETCH THROUGH DIELECTRIC
dev_ic_seq_0486_t80,1,PAD WINDOW LITHO
dev_ic_seq_0486_t80,2,OPEN PAD WINDOW LITHO
dev_ic_seq_0486_t80,3,BACKSIDE CLEAN FINAL
dev_ic_seq_0486_t80,4,STRIP PHOTORESIST
dev_ic_seq_0486_t80,5,RAPID THERMAL ANNEAL
dev_ic_seq_0080_t60,1,MEASURE VIA CD
dev_ic_seq_0080_t60,2,DEPOSIT BARRIER METAL
dev_ic_seq_0080_t60,3,MEASURE EPITAXY THICKNESS
dev_ic_seq_0080_t60,4,DEPOSIT GATE OXIDE OR DIELECTRIC
dev_ic_seq_0080_t60,5,SPIN COAT PHOTORESIST
dev_ic_seq_0080_t80,1,OPEN PAD WINDOW
dev_ic_seq_0080_t80,2,OPEN BOND PAD WINDOW
dev_ic_seq_0080_t80,3,YIELD ANALYSIS
dev_ic_seq_0080_t80,4,OPEN PAD WINDOW LITHO
dev_ic_seq_0080_t80,5,PAD WINDOW LITHO
dev_ic_seq_0670_t60,1,DEPOSIT TUNGSTEN SEED
dev_ic_seq_0670_t60,2,DEPOSIT METAL SEED
dev_ic_seq_0670_t60,3,MEASURE OXIDE THICKNESS
dev_ic_seq_0670_t60,4,OXIDE STRIP
dev_ic_seq_0670_t60,5,HARD BAKE
dev_ic_seq_0670_t80,1,PASSIVATION ETCH PAD OPENING
dev_ic_seq_0670_t80,2,PASSIVATION ETCH
dev_ic_seq_0670_t80,3,DEVELOP PAD WINDOW
dev_ic_seq_0670_t80,4,SWITCHING TEST
dev_ic_seq_0670_t80,5,FILL VIA METAL
dev_ic_seq_0378_t60,1,STRIP PHOTORESIST
dev_ic_seq_0378_t60,2,STRIP RESIST
dev_ic_seq_0378_t60,3,MEASURE GEOMETRY
dev_ic_seq_0378_t60,4,DEPOSIT METAL 1
dev_ic_seq_0378_t60,5,DEPOSIT TOP METAL
dev_ic_seq_0378_t80,1,OPEN PAD WINDOW
dev_ic_seq_0378_t80,2,OPEN BOND PAD WINDOW
dev_ic_seq_0378_t80,3,OPEN PAD WINDOW LITHO
dev_ic_seq_0378_t80,4,CLEAN PAD OPENING
dev_ic_seq_0378_t80,5,IMPLANT LDD
dev_ic_seq_0726_t60,1,DEPOSIT TUNGSTEN SEED
dev_ic_seq_0726_t60,2,DEPOSIT METAL SEED
dev_ic_seq_0726_t60,3,MEASURE OXIDE THICKNESS
dev_ic_seq_0726_t60,4,DEPOSIT POLYSILICON
dev_ic_seq_0726_t60,5,OXIDE STRIP
dev_ic_seq_0726_t80,1,PASSIVATION ETCH PAD OPENING
dev_ic_seq_0726_t80,2,PASSIVATION ETCH
dev_ic_seq_0726_t80,3,DEVELOP PAD WINDOW
dev_ic_seq_0726_t80,4,SWITCHING TEST
dev_ic_seq_0726_t80,5,FILL VIA METAL
dev_ic_seq_0738_t60,1,MEASURE VIA CD
dev_ic_seq_0738_t60,2,DEPOSIT BARRIER METAL
dev_ic_seq_0738_t60,3,SPIN COAT PHOTORESIST
dev_ic_seq_0738_t60,4,EXPOSE LITHO LEVEL 4
dev_ic_seq_0738_t60,5,DEPOSIT GATE OXIDE OR DIELECTRIC
dev_ic_seq_0738_t80,1,DEVELOP PHOTORESIST
dev_ic_seq_0738_t80,2,DEVELOP PAD WINDOW
dev_ic_seq_0738_t80,3,POST EXPOSE BAKE
dev_ic_seq_0738_t80,4,OPEN PAD WINDOW LITHO
dev_ic_seq_0738_t80,5,PAD WINDOW LITHO
dev_ic_seq_0046_t60,1,STRIP PHOTORESIST
dev_ic_seq_0046_t60,2,STRIP RESIST
dev_ic_seq_0046_t60,3,DEPOSIT POLYSILICON
dev_ic_seq_0046_t60,4,DEVELOP PHOTORESIST
dev_ic_seq_0046_t60,5,VIA ETCH THROUGH DIELECTRIC
dev_ic_seq_0046_t80,1,OPEN PAD WINDOW
dev_ic_seq_0046_t80,2,OPEN BOND PAD WINDOW
dev_ic_seq_0046_t80,3,YIELD ANALYSIS
dev_ic_seq_0046_t80,4,WAFER SORT TEST
dev_ic_seq_0046_t80,5,STRIP PHOTORESIST
dev_ic_seq_0522_t60,1,STRIP PHOTORESIST
dev_ic_seq_0522_t60,2,STRIP RESIST
dev_ic_seq_0522_t60,3,HARD BAKE
dev_ic_seq_0522_t60,4,OPEN PAD WINDOW LITHO
dev_ic_seq_0522_t60,5,DIELECTRIC ETCH VIA
dev_ic_seq_0522_t80,1,OPEN PAD WINDOW
dev_ic_seq_0522_t80,2,OPEN BOND PAD WINDOW
dev_ic_seq_0522_t80,3,MEASURE VIA RESISTANCE
dev_ic_seq_0522_t80,4,DEPOSIT BACKSIDE PROTECTION
dev_ic_seq_0522_t80,5,LOT RELEASE
dev_ic_seq_0605_t60,1,DEPOSIT BARRIER METAL
dev_ic_seq_0605_t60,2,MEASURE VIA CD
dev_ic_seq_0605_t60,3,CURE PASSIVATION
dev_ic_seq_0605_t60,4,PRE ANNEAL CHECK
dev_ic_seq_0605_t60,5,HARD BAKE
dev_ic_seq_0605_t80,1,PASSIVATION ETCH PAD OPENING
dev_ic_seq_0605_t80,2,PASSIVATION ETCH
dev_ic_seq_0605_t80,3,DEVELOP PAD WINDOW
dev_ic_seq_0605_t80,4,OPEN PAD WINDOW LITHO
dev_ic_seq_0605_t80,5,METAL ETCH
dev_ic_seq_0147_t60,1,STRIP RESIST
dev_ic_seq_0147_t60,2,STRIP PHOTORESIST
dev_ic_seq_0147_t60,3,DEPOSIT POLYSILICON
dev_ic_seq_0147_t60,4,DEPOSIT TOP METAL
dev_ic_seq_0147_t60,5,VIA ETCH THROUGH DIELECTRIC
dev_ic_seq_0147_t80,1,MEASURE PASSIVATION THICKNESS
dev_ic_seq_0147_t80,2,MEASURE PASSIVATION QUALITY
dev_ic_seq_0147_t80,3,STRIP PHOTORESIST
dev_ic_seq_0147_t80,4,DEVELOP PHOTORESIST
dev_ic_seq_0147_t80,5,POST EXPOSE BAKE
dev_ic_seq_0760_t60,1,STRIP RESIST
dev_ic_seq_0760_t60,2,STRIP PHOTORESIST
dev_ic_seq_0760_t60,3,OPEN PAD WINDOW LITHO
dev_ic_seq_0760_t60,4,PAD WINDOW LITHO
dev_ic_seq_0760_t60,5,HARD BAKE
dev_ic_seq_0760_t80,1,PAD WINDOW LITHO
dev_ic_seq_0760_t80,2,OPEN PAD WINDOW LITHO
dev_ic_seq_0760_t80,3,RAPID THERMAL ANNEAL
dev_ic_seq_0760_t80,4,STRIP PHOTORESIST
dev_ic_seq_0760_t80,5,LOT RELEASE
dev_ic_seq_0744_t60,1,STRIP PHOTORESIST
dev_ic_seq_0744_t60,2,STRIP RESIST
dev_ic_seq_0744_t60,3,HARD BAKE
dev_ic_seq_0744_t60,4,DIELECTRIC ETCH VIA
dev_ic_seq_0744_t60,5,WET CLEAN RCA2
dev_ic_seq_0744_t80,1,OPEN PAD WINDOW
dev_ic_seq_0744_t80,2,OPEN BOND PAD WINDOW
dev_ic_seq_0744_t80,3,STRIP PHOTORESIST
dev_ic_seq_0744_t80,4,MEASURE VIA RESISTANCE
dev_ic_seq_0744_t80,5,YIELD ANALYSIS
dev_ic_seq_0746_t60,1,CLEAN AFTER VIA ETCH
dev_ic_seq_0746_t60,2,CLEAN AFTER METAL ETCH
dev_ic_seq_0746_t60,3,CLEAN AFTER ETCH
dev_ic_seq_0746_t60,4,CLEAN PAD OPENING
dev_ic_seq_0746_t60,5,DEPOSIT POLYSILICON
dev_ic_seq_0746_t80,1,PAD WINDOW LITHO
dev_ic_seq_0746_t80,2,OPEN PAD WINDOW LITHO
dev_ic_seq_0746_t80,3,STRIP PHOTORESIST
dev_ic_seq_0746_t80,4,BACKSIDE CLEAN FINAL
dev_ic_seq_0746_t80,5,PACKAGE PREPARATION
dev_ic_seq_0616_t60,1,VIA ETCH THROUGH DIELECTRIC
dev_ic_seq_0616_t60,2,VIA ETCH
dev_ic_seq_0616_t60,3,DIELECTRIC ETCH VIA
dev_ic_seq_0616_t60,4,HARD BAKE
dev_ic_seq_0616_t60,5,FIELD OXIDE ETCH
dev_ic_seq_0616_t80,1,MEASURE PASSIVATION THICKNESS
dev_ic_seq_0616_t80,2,MEASURE PASSIVATION QUALITY
dev_ic_seq_0616_t80,3,DEVELOP PHOTORESIST
dev_ic_seq_0616_t80,4,STRIP PHOTORESIST
dev_ic_seq_0616_t80,5,CMP DIELECTRIC
dev_ic_seq_0652_t60,1,STRIP PHOTORESIST
dev_ic_seq_0652_t60,2,STRIP RESIST
dev_ic_seq_0652_t60,3,HARD BAKE
dev_ic_seq_0652_t60,4,OPEN PAD WINDOW LITHO
dev_ic_seq_0652_t60,5,DIELECTRIC ETCH VIA
dev_ic_seq_0652_t80,1,OPEN PAD WINDOW
dev_ic_seq_0652_t80,2,OPEN BOND PAD WINDOW
dev_ic_seq_0652_t80,3,MEASURE VIA RESISTANCE
dev_ic_seq_0652_t80,4,DEPOSIT BACKSIDE PROTECTION
dev_ic_seq_0652_t80,5,YIELD ANALYSIS
dev_ic_seq_0111_t60,1,CLEAN AFTER VIA ETCH
dev_ic_seq_0111_t60,2,CLEAN AFTER FIELD ETCH
dev_ic_seq_0111_t60,3,CLEAN AFTER ETCH
dev_ic_seq_0111_t60,4,CLEAN AFTER METAL ETCH
dev_ic_seq_0111_t60,5,CLEAN PAD OPENING
dev_ic_seq_0111_t80,1,PAD WINDOW LITHO
dev_ic_seq_0111_t80,2,OPEN PAD WINDOW LITHO
dev_ic_seq_0111_t80,3,BACKSIDE CLEAN FINAL
dev_ic_seq_0111_t80,4,STRIP PHOTORESIST
dev_ic_seq_0111_t80,5,STRIP RESIST
dev_ic_seq_0035_t60,1,MEASURE VIA CD
dev_ic_seq_0035_t60,2,DEPOSIT BARRIER METAL
dev_ic_seq_0035_t60,3,MEASURE FILM THICKNESS
dev_ic_seq_0035_t60,4,MEASURE SPACER WIDTH
dev_ic_seq_0035_t60,5,DEPOSIT BACKSIDE PROTECTION
dev_ic_seq_0035_t80,1,OPEN PAD WINDOW LITHO
dev_ic_seq_0035_t80,2,PAD WINDOW LITHO
dev_ic_seq_0035_t80,3,CMP DIELECTRIC
dev_ic_seq_0035_t80,4,DEVELOP PHOTORESIST
dev_ic_seq_0035_t80,5,PACKAGE PREPARATION
dev_ic_seq_0882_t60,1,CLEAN AFTER VIA ETCH
dev_ic_seq_0882_t60,2,CLEAN AFTER METAL ETCH
dev_ic_seq_0882_t60,3,CLEAN AFTER FIELD ETCH
dev_ic_seq_0882_t60,4,BACKSIDE CLEAN
dev_ic_seq_0882_t60,5,ALIGN MASK LEVEL 4
dev_ic_seq_0882_t80,1,DEVELOP PAD WINDOW
dev_ic_seq_0882_t80,2,DEVELOP PHOTORESIST
dev_ic_seq_0882_t80,3,POST EXPOSE BAKE
dev_ic_seq_0882_t80,4,BACKSIDE CLEAN FINAL
dev_ic_seq_0882_t80,5,BACKSIDE THINNING CHECK
dev_ic_seq_0101_t60,1,CLEAN AFTER VIA ETCH
dev_ic_seq_0101_t60,2,CLEAN AFTER ETCH
dev_ic_seq_0101_t60,3,CLEAN AFTER FIELD ETCH
dev_ic_seq_0101_t60,4,CLEAN PAD OPENING
dev_ic_seq_0101_t60,5,CLEAN AFTER METAL ETCH
dev_ic_seq_0101_t80,1,OPEN PAD WINDOW
dev_ic_seq_0101_t80,2,OPEN BOND PAD WINDOW
dev_ic_seq_0101_t80,3,YIELD ANALYSIS
dev_ic_seq_0101_t80,4,OPEN PAD WINDOW LITHO
dev_ic_seq_0101_t80,5,SWITCHING TEST
dev_ic_seq_0018_t60,1,DEPOSIT BARRIER METAL
dev_ic_seq_0018_t60,2,MEASURE EPITAXY THICKNESS
dev_ic_seq_0018_t60,3,MEASURE VIA CD
dev_ic_seq_0018_t60,4,RAPID THERMAL ANNEAL
dev_ic_seq_0018_t60,5,PRE ANNEAL CHECK
dev_ic_seq_0018_t80,1,PASSIVATION ETCH PAD OPENING
dev_ic_seq_0018_t80,2,PASSIVATION ETCH
dev_ic_seq_0018_t80,3,SPIN COAT PHOTORESIST
dev_ic_seq_0018_t80,4,DEVELOP PAD WINDOW
dev_ic_seq_0018_t80,5,CLEAN PAD OPENING
dev_ic_seq_0353_t60,1,CLEAN AFTER VIA ETCH
dev_ic_seq_0353_t60,2,CLEAN AFTER ETCH
dev_ic_seq_0353_t60,3,CLEAN AFTER FIELD ETCH
dev_ic_seq_0353_t60,4,CLEAN PAD OPENING
dev_ic_seq_0353_t60,5,CLEAN AFTER METAL ETCH
dev_ic_seq_0353_t80,1,PAD WINDOW LITHO
dev_ic_seq_0353_t80,2,OPEN PAD WINDOW LITHO
dev_ic_seq_0353_t80,3,STRIP PHOTORESIST
dev_ic_seq_0353_t80,4,BACKSIDE CLEAN FINAL
dev_ic_seq_0353_t80,5,PACKAGE PREPARATION
dev_ic_seq_0647_t60,1,STRIP PHOTORESIST
dev_ic_seq_0647_t60,2,STRIP RESIST
dev_ic_seq_0647_t60,3,DEPOSIT TOP METAL
dev_ic_seq_0647_t60,4,MEASURE GEOMETRY
dev_ic_seq_0647_t60,5,DEPOSIT METAL 1
dev_ic_seq_0647_t80,1,MEASURE PASSIVATION THICKNESS
dev_ic_seq_0647_t80,2,MEASURE PASSIVATION QUALITY
dev_ic_seq_0647_t80,3,CLEAN AFTER METAL ETCH
dev_ic_seq_0647_t80,4,CURE PASSIVATION
dev_ic_seq_0647_t80,5,CMP DIELECTRIC
dev_ic_seq_0881_t60,1,CLEAN AFTER VIA ETCH
dev_ic_seq_0881_t60,2,CLEAN AFTER METAL ETCH
dev_ic_seq_0881_t60,3,CLEAN AFTER FIELD ETCH
dev_ic_seq_0881_t60,4,CLEAN AFTER ETCH
dev_ic_seq_0881_t60,5,DEPOSIT POLYSILICON
dev_ic_seq_0881_t80,1,PAD WINDOW LITHO
dev_ic_seq_0881_t80,2,OPEN PAD WINDOW LITHO
dev_ic_seq_0881_t80,3,BACKSIDE CLEAN FINAL
dev_ic_seq_0881_t80,4,STRIP PHOTORESIST
dev_ic_seq_0881_t80,5,STRIP RESIST
dev_ic_seq_0369_t60,1,STRIP PHOTORESIST
dev_ic_seq_0369_t60,2,STRIP RESIST
dev_ic_seq_0369_t60,3,LOT RELEASE
dev_ic_seq_0369_t60,4,HARD BAKE
dev_ic_seq_0369_t60,5,DEPOSIT POLYSILICON
dev_ic_seq_0369_t80,1,MEASURE PASSIVATION THICKNESS
dev_ic_seq_0369_t80,2,MEASURE PASSIVATION QUALITY
dev_ic_seq_0369_t80,3,STRIP PHOTORESIST
dev_ic_seq_0369_t80,4,DEVELOP PHOTORESIST
dev_ic_seq_0369_t80,5,CMP DIELECTRIC
dev_ic_seq_0202_t60,1,MEASURE VIA CD
dev_ic_seq_0202_t60,2,DEPOSIT BARRIER METAL
dev_ic_seq_0202_t60,3,DEPOSIT GATE OXIDE OR DIELECTRIC
dev_ic_seq_0202_t60,4,SPIN COAT PHOTORESIST
dev_ic_seq_0202_t60,5,MEASURE EPITAXY THICKNESS
dev_ic_seq_0202_t80,1,DEVELOP PHOTORESIST
dev_ic_seq_0202_t80,2,DEVELOP PAD WINDOW
dev_ic_seq_0202_t80,3,BACKSIDE CLEAN FINAL
dev_ic_seq_0202_t80,4,POST EXPOSE BAKE
dev_ic_seq_0202_t80,5,PAD WINDOW LITHO
dev_ic_seq_0314_t60,1,CLEAN AFTER VIA ETCH
dev_ic_seq_0314_t60,2,CLEAN PAD OPENING
dev_ic_seq_0314_t60,3,CLEAN AFTER FIELD ETCH
dev_ic_seq_0314_t60,4,CLEAN AFTER METAL ETCH
dev_ic_seq_0314_t60,5,DEPOSIT POLYSILICON
dev_ic_seq_0314_t80,1,OPEN PAD WINDOW LITHO
dev_ic_seq_0314_t80,2,PAD WINDOW LITHO
dev_ic_seq_0314_t80,3,DEVELOP PHOTORESIST
dev_ic_seq_0314_t80,4,CMP DIELECTRIC
dev_ic_seq_0314_t80,5,PACKAGE PREPARATION
dev_ic_seq_0970_t60,1,CLEAN AFTER VIA ETCH
dev_ic_seq_0970_t60,2,CLEAN AFTER ETCH
dev_ic_seq_0970_t60,3,CLEAN AFTER FIELD ETCH
dev_ic_seq_0970_t60,4,CLEAN PAD OPENING
dev_ic_seq_0970_t60,5,DEPOSIT POLYSILICON
dev_ic_seq_0970_t80,1,OPEN PAD WINDOW
dev_ic_seq_0970_t80,2,OPEN BOND PAD WINDOW
dev_ic_seq_0970_t80,3,YIELD ANALYSIS
dev_ic_seq_0970_t80,4,OPEN PAD WINDOW LITHO
dev_ic_seq_0970_t80,5,STRIP PHOTORESIST
dev_ic_seq_0900_t60,1,CLEAN AFTER VIA ETCH
dev_ic_seq_0900_t60,2,CLEAN AFTER METAL ETCH
dev_ic_seq_0900_t60,3,CLEAN AFTER FIELD ETCH
dev_ic_seq_0900_t60,4,CLEAN PAD OPENING
dev_ic_seq_0900_t60,5,BACKSIDE CLEAN
dev_ic_seq_0900_t80,1,OPEN PAD WINDOW LITHO
dev_ic_seq_0900_t80,2,PAD WINDOW LITHO
dev_ic_seq_0900_t80,3,STRIP PHOTORESIST
dev_ic_seq_0900_t80,4,MEASURE GEOMETRY
dev_ic_seq_0900_t80,5,CMP DIELECTRIC
dev_ic_seq_0174_t60,1,STRIP PHOTORESIST
dev_ic_seq_0174_t60,2,STRIP RESIST
dev_ic_seq_0174_t60,3,VIA ETCH THROUGH DIELECTRIC
dev_ic_seq_0174_t60,4,DEPOSIT TOP METAL
dev_ic_seq_0174_t60,5,DEPOSIT POLYSILICON
dev_ic_seq_0174_t80,1,OPEN PAD WINDOW
dev_ic_seq_0174_t80,2,OPEN BOND PAD WINDOW
dev_ic_seq_0174_t80,3,YIELD ANALYSIS
dev_ic_seq_0174_t80,4,MEASURE SURFACE DEFECTS
dev_ic_seq_0174_t80,5,MEASURE VIA RESISTANCE
dev_ic_seq_0363_t60,1,DEPOSIT TUNGSTEN SEED
dev_ic_seq_0363_t60,2,DEPOSIT METAL SEED
dev_ic_seq_0363_t60,3,MEASURE OXIDE THICKNESS
dev_ic_seq_0363_t60,4,OXIDE STRIP
dev_ic_seq_0363_t60,5,HARD BAKE
dev_ic_seq_0363_t80,1,STRIP PHOTORESIST
dev_ic_seq_0363_t80,2,STRIP RESIST
dev_ic_seq_0363_t80,3,PAD WINDOW LITHO
dev_ic_seq_0363_t80,4,RCA CLEAN 2
dev_ic_seq_0363_t80,5,CMP VIA FILL
dev_ic_seq_0070_t60,1,CLEAN AFTER VIA ETCH
dev_ic_seq_0070_t60,2,CLEAN AFTER ETCH
dev_ic_seq_0070_t60,3,CLEAN AFTER METAL ETCH
dev_ic_seq_0070_t60,4,CLEAN AFTER FIELD ETCH
dev_ic_seq_0070_t60,5,DEPOSIT POLYSILICON
dev_ic_seq_0070_t80,1,DEVELOP PHOTORESIST
dev_ic_seq_0070_t80,2,DEVELOP PAD WINDOW
dev_ic_seq_0070_t80,3,POST EXPOSE BAKE
dev_ic_seq_0070_t80,4,OPEN PAD WINDOW LITHO
dev_ic_seq_0070_t80,5,PASSIVATION ETCH PAD OPENING
dev_ic_seq_0949_t60,1,FILL VIA TUNGSTEN
dev_ic_seq_0949_t60,2,SPIN COAT PHOTORESIST
dev_ic_seq_0949_t60,3,SHIP LOT
dev_ic_seq_0949_t60,4,MEASURE METAL THICKNESS
dev_ic_seq_0949_t60,5,HARD BAKE
dev_ic_seq_0949_t80,1,DEVELOP PHOTORESIST
dev_ic_seq_0949_t80,2,DEVELOP PAD WINDOW
dev_ic_seq_0949_t80,3,POST EXPOSE BAKE
dev_ic_seq_0949_t80,4,OPEN PAD WINDOW LITHO
dev_ic_seq_0949_t80,5,PASSIVATION ETCH PAD OPENING
dev_ic_seq_0604_t60,1,HARD BAKE
dev_ic_seq_0604_t60,2,DIELECTRIC ETCH VIA
dev_ic_seq_0604_t60,3,VIA ETCH THROUGH DIELECTRIC
dev_ic_seq_0604_t60,4,VIA ETCH
dev_ic_seq_0604_t60,5,RAPID THERMAL ANNEAL
dev_ic_seq_0604_t80,1,CURE PASSIVATION
dev_ic_seq_0604_t80,2,DEPOSIT POLYSILICON
dev_ic_seq_0604_t80,3,IMPLANT SOURCE REGION
dev_ic_seq_0604_t80,4,SPIN COAT PHOTORESIST
dev_ic_seq_0604_t80,5,ANNEAL OXIDE
dev_ic_seq_0168_t60,1,VIA OPENING INSPECTION
dev_ic_seq_0168_t60,2,VIA INSPECTION
dev_ic_seq_0168_t60,3,INSPECT PATTERN LEVEL 1
dev_ic_seq_0168_t60,4,EXPOSE LITHO LEVEL 4
dev_ic_seq_0168_t60,5,METAL PATTERN INSPECTION
dev_ic_seq_0168_t80,1,DEPOSIT PASSIVATION LAYER
dev_ic_seq_0168_t80,2,DEPOSIT PASSIVATION
dev_ic_seq_0168_t80,3,MEASURE LINE WIDTH
dev_ic_seq_0168_t80,4,FRONTSIDE CLEAN FINAL
dev_ic_seq_0168_t80,5,FINAL GEOMETRY CHECK
dev_ic_seq_0654_t60,1,STRIP PHOTORESIST
dev_ic_seq_0654_t60,2,STRIP RESIST
dev_ic_seq_0654_t60,3,DEVELOP PHOTORESIST
dev_ic_seq_0654_t60,4,VIA ETCH THROUGH DIELECTRIC
dev_ic_seq_0654_t60,5,DEPOSIT POLYSILICON
dev_ic_seq_0654_t80,1,OPEN PAD WINDOW
dev_ic_seq_0654_t80,2,OPEN BOND PAD WINDOW
dev_ic_seq_0654_t80,3,YIELD ANALYSIS
dev_ic_seq_0654_t80,4,MEASURE PASSIVATION THICKNESS
dev_ic_seq_0654_t80,5,HARD BAKE
dev_ic_seq_0420_t60,1,DEPOSIT TUNGSTEN SEED
dev_ic_seq_0420_t60,2,DEPOSIT METAL SEED
dev_ic_seq_0420_t60,3,MEASURE OXIDE THICKNESS
dev_ic_seq_0420_t60,4,OXIDE STRIP
dev_ic_seq_0420_t60,5,DEPOSIT POLYSILICON
dev_ic_seq_0420_t80,1,STRIP PHOTORESIST
dev_ic_seq_0420_t80,2,STRIP RESIST
dev_ic_seq_0420_t80,3,DEVELOP PHOTORESIST
dev_ic_seq_0420_t80,4,PACKAGE PREPARATION
dev_ic_seq_0420_t80,5,MEASURE GEOMETRY
